Date,Annual Hash Growth
2009-01-10,0
2009-01-11,-84.7634
2009-01-12,-78.0339
2009-01-13,-74.5739
2009-01-14,-70.2886
2009-01-15,-67.0508
2009-01-16,-64.9013
2009-01-17,-60.0583
2009-01-18,-57.4463
2009-01-19,-56.6845
2009-01-20,-55.5417
2009-01-21,-56.0315
2009-01-22,-57.5007
2009-01-23,-59.4053
2009-01-24,-60.7113
2009-01-25,-55.705
2009-01-26,-51.134
2009-01-27,-52.1679
2009-01-28,-53.093
2009-01-29,-52.5488
2009-01-30,-50.9163
2009-01-31,-49.1206
2009-02-01,-52.5488
2009-02-02,-56.7933
2009-02-03,-55.052
2009-02-04,-52.7665
2009-02-05,-52.3855
2009-02-06,-52.1135
2009-02-07,-51.8414
2009-02-08,-52.3311
2009-02-09,-51.2972
2009-02-10,-50.9707
2009-02-11,-52.0046
2009-02-12,-51.2428
2009-02-13,-51.6237
2009-02-14,-51.5149
2009-02-15,-51.134
2009-02-16,-51.3516
2009-02-17,-52.0046
2009-02-18,-52.1679
2009-02-19,-52.9841
2009-02-20,-52.712
2009-02-21,-52.8209
2009-02-22,-54.018
2009-02-23,-54.399
2009-02-24,-55.1608
2009-02-25,-55.7594
2009-02-26,-56.4668
2009-02-27,-57.3919
2009-02-28,-57.7728
2009-03-01,-58.589
2009-03-02,-59.4597
2009-03-03,-59.4597
2009-03-04,-59.5141
2009-03-05,-59.5685
2009-03-06,-59.2964
2009-03-07,-59.1876
2009-03-08,-58.6434
2009-03-09,-58.0993
2009-03-10,-58.0993
2009-03-11,-57.9904
2009-03-12,-57.4463
2009-03-13,-57.1198
2009-03-14,-57.3374
2009-03-15,-57.283
2009-03-16,-56.8477
2009-03-17,-56.1403
2009-03-18,-55.7594
2009-03-19,-55.7594
2009-03-20,-55.5417
2009-03-21,-55.2696
2009-03-22,-58.5346
2009-03-23,-58.7523
2009-03-24,-58.2625
2009-03-25,-58.7523
2009-03-26,-58.589
2009-03-27,-58.8611
2009-03-28,-59.5141
2009-03-29,-55.7594
2009-03-30,-55.9226
2009-03-31,-56.4668
2009-04-01,-56.1947
2009-04-02,-56.358
2009-04-03,-56.4668
2009-04-04,-55.9226
2009-04-05,-56.2491
2009-04-06,-55.4873
2009-04-07,-56.0859
2009-04-08,-56.63
2009-04-09,-57.1198
2009-04-10,-57.9904
2009-04-11,-58.4258
2009-04-12,-58.0449
2009-04-13,-58.6979
2009-04-14,-58.3714
2009-04-15,-57.0654
2009-04-16,-56.63
2009-04-17,-55.324
2009-04-18,-55.1064
2009-04-19,-54.7799
2009-04-20,-54.7255
2009-04-21,-54.5078
2009-04-22,-54.5622
2009-04-23,-54.1269
2009-04-24,-56.7389
2009-04-25,-56.5756
2009-04-26,-57.0109
2009-04-27,-57.3919
2009-04-28,-58.2081
2009-04-29,-58.5346
2009-04-30,-58.1537
2009-05-01,-55.1064
2009-05-02,-54.7799
2009-05-03,-54.3445
2009-05-04,-54.671
2009-05-05,-53.365
2009-05-06,-52.3855
2009-05-07,-52.0046
2009-05-08,-52.4944
2009-05-09,-53.2562
2009-05-10,-55.8682
2009-05-11,-57.0109
2009-05-12,-57.4463
2009-05-13,-57.7184
2009-05-14,-59.0244
2009-05-15,-58.0993
2009-05-16,-56.5212
2009-05-17,-54.2901
2009-05-18,-52.0046
2009-05-19,-52.1135
2009-05-20,-54.5078
2009-05-21,-54.018
2009-05-22,-57.1198
2009-05-23,-61.201
2009-05-24,-65.9353
2009-05-25,-67.4045
2009-05-26,-67.8943
2009-05-27,-65.772
2009-05-28,-65.8264
2009-05-29,-65.119
2009-05-30,-62.6703
2009-05-31,-58.4802
2009-06-01,-58.6979
2009-06-02,-60.7657
2009-06-03,-61.5275
2009-06-04,-64.1395
2009-06-05,-65.7176
2009-06-06,-69.8532
2009-06-07,-74.261
2009-06-08,-78.6143
2009-06-09,-78.0157
2009-06-10,-79.1041
2009-06-11,-78.5055
2009-06-12,-77.2539
2009-06-13,-74.2066
2009-06-14,-71.4857
2009-06-15,-68.4384
2009-06-16,-68.3296
2009-06-17,-69.4179
2009-06-18,-69.5812
2009-06-19,-70.0709
2009-06-20,-70.0165
2009-06-21,-70.0165
2009-06-22,-69.5267
2009-06-23,-69.9621
2009-06-24,-69.69
2009-06-25,-68.8193
2009-06-26,-69.4723
2009-06-27,-69.3091
2009-06-28,-68.9826
2009-06-29,-70.8872
2009-06-30,-70.5062
2009-07-01,-70.0165
2009-07-02,-71.1592
2009-07-03,-70.343
2009-07-04,-70.7783
2009-07-05,-70.5062
2009-07-06,-68.7105
2009-07-07,-68.6561
2009-07-08,-69.5267
2009-07-09,-69.5267
2009-07-10,-69.3635
2009-07-11,-69.4179
2009-07-12,-69.7444
2009-07-13,-69.8532
2009-07-14,-70.1797
2009-07-15,-70.1797
2009-07-16,-71.7578
2009-07-17,-72.5741
2009-07-18,-74.4242
2009-07-19,-78.7231
2009-07-20,-79.1041
2009-07-21,-79.5394
2009-07-22,-78.832
2009-07-23,-78.0157
2009-07-24,-77.7436
2009-07-25,-76.3288
2009-07-26,-74.8052
2009-07-27,-77.4716
2009-07-28,-77.2539
2009-07-29,-79.485
2009-07-30,-81.716
2009-07-31,-85.0355
2009-08-01,-88.0828
2009-08-02,-88.3004
2009-08-03,-88.1916
2009-08-04,-91.5654
2009-08-05,-89.3888
2009-08-06,-85.6885
2009-08-07,-81.6072
2009-08-08,-78.179
2009-08-09,-75.3493
2009-08-10,-71.1048
2009-08-11,-67.6766
2009-08-12,-68.2752
2009-08-13,-69.5812
2009-08-14,-69.8532
2009-08-15,-70.7783
2009-08-16,-73.7168
2009-08-17,-78.179
2009-08-18,-81.3351
2009-08-19,-84.6001
2009-08-20,-87.0489
2009-08-21,-90.4771
2009-08-22,-93.1435
2009-08-23,-94.1774
2009-08-24,-94.3951
2009-08-25,-94.5039
2009-08-26,-92.3273
2009-08-27,-90.6948
2009-08-28,-90.3139
2009-08-29,-86.9945
2009-08-30,-83.0765
2009-08-31,-78.6687
2009-09-01,-74.8052
2009-09-02,-73.2815
2009-09-03,-72.302
2009-09-04,-70.5607
2009-09-05,-71.1592
2009-09-06,-71.3225
2009-09-07,-72.8462
2009-09-08,-73.2815
2009-09-09,-73.7712
2009-09-10,-74.4242
2009-09-11,-74.0977
2009-09-12,-73.9345
2009-09-13,-74.3154
2009-09-14,-73.9345
2009-09-15,-74.1522
2009-09-16,-75.5126
2009-09-17,-74.5331
2009-09-18,-73.608
2009-09-19,-73.0094
2009-09-20,-72.7373
2009-09-21,-72.5741
2009-09-22,-72.8462
2009-09-23,-73.8801
2009-09-24,-75.8391
2009-09-25,-75.1317
2009-09-26,-74.4242
2009-09-27,-73.0094
2009-09-28,-72.5197
2009-09-29,-71.649
2009-09-30,-68.2207
2009-10-01,-65.5543
2009-10-02,-66.3706
2009-10-03,-67.4045
2009-10-04,-69.69
2009-10-05,-71.5402
2009-10-06,-73.1727
2009-10-07,-75.6214
2009-10-08,-76.9818
2009-10-09,-77.6348
2009-10-10,-77.2539
2009-10-11,-76.22
2009-10-12,-75.0772
2009-10-13,-74.914
2009-10-14,-74.1522
2009-10-15,-73.6624
2009-10-16,-73.608
2009-10-17,-74.6419
2009-10-18,-75.7302
2009-10-19,-75.7302
2009-10-20,-72.7917
2009-10-21,-70.7239
2009-10-22,-70.1253
2009-10-23,-69.0914
2009-10-24,-67.5133
2009-10-25,-67.2413
2009-10-26,-67.1324
2009-10-27,-69.3635
2009-10-28,-71.0504
2009-10-29,-71.8122
2009-10-30,-74.2066
2009-10-31,-75.7846
2009-11-01,-76.6553
2009-11-02,-79.4306
2009-11-03,-81.4984
2009-11-04,-81.6072
2009-11-05,-81.7705
2009-11-06,-81.1719
2009-11-07,-81.063
2009-11-08,-79.8115
2009-11-09,-77.1995
2009-11-10,-75.5126
2009-11-11,-74.6419
2009-11-12,-74.5875
2009-11-13,-74.0977
2009-11-14,-73.1182
2009-11-15,-72.5741
2009-11-16,-71.3225
2009-11-17,-69.5267
2009-11-18,-68.7649
2009-11-19,-67.9487
2009-11-20,-67.731
2009-11-21,-67.4045
2009-11-22,-67.731
2009-11-23,-67.1868
2009-11-24,-67.2413
2009-11-25,-67.1868
2009-11-26,-66.5883
2009-11-27,-65.8264
2009-11-28,-66.4794
2009-11-29,-66.5883
2009-11-30,-69.0914
2009-12-01,-70.2342
2009-12-02,-71.3225
2009-12-03,-71.1048
2009-12-04,-70.8872
2009-12-05,-72.955
2009-12-06,-73.3359
2009-12-07,-70.996
2009-12-08,-68.9826
2009-12-09,-67.2413
2009-12-10,-67.1324
2009-12-11,-66.2618
2009-12-12,-62.1261
2009-12-13,-59.6229
2009-12-14,-59.0244
2009-12-15,-59.5685
2009-12-16,-59.2964
2009-12-17,-57.1198
2009-12-18,-53.5827
2009-12-19,-47.4336
2009-12-20,-42.645
2009-12-21,-39.3256
2009-12-22,-35.3532
2009-12-23,-32.5235
2009-12-24,-31.544
2009-12-25,-32.3603
2009-12-26,-36.4959
2009-12-27,-37.8019
2009-12-28,-38.2373
2009-12-29,-40.3051
2009-12-30,-39.8153
2009-12-31,-40.5227
2010-01-01,-41.3934
2010-01-02,-42.3185
2010-01-03,-44.9305
2010-01-04,-43.8966
2010-01-05,-41.5022
2010-01-06,-40.033
2010-01-07,-38.8358
2010-01-08,-37.9652
2010-01-09,-36.8224
2010-01-10,323.571
2010-01-11,194.798
2010-01-12,149.973
2010-01-13,106.777
2010-01-14,86.6226
2010-01-15,73.4884
2010-01-16,50.8174
2010-01-17,38.2353
2010-01-18,28.392
2010-01-19,20.9302
2010-01-20,17.9455
2010-01-21,21.2548
2010-01-22,31.2332
2010-01-23,34.4875
2010-01-24,23.5872
2010-01-25,14.588
2010-01-26,26.8487
2010-01-27,37.587
2010-01-28,36.6972
2010-01-29,32.3725
2010-01-30,34.5455
2010-01-31,50
2010-02-01,66.1209
2010-02-02,56.4165
2010-02-03,43.0876
2010-02-04,54.0571
2010-02-05,85.1136
2010-02-06,112.203
2010-02-07,134.247
2010-02-08,159.33
2010-02-09,181.576
2010-02-10,218.141
2010-02-11,220.536
2010-02-12,209.561
2010-02-13,199.888
2010-02-14,206.459
2010-02-15,229.083
2010-02-16,248.073
2010-02-17,268.714
2010-02-18,319.213
2010-02-19,349.712
2010-02-20,374.971
2010-02-21,406.272
2010-02-22,415.871
2010-02-23,455.218
2010-02-24,483.026
2010-02-25,488.375
2010-02-26,500.128
2010-02-27,519.974
2010-02-28,540.604
2010-03-01,548.322
2010-03-02,548.322
2010-03-03,549.462
2010-03-04,540.108
2010-03-05,552.406
2010-03-06,550.133
2010-03-07,544.211
2010-03-08,547.792
2010-03-09,527.662
2010-03-10,523.187
2010-03-11,541.049
2010-03-12,526.65
2010-03-13,519.77
2010-03-14,526.242
2010-03-15,508.449
2010-03-16,504.839
2010-03-17,487.331
2010-03-18,471.341
2010-03-19,472.827
2010-03-20,488.808
2010-03-21,560.761
2010-03-22,602.507
2010-03-23,622.947
2010-03-24,684.96
2010-03-25,704.862
2010-03-26,741.27
2010-03-27,784.409
2010-03-28,700.738
2010-03-29,705.556
2010-03-30,725.625
2010-03-31,725.466
2010-04-01,752.244
2010-04-02,763.5
2010-04-03,746.79
2010-04-04,762.562
2010-04-05,759.535
2010-04-06,764.188
2010-04-07,759.849
2010-04-08,784.01
2010-04-09,813.99
2010-04-10,849.476
2010-04-11,917.899
2010-04-12,975.099
2010-04-13,1058.95
2010-04-14,1094.42
2010-04-15,1117.82
2010-04-16,1158.95
2010-04-17,1211.27
2010-04-18,1226.84
2010-04-19,1300
2010-04-20,1321.05
2010-04-21,1338.08
2010-04-22,1439.38
2010-04-23,1534.97
2010-04-24,1533.08
2010-04-25,1559.75
2010-04-26,1546.23
2010-04-27,1571.61
2010-04-28,1629.4
2010-04-29,1557.87
2010-04-30,1429.33
2010-05-01,1410.35
2010-05-02,1415.61
2010-05-03,1422.57
2010-05-04,1373.51
2010-05-05,1318.97
2010-05-06,1285.15
2010-05-07,1336.08
2010-05-08,1374.85
2010-05-09,1460.79
2010-05-10,1521.77
2010-05-11,1527.49
2010-05-12,1496.14
2010-05-13,1529.75
2010-05-14,1458.31
2010-05-15,1387.11
2010-05-16,1217.02
2010-05-17,1110.09
2010-05-18,1135
2010-05-19,1288.64
2010-05-20,1311.36
2010-05-21,1511.42
2010-05-22,1752.88
2010-05-23,2195.21
2010-05-24,2476.13
2010-05-25,2582.71
2010-05-26,2469.79
2010-05-27,2586.62
2010-05-28,2511.54
2010-05-29,2422.45
2010-05-30,2271.17
2010-05-31,2283.79
2010-06-01,2431.35
2010-06-02,2449.65
2010-06-03,2608.5
2010-06-04,2777.62
2010-06-05,3072.92
2010-06-06,3476.11
2010-06-07,4199.75
2010-06-08,4145.79
2010-06-09,4477.6
2010-06-10,4440.51
2010-06-11,4223.21
2010-06-12,3866.67
2010-06-13,3455.73
2010-06-14,3182.76
2010-06-15,3183.16
2010-06-16,3372.6
2010-06-17,3312.16
2010-06-18,3324.73
2010-06-19,3262.98
2010-06-20,3309.26
2010-06-21,3293.93
2010-06-22,3321.56
2010-06-23,3205.39
2010-06-24,3246.6
2010-06-25,3448.13
2010-06-26,3482.45
2010-06-27,3527.37
2010-06-28,3808.97
2010-06-29,3808.3
2010-06-30,3845.92
2010-07-01,4054.91
2010-07-02,4086.97
2010-07-03,4209.5
2010-07-04,4355.54
2010-07-05,4060.17
2010-07-06,4142.01
2010-07-07,4414.11
2010-07-08,4465.18
2010-07-09,4372.47
2010-07-10,4665.66
2010-07-11,4847.3
2010-07-12,5071.3
2010-07-13,7393.43
2010-07-14,12335.8
2010-07-15,17320.8
2010-07-16,22691.7
2010-07-17,42879.6
2010-07-18,58400.8
2010-07-19,66500.5
2010-07-20,72133.5
2010-07-21,70182.8
2010-07-22,70460.4
2010-07-23,70564.1
2010-07-24,53328.5
2010-07-25,50726.4
2010-07-26,59335.8
2010-07-27,61771.3
2010-07-28,70505.8
2010-07-29,79455.4
2010-07-30,101425
2010-07-31,131541
2010-08-01,141029
2010-08-02,147228
2010-08-03,215722
2010-08-04,179084
2010-08-05,140548
2010-08-06,119048
2010-08-07,102158
2010-08-08,91530
2010-08-09,80279.7
2010-08-10,73073.1
2010-08-11,76485.2
2010-08-12,83838.5
2010-08-13,84532.5
2010-08-14,91669.1
2010-08-15,111112
2010-08-16,142815
2010-08-17,169425
2010-08-18,204949
2010-08-19,237870
2010-08-20,319388
2010-08-21,461995
2010-08-22,534390
2010-08-23,557632
2010-08-24,602134
2010-08-25,462516
2010-08-26,406206
2010-08-27,424897
2010-08-28,319654
2010-08-29,251201
2010-08-30,197330
2010-08-31,163550
2010-09-01,155144
2010-09-02,147143
2010-09-03,132216
2010-09-04,134139
2010-09-05,136203
2010-09-06,144226
2010-09-07,147720
2010-09-08,147378
2010-09-09,155363
2010-09-10,153208
2010-09-11,157264
2010-09-12,159877
2010-09-13,162425
2010-09-14,168739
2010-09-15,188132
2010-09-16,181502
2010-09-17,187485
2010-09-18,187781
2010-09-19,196864
2010-09-20,208720
2010-09-21,223724
2010-09-22,235325
2010-09-23,263250
2010-09-24,268596
2010-09-25,274143
2010-09-26,264010
2010-09-27,258576
2010-09-28,255213
2010-09-29,248515
2010-09-30,238209
2010-10-01,240395
2010-10-02,246992
2010-10-03,255188
2010-10-04,266570
2010-10-05,281090
2010-10-06,284015
2010-10-07,302989
2010-10-08,316332
2010-10-09,311033
2010-10-10,315011
2010-10-11,316690
2010-10-12,316346
2010-10-13,316997
2010-10-14,314608
2010-10-15,328692
2010-10-16,350848
2010-10-17,399573
2010-10-18,430353
2010-10-19,410544
2010-10-20,407409
2010-10-21,421332
2010-10-22,427873
2010-10-23,421663
2010-10-24,421574
2010-10-25,431516
2010-10-26,479489
2010-10-27,538477
2010-10-28,571169
2010-10-29,639160
2010-10-30,714141
2010-10-31,834744
2010-11-01,977255
2010-11-02,1119150
2010-11-03,1133550
2010-11-04,1182430
2010-11-05,1188430
2010-11-06,1238480
2010-11-07,1133360
2010-11-08,1049260
2010-11-09,1044310
2010-11-10,1102900
2010-11-11,1171910
2010-11-12,1227880
2010-11-13,1201240
2010-11-14,1244360
2010-11-15,1269000
2010-11-16,1204370
2010-11-17,1159190
2010-11-18,1163550
2010-11-19,1285790
2010-11-20,1316890
2010-11-21,1293970
2010-11-22,1239370
2010-11-23,1276670
2010-11-24,1285790
2010-11-25,1278240
2010-11-26,1166630
2010-11-27,1238410
2010-11-28,1314020
2010-11-29,1459140
2010-11-30,1572910
2010-12-01,1759810
2010-12-02,1803650
2010-12-03,1841710
2010-12-04,2021670
2010-12-05,2175820
2010-12-06,2140900
2010-12-07,2091680
2010-12-08,2030130
2010-12-09,2090280
2010-12-10,2232070
2010-12-11,2027740
2010-12-12,1941680
2010-12-13,1935150
2010-12-14,1931690
2010-12-15,1940760
2010-12-16,1903000
2010-12-17,1686170
2010-12-18,1513010
2010-12-19,1370400
2010-12-20,1309710
2010-12-21,1247790
2010-12-22,1255440
2010-12-23,1227350
2010-12-24,1240600
2010-12-25,1330810
2010-12-26,1399060
2010-12-27,1395340
2010-12-28,1485270
2010-12-29,1437820
2010-12-30,1465530
2010-12-31,1519580
2011-01-01,1563080
2011-01-02,1655830
2011-01-03,1667460
2011-01-04,1612180
2011-01-05,1559210
2011-01-06,1539490
2011-01-07,1504850
2011-01-08,1505880
2011-01-09,1486830
2011-01-10,1492200
2011-01-11,1528680
2011-01-12,1626270
2011-01-13,1643590
2011-01-14,1728240
2011-01-15,1772020
2011-01-16,1825980
2011-01-17,1985230
2011-01-18,2123950
2011-01-19,2180440
2011-01-20,2235730
2011-01-21,2199800
2011-01-22,2246260
2011-01-23,2180940
2011-01-24,2125020
2011-01-25,1972680
2011-01-26,1877900
2011-01-27,1885460
2011-01-28,1890050
2011-01-29,1813860
2011-01-30,1784280
2011-01-31,1792100
2011-02-01,1850890
2011-02-02,1984480
2011-02-03,1840220
2011-02-04,1522770
2011-02-05,1363050
2011-02-06,1266770
2011-02-07,1139860
2011-02-08,1071430
2011-02-09,995713
2011-02-10,1025530
2011-02-11,1117990
2011-02-12,1172630
2011-02-13,1180520
2011-02-14,1146810
2011-02-15,1119420
2011-02-16,1106080
2011-02-17,1018430
2011-02-18,973827
2011-02-19,994435
2011-02-20,975342
2011-02-21,1013110
2011-02-22,1000520
2011-02-23,1004580
2011-02-24,1071710
2011-02-25,1106350
2011-02-26,1090440
2011-02-27,1162130
2011-02-28,1304320
2011-03-01,1330520
2011-03-02,1320320
2011-03-03,1351500
2011-03-04,1374380
2011-03-05,1459220
2011-03-06,1562230
2011-03-07,1566850
2011-03-08,1687270
2011-03-09,1760850
2011-03-10,1746780
2011-03-11,1733650
2011-03-12,1712850
2011-03-13,1596740
2011-03-14,1495930
2011-03-15,1415030
2011-03-16,1405680
2011-03-17,1405660
2011-03-18,1445610
2011-03-19,1382080
2011-03-20,1290720
2011-03-21,1249040
2011-03-22,1248940
2011-03-23,1172890
2011-03-24,1165500
2011-03-25,1135610
2011-03-26,1140040
2011-03-27,1163920
2011-03-28,1152440
2011-03-29,1143200
2011-03-30,1169070
2011-03-31,1118990
2011-04-01,1140210
2011-04-02,1151380
2011-04-03,1180530
2011-04-04,1195810
2011-04-05,1215470
2011-04-06,1305980
2011-04-07,1306460
2011-04-08,1263680
2011-04-09,1250270
2011-04-10,1161110
2011-04-11,1143360
2011-04-12,1065220
2011-04-13,975050
2011-04-14,984896
2011-04-15,936012
2011-04-16,871468
2011-04-17,867722
2011-04-18,826329
2011-04-19,812253
2011-04-20,810250
2011-04-21,729111
2011-04-22,731009
2011-04-23,767885
2011-04-24,775691
2011-04-25,790124
2011-04-26,824975
2011-04-27,832420
2011-04-28,888683
2011-04-29,910425
2011-04-30,932872
2011-05-01,958858
2011-05-02,998178
2011-05-03,1033210
2011-05-04,1078940
2011-05-05,1135030
2011-05-06,1176830
2011-05-07,1207490
2011-05-08,1230200
2011-05-09,1249650
2011-05-10,1383850
2011-05-11,1479080
2011-05-12,1563690
2011-05-13,1620820
2011-05-14,1709810
2011-05-15,1968600
2011-05-16,2139980
2011-05-17,2113170
2011-05-18,2078620
2011-05-19,2360760
2011-05-20,2336460
2011-05-21,2405590
2011-05-22,2320510
2011-05-23,2334880
2011-05-24,2471750
2011-05-25,2621640
2011-05-26,2539120
2011-05-27,3078740
2011-05-28,3087720
2011-05-29,3028960
2011-05-30,3121440
2011-05-31,3078830
2011-06-01,3074220
2011-06-02,3142880
2011-06-03,2840070
2011-06-04,3015690
2011-06-05,3311290
2011-06-06,3386680
2011-06-07,3716460
2011-06-08,3804120
2011-06-09,3857680
2011-06-10,4068300
2011-06-11,4115720
2011-06-12,4397690
2011-06-13,4522570
2011-06-14,4488660
2011-06-15,4618630
2011-06-16,5458210
2011-06-17,5696620
2011-06-18,5988280
2011-06-19,6065670
2011-06-20,6328650
2011-06-21,6773230
2011-06-22,7392400
2011-06-23,7010590
2011-06-24,7018180
2011-06-25,7581090
2011-06-26,7526720
2011-06-27,7488940
2011-06-28,7525080
2011-06-29,7326090
2011-06-30,7275110
2011-07-01,7252760
2011-07-02,6895260
2011-07-03,6756220
2011-07-04,6912870
2011-07-05,6773370
2011-07-06,6432380
2011-07-07,6392400
2011-07-08,6257140
2011-07-09,5954690
2011-07-10,5797260
2011-07-11,5519280
2011-07-12,3877220
2011-07-13,2378340
2011-07-14,1851390
2011-07-15,1474890
2011-07-16,836336
2011-07-17,744043
2011-07-18,685626
2011-07-19,653085
2011-07-20,655993
2011-07-21,612802
2011-07-22,615472
2011-07-23,766298
2011-07-24,757442
2011-07-25,730469
2011-07-26,700130
2011-07-27,701836
2011-07-28,714703
2011-07-29,686084
2011-07-30,672050
2011-07-31,641868
2011-08-01,613950
2011-08-02,596504
2011-08-03,569165
2011-08-04,538251
2011-08-05,489805
2011-08-06,477900
2011-08-07,465706
2011-08-08,439332
2011-08-09,418812
2011-08-10,404315
2011-08-11,382717
2011-08-12,386227
2011-08-13,364013
2011-08-14,336761
2011-08-15,317616
2011-08-16,308918
2011-08-17,307769
2011-08-18,308005
2011-08-19,312232
2011-08-20,297952
2011-08-21,308396
2011-08-22,313914
2011-08-23,308343
2011-08-24,289737
2011-08-25,271489
2011-08-26,247186
2011-08-27,248470
2011-08-28,236025
2011-08-29,228084
2011-08-30,225583
2011-08-31,221569
2011-09-01,229831
2011-09-02,238620
2011-09-03,241755
2011-09-04,244666
2011-09-05,248024
2011-09-06,249985
2011-09-07,256496
2011-09-08,244908
2011-09-09,245221
2011-09-10,236929
2011-09-11,233691
2011-09-12,224606
2011-09-13,212927
2011-09-14,199331
2011-09-15,200369
2011-09-16,192065
2011-09-17,180545
2011-09-18,170371
2011-09-19,164975
2011-09-20,154243
2011-09-21,152135
2011-09-22,147027
2011-09-23,138854
2011-09-24,134185
2011-09-25,131357
2011-09-26,128905
2011-09-27,127514
2011-09-28,115363
2011-09-29,110504
2011-09-30,108886
2011-10-01,107492
2011-10-02,112954
2011-10-03,112577
2011-10-04,113963
2011-10-05,121341
2011-10-06,120203
2011-10-07,118884
2011-10-08,120963
2011-10-09,111293
2011-10-10,106320
2011-10-11,103195
2011-10-12,97813.9
2011-10-13,93949.7
2011-10-14,86451.6
2011-10-15,82517.2
2011-10-16,75457.5
2011-10-17,67980.1
2011-10-18,61874.5
2011-10-19,58810.3
2011-10-20,55400.7
2011-10-21,52929
2011-10-22,50046.3
2011-10-23,47558.2
2011-10-24,45686.7
2011-10-25,44596.9
2011-10-26,42482
2011-10-27,40336.3
2011-10-28,38663.1
2011-10-29,36115.6
2011-10-30,32654.3
2011-10-31,31772.3
2011-11-01,30085.3
2011-11-02,29646.6
2011-11-03,29014.5
2011-11-04,28034.3
2011-11-05,27270.2
2011-11-06,28187.5
2011-11-07,27189.1
2011-11-08,25455.2
2011-11-09,23243.6
2011-11-10,21975.9
2011-11-11,20900.7
2011-11-12,20016.5
2011-11-13,18876.5
2011-11-14,17696.1
2011-11-15,17719
2011-11-16,18224.1
2011-11-17,17212.3
2011-11-18,15409.4
2011-11-19,15086.5
2011-11-20,15180.6
2011-11-21,15552.1
2011-11-22,14732.3
2011-11-23,14218.1
2011-11-24,14029.5
2011-11-25,14612.8
2011-11-26,14061.4
2011-11-27,13245.7
2011-11-28,12474.6
2011-11-29,12137.7
2011-11-30,11076
2011-12-01,10898.7
2011-12-02,11238
2011-12-03,11001.1
2011-12-04,10574.8
2011-12-05,9982.28
2011-12-06,9724.85
2011-12-07,9779.08
2011-12-08,9255.72
2011-12-09,8293.49
2011-12-10,8138.09
2011-12-11,7909.29
2011-12-12,7938.66
2011-12-13,7882.81
2011-12-14,7557.85
2011-12-15,7488.07
2011-12-16,7467.01
2011-12-17,7182.02
2011-12-18,7380.59
2011-12-19,7302.68
2011-12-20,7441.87
2011-12-21,7096.41
2011-12-22,7125.87
2011-12-23,7404.59
2011-12-24,7530.02
2011-12-25,7274.08
2011-12-26,7564.65
2011-12-27,7482.94
2011-12-28,7753.75
2011-12-29,7744.94
2011-12-30,7511.87
2011-12-31,7422.91
2012-01-01,7384.15
2012-01-02,7058.26
2012-01-03,6826.62
2012-01-04,6980.99
2012-01-05,6891.09
2012-01-06,7012.46
2012-01-07,7071.44
2012-01-08,7227.26
2012-01-09,7325.06
2012-01-10,7452.24
2012-01-11,7200.36
2012-01-12,7216.84
2012-01-13,7047.65
2012-01-14,6828.17
2012-01-15,6654.38
2012-01-16,6323.29
2012-01-17,6175.96
2012-01-18,6334.19
2012-01-19,6067.15
2012-01-20,5933.96
2012-01-21,5892.27
2012-01-22,5931.12
2012-01-23,5969.74
2012-01-24,5949.72
2012-01-25,5809.07
2012-01-26,5904.56
2012-01-27,5848.29
2012-01-28,5790.6
2012-01-29,5598.27
2012-01-30,5697.59
2012-01-31,5641.69
2012-02-01,5529.15
2012-02-02,5456.16
2012-02-03,5566.86
2012-02-04,5478.29
2012-02-05,5497.07
2012-02-06,5314.31
2012-02-07,5083.19
2012-02-08,4917.06
2012-02-09,4712.4
2012-02-10,4481.33
2012-02-11,4346.89
2012-02-12,4159.02
2012-02-13,4066.48
2012-02-14,3954.32
2012-02-15,3790.59
2012-02-16,3639.78
2012-02-17,3499.45
2012-02-18,3292.27
2012-02-19,3297.38
2012-02-20,3135.5
2012-02-21,3003.74
2012-02-22,2856.61
2012-02-23,2758.18
2012-02-24,2746.66
2012-02-25,2712.1
2012-02-26,2489.42
2012-02-27,2211.18
2012-02-28,2195.66
2012-02-29,2279.31
2012-03-01,2304.39
2012-03-02,2173.51
2012-03-03,2036.8
2012-03-04,1812.02
2012-03-05,1769.48
2012-03-06,1698.01
2012-03-07,1612.92
2012-03-08,1539.07
2012-03-09,1606.59
2012-03-10,1716.55
2012-03-11,1925.19
2012-03-12,2096.21
2012-03-13,2243.51
2012-03-14,2359.8
2012-03-15,2389.72
2012-03-16,2225.36
2012-03-17,2218.58
2012-03-18,2298.39
2012-03-19,2302.28
2012-03-20,2157.7
2012-03-21,2140.75
2012-03-22,2134.85
2012-03-23,2185.89
2012-03-24,2046.95
2012-03-25,2053.19
2012-03-26,2063.67
2012-03-27,2070.61
2012-03-28,2002.09
2012-03-29,2019.44
2012-03-30,1948.63
2012-03-31,2021.39
2012-04-01,1947.34
2012-04-02,1888.53
2012-04-03,1828.04
2012-04-04,1706.67
2012-04-05,1674.62
2012-04-06,1667.5
2012-04-07,1605.42
2012-04-08,1524.2
2012-04-09,1500.29
2012-04-10,1532.57
2012-04-11,1602.69
2012-04-12,1543.5
2012-04-13,1534.35
2012-04-14,1548.4
2012-04-15,1534.21
2012-04-16,1446.36
2012-04-17,1441.62
2012-04-18,1402.15
2012-04-19,1419.06
2012-04-20,1462.48
2012-04-21,1432.45
2012-04-22,1431.04
2012-04-23,1480.08
2012-04-24,1397.13
2012-04-25,1349.77
2012-04-26,1299.51
2012-04-27,1277.64
2012-04-28,1217.97
2012-04-29,1154.39
2012-04-30,1146.92
2012-05-01,1153.6
2012-05-02,1149.86
2012-05-03,1126.12
2012-05-04,1047.15
2012-05-05,1032.01
2012-05-06,1026.61
2012-05-07,981.614
2012-05-08,875.546
2012-05-09,841.597
2012-05-10,832.088
2012-05-11,812.877
2012-05-12,776.334
2012-05-13,703.674
2012-05-14,664.245
2012-05-15,653.286
2012-05-16,600.268
2012-05-17,472.49
2012-05-18,435.683
2012-05-19,401.176
2012-05-20,388.629
2012-05-21,351.208
2012-05-22,309.773
2012-05-23,272.18
2012-05-24,271.792
2012-05-25,208.626
2012-05-26,186.694
2012-05-27,173.63
2012-05-28,167.952
2012-05-29,170.652
2012-05-30,174.649
2012-05-31,168.303
2012-06-01,196.341
2012-06-02,197.136
2012-06-03,186.331
2012-06-04,178.571
2012-06-05,153.324
2012-06-06,146.499
2012-06-07,143.297
2012-06-08,129.033
2012-06-09,115.187
2012-06-10,105.198
2012-06-11,97.5065
2012-06-12,95.3788
2012-06-13,87.3631
2012-06-14,61.6454
2012-06-15,59.3454
2012-06-16,56.656
2012-06-17,50.4738
2012-06-18,42.281
2012-06-19,38.1111
2012-06-20,28.7683
2012-06-21,31.322
2012-06-22,25.5051
2012-06-23,13.5824
2012-06-24,14.1217
2012-06-25,11.2611
2012-06-26,8.61499
2012-06-27,10.2368
2012-06-28,11.5427
2012-06-29,8.07798
2012-06-30,12.9603
2012-07-01,7.09137
2012-07-02,6.8108
2012-07-03,6.51314
2012-07-04,9.57831
2012-07-05,7.8852
2012-07-06,12.897
2012-07-07,12.7471
2012-07-08,16.7009
2012-07-09,19.1341
2012-07-10,19.7637
2012-07-11,16.8098
2012-07-12,11.4275
2012-07-13,10.7114
2012-07-14,11.8479
2012-07-15,10.5118
2012-07-16,5.96312
2012-07-17,3.466
2012-07-18,5.57873
2012-07-19,11.5192
2012-07-20,8.91256
2012-07-21,8.26331
2012-07-22,7.11783
2012-07-23,8.67803
2012-07-24,7.90534
2012-07-25,3.48638
2012-07-26,1.68526
2012-07-27,4.72836
2012-07-28,6.42984
2012-07-29,7.02529
2012-07-30,7.24143
2012-07-31,10.2616
2012-08-01,8.83848
2012-08-02,7.42049
2012-08-03,9.46991
2012-08-04,10.0729
2012-08-05,13.2498
2012-08-06,15.3223
2012-08-07,14.7647
2012-08-08,19.56
2012-08-09,23.8169
2012-08-10,23.3462
2012-08-11,23.8338
2012-08-12,24.1503
2012-08-13,26.9612
2012-08-14,32.2927
2012-08-15,33.6143
2012-08-16,38.3859
2012-08-17,37.78
2012-08-18,37.7578
2012-08-19,34.8567
2012-08-20,34.6902
2012-08-21,31.1397
2012-08-22,31.9918
2012-08-23,30.9673
2012-08-24,33.3933
2012-08-25,32.5178
2012-08-26,36.7322
2012-08-27,45.0434
2012-08-28,48.1938
2012-08-29,49.3564
2012-08-30,50.4057
2012-08-31,52.5171
2012-09-01,52.4764
2012-09-02,52.4187
2012-09-03,47.9168
2012-09-04,47.2367
2012-09-05,46.7868
2012-09-06,51.1923
2012-09-07,55.9305
2012-09-08,62.4485
2012-09-09,64.2809
2012-09-10,67.3891
2012-09-11,72.6202
2012-09-12,75.5988
2012-09-13,72.8269
2012-09-14,62.1087
2012-09-15,67.3964
2012-09-16,67.3573
2012-09-17,62.3563
2012-09-18,66.4413
2012-09-19,70.2262
2012-09-20,69.4279
2012-09-21,75.8112
2012-09-22,76.0653
2012-09-23,80.5471
2012-09-24,85.6117
2012-09-25,83.4206
2012-09-26,82.6374
2012-09-27,83.3371
2012-09-28,90.4333
2012-09-29,91.7282
2012-09-30,91.8842
2012-10-01,96.4724
2012-10-02,91.2788
2012-10-03,96.9659
2012-10-04,97.7401
2012-10-05,93.1523
2012-10-06,87.4798
2012-10-07,91.9326
2012-10-08,85.908
2012-10-09,101.677
2012-10-10,107.123
2012-10-11,116.641
2012-10-12,126.41
2012-10-13,134.217
2012-10-14,133.376
2012-10-15,140.955
2012-10-16,145.336
2012-10-17,144.999
2012-10-18,144.951
2012-10-19,148.723
2012-10-20,150.731
2012-10-21,164.442
2012-10-22,176.959
2012-10-23,171.12
2012-10-24,161.888
2012-10-25,172.164
2012-10-26,173.605
2012-10-27,187.197
2012-10-28,186.257
2012-10-29,186.491
2012-10-30,197.135
2012-10-31,205.864
2012-11-01,200.372
2012-11-02,200.588
2012-11-03,191.875
2012-11-04,184.828
2012-11-05,183.108
2012-11-06,183.375
2012-11-07,181.456
2012-11-08,183.049
2012-11-09,183.185
2012-11-10,193.669
2012-11-11,194.005
2012-11-12,191.228
2012-11-13,181.41
2012-11-14,179.478
2012-11-15,184.074
2012-11-16,180.73
2012-11-17,175.972
2012-11-18,181.596
2012-11-19,182.785
2012-11-20,194.317
2012-11-21,204.344
2012-11-22,207.405
2012-11-23,218.746
2012-11-24,223.655
2012-11-25,228.172
2012-11-26,239.061
2012-11-27,240.17
2012-11-28,246.889
2012-11-29,248.864
2012-11-30,236.631
2012-12-01,226.466
2012-12-02,225.723
2012-12-03,222.208
2012-12-04,213.528
2012-12-05,193.928
2012-12-06,185.885
2012-12-07,182.132
2012-12-08,183.05
2012-12-09,176.549
2012-12-10,167.438
2012-12-11,171.365
2012-12-12,188.684
2012-12-13,183.669
2012-12-14,193.851
2012-12-15,192.372
2012-12-16,180.252
2012-12-17,174.636
2012-12-18,162.844
2012-12-19,156.587
2012-12-20,161.274
2012-12-21,144.607
2012-12-22,144.573
2012-12-23,156.344
2012-12-24,152.081
2012-12-25,147.117
2012-12-26,144.193
2012-12-27,141.132
2012-12-28,151.872
2012-12-29,158.063
2012-12-30,149.582
2012-12-31,161.131
2013-01-01,169.85
2013-01-02,171.574
2013-01-03,172.89
2013-01-04,172.02
2013-01-05,160.921
2013-01-06,152.5
2013-01-07,142.698
2013-01-08,139.513
2013-01-09,137.187
2013-01-10,131.491
2013-01-11,127.216
2013-01-12,125.533
2013-01-13,128.123
2013-01-14,133.388
2013-01-15,131.679
2013-01-16,125.295
2013-01-17,130.939
2013-01-18,123.048
2013-01-19,122.762
2013-01-20,127.883
2013-01-21,126.463
2013-01-22,119.774
2013-01-23,127.89
2013-01-24,118.417
2013-01-25,127.21
2013-01-26,127.915
2013-01-27,127.553
2013-01-28,122.708
2013-01-29,122.827
2013-01-30,120.599
2013-01-31,127.879
2013-02-01,131.241
2013-02-02,129.72
2013-02-03,124.848
2013-02-04,135.63
2013-02-05,143.142
2013-02-06,149.941
2013-02-07,148.872
2013-02-08,145.401
2013-02-09,152.434
2013-02-10,155.22
2013-02-11,149.446
2013-02-12,154.103
2013-02-13,147.276
2013-02-14,155.932
2013-02-15,157.018
2013-02-16,160.047
2013-02-17,165.465
2013-02-18,171.804
2013-02-19,175.819
2013-02-20,187.229
2013-02-21,190.489
2013-02-22,193.014
2013-02-23,196.264
2013-02-24,196.548
2013-02-25,195.616
2013-02-26,202.643
2013-02-27,195.581
2013-02-28,190.316
2013-03-01,192.331
2013-03-02,196.036
2013-03-03,210.126
2013-03-04,219.562
2013-03-05,220.726
2013-03-06,224.393
2013-03-07,226.045
2013-03-08,226.159
2013-03-09,217.491
2013-03-10,208.539
2013-03-11,215.474
2013-03-12,205.288
2013-03-13,197.864
2013-03-14,203.064
2013-03-15,223.889
2013-03-16,237.236
2013-03-17,242.636
2013-03-18,247.627
2013-03-19,268.332
2013-03-20,283.273
2013-03-21,296.799
2013-03-22,294.889
2013-03-23,321.962
2013-03-24,329.016
2013-03-25,345.71
2013-03-26,345.083
2013-03-27,358.165
2013-03-28,352.978
2013-03-29,365.081
2013-03-30,351.233
2013-03-31,357.36
2013-04-01,350.516
2013-04-02,382.991
2013-04-03,400.611
2013-04-04,419.028
2013-04-05,419.988
2013-04-06,432.886
2013-04-07,463.132
2013-04-08,466.715
2013-04-09,439.931
2013-04-10,440.925
2013-04-11,457.382
2013-04-12,466.254
2013-04-13,483.543
2013-04-14,481.959
2013-04-15,505.667
2013-04-16,510.63
2013-04-17,522.053
2013-04-18,537.336
2013-04-19,523.182
2013-04-20,496.921
2013-04-21,494.312
2013-04-22,500.279
2013-04-23,516.471
2013-04-24,524.039
2013-04-25,520.809
2013-04-26,536.223
2013-04-27,572.211
2013-04-28,574.122
2013-04-29,553.712
2013-04-30,542.446
2013-05-01,527.218
2013-05-02,521.647
2013-05-03,513.062
2013-05-04,490.276
2013-05-05,498.788
2013-05-06,510.892
2013-05-07,522.187
2013-05-08,530.011
2013-05-09,516.263
2013-05-10,537.893
2013-05-11,555.922
2013-05-12,580.435
2013-05-13,594.714
2013-05-14,616.789
2013-05-15,635.615
2013-05-16,665.924
2013-05-17,676.984
2013-05-18,679.564
2013-05-19,651.898
2013-05-20,645.244
2013-05-21,624.317
2013-05-22,634.128
2013-05-23,637.474
2013-05-24,656.765
2013-05-25,691.654
2013-05-26,731.281
2013-05-27,739.283
2013-05-28,780.87
2013-05-29,795.375
2013-05-30,825.124
2013-05-31,827.583
2013-06-01,813.533
2013-06-02,833.593
2013-06-03,866.627
2013-06-04,882.092
2013-06-05,902.736
2013-06-06,931.172
2013-06-07,969.422
2013-06-08,1004.54
2013-06-09,1007.96
2013-06-10,999.028
2013-06-11,1022.97
2013-06-12,1027.31
2013-06-13,1048.92
2013-06-14,1035.4
2013-06-15,1033.84
2013-06-16,1042.27
2013-06-17,1108.45
2013-06-18,1075.57
2013-06-19,1079.34
2013-06-20,1040.28
2013-06-21,1052.5
2013-06-22,1086.7
2013-06-23,1102.16
2013-06-24,1103.05
2013-06-25,1116.39
2013-06-26,1118.12
2013-06-27,1138.06
2013-06-28,1150.92
2013-06-29,1142.41
2013-06-30,1193.25
2013-07-01,1183.5
2013-07-02,1211.47
2013-07-03,1210.29
2013-07-04,1256
2013-07-05,1260.39
2013-07-06,1284.65
2013-07-07,1258.53
2013-07-08,1279.46
2013-07-09,1301.95
2013-07-10,1348.03
2013-07-11,1432.83
2013-07-12,1479.26
2013-07-13,1470.77
2013-07-14,1484.35
2013-07-15,1532.37
2013-07-16,1563.2
2013-07-17,1530.15
2013-07-18,1469.7
2013-07-19,1460.86
2013-07-20,1491.42
2013-07-21,1546.84
2013-07-22,1545.84
2013-07-23,1589.81
2013-07-24,1613.78
2013-07-25,1613.57
2013-07-26,1576.89
2013-07-27,1562.99
2013-07-28,1583.08
2013-07-29,1568.79
2013-07-30,1514.99
2013-07-31,1622.49
2013-08-01,1688.49
2013-08-02,1716.27
2013-08-03,1758.75
2013-08-04,1763.38
2013-08-05,1853.08
2013-08-06,1993.56
2013-08-07,1970.28
2013-08-08,1955.3
2013-08-09,2041.4
2013-08-10,2111.25
2013-08-11,2153.77
2013-08-12,2150.01
2013-08-13,2130.57
2013-08-14,2213.17
2013-08-15,2252.02
2013-08-16,2301.08
2013-08-17,2368.58
2013-08-18,2456.07
2013-08-19,2476.33
2013-08-20,2481.47
2013-08-21,2459.46
2013-08-22,2541.98
2013-08-23,2610.13
2013-08-24,2643.06
2013-08-25,2730.81
2013-08-26,2691.43
2013-08-27,2797.33
2013-08-28,2867.13
2013-08-29,2856.31
2013-08-30,2895.72
2013-08-31,3009.96
2013-09-01,3042.96
2013-09-02,3260.62
2013-09-03,3344.34
2013-09-04,3399.45
2013-09-05,3452.72
2013-09-06,3457.04
2013-09-07,3410.83
2013-09-08,3342.69
2013-09-09,3279.54
2013-09-10,3374.62
2013-09-11,3484.19
2013-09-12,3619.89
2013-09-13,3869.15
2013-09-14,3950.54
2013-09-15,4378.8
2013-09-16,4609.1
2013-09-17,4518.96
2013-09-18,4546.92
2013-09-19,4609.89
2013-09-20,4572.33
2013-09-21,4656.57
2013-09-22,4457.09
2013-09-23,4508.92
2013-09-24,4732.79
2013-09-25,4935.93
2013-09-26,5335.33
2013-09-27,5377.74
2013-09-28,5564.1
2013-09-29,5670.1
2013-09-30,5743.63
2013-10-01,5885.4
2013-10-02,5975.79
2013-10-03,5892.06
2013-10-04,6198.52
2013-10-05,6287.78
2013-10-06,6516.81
2013-10-07,7024.93
2013-10-08,6803.26
2013-10-09,6860.81
2013-10-10,6920.92
2013-10-11,7088.15
2013-10-12,7258
2013-10-13,7559.86
2013-10-14,7761.37
2013-10-15,8400.54
2013-10-16,8872.71
2013-10-17,9642.87
2013-10-18,9719.09
2013-10-19,10361.9
2013-10-20,10853
2013-10-21,10845.7
2013-10-22,11239.3
2013-10-23,12024.6
2013-10-24,11886.3
2013-10-25,12446.6
2013-10-26,12445
2013-10-27,12590.7
2013-10-28,13027.9
2013-10-29,13224.4
2013-10-30,12857.5
2013-10-31,13431.9
2013-11-01,14096.6
2013-11-02,14772.8
2013-11-03,15245.9
2013-11-04,15355.9
2013-11-05,15555.6
2013-11-06,16458.5
2013-11-07,16456.7
2013-11-08,15932.7
2013-11-09,15430.3
2013-11-10,15363.9
2013-11-11,15866.4
2013-11-12,16834.1
2013-11-13,17112
2013-11-14,17376.9
2013-11-15,18244.1
2013-11-16,18815.1
2013-11-17,19551
2013-11-18,20300.5
2013-11-19,19999.9
2013-11-20,19724.4
2013-11-21,19962.2
2013-11-22,19744.4
2013-11-23,19972.7
2013-11-24,19889.3
2013-11-25,19578.9
2013-11-26,19604.1
2013-11-27,19494.8
2013-11-28,19220.5
2013-11-29,19282.3
2013-11-30,20399
2013-12-01,20599.7
2013-12-02,21559.1
2013-12-03,21953.5
2013-12-04,23978.8
2013-12-05,25664.6
2013-12-06,26752
2013-12-07,27392.1
2013-12-08,28672.4
2013-12-09,29209.3
2013-12-10,29818.4
2013-12-11,29910.6
2013-12-12,30633.5
2013-12-13,31787.6
2013-12-14,33023.3
2013-12-15,35321.9
2013-12-16,36797.4
2013-12-17,39154.3
2013-12-18,40376.3
2013-12-19,40874.1
2013-12-20,44115.1
2013-12-21,43212.2
2013-12-22,41765.5
2013-12-23,42526.2
2013-12-24,43254.3
2013-12-25,43799.9
2013-12-26,44433.4
2013-12-27,43138.5
2013-12-28,43806.3
2013-12-29,44605.6
2013-12-30,43407.9
2013-12-31,43132.7
2014-01-01,42821
2014-01-02,44397.8
2014-01-03,43480.6
2014-01-04,44454.5
2014-01-05,45277.5
2014-01-06,48520
2014-01-07,49914.8
2014-01-08,51771.9
2014-01-09,53330.2
2014-01-10,56712.3
2014-01-11,59318.3
2014-01-12,62998.9
2014-01-13,63648.8
2014-01-14,64713.1
2014-01-15,66841.3
2014-01-16,68609.9
2014-01-17,72674.7
2014-01-18,72581.8
2014-01-19,70523.2
2014-01-20,71045.3
2014-01-21,74612.5
2014-01-22,72989.4
2014-01-23,74755.1
2014-01-24,71772
2014-01-25,76110.1
2014-01-26,78721.5
2014-01-27,79070.8
2014-01-28,79948.5
2014-01-29,81251.5
2014-01-30,78853
2014-01-31,78319
2014-02-01,77274.9
2014-02-02,79095
2014-02-03,78866.9
2014-02-04,78151.9
2014-02-05,77538.3
2014-02-06,80041.3
2014-02-07,84259.3
2014-02-08,82939.2
2014-02-09,84374.6
2014-02-10,83652.7
2014-02-11,83185.1
2014-02-12,86923.8
2014-02-13,85648.1
2014-02-14,85589.6
2014-02-15,86026.4
2014-02-16,82926.6
2014-02-17,87472
2014-02-18,87917.5
2014-02-19,87175.5
2014-02-20,87967.1
2014-02-21,86975.6
2014-02-22,85719.2
2014-02-23,87800.2
2014-02-24,86781.2
2014-02-25,86178.7
2014-02-26,85618
2014-02-27,84502
2014-02-28,85828.6
2014-03-01,89778.5
2014-03-02,88787.8
2014-03-03,86423.8
2014-03-04,85107.3
2014-03-05,86395.9
2014-03-06,87321.2
2014-03-07,87258.8
2014-03-08,85430.5
2014-03-09,85469.6
2014-03-10,86801
2014-03-11,88031.9
2014-03-12,89819
2014-03-13,91673.2
2014-03-14,89189.6
2014-03-15,85583.7
2014-03-16,84944.3
2014-03-17,82458.5
2014-03-18,81533.5
2014-03-19,77998.4
2014-03-20,73612.2
2014-03-21,72452.6
2014-03-22,72817.3
2014-03-23,71000.1
2014-03-24,71046.1
2014-03-25,74148.1
2014-03-26,74505.2
2014-03-27,77497.8
2014-03-28,77342
2014-03-29,77845.8
2014-03-30,78768
2014-03-31,77401
2014-04-01,73344
2014-04-02,72387.4
2014-04-03,72167.4
2014-04-04,75714.4
2014-04-05,76555.3
2014-04-06,77749.1
2014-04-07,79219.4
2014-04-08,80793.9
2014-04-09,79043.3
2014-04-10,76376.2
2014-04-11,73884.3
2014-04-12,73583.8
2014-04-13,72662.8
2014-04-14,75787.6
2014-04-15,78039.9
2014-04-16,81204.6
2014-04-17,80458.2
2014-04-18,82156.2
2014-04-19,83936.1
2014-04-20,84365.9
2014-04-21,81833.4
2014-04-22,80997.7
2014-04-23,79382.3
2014-04-24,81847.2
2014-04-25,78773.7
2014-04-26,77933.9
2014-04-27,78680
2014-04-28,78543.9
2014-04-29,75871.8
2014-04-30,78711.1
2014-05-01,77682.4
2014-05-02,82546.5
2014-05-03,83968.8
2014-05-04,81691.3
2014-05-05,80861.8
2014-05-06,79452.6
2014-05-07,79744.1
2014-05-08,80319.1
2014-05-09,77536.9
2014-05-10,75808.9
2014-05-11,76817.4
2014-05-12,75507.8
2014-05-13,77481.5
2014-05-14,76345.5
2014-05-15,77325.6
2014-05-16,78816.9
2014-05-17,80264.8
2014-05-18,82172.4
2014-05-19,85615
2014-05-20,89635.9
2014-05-21,91043
2014-05-22,91625.2
2014-05-23,89408.8
2014-05-24,87653.1
2014-05-25,85900.8
2014-05-26,85568.6
2014-05-27,82347.8
2014-05-28,79885.9
2014-05-29,79745.6
2014-05-30,78111.5
2014-05-31,78810.3
2014-06-01,75247.1
2014-06-02,74057.8
2014-06-03,74262.6
2014-06-04,73912.1
2014-06-05,71097.4
2014-06-06,70267.5
2014-06-07,68183.4
2014-06-08,68849.9
2014-06-09,67383.3
2014-06-10,65951.6
2014-06-11,65724.1
2014-06-12,63804.3
2014-06-13,64758.6
2014-06-14,65214.5
2014-06-15,67011.5
2014-06-16,66523.1
2014-06-17,68049.5
2014-06-18,69351.2
2014-06-19,73246.4
2014-06-20,74091
2014-06-21,75356.6
2014-06-22,74795.5
2014-06-23,77081.4
2014-06-24,77482.9
2014-06-25,78009.7
2014-06-26,77179.8
2014-06-27,76552.2
2014-06-28,77147.3
2014-06-29,76218.5
2014-06-30,76929.9
2014-07-01,74788.6
2014-07-02,72797.4
2014-07-03,70195.3
2014-07-04,69498.3
2014-07-05,68102.7
2014-07-06,67486.9
2014-07-07,64684.9
2014-07-08,64007.7
2014-07-09,63454.1
2014-07-10,62545.8
2014-07-11,60931.1
2014-07-12,60239.7
2014-07-13,60556.1
2014-07-14,60764.1
2014-07-15,59779.4
2014-07-16,59869.8
2014-07-17,59468.1
2014-07-18,61711.5
2014-07-19,61982.8
2014-07-20,61587.5
2014-07-21,59962.7
2014-07-22,59436.3
2014-07-23,58337.5
2014-07-24,58168.1
2014-07-25,56065.3
2014-07-26,55207.6
2014-07-27,52370.6
2014-07-28,52814.8
2014-07-29,52556.9
2014-07-30,50970
2014-07-31,51484.2
2014-08-01,51245.8
2014-08-02,49844.9
2014-08-03,50320.7
2014-08-04,48643.8
2014-08-05,46026.3
2014-08-06,44462.1
2014-08-07,43143.5
2014-08-08,41450.5
2014-08-09,40716.9
2014-08-10,40571.3
2014-08-11,40655.9
2014-08-12,42129
2014-08-13,42087.6
2014-08-14,40540.1
2014-08-15,40814.2
2014-08-16,40185.4
2014-08-17,38213.5
2014-08-18,36903.1
2014-08-19,36866.1
2014-08-20,38229.4
2014-08-21,39184.5
2014-08-22,38393.2
2014-08-23,38307.2
2014-08-24,38072.1
2014-08-25,38212.2
2014-08-26,36338.4
2014-08-27,35215.1
2014-08-28,34411
2014-08-29,34013.6
2014-08-30,32921.9
2014-08-31,32457
2014-09-01,32656
2014-09-02,32013.2
2014-09-03,31350.4
2014-09-04,31173.6
2014-09-05,30396.5
2014-09-06,29542.2
2014-09-07,30723.8
2014-09-08,30083.9
2014-09-09,29263.8
2014-09-10,28175.1
2014-09-11,27044.3
2014-09-12,26623.6
2014-09-13,26453.2
2014-09-14,24325.3
2014-09-15,23434
2014-09-16,24063.8
2014-09-17,24237.9
2014-09-18,24930.4
2014-09-19,24898.4
2014-09-20,24677
2014-09-21,25142.9
2014-09-22,24853.9
2014-09-23,23986.3
2014-09-24,22999.5
2014-09-25,20783.9
2014-09-26,20817.3
2014-09-27,20073.9
2014-09-28,19161
2014-09-29,18670.4
2014-09-30,18478.9
2014-10-01,18530
2014-10-02,19151.1
2014-10-03,17962
2014-10-04,18154.1
2014-10-05,17924.3
2014-10-06,17728.8
2014-10-07,17677.4
2014-10-08,17130.7
2014-10-09,16539.2
2014-10-10,16217.7
2014-10-11,15797.6
2014-10-12,15151.4
2014-10-13,14458.1
2014-10-14,13423.5
2014-10-15,12531.4
2014-10-16,11698.7
2014-10-17,11385.1
2014-10-18,10679.4
2014-10-19,10288.6
2014-10-20,9814.89
2014-10-21,9400.01
2014-10-22,9188.05
2014-10-23,9189.71
2014-10-24,8956.48
2014-10-25,8886.25
2014-10-26,8606.75
2014-10-27,8242.99
2014-10-28,8227.99
2014-10-29,8197.95
2014-10-30,7898.57
2014-10-31,7633.28
2014-11-01,7559.26
2014-11-02,7471.77
2014-11-03,7604.1
2014-11-04,7558.59
2014-11-05,7352.11
2014-11-06,7239.46
2014-11-07,7353.48
2014-11-08,7377.9
2014-11-09,7486.59
2014-11-10,7383.38
2014-11-11,7085.68
2014-11-12,6793.79
2014-11-13,6824.4
2014-11-14,6539.32
2014-11-15,6391.08
2014-11-16,6076.62
2014-11-17,5838.71
2014-11-18,5825.19
2014-11-19,6029.43
2014-11-20,5882.51
2014-11-21,5874.18
2014-11-22,5564.07
2014-11-23,5621.72
2014-11-24,5680.65
2014-11-25,5627.12
2014-11-26,5511.19
2014-11-27,5445.14
2014-11-28,5318
2014-11-29,5303.99
2014-11-30,5172.62
2014-12-01,5029.51
2014-12-02,4900.36
2014-12-03,4719.29
2014-12-04,4532.12
2014-12-05,4497.83
2014-12-06,4402.59
2014-12-07,4244.54
2014-12-08,4091.3
2014-12-09,4174.96
2014-12-10,3995.6
2014-12-11,3985.13
2014-12-12,3881.62
2014-12-13,3781.25
2014-12-14,3663.18
2014-12-15,3639.52
2014-12-16,3374.97
2014-12-17,3348.57
2014-12-18,3203.28
2014-12-19,2985.86
2014-12-20,2958.18
2014-12-21,2889.6
2014-12-22,2767.51
2014-12-23,2788.27
2014-12-24,2770.28
2014-12-25,2820.95
2014-12-26,2889.61
2014-12-27,2813.82
2014-12-28,2891.62
2014-12-29,2998.56
2014-12-30,2993.34
2014-12-31,2981.55
2015-01-01,2884.59
2015-01-02,2963.58
2015-01-03,2988.86
2015-01-04,2980.75
2015-01-05,2852.2
2015-01-06,2735.28
2015-01-07,2684.6
2015-01-08,2603.11
2015-01-09,2405.26
2015-01-10,2298.74
2015-01-11,2144.65
2015-01-12,2086.03
2015-01-13,2038.51
2015-01-14,1955.83
2015-01-15,1933.87
2015-01-16,1929.31
2015-01-17,1942.79
2015-01-18,1934.25
2015-01-19,1945.9
2015-01-20,1906.36
2015-01-21,1881.76
2015-01-22,1876.87
2015-01-23,1857.69
2015-01-24,1709.85
2015-01-25,1649.34
2015-01-26,1575.92
2015-01-27,1522.98
2015-01-28,1534.99
2015-01-29,1550.41
2015-01-30,1538.16
2015-01-31,1554.82
2015-02-01,1571.79
2015-02-02,1558.8
2015-02-03,1585.78
2015-02-04,1527.93
2015-02-05,1459.06
2015-02-06,1403.39
2015-02-07,1457.13
2015-02-08,1414.85
2015-02-09,1406.41
2015-02-10,1420.53
2015-02-11,1432.54
2015-02-12,1434.52
2015-02-13,1397.69
2015-02-14,1326.08
2015-02-15,1337.71
2015-02-16,1254.79
2015-02-17,1219.73
2015-02-18,1196.04
2015-02-19,1150.91
2015-02-20,1177.32
2015-02-21,1200.05
2015-02-22,1154.27
2015-02-23,1204.68
2015-02-24,1157.43
2015-02-25,1143.84
2015-02-26,1160.21
2015-02-27,1139.05
2015-02-28,1074.99
2015-03-01,1086.88
2015-03-02,1071.7
2015-03-03,1099.99
2015-03-04,1114.18
2015-03-05,1086.74
2015-03-06,1046.1
2015-03-07,1057.52
2015-03-08,1030.04
2015-03-09,1011.21
2015-03-10,997.666
2015-03-11,975.892
2015-03-12,969.272
2015-03-13,963.708
2015-03-14,980.215
2015-03-15,958.781
2015-03-16,935.23
2015-03-17,904.702
2015-03-18,884.788
2015-03-19,886.817
2015-03-20,880.535
2015-03-21,825.438
2015-03-22,840.545
2015-03-23,804.358
2015-03-24,764.803
2015-03-25,775.188
2015-03-26,762.836
2015-03-27,752.28
2015-03-28,767.528
2015-03-29,741.391
2015-03-30,780.255
2015-03-31,783.919
2015-04-01,755.049
2015-04-02,705.063
2015-04-03,698.486
2015-04-04,666.715
2015-04-05,650.196
2015-04-06,627.795
2015-04-07,619.333
2015-04-08,630.8
2015-04-09,631.127
2015-04-10,621.374
2015-04-11,625.525
2015-04-12,628.828
2015-04-13,590.906
2015-04-14,586.786
2015-04-15,557.49
2015-04-16,556.57
2015-04-17,539.903
2015-04-18,516.342
2015-04-19,510.332
2015-04-20,510.044
2015-04-21,504.287
2015-04-22,506.224
2015-04-23,507.741
2015-04-24,509.368
2015-04-25,493.778
2015-04-26,498.402
2015-04-27,498.329
2015-04-28,498.129
2015-04-29,476.927
2015-04-30,466.336
2015-05-01,445.157
2015-05-02,457.312
2015-05-03,448.539
2015-05-04,448.663
2015-05-05,447.588
2015-05-06,436.597
2015-05-07,444.262
2015-05-08,452.562
2015-05-09,449.204
2015-05-10,422.148
2015-05-11,415.457
2015-05-12,406.104
2015-05-13,410.379
2015-05-14,407.894
2015-05-15,404.522
2015-05-16,391.286
2015-05-17,387.855
2015-05-18,394.634
2015-05-19,388.161
2015-05-20,374.423
2015-05-21,358.727
2015-05-22,360.844
2015-05-23,364.075
2015-05-24,353.003
2015-05-25,335.103
2015-05-26,327.292
2015-05-27,339.248
2015-05-28,327.576
2015-05-29,319.309
2015-05-30,315.651
2015-05-31,328.731
2015-06-01,322.516
2015-06-02,304.319
2015-06-03,290.705
2015-06-04,286.919
2015-06-05,279.481
2015-06-06,275.307
2015-06-07,281.243
2015-06-08,288.598
2015-06-09,303.92
2015-06-10,301.005
2015-06-11,317.117
2015-06-12,307.06
2015-06-13,299.617
2015-06-14,284.516
2015-06-15,268.713
2015-06-16,256.682
2015-06-17,242.504
2015-06-18,231.684
2015-06-19,235.535
2015-06-20,226.389
2015-06-21,212.314
2015-06-22,201.285
2015-06-23,201.087
2015-06-24,201.003
2015-06-25,193.548
2015-06-26,191.467
2015-06-27,190.983
2015-06-28,190.451
2015-06-29,191.441
2015-06-30,189.989
2015-07-01,196.213
2015-07-02,193.531
2015-07-03,193.234
2015-07-04,192.595
2015-07-05,197.206
2015-07-06,201.953
2015-07-07,208.438
2015-07-08,200.258
2015-07-09,199.253
2015-07-10,190.731
2015-07-11,191.53
2015-07-12,189.141
2015-07-13,182.453
2015-07-14,177.708
2015-07-15,178.174
2015-07-16,181.921
2015-07-17,176.209
2015-07-18,170.493
2015-07-19,165.922
2015-07-20,171.612
2015-07-21,168.9
2015-07-22,168.508
2015-07-23,168.292
2015-07-24,177.052
2015-07-25,181.921
2015-07-26,192.856
2015-07-27,188.76
2015-07-28,185.903
2015-07-29,184.222
2015-07-30,174.935
2015-07-31,168.407
2015-08-01,166.23
2015-08-02,159.452
2015-08-03,160.994
2015-08-04,168.397
2015-08-05,171.932
2015-08-06,168.705
2015-08-07,169.815
2015-08-08,163.802
2015-08-09,158.779
2015-08-10,149.435
2015-08-11,138.8
2015-08-12,135.665
2015-08-13,136.474
2015-08-14,132.083
2015-08-15,132.086
2015-08-16,131.375
2015-08-17,131.844
2015-08-18,124.238
2015-08-19,110.537
2015-08-20,107.106
2015-08-21,104.666
2015-08-22,105.469
2015-08-23,104.812
2015-08-24,103.852
2015-08-25,111.204
2015-08-26,113.279
2015-08-27,115.223
2015-08-28,111.911
2015-08-29,108.412
2015-08-30,105.183
2015-08-31,96.3534
2015-09-01,93.6412
2015-09-02,97.7516
2015-09-03,93.5883
2015-09-04,93.8673
2015-09-05,95.9326
2015-09-06,91.3019
2015-09-07,97.3112
2015-09-08,96.3351
2015-09-09,94.4875
2015-09-10,95.9868
2015-09-11,99.8894
2015-09-12,98.6372
2015-09-13,93.2611
2015-09-14,91.6824
2015-09-15,87.113
2015-09-16,85.0467
2015-09-17,77.1977
2015-09-18,70.3637
2015-09-19,65.433
2015-09-20,65.3613
2015-09-21,61.606
2015-09-22,58.1318
2015-09-23,61.4814
2015-09-24,69.3499
2015-09-25,65.6969
2015-09-26,70.7551
2015-09-27,77.5782
2015-09-28,83.4384
2015-09-29,86.6495
2015-09-30,85.088
2015-10-01,79.6183
2015-10-02,88.0617
2015-10-03,81.8994
2015-10-04,78.5805
2015-10-05,73.2311
2015-10-06,71.5644
2015-10-07,70.0386
2015-10-08,69.9141
2015-10-09,66.58
2015-10-10,62.967
2015-10-11,66.7715
2015-10-12,68.7248
2015-10-13,67.59
2015-10-14,66.8558
2015-10-15,68.6941
2015-10-16,73.0994
2015-10-17,78.4
2015-10-18,70.9863
2015-10-19,73.3475
2015-10-20,80.4474
2015-10-21,75.2653
2015-10-22,72.5983
2015-10-23,68.3991
2015-10-24,65.8208
2015-10-25,68.0243
2015-10-26,70.3867
2015-10-27,66.0584
2015-10-28,70.8693
2015-10-29,70.0011
2015-10-30,67.977
2015-10-31,67.5201
2015-11-01,67.7285
2015-11-02,63.469
2015-11-03,60.9
2015-11-04,59.2438
2015-11-05,62.5297
2015-11-06,61.8532
2015-11-07,61.1563
2015-11-08,60.5891
2015-11-09,57.0781
2015-11-10,57.4647
2015-11-11,58.886
2015-11-12,60.962
2015-11-13,66.1213
2015-11-14,69.1901
2015-11-15,71.0837
2015-11-16,75.7805
2015-11-17,81.5981
2015-11-18,78.5039
2015-11-19,76.6982
2015-11-20,73.4428
2015-11-21,78.8814
2015-11-22,81.1663
2015-11-23,84.1142
2015-11-24,81.4777
2015-11-25,89.426
2015-11-26,91.9495
2015-11-27,101.095
2015-11-28,93.5924
2015-11-29,92.3756
2015-11-30,87.7972
2015-12-01,93.561
2015-12-02,92.3003
2015-12-03,98.8459
2015-12-04,91.9547
2015-12-05,94.2209
2015-12-06,102.168
2015-12-07,114.085
2015-12-08,106.798
2015-12-09,112.781
2015-12-10,111.01
2015-12-11,127.24
2015-12-12,134.472
2015-12-13,132.599
2015-12-14,125.909
2015-12-15,140.341
2015-12-16,141.678
2015-12-17,144.783
2015-12-18,137.557
2015-12-19,147.184
2015-12-20,155.709
2015-12-21,169.859
2015-12-22,160.075
2015-12-23,157.545
2015-12-24,155.61
2015-12-25,149.964
2015-12-26,144.78
2015-12-27,143.752
2015-12-28,144.166
2015-12-29,144.598
2015-12-30,144.391
2015-12-31,145.314
2016-01-01,146.89
2016-01-02,140.531
2016-01-03,135.429
2016-01-04,124.865
2016-01-05,135.752
2016-01-06,138.285
2016-01-07,139.144
2016-01-08,144.219
2016-01-09,158.934
2016-01-10,164.045
2016-01-11,175.701
2016-01-12,173.625
2016-01-13,182.406
2016-01-14,182.86
2016-01-15,178.009
2016-01-16,165.712
2016-01-17,166.083
2016-01-18,161.05
2016-01-19,164.975
2016-01-20,161.442
2016-01-21,161.428
2016-01-22,166.77
2016-01-23,185.419
2016-01-24,199.079
2016-01-25,213.77
2016-01-26,216.533
2016-01-27,219.204
2016-01-28,220.872
2016-01-29,219.253
2016-01-30,218.203
2016-01-31,213.55
2016-02-01,212.46
2016-02-02,207.827
2016-02-03,219.559
2016-02-04,227.591
2016-02-05,235.151
2016-02-06,228.304
2016-02-07,233.855
2016-02-08,249.242
2016-02-09,249.077
2016-02-10,248.445
2016-02-11,249.609
2016-02-12,276.06
2016-02-13,287.647
2016-02-14,279.503
2016-02-15,269.908
2016-02-16,272.619
2016-02-17,258.837
2016-02-18,252.915
2016-02-19,230.755
2016-02-20,225.215
2016-02-21,234.896
2016-02-22,223.088
2016-02-23,223.067
2016-02-24,232.035
2016-02-25,225.676
2016-02-26,230.339
2016-02-27,228.118
2016-02-28,224.923
2016-02-29,230.52
2016-03-01,227.426
2016-03-02,220.113
2016-03-03,239.094
2016-03-04,238.213
2016-03-05,243.05
2016-03-06,243.158
2016-03-07,240.214
2016-03-08,242.698
2016-03-09,246.73
2016-03-10,243.182
2016-03-11,247.956
2016-03-12,249.484
2016-03-13,249.853
2016-03-14,249.391
2016-03-15,257.517
2016-03-16,268.75
2016-03-17,263.626
2016-03-18,256.241
2016-03-19,254.1
2016-03-20,246.271
2016-03-21,253.997
2016-03-22,250.325
2016-03-23,233.828
2016-03-24,232.887
2016-03-25,234.423
2016-03-26,227.285
2016-03-27,234.407
2016-03-28,229.452
2016-03-29,240.364
2016-03-30,250.622
2016-03-31,260.018
2016-04-01,246.244
2016-04-02,257.411
2016-04-03,251.323
2016-04-04,250.831
2016-04-05,252.851
2016-04-06,248.941
2016-04-07,252.655
2016-04-08,266.942
2016-04-09,258.584
2016-04-10,268.21
2016-04-11,286.855
2016-04-12,270.636
2016-04-13,269.364
2016-04-14,272.905
2016-04-15,283.559
2016-04-16,295.665
2016-04-17,288.233
2016-04-18,282.302
2016-04-19,282.038
2016-04-20,287.109
2016-04-21,281.921
2016-04-22,282.126
2016-04-23,286.209
2016-04-24,284.113
2016-04-25,274.923
2016-04-26,278.659
2016-04-27,279.033
2016-04-28,274.908
2016-04-29,267.26
2016-04-30,264.088
2016-05-01,270.725
2016-05-02,280.553
2016-05-03,295.523
2016-05-04,295.07
2016-05-05,295.838
2016-05-06,300.44
2016-05-07,301.084
2016-05-08,309.728
2016-05-09,319.599
2016-05-10,312.419
2016-05-11,316.618
2016-05-12,307.969
2016-05-13,301.425
2016-05-14,303.787
2016-05-15,305
2016-05-16,281.788
2016-05-17,279.322
2016-05-18,283.721
2016-05-19,296.559
2016-05-20,287.304
2016-05-21,288.227
2016-05-22,293.602
2016-05-23,322.21
2016-05-24,339.572
2016-05-25,337.286
2016-05-26,335.767
2016-05-27,354.055
2016-05-28,343.916
2016-05-29,331.343
2016-05-30,318.735
2016-05-31,310.866
2016-06-01,301.579
2016-06-02,303.476
2016-06-03,302.474
2016-06-04,311.846
2016-06-05,290.731
2016-06-06,299.703
2016-06-07,300.553
2016-06-08,305.33
2016-06-09,294.703
2016-06-10,306.355
2016-06-11,304.716
2016-06-12,325.545
2016-06-13,312.987
2016-06-14,310.981
2016-06-15,317.919
2016-06-16,322.754
2016-06-17,305.361
2016-06-18,302.928
2016-06-19,311.039
2016-06-20,333.563
2016-06-21,330.817
2016-06-22,332.047
2016-06-23,327.36
2016-06-24,329.28
2016-06-25,321.955
2016-06-26,329.945
2016-06-27,315.054
2016-06-28,318.013
2016-06-29,315.886
2016-06-30,332.232
2016-07-01,335.995
2016-07-02,344.313
2016-07-03,329.339
2016-07-04,332.218
2016-07-05,318.368
2016-07-06,322.606
2016-07-07,311.165
2016-07-08,315.129
2016-07-09,314.962
2016-07-10,315.689
2016-07-11,318.627
2016-07-12,326.664
2016-07-13,319.745
2016-07-14,316.311
2016-07-15,315.757
2016-07-16,312.421
2016-07-17,315.322
2016-07-18,305.599
2016-07-19,304.509
2016-07-20,305.13
2016-07-21,313.37
2016-07-22,307.713
2016-07-23,296.774
2016-07-24,283.265
2016-07-25,275.03
2016-07-26,269.498
2016-07-27,265.638
2016-07-28,256.087
2016-07-29,258.574
2016-07-30,270.742
2016-07-31,265.579
2016-08-01,275.008
2016-08-02,280.784
2016-08-03,287.34
2016-08-04,306.614
2016-08-05,306.109
2016-08-06,316.899
2016-08-07,329.131
2016-08-08,326.795
2016-08-09,316.853
2016-08-10,294.98
2016-08-11,291.696
2016-08-12,288.656
2016-08-13,279.075
2016-08-14,286.845
2016-08-15,294.003
2016-08-16,305.417
2016-08-17,322.487
2016-08-18,302.856
2016-08-19,307.651
2016-08-20,304.812
2016-08-21,296.411
2016-08-22,300.946
2016-08-23,300.859
2016-08-24,306.237
2016-08-25,313.644
2016-08-26,307.858
2016-08-27,301.417
2016-08-28,296.393
2016-08-29,286.185
2016-08-30,282.915
2016-08-31,283.434
2016-09-01,277.848
2016-09-02,279.215
2016-09-03,284.754
2016-09-04,280.846
2016-09-05,291.422
2016-09-06,287.136
2016-09-07,280.598
2016-09-08,288.687
2016-09-09,278.395
2016-09-10,273.645
2016-09-11,288.692
2016-09-12,280.579
2016-09-13,290.434
2016-09-14,293.538
2016-09-15,298.866
2016-09-16,311.862
2016-09-17,313.855
2016-09-18,320.147
2016-09-19,321.466
2016-09-20,315.714
2016-09-21,308.754
2016-09-22,303.648
2016-09-23,300.271
2016-09-24,292.356
2016-09-25,285.056
2016-09-26,296.458
2016-09-27,303.282
2016-09-28,306.6
2016-09-29,307.591
2016-09-30,306.932
2016-10-01,321.29
2016-10-02,321.26
2016-10-03,301.366
2016-10-04,295.472
2016-10-05,302.708
2016-10-06,314.682
2016-10-07,325.51
2016-10-08,331.058
2016-10-09,334.137
2016-10-10,349.263
2016-10-11,346.996
2016-10-12,345.626
2016-10-13,332.171
2016-10-14,311.991
2016-10-15,305.887
2016-10-16,304.127
2016-10-17,291.986
2016-10-18,283.7
2016-10-19,293.534
2016-10-20,288.681
2016-10-21,298.13
2016-10-22,307.883
2016-10-23,306.028
2016-10-24,306.729
2016-10-25,313.406
2016-10-26,298.418
2016-10-27,304.531
2016-10-28,312.121
2016-10-29,296.395
2016-10-30,294.455
2016-10-31,303.137
2016-11-01,307.507
2016-11-02,305.122
2016-11-03,296.128
2016-11-04,295.322
2016-11-05,291.159
2016-11-06,288.766
2016-11-07,288.362
2016-11-08,289.689
2016-11-09,303.22
2016-11-10,300.174
2016-11-11,296.322
2016-11-12,305.209
2016-11-13,313.67
2016-11-14,298.641
2016-11-15,296.14
2016-11-16,287.719
2016-11-17,301.468
2016-11-18,307.579
2016-11-19,305.223
2016-11-20,289.792
2016-11-21,285.515
2016-11-22,282.672
2016-11-23,272.22
2016-11-24,266.031
2016-11-25,254.822
2016-11-26,262.283
2016-11-27,267.468
2016-11-28,275.626
2016-11-29,279.592
2016-11-30,281.095
2016-12-01,274.841
2016-12-02,280.969
2016-12-03,271.658
2016-12-04,272.318
2016-12-05,266.708
2016-12-06,264.196
2016-12-07,258.051
2016-12-08,262.987
2016-12-09,240.601
2016-12-10,232.601
2016-12-11,220.072
2016-12-12,236.807
2016-12-13,224.725
2016-12-14,230.885
2016-12-15,221.848
2016-12-16,232.635
2016-12-17,224.314
2016-12-18,225.128
2016-12-19,201.841
2016-12-20,208.507
2016-12-21,201.608
2016-12-22,205.67
2016-12-23,213.544
2016-12-24,221.43
2016-12-25,215.181
2016-12-26,211.081
2016-12-27,207.898
2016-12-28,210.7
2016-12-29,211.131
2016-12-30,204.338
2016-12-31,209.995
2017-01-01,216.858
2017-01-02,227.854
2017-01-03,219.601
2017-01-04,218.76
2017-01-05,217.809
2017-01-06,213.387
2017-01-07,203.575
2017-01-08,199.119
2017-01-09,194.132
2017-01-10,190.723
2017-01-11,188.909
2017-01-12,186.214
2017-01-13,198
2017-01-14,208.213
2017-01-15,219.352
2017-01-16,225.132
2017-01-17,231.492
2017-01-18,238.439
2017-01-19,236.207
2017-01-20,235.464
2017-01-21,229.333
2017-01-22,220.695
2017-01-23,224.506
2017-01-24,225.57
2017-01-25,219.32
2017-01-26,222.08
2017-01-27,218.977
2017-01-28,220.518
2017-01-29,214.511
2017-01-30,207.188
2017-01-31,206.758
2017-02-01,200.444
2017-02-02,206.152
2017-02-03,201.188
2017-02-04,191.062
2017-02-05,188.755
2017-02-06,182.927
2017-02-07,176.867
2017-02-08,174.598
2017-02-09,162.461
2017-02-10,156.55
2017-02-11,155.49
2017-02-12,156.537
2017-02-13,153.979
2017-02-14,162.573
2017-02-15,175.963
2017-02-16,176.346
2017-02-17,177.324
2017-02-18,180.029
2017-02-19,181.373
2017-02-20,186.696
2017-02-21,186.502
2017-02-22,175.647
2017-02-23,182.413
2017-02-24,182.149
2017-02-25,188.821
2017-02-26,194.268
2017-02-27,204.819
2017-02-28,201.8
2017-03-01,204.418
2017-03-02,194.235
2017-03-03,202.109
2017-03-04,197.627
2017-03-05,190.262
2017-03-06,181.014
2017-03-07,183.367
2017-03-08,182.91
2017-03-09,182.474
2017-03-10,177.707
2017-03-11,177.768
2017-03-12,183.993
2017-03-13,190.284
2017-03-14,185.929
2017-03-15,184.877
2017-03-16,189.189
2017-03-17,194.465
2017-03-18,200.465
2017-03-19,204.753
2017-03-20,203.33
2017-03-21,204.031
2017-03-22,203.265
2017-03-23,208.431
2017-03-24,204.67
2017-03-25,207.911
2017-03-26,196.388
2017-03-27,197.837
2017-03-28,187.986
2017-03-29,189.063
2017-03-30,183.919
2017-03-31,196.925
2017-04-01,185.185
2017-04-02,190.025
2017-04-03,189.683
2017-04-04,205.132
2017-04-05,198.745
2017-04-06,204.37
2017-04-07,194.891
2017-04-08,205.197
2017-04-09,200.012
2017-04-10,191.799
2017-04-11,187.283
2017-04-12,200.841
2017-04-13,193.366
2017-04-14,179.86
2017-04-15,174.096
2017-04-16,182.827
2017-04-17,181.955
2017-04-18,183.536
2017-04-19,176.311
2017-04-20,175.069
2017-04-21,181.622
2017-04-22,188.393
2017-04-23,185.342
2017-04-24,194.625
2017-04-25,192.631
2017-04-26,192.917
2017-04-27,206.694
2017-04-28,214.634
2017-04-29,200.637
2017-04-30,208.487
2017-05-01,200.92
2017-05-02,199.614
2017-05-03,202.546
2017-05-04,186.149
2017-05-05,186.528
2017-05-06,183.608
2017-05-07,181.243
2017-05-08,182.16
2017-05-09,186.444
2017-05-10,183.896
2017-05-11,196.685
2017-05-12,191.595
2017-05-13,200.283
2017-05-14,198.907
2017-05-15,205.878
2017-05-16,211.531
2017-05-17,209.252
2017-05-18,205.122
2017-05-19,213.016
2017-05-20,216.888
2017-05-21,219.905
2017-05-22,201.153
2017-05-23,183.678
2017-05-24,193.604
2017-05-25,199.147
2017-05-26,202.402
2017-05-27,203.877
2017-05-28,208.861
2017-05-29,226.624
2017-05-30,241.268
2017-05-31,251.77
2017-06-01,253.042
2017-06-02,254.107
2017-06-03,250.867
2017-06-04,263.459
2017-06-05,260.545
2017-06-06,261.862
2017-06-07,255.209
2017-06-08,262.69
2017-06-09,259.385
2017-06-10,266.944
2017-06-11,246.526
2017-06-12,250.358
2017-06-13,248.71
2017-06-14,248.84
2017-06-15,238.33
2017-06-16,239.207
2017-06-17,236.59
2017-06-18,239.597
2017-06-19,231.769
2017-06-20,234.812
2017-06-21,227.428
2017-06-22,233.508
2017-06-23,231.358
2017-06-24,241.096
2017-06-25,236.749
2017-06-26,235.572
2017-06-27,234.362
2017-06-28,232.66
2017-06-29,232.779
2017-06-30,223.262
2017-07-01,213.353
2017-07-02,222.913
2017-07-03,241.569
2017-07-04,248.132
2017-07-05,255.092
2017-07-06,253.438
2017-07-07,263.951
2017-07-08,264.33
2017-07-09,263.67
2017-07-10,245.716
2017-07-11,257.274
2017-07-12,264.536
2017-07-13,277.818
2017-07-14,281.267
2017-07-15,288.364
2017-07-16,278.383
2017-07-17,296.711
2017-07-18,285.102
2017-07-19,295.75
2017-07-20,284.897
2017-07-21,296.889
2017-07-22,304.949
2017-07-23,328.646
2017-07-24,343.576
2017-07-25,363.928
2017-07-26,356.517
2017-07-27,366.782
2017-07-28,366.344
2017-07-29,359.877
2017-07-30,369.16
2017-07-31,348.332
2017-08-01,329.165
2017-08-02,326.239
2017-08-03,319.811
2017-08-04,309.918
2017-08-05,316.142
2017-08-06,308.91
2017-08-07,311.673
2017-08-08,319.903
2017-08-09,337.583
2017-08-10,342.215
2017-08-11,345.818
2017-08-12,344.368
2017-08-13,332.413
2017-08-14,333.884
2017-08-15,324.678
2017-08-16,315.929
2017-08-17,319.763
2017-08-18,332.723
2017-08-19,328.158
2017-08-20,333.313
2017-08-21,321.007
2017-08-22,310.045
2017-08-23,279.99
2017-08-24,281.187
2017-08-25,257.006
2017-08-26,243.349
2017-08-27,226.338
2017-08-28,237.873
2017-08-29,243.945
2017-08-30,259.858
2017-08-31,266.617
2017-09-01,286.994
2017-09-02,306.83
2017-09-03,336.529
2017-09-04,323.892
2017-09-05,345.439
2017-09-06,376.971
2017-09-07,368.722
2017-09-08,374.654
2017-09-09,382.861
2017-09-10,373.943
2017-09-11,376.684
2017-09-12,366.842
2017-09-13,352.208
2017-09-14,359.728
2017-09-15,353.387
2017-09-16,355.183
2017-09-17,350.432
2017-09-18,371.099
2017-09-19,375.924
2017-09-20,381.754
2017-09-21,357.697
2017-09-22,377.782
2017-09-23,373.725
2017-09-24,383.97
2017-09-25,359.646
2017-09-26,346.298
2017-09-27,327.998
2017-09-28,343.819
2017-09-29,339.718
2017-09-30,346.365
2017-10-01,334.019
2017-10-02,346.71
2017-10-03,359.676
2017-10-04,384.938
2017-10-05,371.696
2017-10-06,342.712
2017-10-07,339.309
2017-10-08,339.213
2017-10-09,348.786
2017-10-10,360.677
2017-10-11,354.749
2017-10-12,362.155
2017-10-13,384.658
2017-10-14,373.416
2017-10-15,378.957
2017-10-16,406.021
2017-10-17,416.671
2017-10-18,414.691
2017-10-19,435.154
2017-10-20,448.542
2017-10-21,457.14
2017-10-22,464.501
2017-10-23,452.003
2017-10-24,442.231
2017-10-25,453.876
2017-10-26,463.891
2017-10-27,468.486
2017-10-28,452.646
2017-10-29,429.757
2017-10-30,419.881
2017-10-31,421.242
2017-11-01,419.017
2017-11-02,423.434
2017-11-03,410.532
2017-11-04,437.184
2017-11-05,463.446
2017-11-06,464.113
2017-11-07,456.299
2017-11-08,452.414
2017-11-09,438.005
2017-11-10,432.639
2017-11-11,406.222
2017-11-12,368.575
2017-11-13,339.174
2017-11-14,328.292
2017-11-15,314.982
2017-11-16,305.62
2017-11-17,303.676
2017-11-18,325.644
2017-11-19,356.531
2017-11-20,394.923
2017-11-21,420.088
2017-11-22,445.771
2017-11-23,447.971
2017-11-24,440.344
2017-11-25,428.594
2017-11-26,431.455
2017-11-27,419.003
2017-11-28,403.428
2017-11-29,387.792
2017-11-30,400.431
2017-12-01,411.685
2017-12-02,430.437
2017-12-03,421.713
2017-12-04,428.752
2017-12-05,438.337
2017-12-06,446.358
2017-12-07,450.246
2017-12-08,448.821
2017-12-09,453.395
2017-12-10,494.464
2017-12-11,480.782
2017-12-12,487.678
2017-12-13,475.595
2017-12-14,493.156
2017-12-15,521.303
2017-12-16,522.901
2017-12-17,507.901
2017-12-18,538.606
2017-12-19,556.686
2017-12-20,579.527
2017-12-21,545.302
2017-12-22,510.351
2017-12-23,505.874
2017-12-24,506.331
2017-12-25,489.698
2017-12-26,467.761
2017-12-27,459.339
2017-12-28,465.876
2017-12-29,478.262
2017-12-30,479.132
2017-12-31,475.831
2018-01-01,484.664
2018-01-02,487.723
2018-01-03,499.878
2018-01-04,509.129
2018-01-05,528.036
2018-01-06,516.129
2018-01-07,536.308
2018-01-08,532.029
2018-01-09,551.496
2018-01-10,544.026
2018-01-11,543.572
2018-01-12,532.74
2018-01-13,552.927
2018-01-14,529.951
2018-01-15,533.253
2018-01-16,514.208
2018-01-17,525.045
2018-01-18,540.121
2018-01-19,542.307
2018-01-20,527.065
2018-01-21,538.457
2018-01-22,536.99
2018-01-23,550.445
2018-01-24,551.768
2018-01-25,544.156
2018-01-26,546.772
2018-01-27,550.423
2018-01-28,555.163
2018-01-29,558.155
2018-01-30,557.613
2018-01-31,569.543
2018-02-01,524.149
2018-02-02,524.217
2018-02-03,543.856
2018-02-04,542.883
2018-02-05,552.586
2018-02-06,580.556
2018-02-07,582.355
2018-02-08,628.099
2018-02-09,602.826
2018-02-10,586.014
2018-02-11,589.277
2018-02-12,595.337
2018-02-13,569.31
2018-02-14,554.274
2018-02-15,582.844
2018-02-16,594.572
2018-02-17,606.171
2018-02-18,597.682
2018-02-19,604.739
2018-02-20,607.799
2018-02-21,613.976
2018-02-22,609.058
2018-02-23,621.427
2018-02-24,607.073
2018-02-25,597.867
2018-02-26,579.671
2018-02-27,573.426
2018-02-28,576.045
2018-03-01,563.662
2018-03-02,569.332
2018-03-03,577.423
2018-03-04,618.04
2018-03-05,619.739
2018-03-06,630.991
2018-03-07,633.09
2018-03-08,640.8
2018-03-09,650.279
2018-03-10,649.001
2018-03-11,619.844
2018-03-12,626.456
2018-03-13,632.554
2018-03-14,631.822
2018-03-15,622.988
2018-03-16,607.392
2018-03-17,612.137
2018-03-18,609.438
2018-03-19,603.292
2018-03-20,607.659
2018-03-21,597.644
2018-03-22,593.929
2018-03-23,598.277
2018-03-24,573.84
2018-03-25,598.349
2018-03-26,587.362
2018-03-27,586.519
2018-03-28,595.193
2018-03-29,597.316
2018-03-30,587.655
2018-03-31,630.651
2018-04-01,607.853
2018-04-02,627.625
2018-04-03,597.985
2018-04-04,622.426
2018-04-05,610.668
2018-04-06,626.482
2018-04-07,593.613
2018-04-08,625.775
2018-04-09,624.437
2018-04-10,638.57
2018-04-11,610.525
2018-04-12,633.191
2018-04-13,642.09
2018-04-14,672.86
2018-04-15,638.362
2018-04-16,654.818
2018-04-17,661.968
2018-04-18,682.015
2018-04-19,686.175
2018-04-20,704.925
2018-04-21,673.039
2018-04-22,692.671
2018-04-23,685.136
2018-04-24,704.662
2018-04-25,700.909
2018-04-26,666.585
2018-04-27,633.397
2018-04-28,664.372
2018-04-29,625.667
2018-04-30,630.773
2018-05-01,619.135
2018-05-02,616.669
2018-05-03,647.433
2018-05-04,644.574
2018-05-05,646.581
2018-05-06,674.195
2018-05-07,647.546
2018-05-08,623.699
2018-05-09,612.353
2018-05-10,609.101
2018-05-11,626.1
2018-05-12,598.172
2018-05-13,603.333
2018-05-14,608.244
2018-05-15,597.415
2018-05-16,613.352
2018-05-17,625.101
2018-05-18,608.351
2018-05-19,616.145
2018-05-20,604.1
2018-05-21,612.481
2018-05-22,646.354
2018-05-23,617.916
2018-05-24,600.783
2018-05-25,592.22
2018-05-26,615.669
2018-05-27,616.34
2018-05-28,615.572
2018-05-29,609.95
2018-05-30,599.05
2018-05-31,604.4
2018-06-01,617.081
2018-06-02,615.149
2018-06-03,594.249
2018-06-04,582.874
2018-06-05,578.836
2018-06-06,619.513
2018-06-07,602.468
2018-06-08,589.008
2018-06-09,575.23
2018-06-10,599.142
2018-06-11,598.682
2018-06-12,596.491
2018-06-13,582.408
2018-06-14,595.456
2018-06-15,611.472
2018-06-16,619.304
2018-06-17,627.876
2018-06-18,644.761
2018-06-19,652.655
2018-06-20,660.679
2018-06-21,667.749
2018-06-22,687.415
2018-06-23,674.322
2018-06-24,672.493
2018-06-25,703.389
2018-06-26,709.669
2018-06-27,708.803
2018-06-28,669.966
2018-06-29,675.441
2018-06-30,680.228
2018-07-01,652.882
2018-07-02,590.095
2018-07-03,567.385
2018-07-04,538.65
2018-07-05,557.738
2018-07-06,537.278
2018-07-07,552.676
2018-07-08,567.38
2018-07-09,612.104
2018-07-10,591.031
2018-07-11,601.064
2018-07-12,584.509
2018-07-13,578.24
2018-07-14,561.485
2018-07-15,558.307
2018-07-16,516.414
2018-07-17,521.365
2018-07-18,516.706
2018-07-19,542.219
2018-07-20,543.019
2018-07-21,537.539
2018-07-22,517.991
2018-07-23,538.64
2018-07-24,545.387
2018-07-25,555.157
2018-07-26,558.048
2018-07-27,553.052
2018-07-28,556.768
2018-07-29,556.752
2018-07-30,573.044
2018-07-31,580.037
2018-08-01,578.835
2018-08-02,566.815
2018-08-03,583.341
2018-08-04,578.144
2018-08-05,597.343
2018-08-06,595.459
2018-08-07,588.438
2018-08-08,581.584
2018-08-09,588.402
2018-08-10,582.275
2018-08-11,604.117
2018-08-12,630.017
2018-08-13,621.316
2018-08-14,650.292
2018-08-15,647.661
2018-08-16,664.341
2018-08-17,643.646
2018-08-18,631.972
2018-08-19,614.04
2018-08-20,619.85
2018-08-21,630.583
2018-08-22,688.199
2018-08-23,663.97
2018-08-24,727.208
2018-08-25,780.842
2018-08-26,819.883
2018-08-27,829.948
2018-08-28,857.539
2018-08-29,808.195
2018-08-30,794.657
2018-08-31,747.221
2018-09-01,694.46
2018-09-02,662.922
2018-09-03,643.665
2018-09-04,586.766
2018-09-05,542.067
2018-09-06,537.469
2018-09-07,524.564
2018-09-08,522.804
2018-09-09,520.346
2018-09-10,541.871
2018-09-11,536.925
2018-09-12,550.826
2018-09-13,561.85
2018-09-14,565.616
2018-09-15,550.329
2018-09-16,544.058
2018-09-17,509.901
2018-09-18,520.885
2018-09-19,522.24
2018-09-20,540.961
2018-09-21,527.301
2018-09-22,543.849
2018-09-23,539.502
2018-09-24,549.45
2018-09-25,560.542
2018-09-26,591.466
2018-09-27,562.627
2018-09-28,555.111