Date,Blockchain Size
2009-01-10,4085
2009-01-11,17214
2009-01-12,37522
2009-01-13,59280
2009-01-14,85810
2009-01-15,114086
2009-01-16,144146
2009-01-17,168000
2009-01-18,191529
2009-01-19,215063
2009-01-20,241845
2009-01-21,267465
2009-01-22,290983
2009-01-23,311044
2009-01-24,329874
2009-01-25,374507
2009-01-26,415954
2009-01-27,438990
2009-01-28,460360
2009-01-29,484512
2009-01-30,512010
2009-01-31,537264
2009-02-01,569348
2009-02-02,594004
2009-02-03,621793
2009-02-04,656329
2009-02-05,682003
2009-02-06,709188
2009-02-07,735518
2009-02-08,766520
2009-02-09,795240
2009-02-10,829222
2009-02-11,855102
2009-02-12,885577
2009-02-13,911265
2009-02-14,938034
2009-02-15,967381
2009-02-16,996745
2009-02-17,1026532
2009-02-18,1051795
2009-02-19,1077276
2009-02-20,1105926
2009-02-21,1132260
2009-02-22,1156879
2009-02-23,1184534
2009-02-24,1207861
2009-02-25,1230749
2009-02-26,1253416
2009-02-27,1276523
2009-02-28,1305481
2009-03-01,1327708
2009-03-02,1350384
2009-03-03,1373708
2009-03-04,1397378
2009-03-05,1422828
2009-03-06,1447960
2009-03-07,1473225
2009-03-08,1496766
2009-03-09,1524779
2009-03-10,1548076
2009-03-11,1571185
2009-03-12,1595795
2009-03-13,1621701
2009-03-14,1647622
2009-03-15,1671358
2009-03-16,1697923
2009-03-17,1729566
2009-03-18,1754185
2009-03-19,1780486
2009-03-20,1806812
2009-03-21,1833700
2009-03-22,1844492
2009-03-23,1871522
2009-03-24,1899592
2009-03-25,1922270
2009-03-26,1947517
2009-03-27,1976019
2009-03-28,1998910
2009-03-29,2027022
2009-03-30,2052074
2009-03-31,2077976
2009-04-01,2105423
2009-04-02,2130029
2009-04-03,2154858
2009-04-04,2179906
2009-04-05,2204287
2009-04-06,2234389
2009-04-07,2257931
2009-04-08,2279530
2009-04-09,2302210
2009-04-10,2323568
2009-04-11,2346889
2009-04-12,2373690
2009-04-13,2400206
2009-04-14,2425272
2009-04-15,2452049
2009-04-16,2476429
2009-04-17,2502983
2009-04-18,2527160
2009-04-19,2555137
2009-04-20,2581793
2009-04-21,2620710
2009-04-22,2647492
2009-04-23,2673624
2009-04-24,2689798
2009-04-25,2714628
2009-04-26,2740101
2009-04-27,2766091
2009-04-28,2788542
2009-04-29,2813773
2009-04-30,2843737
2009-05-01,2872025
2009-05-02,2898148
2009-05-03,2927301
2009-05-04,2951011
2009-05-05,2982109
2009-05-06,3012441
2009-05-07,3041598
2009-05-08,3067950
2009-05-09,3091051
2009-05-10,3107860
2009-05-11,3126203
2009-05-12,3152466
2009-05-13,3180536
2009-05-14,3205596
2009-05-15,3236324
2009-05-16,3266873
2009-05-17,3292572
2009-05-18,3319999
2009-05-19,3345477
2009-05-20,3364044
2009-05-21,3389931
2009-05-22,3407641
2009-05-23,3420815
2009-05-24,3427724
2009-05-25,3449315
2009-05-26,3472854
2009-05-27,3499841
2009-05-28,3525514
2009-05-29,3546022
2009-05-30,3575788
2009-05-31,3599305
2009-06-01,3620041
2009-06-02,3635649
2009-06-03,3659615
2009-06-04,3674951
2009-06-05,3689202
2009-06-06,3695675
2009-06-07,3701708
2009-06-08,3705162
2009-06-09,3722855
2009-06-10,3742494
2009-06-11,3760200
2009-06-12,3779420
2009-06-13,3797982
2009-06-14,3814789
2009-06-15,3830320
2009-06-16,3848458
2009-06-17,3863772
2009-06-18,3880810
2009-06-19,3898076
2009-06-20,3916839
2009-06-21,3933668
2009-06-22,3951149
2009-06-23,3974434
2009-06-24,3990813
2009-06-25,4011866
2009-06-26,4028849
2009-06-27,4048251
2009-06-28,4066384
2009-06-29,4076536
2009-06-30,4095144
2009-07-01,4113481
2009-07-02,4129717
2009-07-03,4147864
2009-07-04,4165574
2009-07-05,4184787
2009-07-06,4201850
2009-07-07,4219992
2009-07-08,4234891
2009-07-09,4250875
2009-07-10,4269426
2009-07-11,4286912
2009-07-12,4304839
2009-07-13,4321455
2009-07-14,4338296
2009-07-15,4353196
2009-07-16,4362916
2009-07-17,4378242
2009-07-18,4388380
2009-07-19,4389243
2009-07-20,4404351
2009-07-21,4433379
2009-07-22,4451079
2009-07-23,4463999
2009-07-24,4480394
2009-07-25,4496157
2009-07-26,4503064
2009-07-27,4507591
2009-07-28,4523568
2009-07-29,4532410
2009-07-30,4536782
2009-07-31,4540249
2009-08-01,4543916
2009-08-02,4549959
2009-08-03,4554918
2009-08-04,4557506
2009-08-05,4574973
2009-08-06,4593741
2009-08-07,4613176
2009-08-08,4643218
2009-08-09,4660488
2009-08-10,4682304
2009-08-11,4698503
2009-08-12,4713617
2009-08-13,4727194
2009-08-14,4745533
2009-08-15,4759130
2009-08-16,4764730
2009-08-17,4768826
2009-08-18,4772496
2009-08-19,4774653
2009-08-20,4778530
2009-08-21,4783262
2009-08-22,4786272
2009-08-23,4787779
2009-08-24,4791010
2009-08-25,4794235
2009-08-26,4805023
2009-08-27,4821141
2009-08-28,4827385
2009-08-29,4843568
2009-08-30,4860617
2009-08-31,4881485
2009-09-01,4900781
2009-09-02,4917613
2009-09-03,4931859
2009-09-04,4946675
2009-09-05,4960479
2009-09-06,4976881
2009-09-07,4991561
2009-09-08,5009925
2009-09-09,5024813
2009-09-10,5036466
2009-09-11,5050923
2009-09-12,5065384
2009-09-13,5080281
2009-09-14,5096469
2009-09-15,5112441
2009-09-16,5121938
2009-09-17,5137699
2009-09-18,5167453
2009-09-19,5184286
2009-09-20,5200268
2009-09-21,5217115
2009-09-22,5232968
2009-09-23,5242960
2009-09-24,5250728
2009-09-25,5271633
2009-09-26,5294321
2009-09-27,5317734
2009-09-28,5336520
2009-09-29,5354874
2009-09-30,5378859
2009-10-01,5397204
2009-10-02,5414906
2009-10-03,5431622
2009-10-04,5444119
2009-10-05,5455551
2009-10-06,5467419
2009-10-07,5478561
2009-10-08,5491500
2009-10-09,5506583
2009-10-10,5523623
2009-10-11,5540241
2009-10-12,5556207
2009-10-13,5577339
2009-10-14,5589641
2009-10-15,5604517
2009-10-16,5619810
2009-10-17,5642163
2009-10-18,5654462
2009-10-19,5671263
2009-10-20,5695391
2009-10-21,5727502
2009-10-22,5746834
2009-10-23,5770966
2009-10-24,5790137
2009-10-25,5804411
2009-10-26,5820796
2009-10-27,5836118
2009-10-28,5851846
2009-10-29,5866083
2009-10-30,5880774
2009-10-31,5893702
2009-11-01,5903606
2009-11-02,5908985
2009-11-03,5916096
2009-11-04,5929457
2009-11-05,5947987
2009-11-06,5960270
2009-11-07,5973634
2009-11-08,5988516
2009-11-09,6004249
2009-11-10,6018053
2009-11-11,6039805
2009-11-12,6056064
2009-11-13,6070932
2009-11-14,6089359
2009-11-15,6106397
2009-11-16,6127097
2009-11-17,6148018
2009-11-18,6167859
2009-11-19,6184874
2009-11-20,6211139
2009-11-21,6229685
2009-11-22,6245429
2009-11-23,6268298
2009-11-24,6289019
2009-11-25,6309067
2009-11-26,6328474
2009-11-27,6346577
2009-11-28,6362523
2009-11-29,6377828
2009-11-30,6390767
2009-12-01,6406952
2009-12-02,6442267
2009-12-03,6462538
2009-12-04,6481526
2009-12-05,6489279
2009-12-06,6505218
2009-12-07,6527917
2009-12-08,6554392
2009-12-09,6578236
2009-12-10,6603505
2009-12-11,6625929
2009-12-12,6657851
2009-12-13,6681559
2009-12-14,6706156
2009-12-15,6766484
2009-12-16,6793432
2009-12-17,6822758
2009-12-18,6860773
2009-12-19,6909273
2009-12-20,6952185
2009-12-21,6990127
2009-12-22,7027871
2009-12-23,7062815
2009-12-24,7096029
2009-12-25,7129245
2009-12-26,7161624
2009-12-27,7199157
2009-12-28,7235866
2009-12-29,7265423
2009-12-30,7302301
2009-12-31,7332713
2010-01-01,7362477
2010-01-02,7391248
2010-01-03,7418415
2010-01-04,7458549
2010-01-05,7507246
2010-01-06,7549940
2010-01-07,7585106
2010-01-08,7618315
2010-01-09,7651327
2010-01-10,7683917
2010-01-11,7724917
2010-01-12,7759213
2010-01-13,7818364
2010-01-14,7854197
2010-01-15,7886313
2010-01-16,7917318
2010-01-17,7945102
2010-01-18,7973342
2010-01-19,8000508
2010-01-20,8027217
2010-01-21,8061258
2010-01-22,8102422
2010-01-23,8131870
2010-01-24,8166824
2010-01-25,8200195
2010-01-26,8253213
2010-01-27,8298086
2010-01-28,8335816
2010-01-29,8376446
2010-01-30,8421318
2010-01-31,8470752
2010-02-01,8508544
2010-02-02,8551586
2010-02-03,8585250
2010-02-04,8644230
2010-02-05,8698707
2010-02-06,8775136
2010-02-07,8820675
2010-02-08,8869043
2010-02-09,8927205
2010-02-10,9019700
2010-02-11,9125303
2010-02-12,9170387
2010-02-13,9217232
2010-02-14,9277258
2010-02-15,9329844
2010-02-16,9378913
2010-02-17,9423277
2010-02-18,9479212
2010-02-19,9531084
2010-02-20,9573370
2010-02-21,9619832
2010-02-22,9682548
2010-02-23,9769409
2010-02-24,9823492
2010-02-25,9872915
2010-02-26,9922640
2010-02-27,9962403
2010-02-28,10000833
2010-03-01,10046761
2010-03-02,10092658
2010-03-03,10138038
2010-03-04,10185163
2010-03-05,10269351
2010-03-06,10306627
2010-03-07,10355943
2010-03-08,10407977
2010-03-09,10455939
2010-03-10,10496739
2010-03-11,10537170
2010-03-12,10573272
2010-03-13,10600239
2010-03-14,10637377
2010-03-15,10665754
2010-03-16,10696073
2010-03-17,10726312
2010-03-18,10758701
2010-03-19,10805576
2010-03-20,10846728
2010-03-21,10897765
2010-03-22,10938797
2010-03-23,10982210
2010-03-24,11036491
2010-03-25,11078102
2010-03-26,11158646
2010-03-27,11210715
2010-03-28,11253653
2010-03-29,11295163
2010-03-30,11345581
2010-03-31,11393526
2010-04-01,11442268
2010-04-02,11481738
2010-04-03,11517887
2010-04-04,11555943
2010-04-05,11601387
2010-04-06,11653780
2010-04-07,11700889
2010-04-08,11755471
2010-04-09,11804958
2010-04-10,11869620
2010-04-11,11961545
2010-04-12,12032944
2010-04-13,12100433
2010-04-14,12148008
2010-04-15,12211534
2010-04-16,12337790
2010-04-17,12409335
2010-04-18,12470182
2010-04-19,13358490
2010-04-20,13446443
2010-04-21,13519359
2010-04-22,13586934
2010-04-23,13632008
2010-04-24,13677610
2010-04-25,13737450
2010-04-26,13795713
2010-04-27,13848949
2010-04-28,13902944
2010-04-29,13962786
2010-04-30,14003216
2010-05-01,14042554
2010-05-02,14092577
2010-05-03,14135795
2010-05-04,14189923
2010-05-05,14240225
2010-05-06,14294645
2010-05-07,14362007
2010-05-08,14405387
2010-05-09,14469434
2010-05-10,14519886
2010-05-11,14566266
2010-05-12,14596307
2010-05-13,14642995
2010-05-14,14686876
2010-05-15,14878227
2010-05-16,15079705
2010-05-17,15110655
2010-05-18,15160368
2010-05-19,15217969
2010-05-20,15272958
2010-05-21,15330666
2010-05-22,15394495
2010-05-23,15479323
2010-05-24,15556932
2010-05-25,15615341
2010-05-26,15678023
2010-05-27,15753205
2010-05-28,15822790
2010-05-29,15888659
2010-05-30,15954014
2010-05-31,16000315
2010-06-01,16048051
2010-06-02,16091139
2010-06-03,16135318
2010-06-04,16204595
2010-06-05,16241883
2010-06-06,16288397
2010-06-07,16337964
2010-06-08,16410458
2010-06-09,16466666
2010-06-10,16526318
2010-06-11,16576369
2010-06-12,16638559
2010-06-13,16688539
2010-06-14,16750717
2010-06-15,16821605
2010-06-16,16888387
2010-06-17,16946045
2010-06-18,16992728
2010-06-19,17042606
2010-06-20,17115406
2010-06-21,17169748
2010-06-22,17231067
2010-06-23,17292131
2010-06-24,17357824
2010-06-25,17418960
2010-06-26,17465650
2010-06-27,17511825
2010-06-28,17567552
2010-06-29,17620194
2010-06-30,17696556
2010-07-01,17914462
2010-07-02,17990617
2010-07-03,18108388
2010-07-04,18175923
2010-07-05,18254160
2010-07-06,18318818
2010-07-07,18369520
2010-07-08,18435956
2010-07-09,18487103
2010-07-10,18548711
2010-07-11,18616255
2010-07-12,18723818
2010-07-13,19308559
2010-07-14,19671379
2010-07-15,21315308
2010-07-16,21860751
2010-07-17,22170118
2010-07-18,22309312
2010-07-19,22446201
2010-07-20,22585455
2010-07-21,22782880
2010-07-22,22907871
2010-07-23,23008621
2010-07-24,23111622
2010-07-25,23398815
2010-07-26,24143625
2010-07-27,24387394
2010-07-28,24514236
2010-07-29,25296880
2010-07-30,25499462
2010-07-31,25611152
2010-08-01,25707189
2010-08-02,25810269
2010-08-03,25916268
2010-08-04,26106114
2010-08-05,26221979
2010-08-06,26425867
2010-08-07,26554130
2010-08-08,26634829
2010-08-09,26739947
2010-08-10,27037365
2010-08-11,27128844
2010-08-12,27246893
2010-08-13,27357799
2010-08-14,27523371
2010-08-15,27662156
2010-08-16,27752719
2010-08-17,27904164
2010-08-18,27992214
2010-08-19,28254181
2010-08-20,28338556
2010-08-21,28453365
2010-08-22,28546393
2010-08-23,28646353
2010-08-24,28750580
2010-08-25,28930800
2010-08-26,29020746
2010-08-27,29138963
2010-08-28,29219343
2010-08-29,29323035
2010-08-30,29394070
2010-08-31,29498472
2010-09-01,29671252
2010-09-02,29815065
2010-09-03,29904664
2010-09-04,29987840
2010-09-05,30064090
2010-09-06,30152202
2010-09-07,30232940
2010-09-08,30308188
2010-09-09,30400184
2010-09-10,30501978
2010-09-11,30597238
2010-09-12,30676625
2010-09-13,30799814
2010-09-14,30933070
2010-09-15,31056839
2010-09-16,31187317
2010-09-17,31304642
2010-09-18,31456179
2010-09-19,31565413
2010-09-20,31672149
2010-09-21,31816257
2010-09-22,32081802
2010-09-23,32303785
2010-09-24,32491990
2010-09-25,32630867
2010-09-26,32795789
2010-09-27,32916631
2010-09-28,33130082
2010-09-29,33390446
2010-09-30,33751547
2010-10-01,33861670
2010-10-02,34034105
2010-10-03,34218810
2010-10-04,34326254
2010-10-05,34468662
2010-10-06,34592595
2010-10-07,34712671
2010-10-08,34820463
2010-10-09,34953444
2010-10-10,35096459
2010-10-11,35209266
2010-10-12,35314390
2010-10-13,35421935
2010-10-14,35577629
2010-10-15,35690349
2010-10-16,35784628
2010-10-17,35931908
2010-10-18,36063637
2010-10-19,36245830
2010-10-20,36544523
2010-10-21,36780882
2010-10-22,36957421
2010-10-23,37149551
2010-10-24,37307156
2010-10-25,37467992
2010-10-26,37603101
2010-10-27,37763413
2010-10-28,37949025
2010-10-29,38112297
2010-10-30,38271166
2010-10-31,38390717
2010-11-01,38492181
2010-11-02,38594701
2010-11-03,38669233
2010-11-04,38768306
2010-11-05,38878442
2010-11-06,39031349
2010-11-07,39142132
2010-11-08,39269637
2010-11-09,39501737
2010-11-10,39620886
2010-11-11,39732619
2010-11-12,39843380
2010-11-13,39922510
2010-11-14,40022344
2010-11-15,40170758
2010-11-16,42103424
2010-11-17,44080916
2010-11-18,44205217
2010-11-19,44695063
2010-11-20,46844886
2010-11-21,48968088
2010-11-22,51261256
2010-11-23,51368239
2010-11-24,51466455
2010-11-25,52497832
2010-11-26,54171723
2010-11-27,54533434
2010-11-28,54667289
2010-11-29,54790562
2010-11-30,54935322
2010-12-01,55068841
2010-12-02,55233963
2010-12-03,55359365
2010-12-04,55491892
2010-12-05,55623637
2010-12-06,55738584
2010-12-07,55860945
2010-12-08,56039703
2010-12-09,56187668
2010-12-10,56335674
2010-12-11,56449513
2010-12-12,56605594
2010-12-13,56789570
2010-12-14,57037927
2010-12-15,57211765
2010-12-16,57390058
2010-12-17,57544394
2010-12-18,57706973
2010-12-19,57849895
2010-12-20,58040979
2010-12-21,58308134
2010-12-22,58490011
2010-12-23,58688213
2010-12-24,58846852
2010-12-25,58995118
2010-12-26,59163556
2010-12-27,59329284
2010-12-28,59515146
2010-12-29,59698628
2010-12-30,59870893
2010-12-31,60040818
2011-01-01,60191372
2011-01-02,60391063
2011-01-03,60577489
2011-01-04,60971851
2011-01-05,61222494
2011-01-06,61601259
2011-01-07,61810885
2011-01-08,62093545
2011-01-09,62468569
2011-01-10,62819686
2011-01-11,63200287
2011-01-12,63593736
2011-01-13,63911421
2011-01-14,64294766
2011-01-15,64667190
2011-01-16,64969781
2011-01-17,65252818
2011-01-18,65497374
2011-01-19,65767331
2011-01-20,66049198
2011-01-21,66317144
2011-01-22,66697572
2011-01-23,67224624
2011-01-24,67589312
2011-01-25,68028186
2011-01-26,68284071
2011-01-27,68621027
2011-01-28,68885173
2011-01-29,69233039
2011-01-30,69704005
2011-01-31,70753805
2011-02-01,71225576
2011-02-02,71649843
2011-02-03,71957766
2011-02-04,72191422
2011-02-05,72482668
2011-02-06,72766648
2011-02-07,73064878
2011-02-08,73331953
2011-02-09,73603255
2011-02-10,73982012
2011-02-11,74670050
2011-02-12,75382435
2011-02-13,75985204
2011-02-14,76524601
2011-02-15,77267362
2011-02-16,77921174
2011-02-17,78525272
2011-02-18,79209465
2011-02-19,79903161
2011-02-20,80402890
2011-02-21,80976229
2011-02-22,81540629
2011-02-23,82222922
2011-02-24,82928555
2011-02-25,83568824
2011-02-26,84208237
2011-02-27,84806991
2011-02-28,85536698
2011-03-01,86110658
2011-03-02,87008228
2011-03-03,87620269
2011-03-04,88558719
2011-03-05,89253500
2011-03-06,90085599
2011-03-07,90736340
2011-03-08,91375386
2011-03-09,92213172
2011-03-10,92841625
2011-03-11,93392555
2011-03-12,94016560
2011-03-13,94889449
2011-03-14,95696600
2011-03-15,96523165
2011-03-16,97441621
2011-03-17,98424551
2011-03-18,99331299
2011-03-19,100178864
2011-03-20,101061207
2011-03-21,102409073
2011-03-22,104023637
2011-03-23,104778588
2011-03-24,106156806
2011-03-25,106959074
2011-03-26,107713922
2011-03-27,108827071
2011-03-28,109804701
2011-03-29,110922979
2011-03-30,111786232
2011-03-31,112425974
2011-04-01,113208706
2011-04-02,113818325
2011-04-03,114466853
2011-04-04,115079426
2011-04-05,115922866
2011-04-06,116673854
2011-04-07,117329688
2011-04-08,117936006
2011-04-09,118630802
2011-04-10,119254942
2011-04-11,119921909
2011-04-12,120705973
2011-04-13,121608401
2011-04-14,122573219
2011-04-15,123620728
2011-04-16,124582608
2011-04-17,125591689
2011-04-18,126435507
2011-04-19,127541249
2011-04-20,128800365
2011-04-21,130098335
2011-04-22,130790282
2011-04-23,131561632
2011-04-24,132543289
2011-04-25,133494489
2011-04-26,134640454
2011-04-27,135896389
2011-04-28,137839219
2011-04-29,139060634
2011-04-30,140442407
2011-05-01,142238179
2011-05-02,143910358
2011-05-03,145042737
2011-05-04,146258586
2011-05-05,147422000
2011-05-06,148890788
2011-05-07,150256108
2011-05-08,151589559
2011-05-09,152797196
2011-05-10,154269429
2011-05-11,155706628
2011-05-12,157073278
2011-05-13,158500827
2011-05-14,160448727
2011-05-15,162336704
2011-05-16,164048360
2011-05-17,166001801
2011-05-18,167911578
2011-05-19,170299555
2011-05-20,172242102
2011-05-21,174340163
2011-05-22,176293925
2011-05-23,178358707
2011-05-24,180715594
2011-05-25,182993409
2011-05-26,185684098
2011-05-27,188479168
2011-05-28,190369770
2011-05-29,192335969
2011-05-30,194322427
2011-05-31,196517349
2011-06-01,199072758
2011-06-02,201837256
2011-06-03,204875026
2011-06-04,208900128
2011-06-05,212712143
2011-06-06,215951150
2011-06-07,220250796
2011-06-08,223897070
2011-06-09,229603154
2011-06-10,234798328
2011-06-11,239505566
2011-06-12,243948499
2011-06-13,249291565
2011-06-14,254097654
2011-06-15,259699071
2011-06-16,265152000
2011-06-17,270557535
2011-06-18,275543084
2011-06-19,280287973
2011-06-20,285205021
2011-06-21,289452439
2011-06-22,293504769
2011-06-23,297863385
2011-06-24,301894118
2011-06-25,306244863
2011-06-26,310256501
2011-06-27,314676083
2011-06-28,320104161
2011-06-29,324566338
2011-06-30,328757701
2011-07-01,332684631
2011-07-02,337319140
2011-07-03,341034568
2011-07-04,344383218
2011-07-05,348513307
2011-07-06,352582115
2011-07-07,357272003
2011-07-08,361013735
2011-07-09,364673949
2011-07-10,368028715
2011-07-11,372074259
2011-07-12,376242955
2011-07-13,379752509
2011-07-14,383539010
2011-07-15,387360198
2011-07-16,390732277
2011-07-17,394402847
2011-07-18,398020454
2011-07-19,402598833
2011-07-20,406777331
2011-07-21,410611992
2011-07-22,414284279
2011-07-23,418134404
2011-07-24,421388154
2011-07-25,425084382
2011-07-26,429350615
2011-07-27,433067385
2011-07-28,436750281
2011-07-29,440468887
2011-07-30,443574207
2011-07-31,446101973
2011-08-01,449623027
2011-08-02,453462101
2011-08-03,457220742
2011-08-04,460722265
2011-08-05,464223286
2011-08-06,467429714
2011-08-07,470502933
2011-08-08,473306803
2011-08-09,477030150
2011-08-10,481150296
2011-08-11,484599343
2011-08-12,487695585
2011-08-13,490686143
2011-08-14,493914069
2011-08-15,497320098
2011-08-16,501033022
2011-08-17,505096936
2011-08-18,508610733
2011-08-19,511840750
2011-08-20,515359467
2011-08-21,518427751
2011-08-22,521625475
2011-08-23,525182854
2011-08-24,528354263
2011-08-25,531581163
2011-08-26,534724566
2011-08-27,538126699
2011-08-28,541200069
2011-08-29,543617032
2011-08-30,547114997
2011-08-31,550277080
2011-09-01,553218074
2011-09-02,556227163
2011-09-03,559153078
2011-09-04,561603250
2011-09-05,567004277
2011-09-06,570071676
2011-09-07,573620142
2011-09-08,576623423
2011-09-09,579460650
2011-09-10,583347224
2011-09-11,586263691
2011-09-12,589295711
2011-09-13,592230594
2011-09-14,594950561
2011-09-15,597636238
2011-09-16,600509923
2011-09-17,603149877
2011-09-18,605370885
2011-09-19,607858109
2011-09-20,611022696
2011-09-21,615004926
2011-09-22,618786453
2011-09-23,621363069
2011-09-24,623976022
2011-09-25,626672511
2011-09-26,629347144
2011-09-27,631728530
2011-09-28,634370378
2011-09-29,636859080
2011-09-30,639034368
2011-10-01,641497560
2011-10-02,643826156
2011-10-03,645939644
2011-10-04,648576839
2011-10-05,651010310
2011-10-06,653486054
2011-10-07,656096428
2011-10-08,658569470
2011-10-09,660833866
2011-10-10,663173545
2011-10-11,665620763
2011-10-12,668361767
2011-10-13,670955282
2011-10-14,672989397
2011-10-15,675633955
2011-10-16,677952605
2011-10-17,680089625
2011-10-18,682860632
2011-10-19,685013448
2011-10-20,687139096
2011-10-21,689011963
2011-10-22,690975310
2011-10-23,693239459
2011-10-24,695531021
2011-10-25,697858786
2011-10-26,700036497
2011-10-27,702298577
2011-10-28,704329250
2011-10-29,706408913
2011-10-30,708942062
2011-10-31,710883249
2011-11-01,712985363
2011-11-02,715325063
2011-11-03,717758692
2011-11-04,720212105
2011-11-05,722901209
2011-11-06,725347540
2011-11-07,727292738
2011-11-08,729689433
2011-11-09,732360490
2011-11-10,735178647
2011-11-11,737970784
2011-11-12,740260906
2011-11-13,742277190
2011-11-14,744515129
2011-11-15,747033833
2011-11-16,749872999
2011-11-17,752479278
2011-11-18,754720093
2011-11-19,756975629
2011-11-20,758986223
2011-11-21,761340019
2011-11-22,763376698
2011-11-23,765703451
2011-11-24,767954683
2011-11-25,770218261
2011-11-26,772487372
2011-11-27,774544945
2011-11-28,776616718
2011-11-29,779170049
2011-11-30,782268005
2011-12-01,785540677
2011-12-02,788525961
2011-12-03,791129505
2011-12-04,793687973
2011-12-05,795918643
2011-12-06,798609224
2011-12-07,801969338
2011-12-08,804680914
2011-12-09,807458090
2011-12-10,809783603
2011-12-11,812204766
2011-12-12,814814699
2011-12-13,817257359
2011-12-14,819667110
2011-12-15,822080518
2011-12-16,824225741
2011-12-17,826412583
2011-12-18,828500974
2011-12-19,830485696
2011-12-20,833227217
2011-12-21,836640766
2011-12-22,839037176
2011-12-23,841646329
2011-12-24,843887824
2011-12-25,845828266
2011-12-26,848118673
2011-12-27,850534315
2011-12-28,852853711
2011-12-29,855127884
2011-12-30,857417552
2011-12-31,859510865
2012-01-01,861998723
2012-01-02,864640299
2012-01-03,867579577
2012-01-04,870447105
2012-01-05,873372029
2012-01-06,877043878
2012-01-07,880603774
2012-01-08,883779581
2012-01-09,887061949
2012-01-10,890527257
2012-01-11,894566038
2012-01-12,898780775
2012-01-13,901949678
2012-01-14,904929398
2012-01-15,908008862
2012-01-16,910842632
2012-01-17,914273887
2012-01-18,917460947
2012-01-19,920564542
2012-01-20,923739062
2012-01-21,926772848
2012-01-22,929731171
2012-01-23,932016122
2012-01-24,934874244
2012-01-25,938074795
2012-01-26,941802117
2012-01-27,944721660
2012-01-28,947706788
2012-01-29,950535536
2012-01-30,953504840
2012-01-31,956188467
2012-02-01,959541137
2012-02-02,962526381
2012-02-03,965893978
2012-02-04,969261792
2012-02-05,972529772
2012-02-06,975514836
2012-02-07,978316648
2012-02-08,981296793
2012-02-09,984393891
2012-02-10,987732196
2012-02-11,991639717
2012-02-12,995042565
2012-02-13,998142531
2012-02-14,1001823533
2012-02-15,1006295418
2012-02-16,1010403747
2012-02-17,1014678566
2012-02-18,1017530445
2012-02-19,1020274498
2012-02-20,1022874063
2012-02-21,1025657949
2012-02-22,1028533161
2012-02-23,1031637574
2012-02-24,1035501350
2012-02-25,1038759861
2012-02-26,1041699719
2012-02-27,1044390343
2012-02-28,1047468818
2012-02-29,1050534143
2012-03-01,1053645927
2012-03-02,1057039644
2012-03-03,1060850155
2012-03-04,1063150136
2012-03-05,1066013752
2012-03-06,1069551940
2012-03-07,1072758084
2012-03-08,1075723784
2012-03-09,1078798163
2012-03-10,1081976540
2012-03-11,1085107311
2012-03-12,1087526948
2012-03-13,1090656319
2012-03-14,1094558510
2012-03-15,1098164040
2012-03-16,1101157752
2012-03-17,1104202643
2012-03-18,1107367465
2012-03-19,1109982809
2012-03-20,1113059487
2012-03-21,1115987941
2012-03-22,1119150608
2012-03-23,1122146895
2012-03-24,1124812601
2012-03-25,1127533986
2012-03-26,1130374195
2012-03-27,1133658384
2012-03-28,1136640903
2012-03-29,1139895436
2012-03-30,1143354058
2012-03-31,1146493676
2012-04-01,1149305810
2012-04-02,1151929711
2012-04-03,1155025515
2012-04-04,1158586715
2012-04-05,1161834829
2012-04-06,1165451246
2012-04-07,1168761206
2012-04-08,1171491276
2012-04-09,1174135327
2012-04-10,1177129208
2012-04-11,1180816571
2012-04-12,1184699271
2012-04-13,1188282895
2012-04-14,1191642737
2012-04-15,1195136311
2012-04-16,1198277935
2012-04-17,1202330712
2012-04-18,1206325762
2012-04-19,1210584401
2012-04-20,1214235464
2012-04-21,1218561116
2012-04-22,1222031972
2012-04-23,1224943787
2012-04-24,1228413959
2012-04-25,1231843282
2012-04-26,1235301796
2012-04-27,1239612783
2012-04-28,1242885254
2012-04-29,1246213374
2012-04-30,1249656324
2012-05-01,1253800973
2012-05-02,1258657822
2012-05-03,1263376574
2012-05-04,1269471223
2012-05-05,1275973260
2012-05-06,1281488061
2012-05-07,1287187899
2012-05-08,1295413275
2012-05-09,1303065875
2012-05-10,1311149643
2012-05-11,1317301464
2012-05-12,1324950213
2012-05-13,1332873485
2012-05-14,1339528648
2012-05-15,1352024604
2012-05-16,1362453009
2012-05-17,1370575066
2012-05-18,1378651558
2012-05-19,1389559171
2012-05-20,1405884451
2012-05-21,1418661649
2012-05-22,1432649741
2012-05-23,1443276877
2012-05-24,1455066595
2012-05-25,1467176904
2012-05-26,1479858110
2012-05-27,1489621643
2012-05-28,1501304817
2012-05-29,1514610032
2012-05-30,1528120673
2012-05-31,1539684139
2012-06-01,1548942453
2012-06-02,1560888231
2012-06-03,1566795048
2012-06-04,1582001228
2012-06-05,1602195269
2012-06-06,1620347817
2012-06-07,1628194384
2012-06-08,1642577607
2012-06-09,1653950310
2012-06-10,1668376590
2012-06-11,1685154081
2012-06-12,1699510464
2012-06-13,1709075739
2012-06-14,1732637446
2012-06-15,1760747666
2012-06-16,1785631833
2012-06-17,1804923264
2012-06-18,1823587024
2012-06-19,1840613374
2012-06-20,1857579190
2012-06-21,1872968108
2012-06-22,1885498394
2012-06-23,1896189830
2012-06-24,1906824241
2012-06-25,1916999600
2012-06-26,1929950632
2012-06-27,1943088401
2012-06-28,1956387150
2012-06-29,1968426906
2012-06-30,1978058231
2012-07-01,1987327107
2012-07-02,1995577464
2012-07-03,2006214472
2012-07-04,2015387729
2012-07-05,2025573834
2012-07-06,2035582785
2012-07-07,2046238856
2012-07-08,2056946603
2012-07-09,2065717781
2012-07-10,2076978396
2012-07-11,2092266244
2012-07-12,2105942608
2012-07-13,2116709302
2012-07-14,2128243207
2012-07-15,2137908469
2012-07-16,2149448485
2012-07-17,2163712102
2012-07-18,2179373419
2012-07-19,2194443683
2012-07-20,2209114922
2012-07-21,2225431006
2012-07-22,2240427320
2012-07-23,2255158159
2012-07-24,2268340895
2012-07-25,2281016734
2012-07-26,2291998607
2012-07-27,2305263572
2012-07-28,2316536362
2012-07-29,2331035563
2012-07-30,2345553325
2012-07-31,2361342732
2012-08-01,2379648666
2012-08-02,2392730411
2012-08-03,2407014577
2012-08-04,2418621517
2012-08-05,2431639395
2012-08-06,2445459853
2012-08-07,2459700041
2012-08-08,2471210626
2012-08-09,2487427730
2012-08-10,2500955253
2012-08-11,2512269380
2012-08-12,2525332430
2012-08-13,2539773005
2012-08-14,2560070250
2012-08-15,2575157665
2012-08-16,2599310137
2012-08-17,2618629753
2012-08-18,2636223656
2012-08-19,2651234931
2012-08-20,2669375688
2012-08-21,2685490545
2012-08-22,2703405589
2012-08-23,2718146431
2012-08-24,2730808730
2012-08-25,2743694792
2012-08-26,2757290596
2012-08-27,2769546070
2012-08-28,2783604107
2012-08-29,2796214489
2012-08-30,2809888753
2012-08-31,2823932420
2012-09-01,2840948580
2012-09-02,2857314050
2012-09-03,2871352420
2012-09-04,2888108431
2012-09-05,2905403289
2012-09-06,2923428573
2012-09-07,2941160024
2012-09-08,2955284199
2012-09-09,2968581785
2012-09-10,2981670370
2012-09-11,2995791349
2012-09-12,3012261373
2012-09-13,3024017389
2012-09-14,3037070933
2012-09-15,3053409670
2012-09-16,3065161272
2012-09-17,3077915776
2012-09-18,3089048341
2012-09-19,3103005141
2012-09-20,3117000695
2012-09-21,3130205275
2012-09-22,3143730520
2012-09-23,3155151201
2012-09-24,3167934992
2012-09-25,3180935354
2012-09-26,3191588679
2012-09-27,3205498964
2012-09-28,3217768078
2012-09-29,3233161476
2012-09-30,3244130149
2012-10-01,3254438085
2012-10-02,3266717485
2012-10-03,3282071825
2012-10-04,3295837532
2012-10-05,3311741617
2012-10-06,3327077470
2012-10-07,3343025667
2012-10-08,3359058558
2012-10-09,3376262014
2012-10-10,3392674288
2012-10-11,3407011378
2012-10-12,3419218624
2012-10-13,3432667617
2012-10-14,3448018688
2012-10-15,3460961889
2012-10-16,3475895215
2012-10-17,3491529358
2012-10-18,3507748273
2012-10-19,3522044905
2012-10-20,3534922196
2012-10-21,3549336896
2012-10-22,3568060435
2012-10-23,3586901116
2012-10-24,3602549976
2012-10-25,3618233509
2012-10-26,3631039385
2012-10-27,3641809536
2012-10-28,3650137733
2012-10-29,3658743290
2012-10-30,3670426091
2012-10-31,3684514507
2012-11-01,3697350443
2012-11-02,3708603365
2012-11-03,3721750486
2012-11-04,3732937437
2012-11-05,3744450800
2012-11-06,3760022257
2012-11-07,3775073438
2012-11-08,3791428152
2012-11-09,3806526689
2012-11-10,3818198160
2012-11-11,3830893147
2012-11-12,3841439091
2012-11-13,3852531110
2012-11-14,3864477910
2012-11-15,3878364700
2012-11-16,3894598556
2012-11-17,3912790803
2012-11-18,3929443047
2012-11-19,3945002636
2012-11-20,3961392913
2012-11-21,3978376074
2012-11-22,3996517946
2012-11-23,4011051177
2012-11-24,4027279317
2012-11-25,4040781668
2012-11-26,4057893787
2012-11-27,4075278503
2012-11-28,4088271603
2012-11-29,4105642660
2012-11-30,4122680559
2012-12-01,4136405754
2012-12-02,4151467592
2012-12-03,4160984284
2012-12-04,4171739445
2012-12-05,4187598233
2012-12-06,4204149608
2012-12-07,4221316195
2012-12-08,4235989977
2012-12-09,4250172308
2012-12-10,4264999409
2012-12-11,4282072397
2012-12-12,4299257843
2012-12-13,4316829638
2012-12-14,4335786081
2012-12-15,4353523422
2012-12-16,4368376228
2012-12-17,4384491427
2012-12-18,4402462187
2012-12-19,4424787191
2012-12-20,4444716449
2012-12-21,4460801730
2012-12-22,4479994150
2012-12-23,4501021797
2012-12-24,4517852960
2012-12-25,4535422236
2012-12-26,4548543832
2012-12-27,4566424244
2012-12-28,4586837724
2012-12-29,4608505574
2012-12-30,4626576368
2012-12-31,4644761861
2013-01-01,4659172031
2013-01-02,4673914238
2013-01-03,4690857190
2013-01-04,4708881841
2013-01-05,4730229316
2013-01-06,4746954943
2013-01-07,4761615201
2013-01-08,4779733505
2013-01-09,4799448070
2013-01-10,4818909331
2013-01-11,4842693937
2013-01-12,4864775398
2013-01-13,4884749773
2013-01-14,4906630963
2013-01-15,4926084566
2013-01-16,4945780871
2013-01-17,4968854240
2013-01-18,4991476409
2013-01-19,5014204121
2013-01-20,5038282752
2013-01-21,5056610251
2013-01-22,5075148800
2013-01-23,5095505056
2013-01-24,5117875057
2013-01-25,5141242250
2013-01-26,5164048635
2013-01-27,5188017743
2013-01-28,5211876236
2013-01-29,5236964847
2013-01-30,5261537320
2013-01-31,5280885071
2013-02-01,5305318514
2013-02-02,5331111196
2013-02-03,5355582047
2013-02-04,5383026866
2013-02-05,5408389315
2013-02-06,5432203590
2013-02-07,5450917964
2013-02-08,5479059401
2013-02-09,5506052254
2013-02-10,5531598828
2013-02-11,5556286765
2013-02-12,5582735554
2013-02-13,5609538972
2013-02-14,5636563534
2013-02-15,5660461523
2013-02-16,5686143154
2013-02-17,5710283555
2013-02-18,5733857987
2013-02-19,5757194665
2013-02-20,5782278845
2013-02-21,5811444024
2013-02-22,5836421041
2013-02-23,5864810277
2013-02-24,5891618507
2013-02-25,5916432616
2013-02-26,5947354353
2013-02-27,5976048473
2013-02-28,6004370864
2013-03-01,6033538623
2013-03-02,6063455290
2013-03-03,6089591899
2013-03-04,6114410542
2013-03-05,6143849991
2013-03-06,6170988080
2013-03-07,6201158195
2013-03-08,6233785030
2013-03-09,6259495800
2013-03-10,6285851074
2013-03-11,6319555309
2013-03-12,6347736635
2013-03-13,6372217634
2013-03-14,6398467240
2013-03-15,6426612489
2013-03-16,6456407463
2013-03-17,6473621751
2013-03-18,6490574408
2013-03-19,6511196433
2013-03-20,6533593620
2013-03-21,6555543322
2013-03-22,6583428378
2013-03-23,6613369523
2013-03-24,6640257476
2013-03-25,6665440480
2013-03-26,6688960978
2013-03-27,6713836833
2013-03-28,6738676591
2013-03-29,6770800862
2013-03-30,6801513573
2013-03-31,6835291868
2013-04-01,6859382730
2013-04-02,6887050450
2013-04-03,6918724874
2013-04-04,6951617133
2013-04-05,6985100736
2013-04-06,7014988159
2013-04-07,7040966944
2013-04-08,7074623302
2013-04-09,7105144987
2013-04-10,7137152024
2013-04-11,7168976921
2013-04-12,7203784549
2013-04-13,7231694367
2013-04-14,7255795574
2013-04-15,7283332115
2013-04-16,7309750028
2013-04-17,7341345101
2013-04-18,7369504841
2013-04-19,7391411957
2013-04-20,7419946844
2013-04-21,7443710481
2013-04-22,7465558623
2013-04-23,7488112228
2013-04-24,7517522403
2013-04-25,7551577478
2013-04-26,7581392953
2013-04-27,7608504491
2013-04-28,7629647632
2013-04-29,7651612330
2013-04-30,7677893143
2013-05-01,7704318847
2013-05-02,7730399181
2013-05-03,7756570463
2013-05-04,7781432641
2013-05-05,7806714650
2013-05-06,7832030553
2013-05-07,7858696558
2013-05-08,7887865836
2013-05-09,7913673324
2013-05-10,7944855869
2013-05-11,7977640664
2013-05-12,8012515613
2013-05-13,8042749431
2013-05-14,8071950851
2013-05-15,8103405220
2013-05-16,8133706805
2013-05-17,8163585468
2013-05-18,8191749643
2013-05-19,8216706015
2013-05-20,8238506921
2013-05-21,8261850795
2013-05-22,8288157213
2013-05-23,8312986851
2013-05-24,8341299842
2013-05-25,8367867577
2013-05-26,8392322657
2013-05-27,8414043028
2013-05-28,8440520503
2013-05-29,8467728519
2013-05-30,8494389383
2013-05-31,8522078709
2013-06-01,8547967871
2013-06-02,8574367586
2013-06-03,8598695642
2013-06-04,8625729069
2013-06-05,8652980988
2013-06-06,8680388007
2013-06-07,8706329984
2013-06-08,8731349985
2013-06-09,8753283385
2013-06-10,8774767790
2013-06-11,8795560674
2013-06-12,8817421889
2013-06-13,8839132217
2013-06-14,8859639622
2013-06-15,8882618781
2013-06-16,8899398273
2013-06-17,8919248177
2013-06-18,8940335064
2013-06-19,8960926468
2013-06-20,8982756981
2013-06-21,9007738237
2013-06-22,9029461430
2013-06-23,9050132635
2013-06-24,9067635678
2013-06-25,9088132509
2013-06-26,9107984575
2013-06-27,9129686632
2013-06-28,9150497711
2013-06-29,9173649353
2013-06-30,9191375959
2013-07-01,9205245944
2013-07-02,9223101400
2013-07-03,9240988422
2013-07-04,9256762285
2013-07-05,9272838976
2013-07-06,9289568319
2013-07-07,9305201899
2013-07-08,9319585635
2013-07-09,9337670382
2013-07-10,9356774980
2013-07-11,9375166106
2013-07-12,9395467497
2013-07-13,9419123618
2013-07-14,9437051826
2013-07-15,9453182891
2013-07-16,9470742461
2013-07-17,9489359373
2013-07-18,9507531635
2013-07-19,9526281467
2013-07-20,9542842647
2013-07-21,9558632229
2013-07-22,9574831404
2013-07-23,9592950572
2013-07-24,9610516506
2013-07-25,9630569953
2013-07-26,9650718285
2013-07-27,9668324088
2013-07-28,9685094590
2013-07-29,9703359884
2013-07-30,9722433940
2013-07-31,9742806788
2013-08-01,9766280582
2013-08-02,9790259061
2013-08-03,9813616948
2013-08-04,9834267727
2013-08-05,9855100256
2013-08-06,9877676447
2013-08-07,9901727827
2013-08-08,9927065324
2013-08-09,9952600501
2013-08-10,9974976217
2013-08-11,9998075889
2013-08-12,10015665557
2013-08-13,10044769807
2013-08-14,10070727090
2013-08-15,10094701342
2013-08-16,10122184685
2013-08-17,10152792325
2013-08-18,10178157814
2013-08-19,10203554301
2013-08-20,10234628036
2013-08-21,10263146429
2013-08-22,10290952609
2013-08-23,10319093522
2013-08-24,10345228154
2013-08-25,10369177019
2013-08-26,10391307857
2013-08-27,10415842375
2013-08-28,10445649680
2013-08-29,10474338916
2013-08-30,10499583517
2013-08-31,10527712246
2013-09-01,10549353619
2013-09-02,10570441308
2013-09-03,10593605388
2013-09-04,10619003518
2013-09-05,10642527908
2013-09-06,10668246515
2013-09-07,10696222135
2013-09-08,10718363607
2013-09-09,10738605796
2013-09-10,10764194739
2013-09-11,10787883505
2013-09-12,10809081023
2013-09-13,10834010038
2013-09-14,10854846389
2013-09-15,10873773134
2013-09-16,10899197560
2013-09-17,10924697748
2013-09-18,10954434212
2013-09-19,10980890362
2013-09-20,11007267069
2013-09-21,11032974400
2013-09-22,11056403680
2013-09-23,11079599930
2013-09-24,11108647199
2013-09-25,11136453205
2013-09-26,11161321211
2013-09-27,11186957592
2013-09-28,11208750415
2013-09-29,11229082686
2013-09-30,11248199915
2013-10-01,11269910993
2013-10-02,11296548023
2013-10-03,11326992212
2013-10-04,11356136294
2013-10-05,11379307280
2013-10-06,11400263872
2013-10-07,11421406106
2013-10-08,11444638027
2013-10-09,11464804787
2013-10-10,11488922269
2013-10-11,11515470410
2013-10-12,11538684229
2013-10-13,11563151204
2013-10-14,11587677564
2013-10-15,11616081629
2013-10-16,11642588900
2013-10-17,11666977083
2013-10-18,11689719510
2013-10-19,11716754999
2013-10-20,11746609963
2013-10-21,11770097410
2013-10-22,11799606558
2013-10-23,11833095433
2013-10-24,11862714501
2013-10-25,11896880903
2013-10-26,11926539735
2013-10-27,11949536606
2013-10-28,11970461295
2013-10-29,11994209694
2013-10-30,12017670544
2013-10-31,12042146559
2013-11-01,12070229809
2013-11-02,12092163044
2013-11-03,12113912298
2013-11-04,12133410464
2013-11-05,12157498481
2013-11-06,12184954685
2013-11-07,12215542991
2013-11-08,12246592297
2013-11-09,12277783329
2013-11-10,12307547251
2013-11-11,12336467309
2013-11-12,12364481183
2013-11-13,12392911706
2013-11-14,12424844650
2013-11-15,12458090903
2013-11-16,12487050202
2013-11-17,12509532926
2013-11-18,12536547537
2013-11-19,12577177785
2013-11-20,12627027291
2013-11-21,12664299377
2013-11-22,12706330030
2013-11-23,12745454617
2013-11-24,12780304885
2013-11-25,12810914687
2013-11-26,12843709260
2013-11-27,12886226137
2013-11-28,12930232582
2013-11-29,12975314005
2013-11-30,13018386212
2013-12-01,13053564164
2013-12-02,13089905170
2013-12-03,13126899185
2013-12-04,13163786770
2013-12-05,13204211551
2013-12-06,13245041113
2013-12-07,13279574317
2013-12-08,13310973924
2013-12-09,13334658248
2013-12-10,13365986632
2013-12-11,13402865051
2013-12-12,13434669354
2013-12-13,13461950450
2013-12-14,13493536093
2013-12-15,13526095134
2013-12-16,13556643338
2013-12-17,13593299948
2013-12-18,13626885204
2013-12-19,13667525619
2013-12-20,13701069098
2013-12-21,13734789432
2013-12-22,13762310766
2013-12-23,13789548538
2013-12-24,13818063079
2013-12-25,13846721581
2013-12-26,13874678810
2013-12-27,13904983502
2013-12-28,13932564140
2013-12-29,13958538230
2013-12-30,13987887019
2013-12-31,14018110186
2014-01-01,14044538481
2014-01-02,14065854913
2014-01-03,14094550177
2014-01-04,14126633948
2014-01-05,14152731053
2014-01-06,14184495148
2014-01-07,14222669715
2014-01-08,14253698808
2014-01-09,14284005565
2014-01-10,14313469467
2014-01-11,14341205134
2014-01-12,14370804991
2014-01-13,14396530210
2014-01-14,14425068965
2014-01-15,14452935873
2014-01-16,14483490946
2014-01-17,14512372020
2014-01-18,14541412935
2014-01-19,14566389098
2014-01-20,14590451636
2014-01-21,14626668925
2014-01-22,14663392784
2014-01-23,14695972592
2014-01-24,14728559439
2014-01-25,14761356176
2014-01-26,14788334949
2014-01-27,14815421030
2014-01-28,14848110124
2014-01-29,14881491008
2014-01-30,14911013352
2014-01-31,14941817355
2014-02-01,14971930780
2014-02-02,15001431074
2014-02-03,15030131973
2014-02-04,15063697302
2014-02-05,15101070461
2014-02-06,15138200509
2014-02-07,15176346506
2014-02-08,15215387179
2014-02-09,15248381791
2014-02-10,15277847618
2014-02-11,15310334511
2014-02-12,15343230438
2014-02-13,15387463222
2014-02-14,15427114179
2014-02-15,15469697215
2014-02-16,15503227620
2014-02-17,15533038983
2014-02-18,15565911033
2014-02-19,15601710690
2014-02-20,15643912269
2014-02-21,15683393308
2014-02-22,15722664224
2014-02-23,15755423326
2014-02-24,15790565446
2014-02-25,15834182888
2014-02-26,15879582250
2014-02-27,15921809491
2014-02-28,15961396898
2014-03-01,16005699657
2014-03-02,16041787704
2014-03-03,16075866278
2014-03-04,16125645721
2014-03-05,16177807964
2014-03-06,16222592701
2014-03-07,16264075593
2014-03-08,16305668545
2014-03-09,16341143417
2014-03-10,16376595172
2014-03-11,16418770503
2014-03-12,16461273497
2014-03-13,16504695255
2014-03-14,16546996025
2014-03-15,16586818757
2014-03-16,16617081672
2014-03-17,16646059224
2014-03-18,16679412942
2014-03-19,16705801772
2014-03-20,16741004146
2014-03-21,16780923999
2014-03-22,16822836809
2014-03-23,16864672256
2014-03-24,16896147115
2014-03-25,16935947315
2014-03-26,16975463813
2014-03-27,17013683172
2014-03-28,17055760696
2014-03-29,17092918210
2014-03-30,17123835463
2014-03-31,17155703898
2014-04-01,17193639930
2014-04-02,17231236581
2014-04-03,17269151744
2014-04-04,17305793495
2014-04-05,17344145144
2014-04-06,17376563813
2014-04-07,17409203128
2014-04-08,17446140007
2014-04-09,17485679697
2014-04-10,17524078542
2014-04-11,17564210845
2014-04-12,17601282247
2014-04-13,17628524904
2014-04-14,17658876850
2014-04-15,17700614332
2014-04-16,17745549916
2014-04-17,17787884544
2014-04-18,17826227163
2014-04-19,17858792042
2014-04-20,17889439979
2014-04-21,17919666175
2014-04-22,17953642029
2014-04-23,17996766193
2014-04-24,18037788976
2014-04-25,18078742580
2014-04-26,18120376621
2014-04-27,18149189082
2014-04-28,18181465408
2014-04-29,18218061133
2014-04-30,18256802649
2014-05-01,18294072911
2014-05-02,18327974296
2014-05-03,18362212746
2014-05-04,18390948880
2014-05-05,18422783308
2014-05-06,18458585133
2014-05-07,18500520622
2014-05-08,18539593523
2014-05-09,18578221439
2014-05-10,18615273780
2014-05-11,18645935400
2014-05-12,18679527729
2014-05-13,18721499318
2014-05-14,18758538672
2014-05-15,18797700050
2014-05-16,18840355633
2014-05-17,18878226500
2014-05-18,18911426217
2014-05-19,18943551739
2014-05-20,18982942447
2014-05-21,19027494891
2014-05-22,19069399643
2014-05-23,19111096679
2014-05-24,19153347040
2014-05-25,19182384826
2014-05-26,19217793175
2014-05-27,19256468835
2014-05-28,19297839349
2014-05-29,19339751329
2014-05-30,19377243126
2014-05-31,19414864755
2014-06-01,19444720472
2014-06-02,19481173155
2014-06-03,19519775262
2014-06-04,19561159365
2014-06-05,19599029891
2014-06-06,19638416390
2014-06-07,19676234728
2014-06-08,19705586458
2014-06-09,19736328366
2014-06-10,19771648310
2014-06-11,19812318771
2014-06-12,19849076424
2014-06-13,19888271536
2014-06-14,19926032545
2014-06-15,19957477081
2014-06-16,19990436742
2014-06-17,20031110485
2014-06-18,20070304694
2014-06-19,20107132647
2014-06-20,20144850937
2014-06-21,20178317572
2014-06-22,20209337719
2014-06-23,20241649476
2014-06-24,20277477809
2014-06-25,20315424787
2014-06-26,20353310039
2014-06-27,20388520926
2014-06-28,20424562241
2014-06-29,20457361630
2014-06-30,20488850821
2014-07-01,20532092170
2014-07-02,20575929031
2014-07-03,20615479416
2014-07-04,20652078017
2014-07-05,20684923293
2014-07-06,20712603012
2014-07-07,20745920300
2014-07-08,20784838411
2014-07-09,20827503044
2014-07-10,20870368918
2014-07-11,20907479074
2014-07-12,20943732752
2014-07-13,20974409992
2014-07-14,21008065000
2014-07-15,21044431688
2014-07-16,21084868860
2014-07-17,21122819529
2014-07-18,21161525240
2014-07-19,21200016352
2014-07-20,21233080405
2014-07-21,21267166595
2014-07-22,21304751476
2014-07-23,21343638675
2014-07-24,21381117495
2014-07-25,21419483251
2014-07-26,21457568811
2014-07-27,21488543461
2014-07-28,21521929443
2014-07-29,21560194971
2014-07-30,21596938040
2014-07-31,21636360590
2014-08-01,21676824733
2014-08-02,21714221050
2014-08-03,21745293370
2014-08-04,21776810490
2014-08-05,21815049876
2014-08-06,21860030942
2014-08-07,21905254742
2014-08-08,21945081697
2014-08-09,21984769521
2014-08-10,22019991985
2014-08-11,22057300513
2014-08-12,22100873327
2014-08-13,22146880713
2014-08-14,22192180325
2014-08-15,22240060787
2014-08-16,22283202272
2014-08-17,22330629547
2014-08-18,22366855862
2014-08-19,22408355834
2014-08-20,22449696759
2014-08-21,22490445892
2014-08-22,22531942498
2014-08-23,22570885309
2014-08-24,22602806192
2014-08-25,22638654286
2014-08-26,22678216377
2014-08-27,22720478282
2014-08-28,22763734161
2014-08-29,22802402276
2014-08-30,22837902852
2014-08-31,22872141527
2014-09-01,22906228583
2014-09-02,22946099417
2014-09-03,22988226654
2014-09-04,23027535641
2014-09-05,23067342101
2014-09-06,23108241764
2014-09-07,23142048397
2014-09-08,23180894463
2014-09-09,23224491216
2014-09-10,23277330681
2014-09-11,23324799162
2014-09-12,23360895998
2014-09-13,23397781545
2014-09-14,23430218909
2014-09-15,23474130623
2014-09-16,23519444571
2014-09-17,23571396667
2014-09-18,23615311265
2014-09-19,23657157418
2014-09-20,23695505607
2014-09-21,23732553967
2014-09-22,23767794231
2014-09-23,23811692544
2014-09-24,23857858690
2014-09-25,23902623437
2014-09-26,23951433135
2014-09-27,23993341389
2014-09-28,24031534459
2014-09-29,24074517568
2014-09-30,24119654400
2014-10-01,24164719122
2014-10-02,24211389099
2014-10-03,24253406441
2014-10-04,24295555455
2014-10-05,24338004927
2014-10-06,24383287727
2014-10-07,24428458067
2014-10-08,24473672785
2014-10-09,24517478290
2014-10-10,24562072071
2014-10-11,24605381912
2014-10-12,24641371436
2014-10-13,24684892695
2014-10-14,24730510684
2014-10-15,24780467645
2014-10-16,24824309292
2014-10-17,24866267859
2014-10-18,24906297671
2014-10-19,24943466213
2014-10-20,24986229192
2014-10-21,25032675861
2014-10-22,25079694466
2014-10-23,25125455399
2014-10-24,25171861819
2014-10-25,25216590338
2014-10-26,25255908687
2014-10-27,25297799187
2014-10-28,25348316638
2014-10-29,25397409363
2014-10-30,25447258978
2014-10-31,25497625810
2014-11-01,25544954494
2014-11-02,25583514469
2014-11-03,25632212635
2014-11-04,25683560139
2014-11-05,25734361725
2014-11-06,25782773918
2014-11-07,25834911644
2014-11-08,25885566580
2014-11-09,25927276566
2014-11-10,25975394506
2014-11-11,26026718395
2014-11-12,26076048153
2014-11-13,26131460943
2014-11-14,26185736961
2014-11-15,26235427135
2014-11-16,26275161513
2014-11-17,26322489792
2014-11-18,26375752143
2014-11-19,26425580228
2014-11-20,26476167037
2014-11-21,26523677414
2014-11-22,26569539789
2014-11-23,26610698499
2014-11-24,26658937765
2014-11-25,26710189412
2014-11-26,26758348024
2014-11-27,26806824121
2014-11-28,26854870747
2014-11-29,26903092523
2014-11-30,26946485700
2014-12-01,27004452289
2014-12-02,27060300533
2014-12-03,27118569114
2014-12-04,27172122844
2014-12-05,27227911987
2014-12-06,27278976154
2014-12-07,27322168195
2014-12-08,27367472575
2014-12-09,27423800488
2014-12-10,27475621516
2014-12-11,27525541307
2014-12-12,27573676576
2014-12-13,27620217913
2014-12-14,27660944938
2014-12-15,27714247286
2014-12-16,27773921924
2014-12-17,27834640106
2014-12-18,27893247735
2014-12-19,27948405755
2014-12-20,28002499078
2014-12-21,28053390222
2014-12-22,28100478894
2014-12-23,28158737105
2014-12-24,28217401282
2014-12-25,28260988724
2014-12-26,28298138536
2014-12-27,28340610967
2014-12-28,28385349090
2014-12-29,28431394932
2014-12-30,28479233582
2014-12-31,28524809447
2015-01-01,28565224287
2015-01-02,28596706708
2015-01-03,28642239694
2015-01-04,28689705013
2015-01-05,28736949981
2015-01-06,28793561346
2015-01-07,28843772452
2015-01-08,28892149891
2015-01-09,28949941750
2015-01-10,29005965059
2015-01-11,29065186137
2015-01-12,29116749014
2015-01-13,29172858009
2015-01-14,29231061880
2015-01-15,29293239682
2015-01-16,29356566335
2015-01-17,29411616437
2015-01-18,29464511442
2015-01-19,29513888879
2015-01-20,29572361153
2015-01-21,29626928424
2015-01-22,29676978910
2015-01-23,29731996424
2015-01-24,29781265521
2015-01-25,29826789495
2015-01-26,29883510252
2015-01-27,29946457134
2015-01-28,30003112966
2015-01-29,30047876905
2015-01-30,30095338205
2015-01-31,30137993128
2015-02-01,30190048209
2015-02-02,30236410333
2015-02-03,30286059717
2015-02-04,30337316565
2015-02-05,30385782807
2015-02-06,30433796480
2015-02-07,30479602832
2015-02-08,30524954761
2015-02-09,30579074654
2015-02-10,30638638460
2015-02-11,30694940195
2015-02-12,30750756117
2015-02-13,30801112409
2015-02-14,30875933853
2015-02-15,30942903183
2015-02-16,31007689702
2015-02-17,31071240164
2015-02-18,31138532199
2015-02-19,31197449695
2015-02-20,31249761939
2015-02-21,31310476610
2015-02-22,31367791418
2015-02-23,31421809692
2015-02-24,31480538263
2015-02-25,31535781845
2015-02-26,31591204308
2015-02-27,31646161743
2015-02-28,31704746555
2015-03-01,31766828970
2015-03-02,31821951309
2015-03-03,31887479519
2015-03-04,31951359537
2015-03-05,32007771854
2015-03-06,32068832903
2015-03-07,32126758848
2015-03-08,32180991614
2015-03-09,32237418034
2015-03-10,32301674602
2015-03-11,32361097051
2015-03-12,32426823774
2015-03-13,32483903943
2015-03-14,32539065067
2015-03-15,32591840283
2015-03-16,32641075321
2015-03-17,32701090767
2015-03-18,32754443071
2015-03-19,32811377014
2015-03-20,32874198765
2015-03-21,32929247102
2015-03-22,32982904789
2015-03-23,33037777148
2015-03-24,33096674550
2015-03-25,33147255582
2015-03-26,33198799879
2015-03-27,33253242453
2015-03-28,33303998486
2015-03-29,33355380991
2015-03-30,33410053014
2015-03-31,33468235773
2015-04-01,33528113148
2015-04-02,33591052790
2015-04-03,33650773261
2015-04-04,33712201952
2015-04-05,33762590097
2015-04-06,33819392850
2015-04-07,33877319767
2015-04-08,33939477996
2015-04-09,33996540004
2015-04-10,34055514094
2015-04-11,34110795347
2015-04-12,34165824808
2015-04-13,34213641444
2015-04-14,34278722957
2015-04-15,34337071192
2015-04-16,34391948872
2015-04-17,34442519811
2015-04-18,34495112534
2015-04-19,34548881296
2015-04-20,34603355922
2015-04-21,34663437534
2015-04-22,34720919075
2015-04-23,34781413867
2015-04-24,34842122449
2015-04-25,34900813152
2015-04-26,34955551823
2015-04-27,35010329725
2015-04-28,35069989467
2015-04-29,35129344506
2015-04-30,35192400596
2015-05-01,35250036717
2015-05-02,35301397830
2015-05-03,35354785516
2015-05-04,35403442366
2015-05-05,35459637408
2015-05-06,35519452903
2015-05-07,35578138510
2015-05-08,35636708996
2015-05-09,35697225823
2015-05-10,35747492738
2015-05-11,35800947966
2015-05-12,35862317705
2015-05-13,35922663860
2015-05-14,35981017495
2015-05-15,36033691553
2015-05-16,36087676013
2015-05-17,36138661970
2015-05-18,36193082386
2015-05-19,36246144048
2015-05-20,36305686402
2015-05-21,36361120183
2015-05-22,36412859891
2015-05-23,36470269213
2015-05-24,36519137606
2015-05-25,36575938885
2015-05-26,36636832963
2015-05-27,36698335755
2015-05-28,36757976921
2015-05-29,36817693773
2015-05-30,36884955655
2015-05-31,36948234826
2015-06-01,37004274448
2015-06-02,37076141175
2015-06-03,37145330898
2015-06-04,37213119486
2015-06-05,37272626265
2015-06-06,37330047842
2015-06-07,37382189266
2015-06-08,37434672639
2015-06-09,37494330378
2015-06-10,37558386439
2015-06-11,37640086794
2015-06-12,37702014624
2015-06-13,37769336056
2015-06-14,37828912512
2015-06-15,37890277558
2015-06-16,37963925238
2015-06-17,38033519634
2015-06-18,38111297221
2015-06-19,38187584084
2015-06-20,38265258541
2015-06-21,38321982026
2015-06-22,38379306557
2015-06-23,38471871059
2015-06-24,38542803742
2015-06-25,38603193325
2015-06-26,38656712920
2015-06-27,38721746662
2015-06-28,38783308769
2015-06-29,38842325674
2015-06-30,38910732334
2015-07-01,38998570283
2015-07-02,39082684194
2015-07-03,39156678542
2015-07-04,39226077920
2015-07-05,39284721954
2015-07-06,39347038546
2015-07-07,39441818290
2015-07-08,39544440036
2015-07-09,39661889494
2015-07-10,39761845814
2015-07-11,39861866359
2015-07-12,39972007475
2015-07-13,40076878284
2015-07-14,40183029293
2015-07-15,40286692346
2015-07-16,40387755973
2015-07-17,40481332566
2015-07-18,40581233864
2015-07-19,40677868570
2015-07-20,40774702839
2015-07-21,40842526205
2015-07-22,40912064238
2015-07-23,40981060259
2015-07-24,41038096604
2015-07-25,41100673593
2015-07-26,41155354328
2015-07-27,41219823513
2015-07-28,41297197411
2015-07-29,41378628201
2015-07-30,41506342574
2015-07-31,41609631139
2015-08-01,41722693019
2015-08-02,41836974370
2015-08-03,41900021607
2015-08-04,41973757604
2015-08-05,42080942528
2015-08-06,42186113794
2015-08-07,42299148676
2015-08-08,42368524816
2015-08-09,42423966340
2015-08-10,42475443983
2015-08-11,42550387751
2015-08-12,42617587386
2015-08-13,42680994737
2015-08-14,42745319760
2015-08-15,42806346480
2015-08-16,42861079213
2015-08-17,42912852358
2015-08-18,42978617473
2015-08-19,43044842377
2015-08-20,43107661738
2015-08-21,43169227328
2015-08-22,43229610243
2015-08-23,43288752671
2015-08-24,43343406277
2015-08-25,43415933654
2015-08-26,43481704624
2015-08-27,43544580806
2015-08-28,43603199648
2015-08-29,43666892757
2015-08-30,43723888597
2015-08-31,43779124514
2015-09-01,43851505885
2015-09-02,43921136420
2015-09-03,44043897355
2015-09-04,44113548362
2015-09-05,44168257472
2015-09-06,44235681849
2015-09-07,44294942361
2015-09-08,44367853498
2015-09-09,44463526348
2015-09-10,44572422571
2015-09-11,44689130729
2015-09-12,44801846759
2015-09-13,44889227998
2015-09-14,44983791236
2015-09-15,45097640736
2015-09-16,45208047116
2015-09-17,45304444636
2015-09-18,45405599132
2015-09-19,45487691687
2015-09-20,45545757315
2015-09-21,45606550810
2015-09-22,45686834673
2015-09-23,45762336201
2015-09-24,45835568296
2015-09-25,45903933076
2015-09-26,45973598662
2015-09-27,46038828694
2015-09-28,46104649974
2015-09-29,46176788225
2015-09-30,46258100258
2015-10-01,46334934975
2015-10-02,46403589998
2015-10-03,46477054967
2015-10-04,46531938504
2015-10-05,46588476941
2015-10-06,46655103761
2015-10-07,46732489775
2015-10-08,46825394259
2015-10-09,46913227908
2015-10-10,46991718238
2015-10-11,47091287842
2015-10-12,47170434283
2015-10-13,47252653879
2015-10-14,47327903528
2015-10-15,47409246762
2015-10-16,47497210933
2015-10-17,47581805752
2015-10-18,47664614587
2015-10-19,47739857094
2015-10-20,47824219182
2015-10-21,47914131901
2015-10-22,47993417121
2015-10-23,48076242842
2015-10-24,48156746811
2015-10-25,48234850018
2015-10-26,48315832538
2015-10-27,48393470087
2015-10-28,48473506136
2015-10-29,48556556179
2015-10-30,48646205889
2015-10-31,48733079747
2015-11-01,48812974979
2015-11-02,48896047798
2015-11-03,48993371149
2015-11-04,49099531313
2015-11-05,49221533868
2015-11-06,49327565691
2015-11-07,49422000245
2015-11-08,49503250631
2015-11-09,49580838466
2015-11-10,49672320268
2015-11-11,49760512415
2015-11-12,49849390414
2015-11-13,49934621411
2015-11-14,50013363603
2015-11-15,50089834074
2015-11-16,50168165550
2015-11-17,50259055175
2015-11-18,50344306027
2015-11-19,50435237500
2015-11-20,50515718184
2015-11-21,50601020301
2015-11-22,50681599968
2015-11-23,50757474368
2015-11-24,50841772842
2015-11-25,50924064001
2015-11-26,51007235486
2015-11-27,51101222477
2015-11-28,51187633550
2015-11-29,51272305793
2015-11-30,51341180537
2015-12-01,51449454737
2015-12-02,51544554377
2015-12-03,51649865234
2015-12-04,51740154613
2015-12-05,51829613014
2015-12-06,51930846663
2015-12-07,52024815110
2015-12-08,52126987510
2015-12-09,52235423839
2015-12-10,52351045624
2015-12-11,52464641164
2015-12-12,52568759430
2015-12-13,52679122935
2015-12-14,52777848916
2015-12-15,52899324804
2015-12-16,53013505566
2015-12-17,53124432907
2015-12-18,53228520762
2015-12-19,53333006447
2015-12-20,53433263979
2015-12-21,53534435845
2015-12-22,53649448500
2015-12-23,53760591079
2015-12-24,53868547967
2015-12-25,53969977063
2015-12-26,54052999129
2015-12-27,54145412415
2015-12-28,54237565606
2015-12-29,54337876011
2015-12-30,54436626871
2015-12-31,54527618105
2016-01-01,54606131624
2016-01-02,54672676478
2016-01-03,54756244267
2016-01-04,54838285522
2016-01-05,54937958402
2016-01-06,55038603108
2016-01-07,55132927536
2016-01-08,55237505761
2016-01-09,55336577898
2016-01-10,55435630998
2016-01-11,55525116825
2016-01-12,55637572054
2016-01-13,55740974945
2016-01-14,55841808003
2016-01-15,55937097071
2016-01-16,56031385259
2016-01-17,56139480009
2016-01-18,56250841243
2016-01-19,56366565062
2016-01-20,56470218966
2016-01-21,56601408520
2016-01-22,56716049898
2016-01-23,56832650030
2016-01-24,56933304359
2016-01-25,57040674401
2016-01-26,57158492609
2016-01-27,57277406367
2016-01-28,57391808506
2016-01-29,57507801932
2016-01-30,57623957480
2016-01-31,57729317553
2016-02-01,57830882973
2016-02-02,57956828211
2016-02-03,58100112369
2016-02-04,58214543259
2016-02-05,58325043876
2016-02-06,58446789940
2016-02-07,58568829070
2016-02-08,58691415919
2016-02-09,58813224443
2016-02-10,58936976020
2016-02-11,59056267485
2016-02-12,59179352673
2016-02-13,59283834273
2016-02-14,59382461950
2016-02-15,59487713369
2016-02-16,59603130408
2016-02-17,59707921721
2016-02-18,59827608812
2016-02-19,59937618245
2016-02-20,60049655839
2016-02-21,60159335190
2016-02-22,60268994143
2016-02-23,60383002979
2016-02-24,60503221819
2016-02-25,60611505904
2016-02-26,60735377672
2016-02-27,60842448388
2016-02-28,60939110860
2016-02-29,61045502448
2016-03-01,61166958605
2016-03-02,61294637388
2016-03-03,61434913318
2016-03-04,61560465152
2016-03-05,61680786047
2016-03-06,61798083831
2016-03-07,61889965480
2016-03-08,61986549289
2016-03-09,62089837932
2016-03-10,62213078176
2016-03-11,62319741923
2016-03-12,62419387529
2016-03-13,62502189741
2016-03-14,62585894204
2016-03-15,62695329085
2016-03-16,62802379576
2016-03-17,62904814500
2016-03-18,63010640582
2016-03-19,63109326458
2016-03-20,63198039351
2016-03-21,63294220852
2016-03-22,63398188849
2016-03-23,63503341137
2016-03-24,63605247894
2016-03-25,63704030245
2016-03-26,63794270740
2016-03-27,63891894082
2016-03-28,63978519901
2016-03-29,64094462558
2016-03-30,64227019606
2016-03-31,64336532822
2016-04-01,64442095338
2016-04-02,64557586632
2016-04-03,64670789217
2016-04-04,64771586294
2016-04-05,64882260486
2016-04-06,64998353015
2016-04-07,65109206086
2016-04-08,65216042036
2016-04-09,65317422554
2016-04-10,65421390425
2016-04-11,65517170098
2016-04-12,65636459684
2016-04-13,65757947600
2016-04-14,65874871625
2016-04-15,65991120934
2016-04-16,66102501746
2016-04-17,66194591049
2016-04-18,66300202485
2016-04-19,66412126173
2016-04-20,66524442917
2016-04-21,66637534904
2016-04-22,66749984082
2016-04-23,66859918480
2016-04-24,66953384044
2016-04-25,67050370103
2016-04-26,67161815940
2016-04-27,67284798138
2016-04-28,67398887856
2016-04-29,67520051030
2016-04-30,67648001435
2016-05-01,67757941218
2016-05-02,67853928466
2016-05-03,67971161898
2016-05-04,68087380951
2016-05-05,68207631626
2016-05-06,68316362346
2016-05-07,68429619989
2016-05-08,68524836308
2016-05-09,68620318791
2016-05-10,68730995624
2016-05-11,68846196134
2016-05-12,68955228265
2016-05-13,69062894154
2016-05-14,69179795393
2016-05-15,69294339427
2016-05-16,69404373731
2016-05-17,69531152682
2016-05-18,69655774522
2016-05-19,69789462829
2016-05-20,69901576136
2016-05-21,70020583775
2016-05-22,70144154074
2016-05-23,70255357611
2016-05-24,70373650463
2016-05-25,70495522007
2016-05-26,70616711201
2016-05-27,70729472926
2016-05-28,70861282967
2016-05-29,70972773326
2016-05-30,71076082085
2016-05-31,71202934730
2016-06-01,71314598640
2016-06-02,71432844701
2016-06-03,71548388308
2016-06-04,71664880509
2016-06-05,71763613166
2016-06-06,71867305040
2016-06-07,71988658018
2016-06-08,72102961828
2016-06-09,72218417500
2016-06-10,72335917031
2016-06-11,72454233428
2016-06-12,72562599615
2016-06-13,72684998237
2016-06-14,72833355928
2016-06-15,72958497330
2016-06-16,73098881038
2016-06-17,73241568579
2016-06-18,73378686308
2016-06-19,73516239368
2016-06-20,73642261902
2016-06-21,73772941777
2016-06-22,73908656669
2016-06-23,74031645209
2016-06-24,74159433292
2016-06-25,74281021030
2016-06-26,74408979623
2016-06-27,74518826037
2016-06-28,74634068557
2016-06-29,74747559537
2016-06-30,74858640787
2016-07-01,74978989072
2016-07-02,75094853990
2016-07-03,75196757870
2016-07-04,75292214458
2016-07-05,75404715616
2016-07-06,75518091772
2016-07-07,75631738774
2016-07-08,75742799296
2016-07-09,75856047472
2016-07-10,75953591492
2016-07-11,76043986362
2016-07-12,76159243833
2016-07-13,76269402272
2016-07-14,76375446196
2016-07-15,76489552512
2016-07-16,76595187530
2016-07-17,76704324832
2016-07-18,76809487915
2016-07-19,76929249781
2016-07-20,77041233180
2016-07-21,77159996024
2016-07-22,77268792832
2016-07-23,77380327985
2016-07-24,77488236488
2016-07-25,77586732209
2016-07-26,77705256060
2016-07-27,77825010255
2016-07-28,77942102657
2016-07-29,78061110317
2016-07-30,78181244471
2016-07-31,78286469957
2016-08-01,78408837673
2016-08-02,78532344043
2016-08-03,78665317554
2016-08-04,78796062772
2016-08-05,78915502265
2016-08-06,79033832457
2016-08-07,79137550200
2016-08-08,79250182599
2016-08-09,79373183494
2016-08-10,79483463665
2016-08-11,79609922293
2016-08-12,79737322661
2016-08-13,79858803432
2016-08-14,79968384200
2016-08-15,80071480626
2016-08-16,80189899327
2016-08-17,80315106313
2016-08-18,80430406477
2016-08-19,80552926479
2016-08-20,80674411076
2016-08-21,80787414513
2016-08-22,80887634855
2016-08-23,81009463301
2016-08-24,81130964205
2016-08-25,81247957323
2016-08-26,81361304093
2016-08-27,81470970445
2016-08-28,81571216867
2016-08-29,81662809852
2016-08-30,81784723359
2016-08-31,81912404759
2016-09-01,82024154056
2016-09-02,82141274084
2016-09-03,82255067919
2016-09-04,82350820879
2016-09-05,82452893771
2016-09-06,82578693622
2016-09-07,82694785398
2016-09-08,82818468048
2016-09-09,82935428739
2016-09-10,83049551018
2016-09-11,83150713100
2016-09-12,83247898379
2016-09-13,83362531804
2016-09-14,83490070712
2016-09-15,83608694636
2016-09-16,83724747803
2016-09-17,83834223874
2016-09-18,83955433230
2016-09-19,84054831814
2016-09-20,84166221969
2016-09-21,84282541768
2016-09-22,84400314417
2016-09-23,84509018879
2016-09-24,84619730295
2016-09-25,84723055133
2016-09-26,84829423162
2016-09-27,84947812011
2016-09-28,85076650665
2016-09-29,85192210027
2016-09-30,85311527242
2016-10-01,85429128455
2016-10-02,85541415056
2016-10-03,85643265340
2016-10-04,85773815335
2016-10-05,85903573421
2016-10-06,86036091440
2016-10-07,86168436701
2016-10-08,86293265593
2016-10-09,86419350996
2016-10-10,86530895626
2016-10-11,86638132514
2016-10-12,86766568929
2016-10-13,86889990923
2016-10-14,87007650236
2016-10-15,87124344468
2016-10-16,87234158701
2016-10-17,87334243595
2016-10-18,87450446883
2016-10-19,87580930035
2016-10-20,87681861065
2016-10-21,87812839772
2016-10-22,87939668950
2016-10-23,88060841880
2016-10-24,88174957805
2016-10-25,88301709484
2016-10-26,88432915716
2016-10-27,88567382617
2016-10-28,88725757988
2016-10-29,88847963807
2016-10-30,88964227653
2016-10-31,89068459323
2016-11-01,89189253974
2016-11-02,89312670762
2016-11-03,89432576757
2016-11-04,89562102356
2016-11-05,89673073052
2016-11-06,89788176358
2016-11-07,89900389308
2016-11-08,90030827818
2016-11-09,90177078408
2016-11-10,90308333323
2016-11-11,90440838677
2016-11-12,90565277420
2016-11-13,90685871896
2016-11-14,90794336679
2016-11-15,90931545260
2016-11-16,91064327355
2016-11-17,91200223655
2016-11-18,91343072382
2016-11-19,91480817731
2016-11-20,91601174337
2016-11-21,91717667468
2016-11-22,91845892231
2016-11-23,91974375524
2016-11-24,92114192006
2016-11-25,92268370781
2016-11-26,92411675343
2016-11-27,92554942475
2016-11-28,92674553012
2016-11-29,92823410222
2016-11-30,92958669471
2016-12-01,93088207446
2016-12-02,93219538433
2016-12-03,93358344762
2016-12-04,93510084837
2016-12-05,93636534159
2016-12-06,93771697131
2016-12-07,93915853683
2016-12-08,94068964612
2016-12-09,94203442412
2016-12-10,94328764816
2016-12-11,94445983897
2016-12-12,94572532672
2016-12-13,94699896752
2016-12-14,94845953420
2016-12-15,94971667271
2016-12-16,95092307993
2016-12-17,95221566347
2016-12-18,95339219548
2016-12-19,95460678739
2016-12-20,95598807275
2016-12-21,95732721235
2016-12-22,95885992267
2016-12-23,96032038379
2016-12-24,96167202054
2016-12-25,96284055829
2016-12-26,96389559542
2016-12-27,96512811654
2016-12-28,96649569187
2016-12-29,96792000138
2016-12-30,96933061682
2016-12-31,97069347589
2017-01-01,97187633658
2017-01-02,97297870639
2017-01-03,97446339792
2017-01-04,97596781325
2017-01-05,97747654260
2017-01-06,97885373726
2017-01-07,98043917629
2017-01-08,98180153867
2017-01-09,98314212969
2017-01-10,98441024662
2017-01-11,98594077119
2017-01-12,98735800113
2017-01-13,98871040919
2017-01-14,98999762851
2017-01-15,99127519227
2017-01-16,99237729204
2017-01-17,99368749253
2017-01-18,99509842060
2017-01-19,99645060491
2017-01-20,99790242208
2017-01-21,99926468070
2017-01-22,100050028085
2017-01-23,100168790532
2017-01-24,100294973476
2017-01-25,100440046614
2017-01-26,100587235893
2017-01-27,100741171439
2017-01-28,100883580421
2017-01-29,101016953471
2017-01-30,101159747764
2017-01-31,101298523687
2017-02-01,101437658843
2017-02-02,101622406452
2017-02-03,101765912612
2017-02-04,101910562689
2017-02-05,102047042085
2017-02-06,102199984659
2017-02-07,102322385953
2017-02-08,102465183129
2017-02-09,102605511688
2017-02-10,102767077787
2017-02-11,102909243197
2017-02-12,103042357317
2017-02-13,103163184033
2017-02-14,103312809932
2017-02-15,103463323086
2017-02-16,103593996151
2017-02-17,103741063566
2017-02-18,103887394685
2017-02-19,104032650608
2017-02-20,104157391528
2017-02-21,104297557593
2017-02-22,104429244356
2017-02-23,104563090184
2017-02-24,104708198102
2017-02-25,104866496933
2017-02-26,105027876201
2017-02-27,105191946604
2017-02-28,105328049469
2017-03-01,105476190138
2017-03-02,105617187755
2017-03-03,105767217463
2017-03-04,105915996801
2017-03-05,106046134785
2017-03-06,106190672546
2017-03-07,106327787035
2017-03-08,106476940098
2017-03-09,106616019307
2017-03-10,106762807691
2017-03-11,106917530190
2017-03-12,107066168054
2017-03-13,107214991683
2017-03-14,107356507386
2017-03-15,107507647312
2017-03-16,107647376661
2017-03-17,107798582419
2017-03-18,107951644450
2017-03-19,108099798261
2017-03-20,108244805954
2017-03-21,108379415088
2017-03-22,108518857145
2017-03-23,108674760549
2017-03-24,108817844016
2017-03-25,108970507998
2017-03-26,109096962848
2017-03-27,109205232449
2017-03-28,109327228609
2017-03-29,109480007324
2017-03-30,109614306645
2017-03-31,109772164410
2017-04-01,109901836573
2017-04-02,110029504158
2017-04-03,110159557832
2017-04-04,110314314745
2017-04-05,110436538362
2017-04-06,110593177543
2017-04-07,110736906469
2017-04-08,110895025862
2017-04-09,111028772789
2017-04-10,111175830668
2017-04-11,111310806747
2017-04-12,111471595626
2017-04-13,111611120146
2017-04-14,111734689559
2017-04-15,111873010419
2017-04-16,112020940710
2017-04-17,112156805237
2017-04-18,112284862725
2017-04-19,112425125428
2017-04-20,112565866423
2017-04-21,112700279176
2017-04-22,112862261463
2017-04-23,113004349158
2017-04-24,113147650862
2017-04-25,113268762525
2017-04-26,113411730034
2017-04-27,113560424013
2017-04-28,113702666799
2017-04-29,113838210511
2017-04-30,114006294285
2017-05-01,114152176947
2017-05-02,114299595186
2017-05-03,114454538152
2017-05-04,114585916468
2017-05-05,114749054260
2017-05-06,114873053240
2017-05-07,115035164672
2017-05-08,115196289405
2017-05-09,115370491777
2017-05-10,115523596073
2017-05-11,115665767739
2017-05-12,115795536673
2017-05-13,115941766041
2017-05-14,116093434223
2017-05-15,116253359685
2017-05-16,116418379595
2017-05-17,116546946099
2017-05-18,116699136815
2017-05-19,116837519489
2017-05-20,116996816097
2017-05-21,117156407407
2017-05-22,117299993259
2017-05-23,117443143556
2017-05-24,117606565617
2017-05-25,117757024742
2017-05-26,117916258120
2017-05-27,118062939792
2017-05-28,118229506571
2017-05-29,118390882817
2017-05-30,118538534975
2017-05-31,118714072833
2017-06-01,118874234120
2017-06-02,119040458988
2017-06-03,119183838551
2017-06-04,119372200573
2017-06-05,119530362101
2017-06-06,119688278354
2017-06-07,119838024501
2017-06-08,120001724697
2017-06-09,120161743911
2017-06-10,120308748353
2017-06-11,120445016608
2017-06-12,120583059523
2017-06-13,120725297383
2017-06-14,120863074281
2017-06-15,120999780317
2017-06-16,121150923175
2017-06-17,121296412708
2017-06-18,121439345436
2017-06-19,121575078775
2017-06-20,121724093695
2017-06-21,121857357554
2017-06-22,121994987746
2017-06-23,122132954963
2017-06-24,122284773938
2017-06-25,122422597260
2017-06-26,122536631259
2017-06-27,122676812117
2017-06-28,122806503656
2017-06-29,122958749935
2017-06-30,123075216975
2017-07-01,123222471625
2017-07-02,123366142323
2017-07-03,123513582731
2017-07-04,123649879833
2017-07-05,123789295870
2017-07-06,123925263698
2017-07-07,124061054267
2017-07-08,124199740814
2017-07-09,124339487226
2017-07-10,124443263496
2017-07-11,124591114200
2017-07-12,124745984109
2017-07-13,124902030133
2017-07-14,125035366134
2017-07-15,125161445684
2017-07-16,125284084555
2017-07-17,125421842764
2017-07-18,125562125580
2017-07-19,125720441202
2017-07-20,125859964979
2017-07-21,126010970169
2017-07-22,126161354315
2017-07-23,126307911717
2017-07-24,126426483317
2017-07-25,126586043574
2017-07-26,126724423594
2017-07-27,126865936934
2017-07-28,127008924891
2017-07-29,127146453587
2017-07-30,127283236413
2017-07-31,127402501018
2017-08-01,127536883593
2017-08-02,127644561612
2017-08-03,127778422004
2017-08-04,127898325330
2017-08-05,128063745578
2017-08-06,128217004358
2017-08-07,128329567867
2017-08-08,128473950956
2017-08-09,128634795404
2017-08-10,128766480308
2017-08-11,128897963034
2017-08-12,129035257759
2017-08-13,129169284202
2017-08-14,129315065205
2017-08-15,129439000953
2017-08-16,129586563891
2017-08-17,129713137156
2017-08-18,129888320020
2017-08-19,130031355947
2017-08-20,130177293488
2017-08-21,130302271178
2017-08-22,130414566114
2017-08-23,130503405570
2017-08-24,130660259862
2017-08-25,130753508542
2017-08-26,130848874904
2017-08-27,130953707125
2017-08-28,131107281552
2017-08-29,131233872042
2017-08-30,131382600465
2017-08-31,131547807413
2017-09-01,131707814589
2017-09-02,131876923826
2017-09-03,132008481795
2017-09-04,132127528715
2017-09-05,132289872878
2017-09-06,132440294356
2017-09-07,132586774120
2017-09-08,132729336210
2017-09-09,132886673250
2017-09-10,133009288646
2017-09-11,133121039517
2017-09-12,133264442998
2017-09-13,133396131346
2017-09-14,133531192021
2017-09-15,133674312225
2017-09-16,133826285856
2017-09-17,133942686989
2017-09-18,134043692217
2017-09-19,134163016185
2017-09-20,134312226918
2017-09-21,134423186254
2017-09-22,134556471892
2017-09-23,134666678161
2017-09-24,134771625557
2017-09-25,134869489971
2017-09-26,134984129347
2017-09-27,135114042395
2017-09-28,135241717728
2017-09-29,135390146476
2017-09-30,135531134471
2017-10-01,135640352701
2017-10-02,135759010832
2017-10-03,135908188029
2017-10-04,136068738621
2017-10-05,136181784158
2017-10-06,136309045449
2017-10-07,136455336323
2017-10-08,136585469717
2017-10-09,136726573166
2017-10-10,136874059687
2017-10-11,137029325108
2017-10-12,137170530220
2017-10-13,137320257445
2017-10-14,137459587306
2017-10-15,137603895153
2017-10-16,137778294914
2017-10-17,137937778011
2017-10-18,138099870551
2017-10-19,138253418879
2017-10-20,138429679616
2017-10-21,138608132294
2017-10-22,138767181143
2017-10-23,138949942586
2017-10-24,139116488183
2017-10-25,139290367933
2017-10-26,139469507593
2017-10-27,139601438743
2017-10-28,139708796331
2017-10-29,139794449657
2017-10-30,139950182638
2017-10-31,140102364638
2017-11-01,140245642848
2017-11-02,140408392461
2017-11-03,140564041222
2017-11-04,140688571127
2017-11-05,140822175296
2017-11-06,140969174322
2017-11-07,141108119380
2017-11-08,141268265138
2017-11-09,141416119593
2017-11-10,141572886195
2017-11-11,141698989979
2017-11-12,141783674452
2017-11-13,141868128364
2017-11-14,142013742974
2017-11-15,142145222925
2017-11-16,142304606077
2017-11-17,142459707502
2017-11-18,142632409276
2017-11-19,142775000275
2017-11-20,142942090211
2017-11-21,143118990391
2017-11-22,143302973090
2017-11-23,143459528113
2017-11-24,143626372131
2017-11-25,143782658879
2017-11-26,143945050014
2017-11-27,144105534247
2017-11-28,144283681381
2017-11-29,144449500120
2017-11-30,144633580687
2017-12-01,144811993692
2017-12-02,145007280145
2017-12-03,145174137643
2017-12-04,145358468701
2017-12-05,145552139440
2017-12-06,145740578191
2017-12-07,145939647898
2017-12-08,146097329098
2017-12-09,146262460111
2017-12-10,146445217448
2017-12-11,146618433964
2017-12-12,146799941444
2017-12-13,146965557749
2017-12-14,147161074039
2017-12-15,147354793611
2017-12-16,147534180228
2017-12-17,147714363661
2017-12-18,147906815283
2017-12-19,148096581354
2017-12-20,148245066571
2017-12-21,148390891012
2017-12-22,148527905137
2017-12-23,148692712943
2017-12-24,148839957790
2017-12-25,149001715659
2017-12-26,149143861427
2017-12-27,149292586280
2017-12-28,149459606964
2017-12-29,149620705581
2017-12-30,149793544252
2017-12-31,149945822458
2018-01-01,150114960129
2018-01-02,150277699395
2018-01-03,150455826593
2018-01-04,150623021470
2018-01-05,150802136382
2018-01-06,150955003735
2018-01-07,151131907981
2018-01-08,151301801040
2018-01-09,151476260845
2018-01-10,151649659627
2018-01-11,151824782402
2018-01-12,152028966482
2018-01-13,152216530766
2018-01-14,152367691094
2018-01-15,152530581645
2018-01-16,152689469237
2018-01-17,152856539342
2018-01-18,153033784697
2018-01-19,153215631791
2018-01-20,153388473069
2018-01-21,153587284152
2018-01-22,153787570563
2018-01-23,153967611258
2018-01-24,154156924365
2018-01-25,154346116581
2018-01-26,154520793076
2018-01-27,154682728516
2018-01-28,154844758841
2018-01-29,155006782530
2018-01-30,155156610322
2018-01-31,155322971783
2018-02-01,155446037934
2018-02-02,155614540374
2018-02-03,155786321426
2018-02-04,155943672189
2018-02-05,156119579699
2018-02-06,156324276643
2018-02-07,156505723101
2018-02-08,156656659244
2018-02-09,156794117071
2018-02-10,156939388194
2018-02-11,157087164513
2018-02-12,157238536526
2018-02-13,157411559970
2018-02-14,157581743129
2018-02-15,157763603347
2018-02-16,157902789535
2018-02-17,158058130479
2018-02-18,158202143816
2018-02-19,158359895475
2018-02-20,158523679971
2018-02-21,158665891697
2018-02-22,158832982920
2018-02-23,158969783882
2018-02-24,159118638439
2018-02-25,159265694046
2018-02-26,159385225315
2018-02-27,159527993705
2018-02-28,159689566043
2018-03-01,159853689505
2018-03-02,160030293278
2018-03-03,160164396750
2018-03-04,160340319417
2018-03-05,160488504337
2018-03-06,160640159546
2018-03-07,160799070695
2018-03-08,160960226814
2018-03-09,161125000524
2018-03-10,161274855277
2018-03-11,161417211839
2018-03-12,161571903279
2018-03-13,161721808203
2018-03-14,161864434753
2018-03-15,161972901232
2018-03-16,162081139916
2018-03-17,162188836215
2018-03-18,162264228898
2018-03-19,162369348896
2018-03-20,162475276593
2018-03-21,162575626891
2018-03-22,162680407981
2018-03-23,162791210064
2018-03-24,162900914750
2018-03-25,162995003340
2018-03-26,163073734547
2018-03-27,163180382402
2018-03-28,163296381594
2018-03-29,163394501488
2018-03-30,163496546398
2018-03-31,163598151069
2018-04-01,163684033484
2018-04-02,163757303380
2018-04-03,163844847124
2018-04-04,163957610931
2018-04-05,164063127045
2018-04-06,164163489049
2018-04-07,164276034785
2018-04-08,164373480476
2018-04-09,164444667016
2018-04-10,164552597549
2018-04-11,164664199678
2018-04-12,164765524570
2018-04-13,164895268381
2018-04-14,165012627056
2018-04-15,165124635522
2018-04-16,165262726315
2018-04-17,165396207063
2018-04-18,165515385476
2018-04-19,165623010786
2018-04-20,165736057555
2018-04-21,165850465703
2018-04-22,165968829156
2018-04-23,166057565175
2018-04-24,166174224784
2018-04-25,166328599824
2018-04-26,166459242700
2018-04-27,166584132762
2018-04-28,166719889051
2018-04-29,166824471439
2018-04-30,166924219975
2018-05-01,167040755784
2018-05-02,167147213301
2018-05-03,167268961644
2018-05-04,167402396436
2018-05-05,167537082802
2018-05-06,167650420610
2018-05-07,167755619236
2018-05-08,167885462286
2018-05-09,168013971457
2018-05-10,168129382948
2018-05-11,168245530577
2018-05-12,168381743645
2018-05-13,168484959797
2018-05-14,168570841624
2018-05-15,168686880891
2018-05-16,168799472421
2018-05-17,168910366044
2018-05-18,169026211900
2018-05-19,169149796741
2018-05-20,169236542006
2018-05-21,169319274673
2018-05-22,169435481594
2018-05-23,169543041932
2018-05-24,169663087287
2018-05-25,169765085479
2018-05-26,169876358248
2018-05-27,169954129375
2018-05-28,170027962763
2018-05-29,170141891664
2018-05-30,170255908412
2018-05-31,170365314105
2018-06-01,170484465373
2018-06-02,170602484702
2018-06-03,170697688622
2018-06-04,170827518518
2018-06-05,171020385221
2018-06-06,171168866322
2018-06-07,171314751347
2018-06-08,171469522604
2018-06-09,171595667270
2018-06-10,171688130749
2018-06-11,171783841875
2018-06-12,171894925527
2018-06-13,172049076960
2018-06-14,172178841131
2018-06-15,172293939550
2018-06-16,172414064466
2018-06-17,172491240548
2018-06-18,172568793268
2018-06-19,172674169168
2018-06-20,172818775345
2018-06-21,172985365627
2018-06-22,173089108679
2018-06-23,173208303104
2018-06-24,173292361949
2018-06-25,173376613357
2018-06-26,173523025222
2018-06-27,173680472359
2018-06-28,173811159793
2018-06-29,173919583245
2018-06-30,174032477963
2018-07-01,174170057553
2018-07-02,174271495854
2018-07-03,174414998552
2018-07-04,174544161369
2018-07-05,174666886361
2018-07-06,174775279092
2018-07-07,174884555818
2018-07-08,174965962738
2018-07-09,175062327094
2018-07-10,175207002673
2018-07-11,175351731896
2018-07-12,175491202652
2018-07-13,175653968833
2018-07-14,175813901306
2018-07-15,175967085327
2018-07-16,176067284474
2018-07-17,176183368756
2018-07-18,176327203437
2018-07-19,176509006384
2018-07-20,176631382565
2018-07-21,176757520592
2018-07-22,176856088108
2018-07-23,176938455378
2018-07-24,177088421494
2018-07-25,177234243261
2018-07-26,177402566153
2018-07-27,177530278068
2018-07-28,177679647733
2018-07-29,177785930986
2018-07-30,177879259437
2018-07-31,178001794104
2018-08-01,178143654367
2018-08-02,178291212518
2018-08-03,178411546177
2018-08-04,178551308533
2018-08-05,178653437049
2018-08-06,178746295994
2018-08-07,178884725907
2018-08-08,179038311827
2018-08-09,179162848281
2018-08-10,179283635278
2018-08-11,179423198894
2018-08-12,179526380050
2018-08-13,179618485709
2018-08-14,179752818933
2018-08-15,179893000084
2018-08-16,180020114018
2018-08-17,180141239284
2018-08-18,180267575841
2018-08-19,180361940843
2018-08-20,180448817159
2018-08-21,180573879592
2018-08-22,180690297933
2018-08-23,180811186567
2018-08-24,180926283082
2018-08-25,181168005138
2018-08-26,181269907555
2018-08-27,181367278463
2018-08-28,181499459955
2018-08-29,181636150670
2018-08-30,181758442294
2018-08-31,181885258430
2018-09-01,182011726391
2018-09-02,182126993141
2018-09-03,182219757851
2018-09-04,182342423030
2018-09-05,182466408882
2018-09-06,182597168085
2018-09-07,182729206570
2018-09-08,182864725209
2018-09-09,182971083082
2018-09-10,183071750888
2018-09-11,183195693595
2018-09-12,183325306318
2018-09-13,183445189604
2018-09-14,183569181013
2018-09-15,183709416585
2018-09-16,183816691069
2018-09-17,183905724977
2018-09-18,184025406514
2018-09-19,184158933959
2018-09-20,184286221230
2018-09-21,184412326523
2018-09-22,184557678107
2018-09-23,184668607904
2018-09-24,184769853564
2018-09-25,184887375716
2018-09-26,185018095070
2018-09-27,185142491203