Date,Daily Blocks
2009-01-10,19
2009-01-11,61
2009-01-12,93
2009-01-13,94
2009-01-14,123
2009-01-15,129
2009-01-16,126
2009-01-17,108
2009-01-18,109
2009-01-19,107
2009-01-20,115
2009-01-21,114
2009-01-22,102
2009-01-23,91
2009-01-24,84
2009-01-25,201
2009-01-26,191
2009-01-27,96
2009-01-28,97
2009-01-29,112
2009-01-30,121
2009-01-31,117
2009-02-01,138
2009-02-02,113
2009-02-03,128
2009-02-04,139
2009-02-05,119
2009-02-06,126
2009-02-07,122
2009-02-08,129
2009-02-09,132
2009-02-10,134
2009-02-11,120
2009-02-12,133
2009-02-13,119
2009-02-14,124
2009-02-15,136
2009-02-16,128
2009-02-17,122
2009-02-18,117
2009-02-19,118
2009-02-20,124
2009-02-21,122
2009-02-22,114
2009-02-23,121
2009-02-24,108
2009-02-25,106
2009-02-26,105
2009-02-27,107
2009-02-28,115
2009-03-01,99
2009-03-02,105
2009-03-03,108
2009-03-04,105
2009-03-05,104
2009-03-06,112
2009-03-07,117
2009-03-08,109
2009-03-09,115
2009-03-10,108
2009-03-11,107
2009-03-12,114
2009-03-13,118
2009-03-14,113
2009-03-15,110
2009-03-16,123
2009-03-17,121
2009-03-18,114
2009-03-19,114
2009-03-20,122
2009-03-21,118
2009-03-22,50
2009-03-23,119
2009-03-24,130
2009-03-25,105
2009-03-26,117
2009-03-27,117
2009-03-28,106
2009-03-29,119
2009-03-30,116
2009-03-31,120
2009-04-01,110
2009-04-02,114
2009-04-03,115
2009-04-04,116
2009-04-05,113
2009-04-06,130
2009-04-07,109
2009-04-08,100
2009-04-09,105
2009-04-10,99
2009-04-11,108
2009-04-12,120
2009-04-13,118
2009-04-14,115
2009-04-15,124
2009-04-16,113
2009-04-17,123
2009-04-18,112
2009-04-19,126
2009-04-20,119
2009-04-21,119
2009-04-22,123
2009-04-23,121
2009-04-24,75
2009-04-25,115
2009-04-26,118
2009-04-27,112
2009-04-28,104
2009-04-29,117
2009-04-30,128
2009-05-01,131
2009-05-02,121
2009-05-03,126
2009-05-04,106
2009-05-05,128
2009-05-06,135
2009-05-07,135
2009-05-08,122
2009-05-09,107
2009-05-10,78
2009-05-11,85
2009-05-12,120
2009-05-13,130
2009-05-14,111
2009-05-15,139
2009-05-16,136
2009-05-17,119
2009-05-18,127
2009-05-19,118
2009-05-20,86
2009-05-21,120
2009-05-22,82
2009-05-23,61
2009-05-24,32
2009-05-25,100
2009-05-26,109
2009-05-27,125
2009-05-28,119
2009-05-29,95
2009-05-30,106
2009-05-31,109
2009-06-01,96
2009-06-02,71
2009-06-03,111
2009-06-04,71
2009-06-05,66
2009-06-06,30
2009-06-07,28
2009-06-08,16
2009-06-09,82
2009-06-10,91
2009-06-11,82
2009-06-12,89
2009-06-13,86
2009-06-14,78
2009-06-15,72
2009-06-16,84
2009-06-17,71
2009-06-18,79
2009-06-19,80
2009-06-20,87
2009-06-21,78
2009-06-22,81
2009-06-23,76
2009-06-24,76
2009-06-25,95
2009-06-26,68
2009-06-27,90
2009-06-28,84
2009-06-29,46
2009-06-30,83
2009-07-01,85
2009-07-02,74
2009-07-03,83
2009-07-04,82
2009-07-05,89
2009-07-06,79
2009-07-07,84
2009-07-08,69
2009-07-09,74
2009-07-10,86
2009-07-11,81
2009-07-12,83
2009-07-13,77
2009-07-14,78
2009-07-15,69
2009-07-16,45
2009-07-17,71
2009-07-18,47
2009-07-19,4
2009-07-20,70
2009-07-21,70
2009-07-22,82
2009-07-23,60
2009-07-24,76
2009-07-25,73
2009-07-26,32
2009-07-27,21
2009-07-28,74
2009-07-29,41
2009-07-30,19
2009-07-31,15
2009-08-01,17
2009-08-02,28
2009-08-03,23
2009-08-04,12
2009-08-05,81
2009-08-06,87
2009-08-07,90
2009-08-08,80
2009-08-09,80
2009-08-10,101
2009-08-11,75
2009-08-12,70
2009-08-13,63
2009-08-14,85
2009-08-15,63
2009-08-16,26
2009-08-17,19
2009-08-18,17
2009-08-19,10
2009-08-20,18
2009-08-21,22
2009-08-22,14
2009-08-23,7
2009-08-24,15
2009-08-25,15
2009-08-26,50
2009-08-27,48
2009-08-28,29
2009-08-29,75
2009-08-30,79
2009-08-31,96
2009-09-01,86
2009-09-02,78
2009-09-03,66
2009-09-04,61
2009-09-05,64
2009-09-06,76
2009-09-07,68
2009-09-08,78
2009-09-09,69
2009-09-10,54
2009-09-11,67
2009-09-12,67
2009-09-13,69
2009-09-14,75
2009-09-15,74
2009-09-16,44
2009-09-17,72
2009-09-18,84
2009-09-19,78
2009-09-20,74
2009-09-21,78
2009-09-22,69
2009-09-23,25
2009-09-24,36
2009-09-25,97
2009-09-26,91
2009-09-27,100
2009-09-28,87
2009-09-29,85
2009-09-30,88
2009-10-01,85
2009-10-02,82
2009-10-03,72
2009-10-04,58
2009-10-05,53
2009-10-06,55
2009-10-07,43
2009-10-08,60
2009-10-09,70
2009-10-10,79
2009-10-11,77
2009-10-12,74
2009-10-13,58
2009-10-14,57
2009-10-15,69
2009-10-16,71
2009-10-17,60
2009-10-18,57
2009-10-19,74
2009-10-20,112
2009-10-21,95
2009-10-22,80
2009-10-23,90
2009-10-24,89
2009-10-25,62
2009-10-26,76
2009-10-27,71
2009-10-28,64
2009-10-29,66
2009-10-30,46
2009-10-31,60
2009-11-01,46
2009-11-02,25
2009-11-03,33
2009-11-04,62
2009-11-05,63
2009-11-06,57
2009-11-07,62
2009-11-08,69
2009-11-09,73
2009-11-10,64
2009-11-11,78
2009-11-12,64
2009-11-13,66
2009-11-14,80
2009-11-15,79
2009-11-16,96
2009-11-17,97
2009-11-18,92
2009-11-19,79
2009-11-20,70
2009-11-21,86
2009-11-22,73
2009-11-23,106
2009-11-24,96
2009-11-25,93
2009-11-26,90
2009-11-27,84
2009-11-28,74
2009-11-29,71
2009-11-30,60
2009-12-01,75
2009-12-02,73
2009-12-03,94
2009-12-04,88
2009-12-05,36
2009-12-06,64
2009-12-07,103
2009-12-08,112
2009-12-09,105
2009-12-10,96
2009-12-11,104
2009-12-12,112
2009-12-13,110
2009-12-14,114
2009-12-15,102
2009-12-16,110
2009-12-17,136
2009-12-18,169
2009-12-19,225
2009-12-20,198
2009-12-21,175
2009-12-22,175
2009-12-23,162
2009-12-24,154
2009-12-25,154
2009-12-26,149
2009-12-27,174
2009-12-28,167
2009-12-29,137
2009-12-30,171
2009-12-31,141
2010-01-01,138
2010-01-02,132
2010-01-03,126
2010-01-04,186
2010-01-05,181
2010-01-06,198
2010-01-07,163
2010-01-08,154
2010-01-09,153
2010-01-10,151
2010-01-11,190
2010-01-12,159
2010-01-13,159
2010-01-14,164
2010-01-15,143
2010-01-16,141
2010-01-17,125
2010-01-18,131
2010-01-19,125
2010-01-20,124
2010-01-21,158
2010-01-22,175
2010-01-23,133
2010-01-24,160
2010-01-25,154
2010-01-26,211
2010-01-27,195
2010-01-28,164
2010-01-29,177
2010-01-30,197
2010-01-31,210
2010-02-01,165
2010-02-02,184
2010-02-03,145
2010-02-04,270
2010-02-05,229
2010-02-06,223
2010-02-07,192
2010-02-08,217
2010-02-09,200
2010-02-10,207
2010-02-11,168
2010-02-12,169
2010-02-13,183
2010-02-14,232
2010-02-15,208
2010-02-16,176
2010-02-17,195
2010-02-18,239
2010-02-19,208
2010-02-20,192
2010-02-21,208
2010-02-22,223
2010-02-23,260
2010-02-24,250
2010-02-25,171
2010-02-26,154
2010-02-27,172
2010-02-28,172
2010-03-01,156
2010-03-02,195
2010-03-03,188
2010-03-04,152
2010-03-05,185
2010-03-06,171
2010-03-07,177
2010-03-08,179
2010-03-09,125
2010-03-10,146
2010-03-11,162
2010-03-12,133
2010-03-13,121
2010-03-14,153
2010-03-15,125
2010-03-16,135
2010-03-17,126
2010-03-18,136
2010-03-19,140
2010-03-20,153
2010-03-21,192
2010-03-22,183
2010-03-23,179
2010-03-24,207
2010-03-25,171
2010-03-26,187
2010-03-27,197
2010-03-28,178
2010-03-29,186
2010-03-30,195
2010-03-31,215
2010-04-01,209
2010-04-02,168
2010-04-03,156
2010-04-04,161
2010-04-05,171
2010-04-06,153
2010-04-07,159
2010-04-08,193
2010-04-09,183
2010-04-10,189
2010-04-11,260
2010-04-12,223
2010-04-13,203
2010-04-14,189
2010-04-15,180
2010-04-16,216
2010-04-17,202
2010-04-18,221
2010-04-19,245
2010-04-20,232
2010-04-21,205
2010-04-22,219
2010-04-23,159
2010-04-24,150
2010-04-25,168
2010-04-26,158
2010-04-27,164
2010-04-28,180
2010-04-29,180
2010-04-30,147
2010-05-01,144
2010-05-02,183
2010-05-03,155
2010-05-04,159
2010-05-05,136
2010-05-06,137
2010-05-07,149
2010-05-08,132
2010-05-09,154
2010-05-10,143
2010-05-11,128
2010-05-12,111
2010-05-13,127
2010-05-14,128
2010-05-15,123
2010-05-16,91
2010-05-17,113
2010-05-18,143
2010-05-19,168
2010-05-20,164
2010-05-21,203
2010-05-22,176
2010-05-23,195
2010-05-24,211
2010-05-25,188
2010-05-26,210
2010-05-27,223
2010-05-28,192
2010-05-29,223
2010-05-30,184
2010-05-31,149
2010-06-01,142
2010-06-02,135
2010-06-03,147
2010-06-04,152
2010-06-05,125
2010-06-06,145
2010-06-07,148
2010-06-08,157
2010-06-09,160
2010-06-10,168
2010-06-11,160
2010-06-12,168
2010-06-13,135
2010-06-14,172
2010-06-15,161
2010-06-16,184
2010-06-17,142
2010-06-18,146
2010-06-19,150
2010-06-20,150
2010-06-21,185
2010-06-22,154
2010-06-23,156
2010-06-24,187
2010-06-25,169
2010-06-26,150
2010-06-27,159
2010-06-28,178
2010-06-29,152
2010-06-30,169
2010-07-01,182
2010-07-02,211
2010-07-03,167
2010-07-04,212
2010-07-05,166
2010-07-06,179
2010-07-07,169
2010-07-08,156
2010-07-09,151
2010-07-10,199
2010-07-11,198
2010-07-12,179
2010-07-13,659
2010-07-14,692
2010-07-15,578
2010-07-16,624
2010-07-17,505
2010-07-18,173
2010-07-19,172
2010-07-20,174
2010-07-21,181
2010-07-22,207
2010-07-23,176
2010-07-24,194
2010-07-25,189
2010-07-26,231
2010-07-27,243
2010-07-28,166
2010-07-29,159
2010-07-30,180
2010-07-31,182
2010-08-01,203
2010-08-02,239
2010-08-03,242
2010-08-04,227
2010-08-05,243
2010-08-06,218
2010-08-07,147
2010-08-08,155
2010-08-09,199
2010-08-10,190
2010-08-11,191
2010-08-12,233
2010-08-13,217
2010-08-14,215
2010-08-15,281
2010-08-16,207
2010-08-17,147
2010-08-18,129
2010-08-19,133
2010-08-20,135
2010-08-21,193
2010-08-22,173
2010-08-23,212
2010-08-24,213
2010-08-25,215
2010-08-26,216
2010-08-27,210
2010-08-28,171
2010-08-29,170
2010-08-30,162
2010-08-31,149
2010-09-01,184
2010-09-02,157
2010-09-03,156
2010-09-04,164
2010-09-05,181
2010-09-06,165
2010-09-07,158
2010-09-08,160
2010-09-09,165
2010-09-10,135
2010-09-11,177
2010-09-12,160
2010-09-13,177
2010-09-14,171
2010-09-15,203
2010-09-16,169
2010-09-17,219
2010-09-18,208
2010-09-19,237
2010-09-20,209
2010-09-21,203
2010-09-22,172
2010-09-23,174
2010-09-24,234
2010-09-25,228
2010-09-26,207
2010-09-27,205
2010-09-28,229
2010-09-29,212
2010-09-30,164
2010-10-01,146
2010-10-02,154
2010-10-03,100
2010-10-04,122
2010-10-05,153
2010-10-06,126
2010-10-07,171
2010-10-08,160
2010-10-09,154
2010-10-10,158
2010-10-11,178
2010-10-12,159
2010-10-13,155
2010-10-14,176
2010-10-15,205
2010-10-16,177
2010-10-17,258
2010-10-18,270
2010-10-19,249
2010-10-20,256
2010-10-21,264
2010-10-22,186
2010-10-23,154
2010-10-24,175
2010-10-25,205
2010-10-26,203
2010-10-27,241
2010-10-28,213
2010-10-29,219
2010-10-30,223
2010-10-31,252
2010-11-01,179
2010-11-02,177
2010-11-03,176
2010-11-04,190
2010-11-05,201
2010-11-06,219
2010-11-07,218
2010-11-08,241
2010-11-09,275
2010-11-10,217
2010-11-11,203
2010-11-12,219
2010-11-13,169
2010-11-14,223
2010-11-15,256
2010-11-16,200
2010-11-17,197
2010-11-18,247
2010-11-19,257
2010-11-20,150
2010-11-21,116
2010-11-22,140
2010-11-23,163
2010-11-24,140
2010-11-25,177
2010-11-26,181
2010-11-27,194
2010-11-28,180
2010-11-29,172
2010-11-30,209
2010-12-01,202
2010-12-02,188
2010-12-03,188
2010-12-04,189
2010-12-05,229
2010-12-06,239
2010-12-07,241
2010-12-08,239
2010-12-09,238
2010-12-10,223
2010-12-11,147
2010-12-12,175
2010-12-13,171
2010-12-14,141
2010-12-15,171
2010-12-16,196
2010-12-17,173
2010-12-18,166
2010-12-19,161
2010-12-20,184
2010-12-21,159
2010-12-22,196
2010-12-23,157
2010-12-24,145
2010-12-25,148
2010-12-26,168
2010-12-27,145
2010-12-28,166
2010-12-29,169
2010-12-30,165
2010-12-31,169
2011-01-01,162
2011-01-02,181
2011-01-03,175
2011-01-04,156
2011-01-05,141
2011-01-06,154
2011-01-07,141
2011-01-08,164
2011-01-09,170
2011-01-10,163
2011-01-11,162
2011-01-12,172
2011-01-13,167
2011-01-14,188
2011-01-15,181
2011-01-16,157
2011-01-17,174
2011-01-18,181
2011-01-19,141
2011-01-20,169
2011-01-21,186
2011-01-22,175
2011-01-23,164
2011-01-24,170
2011-01-25,188
2011-01-26,156
2011-01-27,180
2011-01-28,160
2011-01-29,158
2011-01-30,161
2011-01-31,156
2011-02-01,170
2011-02-02,164
2011-02-03,158
2011-02-04,160
2011-02-05,194
2011-02-06,179
2011-02-07,177
2011-02-08,203
2011-02-09,168
2011-02-10,192
2011-02-11,186
2011-02-12,186
2011-02-13,196
2011-02-14,198
2011-02-15,196
2011-02-16,225
2011-02-17,232
2011-02-18,231
2011-02-19,212
2011-02-20,161
2011-02-21,198
2011-02-22,194
2011-02-23,211
2011-02-24,243
2011-02-25,207
2011-02-26,225
2011-02-27,276
2011-02-28,244
2011-03-01,150
2011-03-02,130
2011-03-03,168
2011-03-04,186
2011-03-05,221
2011-03-06,277
2011-03-07,274
2011-03-08,211
2011-03-09,187
2011-03-10,160
2011-03-11,110
2011-03-12,130
2011-03-13,140
2011-03-14,117
2011-03-15,112
2011-03-16,112
2011-03-17,136
2011-03-18,141
2011-03-19,120
2011-03-20,115
2011-03-21,137
2011-03-22,148
2011-03-23,119
2011-03-24,157
2011-03-25,152
2011-03-26,173
2011-03-27,138
2011-03-28,143
2011-03-29,168
2011-03-30,163
2011-03-31,156
2011-04-01,201
2011-04-02,176
2011-04-03,180
2011-04-04,175
2011-04-05,178
2011-04-06,194
2011-04-07,149
2011-04-08,146
2011-04-09,166
2011-04-10,156
2011-04-11,173
2011-04-12,163
2011-04-13,163
2011-04-14,194
2011-04-15,160
2011-04-16,136
2011-04-17,173
2011-04-18,180
2011-04-19,148
2011-04-20,154
2011-04-21,144
2011-04-22,147
2011-04-23,176
2011-04-24,172
2011-04-25,162
2011-04-26,192
2011-04-27,195
2011-04-28,183
2011-04-29,164
2011-04-30,200
2011-05-01,189
2011-05-02,179
2011-05-03,197
2011-05-04,196
2011-05-05,197
2011-05-06,219
2011-05-07,218
2011-05-08,214
2011-05-09,219
2011-05-10,239
2011-05-11,183
2011-05-12,191
2011-05-13,169
2011-05-14,207
2011-05-15,242
2011-05-16,220
2011-05-17,247
2011-05-18,257
2011-05-19,288
2011-05-20,171
2011-05-21,220
2011-05-22,220
2011-05-23,252
2011-05-24,286
2011-05-25,299
2011-05-26,307
2011-05-27,296
2011-05-28,167
2011-05-29,155
2011-05-30,180
2011-05-31,154
2011-06-01,150
2011-06-02,188
2011-06-03,190
2011-06-04,202
2011-06-05,224
2011-06-06,208
2011-06-07,233
2011-06-08,170
2011-06-09,185
2011-06-10,222
2011-06-11,223
2011-06-12,252
2011-06-13,233
2011-06-14,227
2011-06-15,247
2011-06-16,279
2011-06-17,180
2011-06-18,186
2011-06-19,197
2011-06-20,223
2011-06-21,234
2011-06-22,253
2011-06-23,260
2011-06-24,240
2011-06-25,216
2011-06-26,143
2011-06-27,149
2011-06-28,169
2011-06-29,160
2011-06-30,172
2011-07-01,191
2011-07-02,173
2011-07-03,169
2011-07-04,165
2011-07-05,170
2011-07-06,139
2011-07-07,157
2011-07-08,131
2011-07-09,165
2011-07-10,149
2011-07-11,137
2011-07-12,157
2011-07-13,141
2011-07-14,191
2011-07-15,144
2011-07-16,162
2011-07-17,157
2011-07-18,170
2011-07-19,170
2011-07-20,142
2011-07-21,149
2011-07-22,152
2011-07-23,151
2011-07-24,146
2011-07-25,166
2011-07-26,165
2011-07-27,176
2011-07-28,174
2011-07-29,155
2011-07-30,164
2011-07-31,152
2011-08-01,175
2011-08-02,165
2011-08-03,154
2011-08-04,157
2011-08-05,129
2011-08-06,140
2011-08-07,122
2011-08-08,126
2011-08-09,136
2011-08-10,146
2011-08-11,152
2011-08-12,137
2011-08-13,131
2011-08-14,130
2011-08-15,132
2011-08-16,129
2011-08-17,147
2011-08-18,136
2011-08-19,144
2011-08-20,131
2011-08-21,152
2011-08-22,160
2011-08-23,169
2011-08-24,155
2011-08-25,134
2011-08-26,135
2011-08-27,147
2011-08-28,122
2011-08-29,116
2011-08-30,138
2011-08-31,146
2011-09-01,155
2011-09-02,129
2011-09-03,156
2011-09-04,145
2011-09-05,134
2011-09-06,156
2011-09-07,151
2011-09-08,136
2011-09-09,129
2011-09-10,154
2011-09-11,133
2011-09-12,125
2011-09-13,133
2011-09-14,142
2011-09-15,146
2011-09-16,156
2011-09-17,119
2011-09-18,134
2011-09-19,158
2011-09-20,127
2011-09-21,140
2011-09-22,146
2011-09-23,148
2011-09-24,133
2011-09-25,129
2011-09-26,137
2011-09-27,134
2011-09-28,133
2011-09-29,147
2011-09-30,125
2011-10-01,122
2011-10-02,143
2011-10-03,121
2011-10-04,145
2011-10-05,112
2011-10-06,145
2011-10-07,128
2011-10-08,138
2011-10-09,119
2011-10-10,127
2011-10-11,123
2011-10-12,93
2011-10-13,120
2011-10-14,97
2011-10-15,139
2011-10-16,134
2011-10-17,119
2011-10-18,118
2011-10-19,120
2011-10-20,133
2011-10-21,115
2011-10-22,121
2011-10-23,98
2011-10-24,108
2011-10-25,127
2011-10-26,129
2011-10-27,117
2011-10-28,100
2011-10-29,105
2011-10-30,113
2011-10-31,111
2011-11-01,131
2011-11-02,150
2011-11-03,154
2011-11-04,125
2011-11-05,147
2011-11-06,146
2011-11-07,144
2011-11-08,132
2011-11-09,149
2011-11-10,161
2011-11-11,141
2011-11-12,119
2011-11-13,143
2011-11-14,144
2011-11-15,143
2011-11-16,165
2011-11-17,135
2011-11-18,139
2011-11-19,133
2011-11-20,123
2011-11-21,143
2011-11-22,118
2011-11-23,140
2011-11-24,134
2011-11-25,113
2011-11-26,135
2011-11-27,120
2011-11-28,114
2011-11-29,127
2011-11-30,138
2011-12-01,162
2011-12-02,182
2011-12-03,146
2011-12-04,152
2011-12-05,136
2011-12-06,158
2011-12-07,171
2011-12-08,138
2011-12-09,164
2011-12-10,147
2011-12-11,144
2011-12-12,152
2011-12-13,127
2011-12-14,132
2011-12-15,153
2011-12-16,112
2011-12-17,118
2011-12-18,150
2011-12-19,144
2011-12-20,159
2011-12-21,134
2011-12-22,149
2011-12-23,148
2011-12-24,142
2011-12-25,145
2011-12-26,174
2011-12-27,177
2011-12-28,145
2011-12-29,155
2011-12-30,138
2011-12-31,142
2012-01-01,151
2012-01-02,153
2012-01-03,151
2012-01-04,159
2012-01-05,149
2012-01-06,147
2012-01-07,171
2012-01-08,184
2012-01-09,163
2012-01-10,164
2012-01-11,141
2012-01-12,153
2012-01-13,155
2012-01-14,140
2012-01-15,150
2012-01-16,139
2012-01-17,175
2012-01-18,157
2012-01-19,128
2012-01-20,150
2012-01-21,146
2012-01-22,163
2012-01-23,136
2012-01-24,170
2012-01-25,139
2012-01-26,148
2012-01-27,138
2012-01-28,141
2012-01-29,145
2012-01-30,167
2012-01-31,172
2012-02-01,150
2012-02-02,141
2012-02-03,159
2012-02-04,158
2012-02-05,157
2012-02-06,142
2012-02-07,146
2012-02-08,137
2012-02-09,145
2012-02-10,145
2012-02-11,138
2012-02-12,150
2012-02-13,158
2012-02-14,137
2012-02-15,138
2012-02-16,134
2012-02-17,138
2012-02-18,152
2012-02-19,171
2012-02-20,158
2012-02-21,140
2012-02-22,129
2012-02-23,159
2012-02-24,166
2012-02-25,149
2012-02-26,165
2012-02-27,150
2012-02-28,154
2012-02-29,160
2012-03-01,179
2012-03-02,151
2012-03-03,134
2012-03-04,113
2012-03-05,137
2012-03-06,145
2012-03-07,137
2012-03-08,154
2012-03-09,156
2012-03-10,168
2012-03-11,165
2012-03-12,134
2012-03-13,166
2012-03-14,160
2012-03-15,137
2012-03-16,121
2012-03-17,153
2012-03-18,170
2012-03-19,160
2012-03-20,143
2012-03-21,160
2012-03-22,158
2012-03-23,158
2012-03-24,126
2012-03-25,184
2012-03-26,157
2012-03-27,151
2012-03-28,156
2012-03-29,150
2012-03-30,141
2012-03-31,154
2012-04-01,170
2012-04-02,142
2012-04-03,116
2012-04-04,133
2012-04-05,137
2012-04-06,117
2012-04-07,136
2012-04-08,129
2012-04-09,150
2012-04-10,146
2012-04-11,147
2012-04-12,141
2012-04-13,127
2012-04-14,123
2012-04-15,139
2012-04-16,107
2012-04-17,150
2012-04-18,135
2012-04-19,130
2012-04-20,157
2012-04-21,154
2012-04-22,154
2012-04-23,140
2012-04-24,135
2012-04-25,138
2012-04-26,127
2012-04-27,155
2012-04-28,135
2012-04-29,152
2012-04-30,179
2012-05-01,179
2012-05-02,170
2012-05-03,150
2012-05-04,157
2012-05-05,161
2012-05-06,167
2012-05-07,164
2012-05-08,170
2012-05-09,176
2012-05-10,166
2012-05-11,129
2012-05-12,143
2012-05-13,128
2012-05-14,140
2012-05-15,139
2012-05-16,130
2012-05-17,121
2012-05-18,116
2012-05-19,145
2012-05-20,149
2012-05-21,138
2012-05-22,126
2012-05-23,115
2012-05-24,130
2012-05-25,125
2012-05-26,121
2012-05-27,142
2012-05-28,159
2012-05-29,142
2012-05-30,126
2012-05-31,131
2012-06-01,138
2012-06-02,152
2012-06-03,160
2012-06-04,153
2012-06-05,155
2012-06-06,147
2012-06-07,153
2012-06-08,139
2012-06-09,141
2012-06-10,171
2012-06-11,166
2012-06-12,140
2012-06-13,156
2012-06-14,150
2012-06-15,156
2012-06-16,159
2012-06-17,156
2012-06-18,164
2012-06-19,175
2012-06-20,147
2012-06-21,145
2012-06-22,136
2012-06-23,138
2012-06-24,164
2012-06-25,131
2012-06-26,154
2012-06-27,149
2012-06-28,163
2012-06-29,137
2012-06-30,146
2012-07-01,132
2012-07-02,142
2012-07-03,152
2012-07-04,160
2012-07-05,150
2012-07-06,144
2012-07-07,155
2012-07-08,166
2012-07-09,153
2012-07-10,163
2012-07-11,150
2012-07-12,134
2012-07-13,150
2012-07-14,163
2012-07-15,161
2012-07-16,140
2012-07-17,150
2012-07-18,172
2012-07-19,155
2012-07-20,135
2012-07-21,148
2012-07-22,141
2012-07-23,155
2012-07-24,141
2012-07-25,161
2012-07-26,160
2012-07-27,169
2012-07-28,178
2012-07-29,153
2012-07-30,166
2012-07-31,176
2012-08-01,130
2012-08-02,134
2012-08-03,165
2012-08-04,162
2012-08-05,156
2012-08-06,139
2012-08-07,140
2012-08-08,164
2012-08-09,166
2012-08-10,170
2012-08-11,156
2012-08-12,168
2012-08-13,159
2012-08-14,160
2012-08-15,157
2012-08-16,167
2012-08-17,154
2012-08-18,138
2012-08-19,151
2012-08-20,182
2012-08-21,174
2012-08-22,173
2012-08-23,156
2012-08-24,165
2012-08-25,148
2012-08-26,138
2012-08-27,179
2012-08-28,145
2012-08-29,151
2012-08-30,168
2012-08-31,154
2012-09-01,140
2012-09-02,161
2012-09-03,164
2012-09-04,157
2012-09-05,153
2012-09-06,180
2012-09-07,171
2012-09-08,168
2012-09-09,145
2012-09-10,159
2012-09-11,150
2012-09-12,145
2012-09-13,155
2012-09-14,130
2012-09-15,162
2012-09-16,144
2012-09-17,161
2012-09-18,168
2012-09-19,167
2012-09-20,141
2012-09-21,152
2012-09-22,169
2012-09-23,157
2012-09-24,158
2012-09-25,153
2012-09-26,139
2012-09-27,140
2012-09-28,161
2012-09-29,158
2012-09-30,168
2012-10-01,159
2012-10-02,131
2012-10-03,146
2012-10-04,133
2012-10-05,131
2012-10-06,136
2012-10-07,155
2012-10-08,125
2012-10-09,178
2012-10-10,142
2012-10-11,149
2012-10-12,138
2012-10-13,149
2012-10-14,148
2012-10-15,127
2012-10-16,169
2012-10-17,155
2012-10-18,142
2012-10-19,157
2012-10-20,135
2012-10-21,158
2012-10-22,161
2012-10-23,157
2012-10-24,130
2012-10-25,162
2012-10-26,143
2012-10-27,165
2012-10-28,175
2012-10-29,166
2012-10-30,158
2012-10-31,143
2012-11-01,144
2012-11-02,137
2012-11-03,143
2012-11-04,146
2012-11-05,157
2012-11-06,160
2012-11-07,135
2012-11-08,157
2012-11-09,154
2012-11-10,152
2012-11-11,144
2012-11-12,147
2012-11-13,132
2012-11-14,140
2012-11-15,143
2012-11-16,136
2012-11-17,145
2012-11-18,140
2012-11-19,146
2012-11-20,146
2012-11-21,147
2012-11-22,152
2012-11-23,144
2012-11-24,163
2012-11-25,151
2012-11-26,146
2012-11-27,157
2012-11-28,148
2012-11-29,172
2012-11-30,166
2012-12-01,125
2012-12-02,167
2012-12-03,143
2012-12-04,147
2012-12-05,112
2012-12-06,122
2012-12-07,137
2012-12-08,129
2012-12-09,138
2012-12-10,126
2012-12-11,143
2012-12-12,144
2012-12-13,130
2012-12-14,131
2012-12-15,106
2012-12-16,116
2012-12-17,111
2012-12-18,134
2012-12-19,125
2012-12-20,142
2012-12-21,106
2012-12-22,126
2012-12-23,153
2012-12-24,122
2012-12-25,132
2012-12-26,124
2012-12-27,154
2012-12-28,156
2012-12-29,169
2012-12-30,144
2012-12-31,166
2013-01-01,158
2013-01-02,162
2013-01-03,153
2013-01-04,162
2013-01-05,153
2013-01-06,141
2013-01-07,145
2013-01-08,168
2013-01-09,133
2013-01-10,130
2013-01-11,147
2013-01-12,117
2013-01-13,122
2013-01-14,133
2013-01-15,157
2013-01-16,121
2013-01-17,131
2013-01-18,111
2013-01-19,121
2013-01-20,154
2013-01-21,130
2013-01-22,132
2013-01-23,144
2013-01-24,126
2013-01-25,156
2013-01-26,137
2013-01-27,156
2013-01-28,151
2013-01-29,147
2013-01-30,158
2013-01-31,153
2013-02-01,193
2013-02-02,147
2013-02-03,153
2013-02-04,186
2013-02-05,164
2013-02-06,167
2013-02-07,146
2013-02-08,154
2013-02-09,151
2013-02-10,143
2013-02-11,161
2013-02-12,159
2013-02-13,139
2013-02-14,171
2013-02-15,151
2013-02-16,179
2013-02-17,189
2013-02-18,188
2013-02-19,161
2013-02-20,159
2013-02-21,193
2013-02-22,176
2013-02-23,170
2013-02-24,164
2013-02-25,156
2013-02-26,205
2013-02-27,165
2013-02-28,193
2013-03-01,168
2013-03-02,152
2013-03-03,145
2013-03-04,161
2013-03-05,179
2013-03-06,139
2013-03-07,155
2013-03-08,160
2013-03-09,160
2013-03-10,169
2013-03-11,183
2013-03-12,164
2013-03-13,135
2013-03-14,157
2013-03-15,179
2013-03-16,172
2013-03-17,175
2013-03-18,209
2013-03-19,190
2013-03-20,170
2013-03-21,211
2013-03-22,218
2013-03-23,229
2013-03-24,217
2013-03-25,189
2013-03-26,144
2013-03-27,151
2013-03-28,132
2013-03-29,182
2013-03-30,174
2013-03-31,173
2013-04-01,169
2013-04-02,198
2013-04-03,181
2013-04-04,175
2013-04-05,154
2013-04-06,158
2013-04-07,163
2013-04-08,164
2013-04-09,155
2013-04-10,176
2013-04-11,191
2013-04-12,160
2013-04-13,173
2013-04-14,167
2013-04-15,153
2013-04-16,164
2013-04-17,177
2013-04-18,171
2013-04-19,147
2013-04-20,137
2013-04-21,154
2013-04-22,176
2013-04-23,153
2013-04-24,168
2013-04-25,162
2013-04-26,172
2013-04-27,171
2013-04-28,147
2013-04-29,177
2013-04-30,174
2013-05-01,149
2013-05-02,151
2013-05-03,134
2013-05-04,137
2013-05-05,159
2013-05-06,165
2013-05-07,166
2013-05-08,168
2013-05-09,165
2013-05-10,164
2013-05-11,172
2013-05-12,182
2013-05-13,168
2013-05-14,174
2013-05-15,154
2013-05-16,141
2013-05-17,148
2013-05-18,161
2013-05-19,149
2013-05-20,156
2013-05-21,129
2013-05-22,151
2013-05-23,156
2013-05-24,174
2013-05-25,169
2013-05-26,165
2013-05-27,163
2013-05-28,176
2013-05-29,158
2013-05-30,168
2013-05-31,179
2013-06-01,175
2013-06-02,213
2013-06-03,199
2013-06-04,213
2013-06-05,213
2013-06-06,184
2013-06-07,181
2013-06-08,161
2013-06-09,181
2013-06-10,159
2013-06-11,174
2013-06-12,180
2013-06-13,203
2013-06-14,186
2013-06-15,180
2013-06-16,173
2013-06-17,185
2013-06-18,145
2013-06-19,140
2013-06-20,136
2013-06-21,154
2013-06-22,168
2013-06-23,176
2013-06-24,165
2013-06-25,150
2013-06-26,157
2013-06-27,174
2013-06-28,167
2013-06-29,169
2013-06-30,169
2013-07-01,153
2013-07-02,157
2013-07-03,153
2013-07-04,184
2013-07-05,165
2013-07-06,186
2013-07-07,187
2013-07-08,186
2013-07-09,192
2013-07-10,185
2013-07-11,195
2013-07-12,174
2013-07-13,154
2013-07-14,157
2013-07-15,172
2013-07-16,164
2013-07-17,164
2013-07-18,184
2013-07-19,161
2013-07-20,171
2013-07-21,186
2013-07-22,199
2013-07-23,165
2013-07-24,141
2013-07-25,159
2013-07-26,146
2013-07-27,164
2013-07-28,181
2013-07-29,168
2013-07-30,178
2013-07-31,197
2013-08-01,190
2013-08-02,177
2013-08-03,192
2013-08-04,170
2013-08-05,179
2013-08-06,189
2013-08-07,190
2013-08-08,186
2013-08-09,205
2013-08-10,195
2013-08-11,210
2013-08-12,216
2013-08-13,216
2013-08-14,183
2013-08-15,168
2013-08-16,170
2013-08-17,168
2013-08-18,190
2013-08-19,194
2013-08-20,177
2013-08-21,190
2013-08-22,196
2013-08-23,216
2013-08-24,196
2013-08-25,183
2013-08-26,151
2013-08-27,166
2013-08-28,169
2013-08-29,178
2013-08-30,189
2013-08-31,205
2013-09-01,223
2013-09-02,221
2013-09-03,215
2013-09-04,194
2013-09-05,163
2013-09-06,179
2013-09-07,185
2013-09-08,145
2013-09-09,157
2013-09-10,203
2013-09-11,191
2013-09-12,200
2013-09-13,213
2013-09-14,204
2013-09-15,218
2013-09-16,181
2013-09-17,154
2013-09-18,179
2013-09-19,165
2013-09-20,190
2013-09-21,200
2013-09-22,189
2013-09-23,203
2013-09-24,210
2013-09-25,212
2013-09-26,206
2013-09-27,162
2013-09-28,178
2013-09-29,177
2013-09-30,170
2013-10-01,163
2013-10-02,187
2013-10-03,191
2013-10-04,199
2013-10-05,180
2013-10-06,219
2013-10-07,185
2013-10-08,156
2013-10-09,162
2013-10-10,178
2013-10-11,192
2013-10-12,185
2013-10-13,214
2013-10-14,221
2013-10-15,250
2013-10-16,260
2013-10-17,210
2013-10-18,167
2013-10-19,192
2013-10-20,223
2013-10-21,199
2013-10-22,211
2013-10-23,245
2013-10-24,221
2013-10-25,215
2013-10-26,235
2013-10-27,182
2013-10-28,179
2013-10-29,175
2013-10-30,160
2013-10-31,195
2013-11-01,211
2013-11-02,208
2013-11-03,202
2013-11-04,192
2013-11-05,195
2013-11-06,174
2013-11-07,163
2013-11-08,144
2013-11-09,134
2013-11-10,148
2013-11-11,171
2013-11-12,187
2013-11-13,201
2013-11-14,168
2013-11-15,183
2013-11-16,166
2013-11-17,194
2013-11-18,186
2013-11-19,156
2013-11-20,161
2013-11-21,164
2013-11-22,150
2013-11-23,172
2013-11-24,170
2013-11-25,168
2013-11-26,173
2013-11-27,159
2013-11-28,173
2013-11-29,181
2013-11-30,173
2013-12-01,176
2013-12-02,195
2013-12-03,159
2013-12-04,200
2013-12-05,171
2013-12-06,170
2013-12-07,208
2013-12-08,195
2013-12-09,195
2013-12-10,176
2013-12-11,192
2013-12-12,165
2013-12-13,163
2013-12-14,174
2013-12-15,198
2013-12-16,177
2013-12-17,201
2013-12-18,203
2013-12-19,199
2013-12-20,226
2013-12-21,178
2013-12-22,161
2013-12-23,169
2013-12-24,171
2013-12-25,169
2013-12-26,162
2013-12-27,180
2013-12-28,184
2013-12-29,150
2013-12-30,168
2013-12-31,173
2014-01-01,184
2014-01-02,205
2014-01-03,134
2014-01-04,161
2014-01-05,141
2014-01-06,193
2014-01-07,186
2014-01-08,177
2014-01-09,193
2014-01-10,207
2014-01-11,187
2014-01-12,210
2014-01-13,207
2014-01-14,169
2014-01-15,162
2014-01-16,184
2014-01-17,185
2014-01-18,152
2014-01-19,174
2014-01-20,169
2014-01-21,195
2014-01-22,166
2014-01-23,192
2014-01-24,177
2014-01-25,189
2014-01-26,165
2014-01-27,152
2014-01-28,174
2014-01-29,154
2014-01-30,152
2014-01-31,176
2014-02-01,184
2014-02-02,189
2014-02-03,186
2014-02-04,181
2014-02-05,172
2014-02-06,168
2014-02-07,182
2014-02-08,155
2014-02-09,182
2014-02-10,138
2014-02-11,156
2014-02-12,164
2014-02-13,178
2014-02-14,178
2014-02-15,191
2014-02-16,187
2014-02-17,195
2014-02-18,155
2014-02-19,163
2014-02-20,200
2014-02-21,177
2014-02-22,152
2014-02-23,180
2014-02-24,168
2014-02-25,191
2014-02-26,161
2014-02-27,184
2014-02-28,188
2014-03-01,181
2014-03-02,144
2014-03-03,140
2014-03-04,148
2014-03-05,149
2014-03-06,156
2014-03-07,173
2014-03-08,166
2014-03-09,168
2014-03-10,179
2014-03-11,149
2014-03-12,168
2014-03-13,182
2014-03-14,162
2014-03-15,133
2014-03-16,165
2014-03-17,171
2014-03-18,161
2014-03-19,146
2014-03-20,160
2014-03-21,177
2014-03-22,186
2014-03-23,170
2014-03-24,214
2014-03-25,188
2014-03-26,157
2014-03-27,159
2014-03-28,173
2014-03-29,174
2014-03-30,175
2014-03-31,140
2014-04-01,180
2014-04-02,171
2014-04-03,197
2014-04-04,204
2014-04-05,195
2014-04-06,171
2014-04-07,151
2014-04-08,151
2014-04-09,134
2014-04-10,161
2014-04-11,155
2014-04-12,169
2014-04-13,161
2014-04-14,187
2014-04-15,193
2014-04-16,182
2014-04-17,159
2014-04-18,169
2014-04-19,160
2014-04-20,159
2014-04-21,178
2014-04-22,171
2014-04-23,154
2014-04-24,165
2014-04-25,151
2014-04-26,182
2014-04-27,163
2014-04-28,177
2014-04-29,152
2014-04-30,171
2014-05-01,137
2014-05-02,176
2014-05-03,161
2014-05-04,142
2014-05-05,151
2014-05-06,125
2014-05-07,194
2014-05-08,159
2014-05-09,167
2014-05-10,170
2014-05-11,179
2014-05-12,152
2014-05-13,164
2014-05-14,162
2014-05-15,150
2014-05-16,172
2014-05-17,180
2014-05-18,173
2014-05-19,172
2014-05-20,168
2014-05-21,177
2014-05-22,175
2014-05-23,172
2014-05-24,165
2014-05-25,154
2014-05-26,161
2014-05-27,158
2014-05-28,136
2014-05-29,169
2014-05-30,141
2014-05-31,167
2014-06-01,147
2014-06-02,175
2014-06-03,193
2014-06-04,178
2014-06-05,181
2014-06-06,152
2014-06-07,139
2014-06-08,155
2014-06-09,136
2014-06-10,156
2014-06-11,167
2014-06-12,146
2014-06-13,172
2014-06-14,163
2014-06-15,178
2014-06-16,190
2014-06-17,188
2014-06-18,184
2014-06-19,158
2014-06-20,167
2014-06-21,186
2014-06-22,186
2014-06-23,180
2014-06-24,176
2014-06-25,188
2014-06-26,187
2014-06-27,171
2014-06-28,197
2014-06-29,182
2014-06-30,157
2014-07-01,132
2014-07-02,133
2014-07-03,137
2014-07-04,139
2014-07-05,166
2014-07-06,152
2014-07-07,142
2014-07-08,150
2014-07-09,150
2014-07-10,166
2014-07-11,149
2014-07-12,156
2014-07-13,157
2014-07-14,160
2014-07-15,135
2014-07-16,159
2014-07-17,144
2014-07-18,172
2014-07-19,172
2014-07-20,177
2014-07-21,155
2014-07-22,155
2014-07-23,142
2014-07-24,146
2014-07-25,143
2014-07-26,163
2014-07-27,134
2014-07-28,153
2014-07-29,150
2014-07-30,149
2014-07-31,172
2014-08-01,154
2014-08-02,157
2014-08-03,163
2014-08-04,154
2014-08-05,128
2014-08-06,135
2014-08-07,164
2014-08-08,160
2014-08-09,158
2014-08-10,182
2014-08-11,177
2014-08-12,182
2014-08-13,174
2014-08-14,145
2014-08-15,180
2014-08-16,165
2014-08-17,158
2014-08-18,170
2014-08-19,198
2014-08-20,186
2014-08-21,169
2014-08-22,165
2014-08-23,157
2014-08-24,162
2014-08-25,146
2014-08-26,137
2014-08-27,173
2014-08-28,169
2014-08-29,173
2014-08-30,170
2014-08-31,182
2014-09-01,188
2014-09-02,136
2014-09-03,147
2014-09-04,169
2014-09-05,158
2014-09-06,145
2014-09-07,179
2014-09-08,155
2014-09-09,144
2014-09-10,146
2014-09-11,157
2014-09-12,170
2014-09-13,154
2014-09-14,181
2014-09-15,158
2014-09-16,158
2014-09-17,171
2014-09-18,186
2014-09-19,179
2014-09-20,171
2014-09-21,176
2014-09-22,165
2014-09-23,167
2014-09-24,150
2014-09-25,156
2014-09-26,172
2014-09-27,134
2014-09-28,134
2014-09-29,130
2014-09-30,137
2014-10-01,153
2014-10-02,155
2014-10-03,138
2014-10-04,146
2014-10-05,154
2014-10-06,169
2014-10-07,161
2014-10-08,134
2014-10-09,144
2014-10-10,148
2014-10-11,155
2014-10-12,144
2014-10-13,148
2014-10-14,155
2014-10-15,132
2014-10-16,151
2014-10-17,148
2014-10-18,142
2014-10-19,164
2014-10-20,133
2014-10-21,137
2014-10-22,153
2014-10-23,159
2014-10-24,151
2014-10-25,159
2014-10-26,155
2014-10-27,125
2014-10-28,159
2014-10-29,138
2014-10-30,155
2014-10-31,170
2014-11-01,188
2014-11-02,159
2014-11-03,155
2014-11-04,169
2014-11-05,162
2014-11-06,138
2014-11-07,154
2014-11-08,150
2014-11-09,153
2014-11-10,150
2014-11-11,147
2014-11-12,129
2014-11-13,147
2014-11-14,145
2014-11-15,154
2014-11-16,140
2014-11-17,150
2014-11-18,144
2014-11-19,154
2014-11-20,141
2014-11-21,138
2014-11-22,127
2014-11-23,154
2014-11-24,142
2014-11-25,147
2014-11-26,132
2014-11-27,137
2014-11-28,141
2014-11-29,148
2014-11-30,157
2014-12-01,160
2014-12-02,130
2014-12-03,150
2014-12-04,116
2014-12-05,146
2014-12-06,156
2014-12-07,137
2014-12-08,126
2014-12-09,163
2014-12-10,142
2014-12-11,143
2014-12-12,148
2014-12-13,141
2014-12-14,146
2014-12-15,141
2014-12-16,141
2014-12-17,143
2014-12-18,128
2014-12-19,129
2014-12-20,137
2014-12-21,134
2014-12-22,132
2014-12-23,164
2014-12-24,150
2014-12-25,153
2014-12-26,158
2014-12-27,152
2014-12-28,152
2014-12-29,169
2014-12-30,164
2014-12-31,155
2015-01-01,152
2015-01-02,165
2015-01-03,165
2015-01-04,162
2015-01-05,172
2015-01-06,156
2015-01-07,158
2015-01-08,140
2015-01-09,147
2015-01-10,140
2015-01-11,147
2015-01-12,155
2015-01-13,142
2015-01-14,127
2015-01-15,145
2015-01-16,151
2015-01-17,139
2015-01-18,138
2015-01-19,153
2015-01-20,144
2015-01-21,118
2015-01-22,149
2015-01-23,135
2015-01-24,124
2015-01-25,126
2015-01-26,125
2015-01-27,127
2015-01-28,149
2015-01-29,164
2015-01-30,164
2015-01-31,138
2015-02-01,166
2015-02-02,155
2015-02-03,159
2015-02-04,127
2015-02-05,159
2015-02-06,159
2015-02-07,177
2015-02-08,159
2015-02-09,132
2015-02-10,161
2015-02-11,144
2015-02-12,158
2015-02-13,119
2015-02-14,146
2015-02-15,160
2015-02-16,140
2015-02-17,157
2015-02-18,149
2015-02-19,167
2015-02-20,166
2015-02-21,158
2015-02-22,142
2015-02-23,151
2015-02-24,142
2015-02-25,129
2015-02-26,159
2015-02-27,150
2015-02-28,152
2015-03-01,142
2015-03-02,140
2015-03-03,158
2015-03-04,158
2015-03-05,140
2015-03-06,132
2015-03-07,148
2015-03-08,140
2015-03-09,156
2015-03-10,144
2015-03-11,152
2015-03-12,154
2015-03-13,131
2015-03-14,146
2015-03-15,131
2015-03-16,143
2015-03-17,139
2015-03-18,128
2015-03-19,153
2015-03-20,138
2015-03-21,135
2015-03-22,151
2015-03-23,142
2015-03-24,145
2015-03-25,173
2015-03-26,162
2015-03-27,148
2015-03-28,171
2015-03-29,148
2015-03-30,153
2015-03-31,142
2015-04-01,150
2015-04-02,132
2015-04-03,166
2015-04-04,146
2015-04-05,153
2015-04-06,148
2015-04-07,126
2015-04-08,152
2015-04-09,125
2015-04-10,133
2015-04-11,152
2015-04-12,140
2015-04-13,128
2015-04-14,156
2015-04-15,149
2015-04-16,122
2015-04-17,138
2015-04-18,126
2015-04-19,146
2015-04-20,145
2015-04-21,154
2015-04-22,153
2015-04-23,152
2015-04-24,130
2015-04-25,124
2015-04-26,163
2015-04-27,144
2015-04-28,137
2015-04-29,153
2015-04-30,127
2015-05-01,134
2015-05-02,148
2015-05-03,147
2015-05-04,141
2015-05-05,128
2015-05-06,154
2015-05-07,161
2015-05-08,141
2015-05-09,150
2015-05-10,129
2015-05-11,129
2015-05-12,158
2015-05-13,150
2015-05-14,162
2015-05-15,154
2015-05-16,147
2015-05-17,132
2015-05-18,171
2015-05-19,144
2015-05-20,130
2015-05-21,145
2015-05-22,155
2015-05-23,138
2015-05-24,112
2015-05-25,146
2015-05-26,141
2015-05-27,144
2015-05-28,138
2015-05-29,132
2015-05-30,154
2015-05-31,136
2015-06-01,148
2015-06-02,132
2015-06-03,150
2015-06-04,142
2015-06-05,141
2015-06-06,138
2015-06-07,178
2015-06-08,149
2015-06-09,157
2015-06-10,151
2015-06-11,169
2015-06-12,135
2015-06-13,142
2015-06-14,159
2015-06-15,148
2015-06-16,144
2015-06-17,118
2015-06-18,158
2015-06-19,156
2015-06-20,147
2015-06-21,134
2015-06-22,124
2015-06-23,153
2015-06-24,140
2015-06-25,156
2015-06-26,152
2015-06-27,154
2015-06-28,129
2015-06-29,141
2015-06-30,140
2015-07-01,145
2015-07-02,135
2015-07-03,154
2015-07-04,161
2015-07-05,152
2015-07-06,142
2015-07-07,181
2015-07-08,134
2015-07-09,161
2015-07-10,133
2015-07-11,154
2015-07-12,148
2015-07-13,135
2015-07-14,148
2015-07-15,144
2015-07-16,153
2015-07-17,134
2015-07-18,147
2015-07-19,149
2015-07-20,152
2015-07-21,156
2015-07-22,127
2015-07-23,154
2015-07-24,140
2015-07-25,169
2015-07-26,154
2015-07-27,144
2015-07-28,149
2015-07-29,136
2015-07-30,153
2015-07-31,133
2015-08-01,151
2015-08-02,155
2015-08-03,151
2015-08-04,157
2015-08-05,136
2015-08-06,133
2015-08-07,143
2015-08-08,137
2015-08-09,161
2015-08-10,142
2015-08-11,167
2015-08-12,162
2015-08-13,126
2015-08-14,147
2015-08-15,142
2015-08-16,137
2015-08-17,138
2015-08-18,147
2015-08-19,141
2015-08-20,156
2015-08-21,150
2015-08-22,165
2015-08-23,158
2015-08-24,134
2015-08-25,155
2015-08-26,135
2015-08-27,161
2015-08-28,137
2015-08-29,155
2015-08-30,160
2015-08-31,150
2015-09-01,157
2015-09-02,154
2015-09-03,160
2015-09-04,146
2015-09-05,156
2015-09-06,147
2015-09-07,144
2015-09-08,152
2015-09-09,136
2015-09-10,149
2015-09-11,171
2015-09-12,158
2015-09-13,135
2015-09-14,151
2015-09-15,152
2015-09-16,160
2015-09-17,142
2015-09-18,144
2015-09-19,147
2015-09-20,125
2015-09-21,128
2015-09-22,132
2015-09-23,157
2015-09-24,158
2015-09-25,140
2015-09-26,164
2015-09-27,147
2015-09-28,149
2015-09-29,143
2015-09-30,174
2015-10-01,148
2015-10-02,149
2015-10-03,138
2015-10-04,145
2015-10-05,153
2015-10-06,153
2015-10-07,142
2015-10-08,133
2015-10-09,140
2015-10-10,126
2015-10-11,160
2015-10-12,146
2015-10-13,142
2015-10-14,137
2015-10-15,152
2015-10-16,166
2015-10-17,144
2015-10-18,136
2015-10-19,145
2015-10-20,165
2015-10-21,128
2015-10-22,144
2015-10-23,148
2015-10-24,149
2015-10-25,145
2015-10-26,155
2015-10-27,164
2015-10-28,147
2015-10-29,139
2015-10-30,151
2015-10-31,171
2015-11-01,147
2015-11-02,153
2015-11-03,153
2015-11-04,155
2015-11-05,155
2015-11-06,146
2015-11-07,145
2015-11-08,152
2015-11-09,139
2015-11-10,149
2015-11-11,146
2015-11-12,168
2015-11-13,161
2015-11-14,160
2015-11-15,142
2015-11-16,160
2015-11-17,173
2015-11-18,149
2015-11-19,153
2015-11-20,136
2015-11-21,167
2015-11-22,174
2015-11-23,172
2015-11-24,163
2015-11-25,156
2015-11-26,148
2015-11-27,176
2015-11-28,133
2015-11-29,154
2015-11-30,149
2015-12-01,162
2015-12-02,167
2015-12-03,161
2015-12-04,142
2015-12-05,153
2015-12-06,175
2015-12-07,159
2015-12-08,147
2015-12-09,175
2015-12-10,168
2015-12-11,216
2015-12-12,160
2015-12-13,162
2015-12-14,142
2015-12-15,195
2015-12-16,183
2015-12-17,163
2015-12-18,155
2015-12-19,169
2015-12-20,157
2015-12-21,165
2015-12-22,149
2015-12-23,150
2015-12-24,157
2015-12-25,138
2015-12-26,162
2015-12-27,171
2015-12-28,205
2015-12-29,151
2015-12-30,159
2015-12-31,165
2016-01-01,142
2016-01-02,135
2016-01-03,145
2016-01-04,145
2016-01-05,181
2016-01-06,157
2016-01-07,141
2016-01-08,147
2016-01-09,173
2016-01-10,151
2016-01-11,175
2016-01-12,170
2016-01-13,170
2016-01-14,148
2016-01-15,133
2016-01-16,122
2016-01-17,142
2016-01-18,151
2016-01-19,173
2016-01-20,133
2016-01-21,152
2016-01-22,137
2016-01-23,176
2016-01-24,179
2016-01-25,171
2016-01-26,162
2016-01-27,160
2016-01-28,155
2016-01-29,146
2016-01-30,169
2016-01-31,187
2016-02-01,181
2016-02-02,161
2016-02-03,180
2016-02-04,179
2016-02-05,168
2016-02-06,188
2016-02-07,200
2016-02-08,176
2016-02-09,148
2016-02-10,176
2016-02-11,164
2016-02-12,192
2016-02-13,171
2016-02-14,156
2016-02-15,166
2016-02-16,152
2016-02-17,138
2016-02-18,155
2016-02-19,169
2016-02-20,145
2016-02-21,150
2016-02-22,128
2016-02-23,127
2016-02-24,136
2016-02-25,118
2016-02-26,155
2016-02-27,140
2016-02-28,147
2016-02-29,134
2016-03-01,133
2016-03-02,141
2016-03-03,157
2016-03-04,135
2016-03-05,155
2016-03-06,150
2016-03-07,148
2016-03-08,133
2016-03-09,154
2016-03-10,168
2016-03-11,155
2016-03-12,160
2016-03-13,144
2016-03-14,133
2016-03-15,152
2016-03-16,161
2016-03-17,152
2016-03-18,141
2016-03-19,136
2016-03-20,136
2016-03-21,146
2016-03-22,139
2016-03-23,148
2016-03-24,149
2016-03-25,147
2016-03-26,146
2016-03-27,153
2016-03-28,141
2016-03-29,170
2016-03-30,157
2016-03-31,147
2016-04-01,124
2016-04-02,153
2016-04-03,139
2016-04-04,142
2016-04-05,166
2016-04-06,155
2016-04-07,157
2016-04-08,139
2016-04-09,144
2016-04-10,162
2016-04-11,173
2016-04-12,153
2016-04-13,148
2016-04-14,164
2016-04-15,164
2016-04-16,139
2016-04-17,138
2016-04-18,158
2016-04-19,134
2016-04-20,150
2016-04-21,165
2016-04-22,151
2016-04-23,143
2016-04-24,144
2016-04-25,132
2016-04-26,127
2016-04-27,151
2016-04-28,129
2016-04-29,135
2016-04-30,158
2016-05-01,146
2016-05-02,155
2016-05-03,157
2016-05-04,151
2016-05-05,167
2016-05-06,155
2016-05-07,162
2016-05-08,150
2016-05-09,168
2016-05-10,171
2016-05-11,158
2016-05-12,133
2016-05-13,139
2016-05-14,152
2016-05-15,144
2016-05-16,139
2016-05-17,141
2016-05-18,141
2016-05-19,153
2016-05-20,120
2016-05-21,149
2016-05-22,141
2016-05-23,184
2016-05-24,180
2016-05-25,147
2016-05-26,138
2016-05-27,135
2016-05-28,139
2016-05-29,133
2016-05-30,147
2016-05-31,144
2016-06-01,127
2016-06-02,143
2016-06-03,138
2016-06-04,142
2016-06-05,119
2016-06-06,170
2016-06-07,170
2016-06-08,140
2016-06-09,144
2016-06-10,165
2016-06-11,144
2016-06-12,156
2016-06-13,146
2016-06-14,161
2016-06-15,132
2016-06-16,152
2016-06-17,149
2016-06-18,149
2016-06-19,158
2016-06-20,177
2016-06-21,164
2016-06-22,149
2016-06-23,129
2016-06-24,140
2016-06-25,129
2016-06-26,162
2016-06-27,146
2016-06-28,147
2016-06-29,148
2016-06-30,146
2016-07-01,150
2016-07-02,155
2016-07-03,149
2016-07-04,154
2016-07-05,151
2016-07-06,145
2016-07-07,140
2016-07-08,137
2016-07-09,145
2016-07-10,149
2016-07-11,156
2016-07-12,143
2016-07-13,143
2016-07-14,129
2016-07-15,141
2016-07-16,135
2016-07-17,157
2016-07-18,149
2016-07-19,148
2016-07-20,128
2016-07-21,150
2016-07-22,133
2016-07-23,129
2016-07-24,131
2016-07-25,124
2016-07-26,131
2016-07-27,129
2016-07-28,128
2016-07-29,136
2016-07-30,147
2016-07-31,119
2016-08-01,154
2016-08-02,153
2016-08-03,154
2016-08-04,166
2016-08-05,153
2016-08-06,169
2016-08-07,166
2016-08-08,148
2016-08-09,148
2016-08-10,124
2016-08-11,151
2016-08-12,150
2016-08-13,149
2016-08-14,163
2016-08-15,163
2016-08-16,146
2016-08-17,135
2016-08-18,123
2016-08-19,154
2016-08-20,154
2016-08-21,155
2016-08-22,163
2016-08-23,158
2016-08-24,147
2016-08-25,152
2016-08-26,130
2016-08-27,132
2016-08-28,144
2016-08-29,152
2016-08-30,149
2016-08-31,164
2016-09-01,134
2016-09-02,140
2016-09-03,153
2016-09-04,126
2016-09-05,179
2016-09-06,140
2016-09-07,136
2016-09-08,152
2016-09-09,144
2016-09-10,142
2016-09-11,155
2016-09-12,164
2016-09-13,163
2016-09-14,165
2016-09-15,156
2016-09-16,154
2016-09-17,139
2016-09-18,163
2016-09-19,145
2016-09-20,133
2016-09-21,151
2016-09-22,166
2016-09-23,141
2016-09-24,136
2016-09-25,166
2016-09-26,185
2016-09-27,153
2016-09-28,167
2016-09-29,148
2016-09-30,143
2016-10-01,142
2016-10-02,157
2016-10-03,141
2016-10-04,151
2016-10-05,158
2016-10-06,167
2016-10-07,161
2016-10-08,143
2016-10-09,169
2016-10-10,160
2016-10-11,124
2016-10-12,139
2016-10-13,144
2016-10-14,128
2016-10-15,136
2016-10-16,142
2016-10-17,130
2016-10-18,125
2016-10-19,155
2016-10-20,125
2016-10-21,134
2016-10-22,164
2016-10-23,149
2016-10-24,144
2016-10-25,143
2016-10-26,139
2016-10-27,138
2016-10-28,162
2016-10-29,152
2016-10-30,149
2016-10-31,168
2016-11-01,147
2016-11-02,144
2016-11-03,133
2016-11-04,155
2016-11-05,116
2016-11-06,147
2016-11-07,153
2016-11-08,146
2016-11-09,169
2016-11-10,147
2016-11-11,168
2016-11-12,163
2016-11-13,168
2016-11-14,142
2016-11-15,172
2016-11-16,156
2016-11-17,171
2016-11-18,159
2016-11-19,148
2016-11-20,142
2016-11-21,128
2016-11-22,139
2016-11-23,134
2016-11-24,147
2016-11-25,162
2016-11-26,152
2016-11-27,153
2016-11-28,144
2016-11-29,164
2016-11-30,149
2016-12-01,142
2016-12-02,146
2016-12-03,143
2016-12-04,172
2016-12-05,148
2016-12-06,152
2016-12-07,150
2016-12-08,174
2016-12-09,157
2016-12-10,135
2016-12-11,132
2016-12-12,187
2016-12-13,156
2016-12-14,178
2016-12-15,139
2016-12-16,127
2016-12-17,133
2016-12-18,144
2016-12-19,141
2016-12-20,151
2016-12-21,138
2016-12-22,159
2016-12-23,159
2016-12-24,152
2016-12-25,137
2016-12-26,165
2016-12-27,142
2016-12-28,156
2016-12-29,164
2016-12-30,150
2016-12-31,157
2017-01-01,148
2017-01-02,156
2017-01-03,159
2017-01-04,164
2017-01-05,153
2017-01-06,140
2017-01-07,161
2017-01-08,138
2017-01-09,167
2017-01-10,136
2017-01-11,160
2017-01-12,153
2017-01-13,172
2017-01-14,150
2017-01-15,172
2017-01-16,167
2017-01-17,169
2017-01-18,158
2017-01-19,150
2017-01-20,174
2017-01-21,189
2017-01-22,181
2017-01-23,174
2017-01-24,138
2017-01-25,149
2017-01-26,149
2017-01-27,155
2017-01-28,170
2017-01-29,152
2017-01-30,167
2017-01-31,144
2017-02-01,145
2017-02-02,192
2017-02-03,157
2017-02-04,149
2017-02-05,144
2017-02-06,159
2017-02-07,125
2017-02-08,151
2017-02-09,146
2017-02-10,169
2017-02-11,147
2017-02-12,139
2017-02-13,140
2017-02-14,163
2017-02-15,169
2017-02-16,139
2017-02-17,151
2017-02-18,151
2017-02-19,151
2017-02-20,134
2017-02-21,148
2017-02-22,138
2017-02-23,138
2017-02-24,150
2017-02-25,163
2017-02-26,167
2017-02-27,178
2017-02-28,144
2017-03-01,153
2017-03-02,144
2017-03-03,157
2017-03-04,151
2017-03-05,132
2017-03-06,147
2017-03-07,142
2017-03-08,153
2017-03-09,142
2017-03-10,148
2017-03-11,156
2017-03-12,149
2017-03-13,155
2017-03-14,145
2017-03-15,156
2017-03-16,142
2017-03-17,153
2017-03-18,154
2017-03-19,157
2017-03-20,165
2017-03-21,136
2017-03-22,142
2017-03-23,159
2017-03-24,148
2017-03-25,176
2017-03-26,134
2017-03-27,165
2017-03-28,132
2017-03-29,155
2017-03-30,138
2017-03-31,164
2017-04-01,135
2017-04-02,132
2017-04-03,158
2017-04-04,176
2017-04-05,125
2017-04-06,162
2017-04-07,147
2017-04-08,162
2017-04-09,137
2017-04-10,159
2017-04-11,147
2017-04-12,167
2017-04-13,142
2017-04-14,127
2017-04-15,139
2017-04-16,150
2017-04-17,146
2017-04-18,138
2017-04-19,146
2017-04-20,143
2017-04-21,138
2017-04-22,167
2017-04-23,145
2017-04-24,153
2017-04-25,124
2017-04-26,148
2017-04-27,153
2017-04-28,147
2017-04-29,136
2017-04-30,173
2017-05-01,151
2017-05-02,150
2017-05-03,158
2017-05-04,132
2017-05-05,168
2017-05-06,129
2017-05-07,168
2017-05-08,167
2017-05-09,180
2017-05-10,155
2017-05-11,148
2017-05-12,135
2017-05-13,154
2017-05-14,158
2017-05-15,164
2017-05-16,170
2017-05-17,132
2017-05-18,155
2017-05-19,142
2017-05-20,164
2017-05-21,165
2017-05-22,147
2017-05-23,146
2017-05-24,168
2017-05-25,154
2017-05-26,163
2017-05-27,153
2017-05-28,168
2017-05-29,165
2017-05-30,151
2017-05-31,179
2017-06-01,164
2017-06-02,170
2017-06-03,146
2017-06-04,192
2017-06-05,161
2017-06-06,164
2017-06-07,151
2017-06-08,165
2017-06-09,165
2017-06-10,151
2017-06-11,141
2017-06-12,146
2017-06-13,147
2017-06-14,141
2017-06-15,141
2017-06-16,152
2017-06-17,148
2017-06-18,145
2017-06-19,145
2017-06-20,152
2017-06-21,137
2017-06-22,140
2017-06-23,139
2017-06-24,160
2017-06-25,146
2017-06-26,122
2017-06-27,142
2017-06-28,131
2017-06-29,157
2017-06-30,120
2017-07-01,154
2017-07-02,164
2017-07-03,188
2017-07-04,170
2017-07-05,153
2017-07-06,149
2017-07-07,142
2017-07-08,148
2017-07-09,165
2017-07-10,138
2017-07-11,197
2017-07-12,173
2017-07-13,177
2017-07-14,157
2017-07-15,139
2017-07-16,127
2017-07-17,163
2017-07-18,148
2017-07-19,165
2017-07-20,149
2017-07-21,162
2017-07-22,154
2017-07-23,160
2017-07-24,172
2017-07-25,178
2017-07-26,148
2017-07-27,147
2017-07-28,154
2017-07-29,150
2017-07-30,157
2017-07-31,147
2017-08-01,145
2017-08-02,149
2017-08-03,152
2017-08-04,138
2017-08-05,179
2017-08-06,177
2017-08-07,140
2017-08-08,153
2017-08-09,164
2017-08-10,138
2017-08-11,134
2017-08-12,144
2017-08-13,135
2017-08-14,148
2017-08-15,130
2017-08-16,152
2017-08-17,130
2017-08-18,179
2017-08-19,149
2017-08-20,151
2017-08-21,130
2017-08-22,115
2017-08-23,89
2017-08-24,159
2017-08-25,101
2017-08-26,101
2017-08-27,105
2017-08-28,155
2017-08-29,129
2017-08-30,149
2017-08-31,168
2017-09-01,163
2017-09-02,174
2017-09-03,164
2017-09-04,154
2017-09-05,175
2017-09-06,197
2017-09-07,162
2017-09-08,176
2017-09-09,175
2017-09-10,169
2017-09-11,138
2017-09-12,174
2017-09-13,188
2017-09-14,190
2017-09-15,174
2017-09-16,180
2017-09-17,169
2017-09-18,176
2017-09-19,127
2017-09-20,156
2017-09-21,117
2017-09-22,176
2017-09-23,139
2017-09-24,166
2017-09-25,145
2017-09-26,125
2017-09-27,138
2017-09-28,147
2017-09-29,177
2017-09-30,169
2017-10-01,138
2017-10-02,130
2017-10-03,150
2017-10-04,183
2017-10-05,134
2017-10-06,125
2017-10-07,159
2017-10-08,158
2017-10-09,182
2017-10-10,161
2017-10-11,160
2017-10-12,139
2017-10-13,153
2017-10-14,136
2017-10-15,141
2017-10-16,195
2017-10-17,174
2017-10-18,164
2017-10-19,151
2017-10-20,178
2017-10-21,179
2017-10-22,153
2017-10-23,182
2017-10-24,171
2017-10-25,167
2017-10-26,185
2017-10-27,180
2017-10-28,104
2017-10-29,85
2017-10-30,154
2017-10-31,147
2017-11-01,138
2017-11-02,156
2017-11-03,150
2017-11-04,119
2017-11-05,130
2017-11-06,141
2017-11-07,133
2017-11-08,156
2017-11-09,144
2017-11-10,153
2017-11-11,120
2017-11-12,80
2017-11-13,80
2017-11-14,140
2017-11-15,128
2017-11-16,152
2017-11-17,152
2017-11-18,167
2017-11-19,136
2017-11-20,160
2017-11-21,175
2017-11-22,173
2017-11-23,148
2017-11-24,157
2017-11-25,149
2017-11-26,156
2017-11-27,153
2017-11-28,170
2017-11-29,156
2017-11-30,173
2017-12-01,167
2017-12-02,183
2017-12-03,161
2017-12-04,176
2017-12-05,181
2017-12-06,178
2017-12-07,188
2017-12-08,152
2017-12-09,156
2017-12-10,174
2017-12-11,164
2017-12-12,171
2017-12-13,156
2017-12-14,186
2017-12-15,185
2017-12-16,169
2017-12-17,171
2017-12-18,185
2017-12-19,182
2017-12-20,140
2017-12-21,136
2017-12-22,132
2017-12-23,155
2017-12-24,139
2017-12-25,152
2017-12-26,135
2017-12-27,142
2017-12-28,156
2017-12-29,149
2017-12-30,165
2017-12-31,147
2018-01-01,163
2018-01-02,156
2018-01-03,171
2018-01-04,157
2018-01-05,168
2018-01-06,143
2018-01-07,168
2018-01-08,162
2018-01-09,166
2018-01-10,164
2018-01-11,166
2018-01-12,193
2018-01-13,178
2018-01-14,149
2018-01-15,155
2018-01-16,150
2018-01-17,159
2018-01-18,167
2018-01-19,173
2018-01-20,165
2018-01-21,178
2018-01-22,187
2018-01-23,167
2018-01-24,177
2018-01-25,176
2018-01-26,158
2018-01-27,155
2018-01-28,157
2018-01-29,158
2018-01-30,148
2018-01-31,167
2018-02-01,117
2018-02-02,160
2018-02-03,168
2018-02-04,158
2018-02-05,178
2018-02-06,185
2018-02-07,170
2018-02-08,141
2018-02-09,131
2018-02-10,135
2018-02-11,143
2018-02-12,151
2018-02-13,166
2018-02-14,164
2018-02-15,179
2018-02-16,131
2018-02-17,157
2018-02-18,149
2018-02-19,162
2018-02-20,162
2018-02-21,141
2018-02-22,169
2018-02-23,149
2018-02-24,148
2018-02-25,145
2018-02-26,171
2018-02-27,141
2018-02-28,160
2018-03-01,155
2018-03-02,165
2018-03-03,156
2018-03-04,180
2018-03-05,148
2018-03-06,149
2018-03-07,156
2018-03-08,157
2018-03-09,162
2018-03-10,146
2018-03-11,140
2018-03-12,153
2018-03-13,161
2018-03-14,158
2018-03-15,144
2018-03-16,144
2018-03-17,156
2018-03-18,149
2018-03-19,151
2018-03-20,155
2018-03-21,127
2018-03-22,152
2018-03-23,143
2018-03-24,133
2018-03-25,156
2018-03-26,135
2018-03-27,150
2018-03-28,152
2018-03-29,135
2018-03-30,152
2018-03-31,162
2018-04-01,128
2018-04-02,162
2018-04-03,156
2018-04-04,163
2018-04-05,147
2018-04-06,156
2018-04-07,138
2018-04-08,180
2018-04-09,161
2018-04-10,147
2018-04-11,164
2018-04-12,161
2018-04-13,154
2018-04-14,165
2018-04-15,137
2018-04-16,163
2018-04-17,141
2018-04-18,162
2018-04-19,160
2018-04-20,178
2018-04-21,137
2018-04-22,159
2018-04-23,160
2018-04-24,153
2018-04-25,159
2018-04-26,123
2018-04-27,141
2018-04-28,142
2018-04-29,128
2018-04-30,158
2018-05-01,155
2018-05-02,158
2018-05-03,140
2018-05-04,151
2018-05-05,138
2018-05-06,161
2018-05-07,137
2018-05-08,150
2018-05-09,139
2018-05-10,160
2018-05-11,154
2018-05-12,127
2018-05-13,165
2018-05-14,148
2018-05-15,132
2018-05-16,146
2018-05-17,179
2018-05-18,132
2018-05-19,148
2018-05-20,154
2018-05-21,144
2018-05-22,157
2018-05-23,151
2018-05-24,162
2018-05-25,143
2018-05-26,176
2018-05-27,162
2018-05-28,164
2018-05-29,156
2018-05-30,139
2018-05-31,174
2018-06-01,170
2018-06-02,166
2018-06-03,152
2018-06-04,163
2018-06-05,183
2018-06-06,175
2018-06-07,147
2018-06-08,143
2018-06-09,145
2018-06-10,143
2018-06-11,127
2018-06-12,140
2018-06-13,145
2018-06-14,143
2018-06-15,153
2018-06-16,153
2018-06-17,166
2018-06-18,157
2018-06-19,164
2018-06-20,155
2018-06-21,155
2018-06-22,170
2018-06-23,151
2018-06-24,160
2018-06-25,171
2018-06-26,157
2018-06-27,147
2018-06-28,120
2018-06-29,157
2018-06-30,151
2018-07-01,141
2018-07-02,147
2018-07-03,141
2018-07-04,116
2018-07-05,134
2018-07-06,137
2018-07-07,160
2018-07-08,156
2018-07-09,158
2018-07-10,136
2018-07-11,149
2018-07-12,135
2018-07-13,141
2018-07-14,143
2018-07-15,133
2018-07-16,133
2018-07-17,120
2018-07-18,159
2018-07-19,174
2018-07-20,171
2018-07-21,154
2018-07-22,137
2018-07-23,182
2018-07-24,166
2018-07-25,159
2018-07-26,177
2018-07-27,165
2018-07-28,167
2018-07-29,145
2018-07-30,170
2018-07-31,134
2018-08-01,147
2018-08-02,150
2018-08-03,153
2018-08-04,166
2018-08-05,176
2018-08-06,160
2018-08-07,131
2018-08-08,151
2018-08-09,157
2018-08-10,149
2018-08-11,176
2018-08-12,170
2018-08-13,155
2018-08-14,150
2018-08-15,136
2018-08-16,161
2018-08-17,158
2018-08-18,152
2018-08-19,160
2018-08-20,145
2018-08-21,150
2018-08-22,148
2018-08-23,160
2018-08-24,149
2018-08-25,146
2018-08-26,135
2018-08-27,173
2018-08-28,185
2018-08-29,153
2018-08-30,139
2018-08-31,154
2018-09-01,155
2018-09-02,151
2018-09-03,144
2018-09-04,144
2018-09-05,126
2018-09-06,132
2018-09-07,150
2018-09-08,152
2018-09-09,150
2018-09-10,163
2018-09-11,135
2018-09-12,141
2018-09-13,168
2018-09-14,148
2018-09-15,132
2018-09-16,140
2018-09-17,139
2018-09-18,135
2018-09-19,142
2018-09-20,156
2018-09-21,154
2018-09-22,144
2018-09-23,155
2018-09-24,150
2018-09-25,148
2018-09-26,169
2018-09-27,139
2018-09-28,143