Date,Block Interval
2009-01-10,329
2009-01-11,1151
2009-01-12,920
2009-01-13,790
2009-01-14,701
2009-01-15,665
2009-01-16,679
2009-01-17,804
2009-01-18,792
2009-01-19,806
2009-01-20,748
2009-01-21,761
2009-01-22,746
2009-01-23,956
2009-01-24,1036
2009-01-25,428
2009-01-26,451
2009-01-27,903
2009-01-28,889
2009-01-29,774
2009-01-30,712
2009-01-31,737
2009-02-01,630
2009-02-02,762
2009-02-03,677
2009-02-04,619
2009-02-05,721
2009-02-06,687
2009-02-07,703
2009-02-08,666
2009-02-09,656
2009-02-10,647
2009-02-11,720
2009-02-12,650
2009-02-13,715
2009-02-14,702
2009-02-15,635
2009-02-16,676
2009-02-17,708
2009-02-18,743
2009-02-19,733
2009-02-20,697
2009-02-21,711
2009-02-22,757
2009-02-23,714
2009-02-24,792
2009-02-25,812
2009-02-26,818
2009-02-27,812
2009-02-28,746
2009-03-01,879
2009-03-02,816
2009-03-03,800
2009-03-04,822
2009-03-05,836
2009-03-06,767
2009-03-07,725
2009-03-08,790
2009-03-09,753
2009-03-10,793
2009-03-11,799
2009-03-12,764
2009-03-13,730
2009-03-14,769
2009-03-15,783
2009-03-16,698
2009-03-17,711
2009-03-18,756
2009-03-19,753
2009-03-20,706
2009-03-21,728
2009-03-22,1560
2009-03-23,698
2009-03-24,667
2009-03-25,813
2009-03-26,734
2009-03-27,741
2009-03-28,802
2009-03-29,725
2009-03-30,744
2009-03-31,717
2009-04-01,782
2009-04-02,761
2009-04-03,745
2009-04-04,747
2009-04-05,766
2009-04-06,667
2009-04-07,794
2009-04-08,867
2009-04-09,826
2009-04-10,862
2009-04-11,802
2009-04-12,707
2009-04-13,733
2009-04-14,746
2009-04-15,696
2009-04-16,766
2009-04-17,707
2009-04-18,771
2009-04-19,680
2009-04-20,730
2009-04-21,727
2009-04-22,700
2009-04-23,711
2009-04-24,1161
2009-04-25,750
2009-04-26,732
2009-04-27,777
2009-04-28,828
2009-04-29,735
2009-04-30,672
2009-05-01,659
2009-05-02,713
2009-05-03,677
2009-05-04,813
2009-05-05,679
2009-05-06,632
2009-05-07,640
2009-05-08,713
2009-05-09,762
2009-05-10,1076
2009-05-11,1015
2009-05-12,715
2009-05-13,666
2009-05-14,773
2009-05-15,626
2009-05-16,631
2009-05-17,724
2009-05-18,682
2009-05-19,733
2009-05-20,1008
2009-05-21,720
2009-05-22,1045
2009-05-23,814
2009-05-24,1067
2009-05-25,869
2009-05-26,783
2009-05-27,696
2009-05-28,719
2009-05-29,913
2009-05-30,802
2009-05-31,780
2009-06-01,733
2009-06-02,991
2009-06-03,781
2009-06-04,903
2009-06-05,1316
2009-06-06,835
2009-06-07,2040
2009-06-08,1015
2009-06-09,1056
2009-06-10,944
2009-06-11,1039
2009-06-12,969
2009-06-13,1004
2009-06-14,1098
2009-06-15,1210
2009-06-16,1029
2009-06-17,1188
2009-06-18,1100
2009-06-19,1083
2009-06-20,987
2009-06-21,1078
2009-06-22,1057
2009-06-23,1130
2009-06-24,1118
2009-06-25,908
2009-06-26,1257
2009-06-27,969
2009-06-28,1030
2009-06-29,1884
2009-06-30,1039
2009-07-01,997
2009-07-02,1133
2009-07-03,1040
2009-07-04,1035
2009-07-05,960
2009-07-06,1091
2009-07-07,994
2009-07-08,1266
2009-07-09,1161
2009-07-10,1007
2009-07-11,1044
2009-07-12,1040
2009-07-13,1108
2009-07-14,1107
2009-07-15,1262
2009-07-16,1936
2009-07-17,1217
2009-07-18,1265
2009-07-19,21544
2009-07-20,1044
2009-07-21,1217
2009-07-22,1058
2009-07-23,1264
2009-07-24,1143
2009-07-25,1160
2009-07-26,1737
2009-07-27,2918
2009-07-28,1139
2009-07-29,2056
2009-07-30,3566
2009-07-31,6080
2009-08-01,4886
2009-08-02,2841
2009-08-03,3831
2009-08-04,6848
2009-08-05,961
2009-08-06,997
2009-08-07,969
2009-08-08,1072
2009-08-09,1068
2009-08-10,861
2009-08-11,1151
2009-08-12,1226
2009-08-13,1369
2009-08-14,1018
2009-08-15,1328
2009-08-16,3288
2009-08-17,3158
2009-08-18,4737
2009-08-19,8358
2009-08-20,4829
2009-08-21,3882
2009-08-22,6346
2009-08-23,12578
2009-08-24,5505
2009-08-25,5300
2009-08-26,1501
2009-08-27,1585
2009-08-28,2999
2009-08-29,1153
2009-08-30,1087
2009-08-31,885
2009-09-01,1006
2009-09-02,1053
2009-09-03,1273
2009-09-04,1419
2009-09-05,1320
2009-09-06,1136
2009-09-07,1216
2009-09-08,1117
2009-09-09,1243
2009-09-10,1595
2009-09-11,1290
2009-09-12,1299
2009-09-13,1231
2009-09-14,1145
2009-09-15,1131
2009-09-16,1836
2009-09-17,1161
2009-09-18,1012
2009-09-19,1099
2009-09-20,1182
2009-09-21,1101
2009-09-22,1249
2009-09-23,3361
2009-09-24,2425
2009-09-25,883
2009-09-26,944
2009-09-27,860
2009-09-28,1003
2009-09-29,1020
2009-09-30,966
2009-10-01,995
2009-10-02,1042
2009-10-03,1181
2009-10-04,1473
2009-10-05,1609
2009-10-06,1554
2009-10-07,1823
2009-10-08,1398
2009-10-09,1225
2009-10-10,1078
2009-10-11,1119
2009-10-12,1172
2009-10-13,1463
2009-10-14,1524
2009-10-15,1233
2009-10-16,1214
2009-10-17,1428
2009-10-18,1513
2009-10-19,1162
2009-10-20,771
2009-10-21,913
2009-10-22,1067
2009-10-23,966
2009-10-24,947
2009-10-25,1367
2009-10-26,1109
2009-10-27,1208
2009-10-28,1319
2009-10-29,1238
2009-10-30,1915
2009-10-31,1424
2009-11-01,1891
2009-11-02,3577
2009-11-03,2604
2009-11-04,1363
2009-11-05,1374
2009-11-06,1470
2009-11-07,1378
2009-11-08,1228
2009-11-09,1191
2009-11-10,1356
2009-11-11,1101
2009-11-12,1318
2009-11-13,1310
2009-11-14,1041
2009-11-15,1057
2009-11-16,888
2009-11-17,887
2009-11-18,941
2009-11-19,1098
2009-11-20,1239
2009-11-21,989
2009-11-22,1188
2009-11-23,815
2009-11-24,904
2009-11-25,923
2009-11-26,950
2009-11-27,1030
2009-11-28,1181
2009-11-29,1220
2009-11-30,1457
2009-12-01,1144
2009-12-02,1162
2009-12-03,915
2009-12-04,927
2009-12-05,2375
2009-12-06,1342
2009-12-07,817
2009-12-08,754
2009-12-09,806
2009-12-10,872
2009-12-11,829
2009-12-12,750
2009-12-13,780
2009-12-14,759
2009-12-15,846
2009-12-16,778
2009-12-17,630
2009-12-18,514
2009-12-19,383
2009-12-20,435
2009-12-21,483
2009-12-22,492
2009-12-23,531
2009-12-24,564
2009-12-25,561
2009-12-26,574
2009-12-27,497
2009-12-28,508
2009-12-29,615
2009-12-30,493
2009-12-31,615
2010-01-01,599
2010-01-02,651
2010-01-03,669
2010-01-04,450
2010-01-05,478
2010-01-06,438
2010-01-07,525
2010-01-08,562
2010-01-09,567
2010-01-10,570
2010-01-11,453
2010-01-12,535
2010-01-13,530
2010-01-14,526
2010-01-15,587
2010-01-16,613
2010-01-17,690
2010-01-18,653
2010-01-19,690
2010-01-20,695
2010-01-21,548
2010-01-22,491
2010-01-23,654
2010-01-24,538
2010-01-25,561
2010-01-26,407
2010-01-27,439
2010-01-28,525
2010-01-29,483
2010-01-30,440
2010-01-31,411
2010-02-01,524
2010-02-02,465
2010-02-03,577
2010-02-04,319
2010-02-05,375
2010-02-06,386
2010-02-07,450
2010-02-08,393
2010-02-09,432
2010-02-10,419
2010-02-11,513
2010-02-12,511
2010-02-13,462
2010-02-14,369
2010-02-15,414
2010-02-16,489
2010-02-17,445
2010-02-18,360
2010-02-19,414
2010-02-20,450
2010-02-21,413
2010-02-22,388
2010-02-23,331
2010-02-24,346
2010-02-25,507
2010-02-26,562
2010-02-27,503
2010-02-28,493
2010-03-01,549
2010-03-02,442
2010-03-03,461
2010-03-04,565
2010-03-05,464
2010-03-06,499
2010-03-07,489
2010-03-08,482
2010-03-09,691
2010-03-10,590
2010-03-11,531
2010-03-12,653
2010-03-13,713
2010-03-14,566
2010-03-15,691
2010-03-16,624
2010-03-17,690
2010-03-18,634
2010-03-19,608
2010-03-20,556
2010-03-21,450
2010-03-22,464
2010-03-23,484
2010-03-24,415
2010-03-25,497
2010-03-26,463
2010-03-27,440
2010-03-28,482
2010-03-29,465
2010-03-30,442
2010-03-31,401
2010-04-01,412
2010-04-02,510
2010-04-03,532
2010-04-04,535
2010-04-05,504
2010-04-06,564
2010-04-07,544
2010-04-08,445
2010-04-09,471
2010-04-10,455
2010-04-11,330
2010-04-12,388
2010-04-13,423
2010-04-14,454
2010-04-15,477
2010-04-16,400
2010-04-17,416
2010-04-18,387
2010-04-19,352
2010-04-20,372
2010-04-21,423
2010-04-22,395
2010-04-23,545
2010-04-24,563
2010-04-25,513
2010-04-26,541
2010-04-27,530
2010-04-28,478
2010-04-29,482
2010-04-30,590
2010-05-01,592
2010-05-02,467
2010-05-03,558
2010-05-04,537
2010-05-05,635
2010-05-06,631
2010-05-07,583
2010-05-08,649
2010-05-09,552
2010-05-10,604
2010-05-11,660
2010-05-12,740
2010-05-13,681
2010-05-14,664
2010-05-15,683
2010-05-16,950
2010-05-17,720
2010-05-18,604
2010-05-19,509
2010-05-20,524
2010-05-21,423
2010-05-22,483
2010-05-23,443
2010-05-24,409
2010-05-25,455
2010-05-26,408
2010-05-27,388
2010-05-28,451
2010-05-29,388
2010-05-30,470
2010-05-31,579
2010-06-01,605
2010-06-02,628
2010-06-03,588
2010-06-04,571
2010-06-05,692
2010-06-06,580
2010-06-07,580
2010-06-08,552
2010-06-09,537
2010-06-10,510
2010-06-11,540
2010-06-12,505
2010-06-13,642
2010-06-14,499
2010-06-15,538
2010-06-16,471
2010-06-17,585
2010-06-18,585
2010-06-19,577
2010-06-20,576
2010-06-21,466
2010-06-22,552
2010-06-23,555
2010-06-24,462
2010-06-25,513
2010-06-26,574
2010-06-27,535
2010-06-28,487
2010-06-29,571
2010-06-30,510
2010-07-01,467
2010-07-02,405
2010-07-03,514
2010-07-04,407
2010-07-05,520
2010-07-06,484
2010-07-07,506
2010-07-08,555
2010-07-09,556
2010-07-10,434
2010-07-11,436
2010-07-12,483
2010-07-13,131
2010-07-14,125
2010-07-15,149
2010-07-16,138
2010-07-17,171
2010-07-18,491
2010-07-19,480
2010-07-20,494
2010-07-21,477
2010-07-22,418
2010-07-23,487
2010-07-24,446
2010-07-25,454
2010-07-26,369
2010-07-27,353
2010-07-28,523
2010-07-29,535
2010-07-30,481
2010-07-31,476
2010-08-01,425
2010-08-02,358
2010-08-03,355
2010-08-04,379
2010-08-05,353
2010-08-06,395
2010-08-07,588
2010-08-08,555
2010-08-09,435
2010-08-10,457
2010-08-11,447
2010-08-12,369
2010-08-13,398
2010-08-14,403
2010-08-15,307
2010-08-16,418
2010-08-17,591
2010-08-18,660
2010-08-19,651
2010-08-20,638
2010-08-21,440
2010-08-22,499
2010-08-23,408
2010-08-24,405
2010-08-25,400
2010-08-26,396
2010-08-27,410
2010-08-28,507
2010-08-29,506
2010-08-30,532
2010-08-31,578
2010-09-01,469
2010-09-02,539
2010-09-03,549
2010-09-04,522
2010-09-05,476
2010-09-06,521
2010-09-07,537
2010-09-08,510
2010-09-09,523
2010-09-10,638
2010-09-11,487
2010-09-12,543
2010-09-13,488
2010-09-14,508
2010-09-15,422
2010-09-16,511
2010-09-17,395
2010-09-18,415
2010-09-19,362
2010-09-20,414
2010-09-21,426
2010-09-22,503
2010-09-23,493
2010-09-24,370
2010-09-25,377
2010-09-26,416
2010-09-27,419
2010-09-28,370
2010-09-29,409
2010-09-30,527
2010-10-01,584
2010-10-02,560
2010-10-03,859
2010-10-04,705
2010-10-05,567
2010-10-06,674
2010-10-07,508
2010-10-08,539
2010-10-09,548
2010-10-10,544
2010-10-11,486
2010-10-12,543
2010-10-13,554
2010-10-14,489
2010-10-15,421
2010-10-16,481
2010-10-17,333
2010-10-18,320
2010-10-19,347
2010-10-20,335
2010-10-21,326
2010-10-22,451
2010-10-23,554
2010-10-24,493
2010-10-25,423
2010-10-26,427
2010-10-27,358
2010-10-28,399
2010-10-29,393
2010-10-30,388
2010-10-31,338
2010-11-01,478
2010-11-02,484
2010-11-03,490
2010-11-04,452
2010-11-05,424
2010-11-06,395
2010-11-07,393
2010-11-08,357
2010-11-09,315
2010-11-10,396
2010-11-11,424
2010-11-12,392
2010-11-13,498
2010-11-14,386
2010-11-15,337
2010-11-16,430
2010-11-17,434
2010-11-18,349
2010-11-19,335
2010-11-20,557
2010-11-21,744
2010-11-22,619
2010-11-23,527
2010-11-24,613
2010-11-25,485
2010-11-26,474
2010-11-27,447
2010-11-28,482
2010-11-29,502
2010-11-30,410
2010-12-01,419
2010-12-02,455
2010-12-03,458
2010-12-04,457
2010-12-05,376
2010-12-06,361
2010-12-07,356
2010-12-08,362
2010-12-09,360
2010-12-10,381
2010-12-11,581
2010-12-12,492
2010-12-13,506
2010-12-14,609
2010-12-15,506
2010-12-16,436
2010-12-17,502
2010-12-18,523
2010-12-19,535
2010-12-20,470
2010-12-21,546
2010-12-22,439
2010-12-23,549
2010-12-24,590
2010-12-25,569
2010-12-26,512
2010-12-27,598
2010-12-28,516
2010-12-29,511
2010-12-30,524
2010-12-31,511
2011-01-01,526
2011-01-02,478
2011-01-03,494
2011-01-04,540
2011-01-05,613
2011-01-06,557
2011-01-07,608
2011-01-08,529
2011-01-09,508
2011-01-10,531
2011-01-11,515
2011-01-12,503
2011-01-13,513
2011-01-14,454
2011-01-15,478
2011-01-16,544
2011-01-17,493
2011-01-18,472
2011-01-19,601
2011-01-20,507
2011-01-21,461
2011-01-22,494
2011-01-23,526
2011-01-24,506
2011-01-25,456
2011-01-26,552
2011-01-27,480
2011-01-28,538
2011-01-29,530
2011-01-30,526
2011-01-31,556
2011-02-01,501
2011-02-02,525
2011-02-03,540
2011-02-04,540
2011-02-05,446
2011-02-06,482
2011-02-07,482
2011-02-08,421
2011-02-09,508
2011-02-10,451
2011-02-11,464
2011-02-12,455
2011-02-13,440
2011-02-14,435
2011-02-15,439
2011-02-16,383
2011-02-17,373
2011-02-18,374
2011-02-19,409
2011-02-20,537
2011-02-21,435
2011-02-22,446
2011-02-23,404
2011-02-24,354
2011-02-25,416
2011-02-26,383
2011-02-27,313
2011-02-28,352
2011-03-01,564
2011-03-02,662
2011-03-03,515
2011-03-04,464
2011-03-05,390
2011-03-06,308
2011-03-07,314
2011-03-08,406
2011-03-09,464
2011-03-10,539
2011-03-11,788
2011-03-12,665
2011-03-13,618
2011-03-14,728
2011-03-15,761
2011-03-16,758
2011-03-17,632
2011-03-18,614
2011-03-19,720
2011-03-20,743
2011-03-21,633
2011-03-22,569
2011-03-23,726
2011-03-24,543
2011-03-25,567
2011-03-26,490
2011-03-27,629
2011-03-28,597
2011-03-29,516
2011-03-30,525
2011-03-31,540
2011-04-01,422
2011-04-02,488
2011-04-03,482
2011-04-04,487
2011-04-05,484
2011-04-06,422
2011-04-07,572
2011-04-08,593
2011-04-09,517
2011-04-10,549
2011-04-11,500
2011-04-12,532
2011-04-13,515
2011-04-14,442
2011-04-15,537
2011-04-16,630
2011-04-17,497
2011-04-18,479
2011-04-19,576
2011-04-20,547
2011-04-21,597
2011-04-22,586
2011-04-23,488
2011-04-24,496
2011-04-25,530
2011-04-26,441
2011-04-27,443
2011-04-28,470
2011-04-29,523
2011-04-30,427
2011-05-01,455
2011-05-02,477
2011-05-03,439
2011-05-04,442
2011-05-05,433
2011-05-06,396
2011-05-07,396
2011-05-08,400
2011-05-09,392
2011-05-10,358
2011-05-11,473
2011-05-12,452
2011-05-13,511
2011-05-14,419
2011-05-15,357
2011-05-16,386
2011-05-17,347
2011-05-18,336
2011-05-19,298
2011-05-20,507
2011-05-21,393
2011-05-22,389
2011-05-23,343
2011-05-24,301
2011-05-25,289
2011-05-26,281
2011-05-27,289
2011-05-28,518
2011-05-29,557
2011-05-30,472
2011-05-31,557
2011-06-01,579
2011-06-02,459
2011-06-03,455
2011-06-04,429
2011-06-05,386
2011-06-06,416
2011-06-07,370
2011-06-08,511
2011-06-09,463
2011-06-10,389
2011-06-11,388
2011-06-12,340
2011-06-13,369
2011-06-14,368
2011-06-15,350
2011-06-16,310
2011-06-17,475
2011-06-18,466
2011-06-19,423
2011-06-20,383
2011-06-21,370
2011-06-22,341
2011-06-23,332
2011-06-24,360
2011-06-25,400
2011-06-26,593
2011-06-27,561
2011-06-28,508
2011-06-29,540
2011-06-30,503
2011-07-01,443
2011-07-02,500
2011-07-03,513
2011-07-04,523
2011-07-05,506
2011-07-06,617
2011-07-07,553
2011-07-08,646
2011-07-09,516
2011-07-10,579
2011-07-11,621
2011-07-12,546
2011-07-13,615
2011-07-14,448
2011-07-15,585
2011-07-16,511
2011-07-17,552
2011-07-18,511
2011-07-19,501
2011-07-20,610
2011-07-21,582
2011-07-22,569
2011-07-23,571
2011-07-24,587
2011-07-25,519
2011-07-26,522
2011-07-27,487
2011-07-28,495
2011-07-29,558
2011-07-30,518
2011-07-31,548
2011-08-01,492
2011-08-02,519
2011-08-03,547
2011-08-04,550
2011-08-05,670
2011-08-06,606
2011-08-07,708
2011-08-08,686
2011-08-09,637
2011-08-10,586
2011-08-11,568
2011-08-12,628
2011-08-13,664
2011-08-14,664
2011-08-15,637
2011-08-16,664
2011-08-17,588
2011-08-18,634
2011-08-19,594
2011-08-20,650
2011-08-21,567
2011-08-22,542
2011-08-23,511
2011-08-24,553
2011-08-25,645
2011-08-26,624
2011-08-27,580
2011-08-28,695
2011-08-29,743
2011-08-30,625
2011-08-31,591
2011-09-01,553
2011-09-02,663
2011-09-03,550
2011-09-04,593
2011-09-05,646
2011-09-06,551
2011-09-07,567
2011-09-08,634
2011-09-09,656
2011-09-10,560
2011-09-11,639
2011-09-12,684
2011-09-13,648
2011-09-14,607
2011-09-15,577
2011-09-16,556
2011-09-17,728
2011-09-18,649
2011-09-19,544
2011-09-20,674
2011-09-21,618
2011-09-22,591
2011-09-23,566
2011-09-24,651
2011-09-25,672
2011-09-26,628
2011-09-27,627
2011-09-28,650
2011-09-29,589
2011-09-30,681
2011-10-01,696
2011-10-02,602
2011-10-03,704
2011-10-04,584
2011-10-05,766
2011-10-06,598
2011-10-07,665
2011-10-08,626
2011-10-09,732
2011-10-10,664
2011-10-11,693
2011-10-12,934
2011-10-13,719
2011-10-14,888
2011-10-15,620
2011-10-16,637
2011-10-17,727
2011-10-18,723
2011-10-19,692
2011-10-20,646
2011-10-21,743
2011-10-22,713
2011-10-23,861
2011-10-24,794
2011-10-25,679
2011-10-26,672
2011-10-27,735
2011-10-28,843
2011-10-29,820
2011-10-30,736
2011-10-31,783
2011-11-01,655
2011-11-02,567
2011-11-03,564
2011-11-04,692
2011-11-05,580
2011-11-06,594
2011-11-07,596
2011-11-08,656
2011-11-09,574
2011-11-10,535
2011-11-11,593
2011-11-12,728
2011-11-13,597
2011-11-14,585
2011-11-15,602
2011-11-16,520
2011-11-17,618
2011-11-18,614
2011-11-19,645
2011-11-20,694
2011-11-21,607
2011-11-22,715
2011-11-23,599
2011-11-24,644
2011-11-25,761
2011-11-26,639
2011-11-27,722
2011-11-28,748
2011-11-29,670
2011-11-30,598
2011-12-01,532
2011-12-02,472
2011-12-03,586
2011-12-04,569
2011-12-05,627
2011-12-06,550
2011-12-07,501
2011-12-08,622
2011-12-09,523
2011-12-10,581
2011-12-11,597
2011-12-12,558
2011-12-13,675
2011-12-14,651
2011-12-15,557
2011-12-16,735
2011-12-17,707
2011-12-18,577
2011-12-19,588
2011-12-20,542
2011-12-21,647
2011-12-22,580
2011-12-23,572
2011-12-24,606
2011-12-25,594
2011-12-26,496
2011-12-27,486
2011-12-28,596
2011-12-29,558
2011-12-30,624
2011-12-31,609
2012-01-01,574
2012-01-02,568
2012-01-03,570
2012-01-04,542
2012-01-05,583
2012-01-06,583
2012-01-07,501
2012-01-08,464
2012-01-09,527
2012-01-10,521
2012-01-11,600
2012-01-12,564
2012-01-13,557
2012-01-14,614
2012-01-15,577
2012-01-16,621
2012-01-17,496
2012-01-18,548
2012-01-19,671
2012-01-20,576
2012-01-21,591
2012-01-22,530
2012-01-23,634
2012-01-24,498
2012-01-25,608
2012-01-26,573
2012-01-27,619
2012-01-28,612
2012-01-29,576
2012-01-30,518
2012-01-31,502
2012-02-01,576
2012-02-02,615
2012-02-03,542
2012-02-04,544
2012-02-05,548
2012-02-06,598
2012-02-07,585
2012-02-08,632
2012-02-09,591
2012-02-10,598
2012-02-11,626
2012-02-12,577
2012-02-13,547
2012-02-14,619
2012-02-15,620
2012-02-16,618
2012-02-17,605
2012-02-18,569
2012-02-19,504
2012-02-20,544
2012-02-21,616
2012-02-22,666
2012-02-23,545
2012-02-24,518
2012-02-25,574
2012-02-26,513
2012-02-27,578
2012-02-28,560
2012-02-29,538
2012-03-01,482
2012-03-02,573
2012-03-03,646
2012-03-04,760
2012-03-05,629
2012-03-06,585
2012-03-07,630
2012-03-08,559
2012-03-09,554
2012-03-10,513
2012-03-11,523
2012-03-12,628
2012-03-13,519
2012-03-14,539
2012-03-15,616
2012-03-16,692
2012-03-17,557
2012-03-18,509
2012-03-19,523
2012-03-20,587
2012-03-21,537
2012-03-22,548
2012-03-23,546
2012-03-24,682
2012-03-25,468
2012-03-26,552
2012-03-27,563
2012-03-28,554
2012-03-29,576
2012-03-30,614
2012-03-31,555
2012-04-01,505
2012-04-02,593
2012-04-03,740
2012-04-04,642
2012-04-05,623
2012-04-06,723
2012-04-07,630
2012-04-08,649
2012-04-09,573
2012-04-10,578
2012-04-11,588
2012-04-12,607
2012-04-13,680
2012-04-14,676
2012-04-15,617
2012-04-16,806
2012-04-17,576
2012-04-18,642
2012-04-19,645
2012-04-20,541
2012-04-21,561
2012-04-22,561
2012-04-23,601
2012-04-24,634
2012-04-25,624
2012-04-26,678
2012-04-27,559
2012-04-28,640
2012-04-29,561
2012-04-30,484
2012-05-01,481
2012-05-02,509
2012-05-03,567
2012-05-04,547
2012-05-05,536
2012-05-06,512
2012-05-07,527
2012-05-08,501
2012-05-09,487
2012-05-10,521
2012-05-11,648
2012-05-12,606
2012-05-13,670
2012-05-14,615
2012-05-15,626
2012-05-16,656
2012-05-17,714
2012-05-18,719
2012-05-19,583
2012-05-20,575
2012-05-21,616
2012-05-22,684
2012-05-23,748
2012-05-24,664
2012-05-25,692
2012-05-26,710
2012-05-27,609
2012-05-28,545
2012-05-29,603
2012-05-30,682
2012-05-31,662
2012-06-01,613
2012-06-02,571
2012-06-03,534
2012-06-04,553
2012-06-05,556
2012-06-06,587
2012-06-07,564
2012-06-08,619
2012-06-09,610
2012-06-10,506
2012-06-11,521
2012-06-12,617
2012-06-13,550
2012-06-14,572
2012-06-15,540
2012-06-16,543
2012-06-17,549
2012-06-18,525
2012-06-19,493
2012-06-20,580
2012-06-21,571
2012-06-22,634
2012-06-23,622
2012-06-24,527
2012-06-25,657
2012-06-26,549
2012-06-27,567
2012-06-28,529
2012-06-29,629
2012-06-30,581
2012-07-01,655
2012-07-02,601
2012-07-03,567
2012-07-04,539
2012-07-05,576
2012-07-06,598
2012-07-07,553
2012-07-08,511
2012-07-09,563
2012-07-10,530
2012-07-11,572
2012-07-12,640
2012-07-13,570
2012-07-14,529
2012-07-15,519
2012-07-16,608
2012-07-17,574
2012-07-18,501
2012-07-19,558
2012-07-20,635
2012-07-21,583
2012-07-22,615
2012-07-23,547
2012-07-24,610
2012-07-25,534
2012-07-26,538
2012-07-27,499
2012-07-28,476
2012-07-29,561
2012-07-30,516
2012-07-31,491
2012-08-01,665
2012-08-02,641
2012-08-03,521
2012-08-04,531
2012-08-05,552
2012-08-06,620
2012-08-07,611
2012-08-08,526
2012-08-09,519
2012-08-10,505
2012-08-11,550
2012-08-12,516
2012-08-13,543
2012-08-14,534
2012-08-15,541
2012-08-16,517
2012-08-17,555
2012-08-18,627
2012-08-19,563
2012-08-20,472
2012-08-21,490
2012-08-22,500
2012-08-23,554
2012-08-24,524
2012-08-25,586
2012-08-26,627
2012-08-27,480
2012-08-28,586
2012-08-29,557
2012-08-30,512
2012-08-31,559
2012-09-01,618
2012-09-02,535
2012-09-03,527
2012-09-04,548
2012-09-05,558
2012-09-06,478
2012-09-07,504
2012-09-08,515
2012-09-09,591
2012-09-10,541
2012-09-11,576
2012-09-12,598
2012-09-13,557
2012-09-14,662
2012-09-15,534
2012-09-16,600
2012-09-17,535
2012-09-18,509
2012-09-19,517
2012-09-20,614
2012-09-21,566
2012-09-22,512
2012-09-23,549
2012-09-24,544
2012-09-25,565
2012-09-26,602
2012-09-27,615
2012-09-28,538
2012-09-29,545
2012-09-30,513
2012-10-01,537
2012-10-02,650
2012-10-03,587
2012-10-04,641
2012-10-05,661
2012-10-06,634
2012-10-07,557
2012-10-08,694
2012-10-09,480
2012-10-10,611
2012-10-11,572
2012-10-12,620
2012-10-13,581
2012-10-14,580
2012-10-15,665
2012-10-16,512
2012-10-17,556
2012-10-18,600
2012-10-19,546
2012-10-20,635
2012-10-21,543
2012-10-22,538
2012-10-23,542
2012-10-24,669
2012-10-25,530
2012-10-26,605
2012-10-27,518
2012-10-28,491
2012-10-29,513
2012-10-30,546
2012-10-31,591
2012-11-01,602
2012-11-02,634
2012-11-03,592
2012-11-04,592
2012-11-05,544
2012-11-06,535
2012-11-07,638
2012-11-08,541
2012-11-09,561
2012-11-10,566
2012-11-11,595
2012-11-12,585
2012-11-13,654
2012-11-14,615
2012-11-15,605
2012-11-16,631
2012-11-17,598
2012-11-18,614
2012-11-19,591
2012-11-20,573
2012-11-21,582
2012-11-22,565
2012-11-23,597
2012-11-24,527
2012-11-25,572
2012-11-26,583
2012-11-27,548
2012-11-28,580
2012-11-29,497
2012-11-30,519
2012-12-01,676
2012-12-02,514
2012-12-03,606
2012-12-04,588
2012-12-05,764
2012-12-06,691
2012-12-07,632
2012-12-08,671
2012-12-09,619
2012-12-10,677
2012-12-11,607
2012-12-12,597
2012-12-13,643
2012-12-14,659
2012-12-15,805
2012-12-16,743
2012-12-17,769
2012-12-18,638
2012-12-19,687
2012-12-20,613
2012-12-21,805
2012-12-22,686
2012-12-23,565
2012-12-24,691
2012-12-25,641
2012-12-26,696
2012-12-27,544
2012-12-28,544
2012-12-29,511
2012-12-30,602
2012-12-31,521
2013-01-01,547
2013-01-02,530
2013-01-03,565
2013-01-04,531
2013-01-05,562
2013-01-06,614
2013-01-07,591
2013-01-08,512
2013-01-09,651
2013-01-10,651
2013-01-11,586
2013-01-12,731
2013-01-13,707
2013-01-14,643
2013-01-15,548
2013-01-16,709
2013-01-17,654
2013-01-18,778
2013-01-19,714
2013-01-20,548
2013-01-21,666
2013-01-22,657
2013-01-23,587
2013-01-24,680
2013-01-25,554
2013-01-26,634
2013-01-27,547
2013-01-28,566
2013-01-29,591
2013-01-30,544
2013-01-31,568
2013-02-01,437
2013-02-02,574
2013-02-03,565
2013-02-04,465
2013-02-05,527
2013-02-06,511
2013-02-07,586
2013-02-08,555
2013-02-09,571
2013-02-10,588
2013-02-11,529
2013-02-12,542
2013-02-13,621
2013-02-14,504
2013-02-15,573
2013-02-16,482
2013-02-17,454
2013-02-18,453
2013-02-19,537
2013-02-20,543
2013-02-21,447
2013-02-22,485
2013-02-23,501
2013-02-24,522
2013-02-25,554
2013-02-26,423
2013-02-27,521
2013-02-28,449
2013-03-01,511
2013-03-02,563
2013-03-03,575
2013-03-04,538
2013-03-05,481
2013-03-06,623
2013-03-07,559
2013-03-08,542
2013-03-09,535
2013-03-10,506
2013-03-11,472
2013-03-12,523
2013-03-13,640
2013-03-14,550
2013-03-15,481
2013-03-16,503
2013-03-17,493
2013-03-18,412
2013-03-19,455
2013-03-20,508
2013-03-21,405
2013-03-22,386
2013-03-23,375
2013-03-24,399
2013-03-25,455
2013-03-26,600
2013-03-27,572
2013-03-28,654
2013-03-29,475
2013-03-30,497
2013-03-31,496
2013-04-01,512
2013-04-02,425
2013-04-03,475
2013-04-04,496
2013-04-05,557
2013-04-06,545
2013-04-07,528
2013-04-08,525
2013-04-09,554
2013-04-10,487
2013-04-11,439
2013-04-12,539
2013-04-13,494
2013-04-14,511
2013-04-15,562
2013-04-16,513
2013-04-17,484
2013-04-18,505
2013-04-19,577
2013-04-20,635
2013-04-21,558
2013-04-22,490
2013-04-23,561
2013-04-24,507
2013-04-25,533
2013-04-26,500
2013-04-27,507
2013-04-28,574
2013-04-29,483
2013-04-30,488
2013-05-01,582
2013-05-02,573
2013-05-03,643
2013-05-04,633
2013-05-05,533
2013-05-06,520
2013-05-07,520
2013-05-08,510
2013-05-09,521
2013-05-10,527
2013-05-11,497
2013-05-12,470
2013-05-13,507
2013-05-14,498
2013-05-15,561
2013-05-16,615
2013-05-17,586
2013-05-18,538
2013-05-19,577
2013-05-20,539
2013-05-21,669
2013-05-22,570
2013-05-23,554
2013-05-24,497
2013-05-25,512
2013-05-26,526
2013-05-27,530
2013-05-28,490
2013-05-29,544
2013-05-30,515
2013-05-31,477
2013-06-01,494
2013-06-02,406
2013-06-03,436
2013-06-04,405
2013-06-05,407
2013-06-06,468
2013-06-07,478
2013-06-08,530
2013-06-09,478
2013-06-10,528
2013-06-11,498
2013-06-12,480
2013-06-13,424
2013-06-14,464
2013-06-15,480
2013-06-16,495
2013-06-17,468
2013-06-18,593
2013-06-19,614
2013-06-20,637
2013-06-21,561
2013-06-22,511
2013-06-23,489
2013-06-24,522
2013-06-25,579
2013-06-26,552
2013-06-27,496
2013-06-28,520
2013-06-29,510
2013-06-30,512
2013-07-01,565
2013-07-02,553
2013-07-03,561
2013-07-04,471
2013-07-05,523
2013-07-06,462
2013-07-07,458
2013-07-08,461
2013-07-09,447
2013-07-10,468
2013-07-11,440
2013-07-12,494
2013-07-13,541
2013-07-14,550
2013-07-15,500
2013-07-16,528
2013-07-17,527
2013-07-18,465
2013-07-19,533
2013-07-20,501
2013-07-21,462
2013-07-22,433
2013-07-23,523
2013-07-24,615
2013-07-25,541
2013-07-26,595
2013-07-27,525
2013-07-28,472
2013-07-29,511
2013-07-30,485
2013-07-31,434
2013-08-01,442
2013-08-02,488
2013-08-03,445
2013-08-04,500
2013-08-05,478
2013-08-06,455
2013-08-07,451
2013-08-08,461
2013-08-09,422
2013-08-10,439
2013-08-11,409
2013-08-12,399
2013-08-13,396
2013-08-14,471
2013-08-15,509
2013-08-16,504
2013-08-17,511
2013-08-18,448
2013-08-19,447
2013-08-20,481
2013-08-21,454
2013-08-22,436
2013-08-23,399
2013-08-24,440
2013-08-25,470
2013-08-26,572
2013-08-27,517
2013-08-28,513
2013-08-29,486
2013-08-30,450
2013-08-31,413
2013-09-01,386
2013-09-02,392
2013-09-03,392
2013-09-04,442
2013-09-05,530
2013-09-06,484
2013-09-07,466
2013-09-08,581
2013-09-09,548
2013-09-10,427
2013-09-11,447
2013-09-12,431
2013-09-13,403
2013-09-14,418
2013-09-15,392
2013-09-16,476
2013-09-17,561
2013-09-18,483
2013-09-19,520
2013-09-20,453
2013-09-21,424
2013-09-22,456
2013-09-23,420
2013-09-24,412
2013-09-25,407
2013-09-26,412
2013-09-27,533
2013-09-28,486
2013-09-29,479
2013-09-30,505
2013-10-01,531
2013-10-02,462
2013-10-03,451
2013-10-04,435
2013-10-05,479
2013-10-06,395
2013-10-07,467
2013-10-08,554
2013-10-09,517
2013-10-10,486
2013-10-11,448
2013-10-12,464
2013-10-13,402
2013-10-14,387
2013-10-15,344
2013-10-16,332
2013-10-17,409
2013-10-18,511
2013-10-19,442
2013-10-20,378
2013-10-21,434
2013-10-22,409
2013-10-23,352
2013-10-24,388
2013-10-25,391
2013-10-26,367
2013-10-27,477
2013-10-28,483
2013-10-29,492
2013-10-30,537
2013-10-31,439
2013-11-01,409
2013-11-02,415
2013-11-03,426
2013-11-04,448
2013-11-05,442
2013-11-06,489
2013-11-07,518
2013-11-08,600
2013-11-09,637
2013-11-10,581
2013-11-11,506
2013-11-12,456
2013-11-13,430
2013-11-14,514
2013-11-15,466
2013-11-16,521
2013-11-17,445
2013-11-18,460
2013-11-19,543
2013-11-20,532
2013-11-21,529
2013-11-22,575
2013-11-23,502
2013-11-24,505
2013-11-25,516
2013-11-26,500
2013-11-27,538
2013-11-28,496
2013-11-29,476
2013-11-30,492
2013-12-01,488
2013-12-02,442
2013-12-03,545
2013-12-04,432
2013-12-05,498
2013-12-06,503
2013-12-07,408
2013-12-08,444
2013-12-09,443
2013-12-10,487
2013-12-11,443
2013-12-12,523
2013-12-13,524
2013-12-14,495
2013-12-15,438
2013-12-16,487
2013-12-17,429
2013-12-18,423
2013-12-19,435
2013-12-20,382
2013-12-21,484
2013-12-22,530
2013-12-23,509
2013-12-24,502
2013-12-25,505
2013-12-26,534
2013-12-27,479
2013-12-28,460
2013-12-29,557
2013-12-30,516
2013-12-31,495
2014-01-01,466
2014-01-02,420
2014-01-03,644
2014-01-04,539
2014-01-05,616
2014-01-06,446
2014-01-07,456
2014-01-08,479
2014-01-09,446
2014-01-10,417
2014-01-11,453
2014-01-12,407
2014-01-13,416
2014-01-14,493
2014-01-15,534
2014-01-16,471
2014-01-17,466
2014-01-18,566
2014-01-19,497
2014-01-20,513
2014-01-21,441
2014-01-22,518
2014-01-23,447
2014-01-24,488
2014-01-25,454
2014-01-26,522
2014-01-27,564
2014-01-28,493
2014-01-29,561
2014-01-30,566
2014-01-31,486
2014-02-01,469
2014-02-02,452
2014-02-03,462
2014-02-04,469
2014-02-05,503
2014-02-06,516
2014-02-07,474
2014-02-08,559
2014-02-09,475
2014-02-10,615
2014-02-11,552
2014-02-12,526
2014-02-13,485
2014-02-14,484
2014-02-15,443
2014-02-16,463
2014-02-17,442
2014-02-18,546
2014-02-19,524
2014-02-20,426
2014-02-21,475
2014-02-22,557
2014-02-23,479
2014-02-24,516
2014-02-25,450
2014-02-26,527
2014-02-27,469
2014-02-28,456
2014-03-01,467
2014-03-02,602
2014-03-03,610
2014-03-04,581
2014-03-05,577
2014-03-06,552
2014-03-07,494
2014-03-08,519
2014-03-09,515
2014-03-10,476
2014-03-11,582
2014-03-12,508
2014-03-13,476
2014-03-14,528
2014-03-15,647
2014-03-16,520
2014-03-17,496
2014-03-18,529
2014-03-19,584
2014-03-20,532
2014-03-21,488
2014-03-22,458
2014-03-23,497
2014-03-24,396
2014-03-25,461
2014-03-26,548
2014-03-27,536
2014-03-28,502
2014-03-29,497
2014-03-30,495
2014-03-31,617
2014-04-01,480
2014-04-02,507
2014-04-03,438
2014-04-04,424
2014-04-05,443
2014-04-06,504
2014-04-07,572
2014-04-08,563
2014-04-09,636
2014-04-10,537
2014-04-11,553
2014-04-12,511
2014-04-13,533
2014-04-14,461
2014-04-15,448
2014-04-16,470
2014-04-17,544
2014-04-18,509
2014-04-19,541
2014-04-20,546
2014-04-21,482
2014-04-22,490
2014-04-23,564
2014-04-24,507
2014-04-25,566
2014-04-26,474
2014-04-27,529
2014-04-28,485
2014-04-29,565
2014-04-30,504
2014-05-01,632
2014-05-02,488
2014-05-03,527
2014-05-04,594
2014-05-05,566
2014-05-06,668
2014-05-07,447
2014-05-08,541
2014-05-09,515
2014-05-10,510
2014-05-11,484
2014-05-12,550
2014-05-13,527
2014-05-14,526
2014-05-15,571
2014-05-16,502
2014-05-17,482
2014-05-18,498
2014-05-19,500
2014-05-20,509
2014-05-21,488
2014-05-22,489
2014-05-23,501
2014-05-24,525
2014-05-25,542
2014-05-26,527
2014-05-27,546
2014-05-28,638
2014-05-29,509
2014-05-30,614
2014-05-31,518
2014-06-01,587
2014-06-02,494
2014-06-03,446
2014-06-04,486
2014-06-05,479
2014-06-06,559
2014-06-07,615
2014-06-08,554
2014-06-09,628
2014-06-10,556
2014-06-11,515
2014-06-12,593
2014-06-13,503
2014-06-14,531
2014-06-15,488
2014-06-16,446
2014-06-17,451
2014-06-18,470
2014-06-19,545
2014-06-20,516
2014-06-21,461
2014-06-22,462
2014-06-23,470
2014-06-24,490
2014-06-25,457
2014-06-26,461
2014-06-27,504
2014-06-28,438
2014-06-29,475
2014-06-30,525
2014-07-01,649
2014-07-02,636
2014-07-03,626
2014-07-04,615
2014-07-05,516
2014-07-06,562
2014-07-07,608
2014-07-08,567
2014-07-09,572
2014-07-10,517
2014-07-11,568
2014-07-12,554
2014-07-13,550
2014-07-14,538
2014-07-15,640
2014-07-16,538
2014-07-17,600
2014-07-18,500
2014-07-19,504
2014-07-20,490
2014-07-21,552
2014-07-22,550
2014-07-23,608
2014-07-24,592
2014-07-25,606
2014-07-26,532
2014-07-27,633
2014-07-28,555
2014-07-29,579
2014-07-30,566
2014-07-31,499
2014-08-01,554
2014-08-02,545
2014-08-03,525
2014-08-04,552
2014-08-05,671
2014-08-06,615
2014-08-07,530
2014-08-08,537
2014-08-09,549
2014-08-10,471
2014-08-11,482
2014-08-12,470
2014-08-13,498
2014-08-14,594
2014-08-15,475
2014-08-16,520
2014-08-17,542
2014-08-18,508
2014-08-19,426
2014-08-20,462
2014-08-21,513
2014-08-22,525
2014-08-23,551
2014-08-24,532
2014-08-25,592
2014-08-26,629
2014-08-27,497
2014-08-28,511
2014-08-29,493
2014-08-30,507
2014-08-31,475
2014-09-01,449
2014-09-02,635
2014-09-03,584
2014-09-04,508
2014-09-05,546
2014-09-06,595
2014-09-07,476
2014-09-08,557
2014-09-09,600
2014-09-10,594
2014-09-11,547
2014-09-12,492
2014-09-13,563
2014-09-14,470
2014-09-15,545
2014-09-16,549
2014-09-17,504
2014-09-18,457
2014-09-19,482
2014-09-20,504
2014-09-21,484
2014-09-22,521
2014-09-23,518
2014-09-24,576
2014-09-25,556
2014-09-26,503
2014-09-27,635
2014-09-28,645
2014-09-29,665
2014-09-30,626
2014-10-01,556
2014-10-02,555
2014-10-03,620
2014-10-04,588
2014-10-05,546
2014-10-06,501
2014-10-07,531
2014-10-08,641
2014-10-09,594
2014-10-10,582
2014-10-11,557
2014-10-12,601
2014-10-13,579
2014-10-14,542
2014-10-15,644
2014-10-16,567
2014-10-17,580
2014-10-18,609
2014-10-19,523
2014-10-20,632
2014-10-21,631
2014-10-22,559
2014-10-23,543
2014-10-24,570
2014-10-25,539
2014-10-26,554
2014-10-27,687
2014-10-28,542
2014-10-29,627
2014-10-30,552
2014-10-31,505
2014-11-01,455
2014-11-02,541
2014-11-03,558
2014-11-04,513
2014-11-05,515
2014-11-06,617
2014-11-07,557
2014-11-08,576
2014-11-09,560
2014-11-10,577
2014-11-11,579
2014-11-12,651
2014-11-13,590
2014-11-14,593
2014-11-15,556
2014-11-16,619
2014-11-17,576
2014-11-18,594
2014-11-19,562
2014-11-20,609
2014-11-21,620
2014-11-22,676
2014-11-23,559
2014-11-24,609
2014-11-25,575
2014-11-26,657
2014-11-27,632
2014-11-28,612
2014-11-29,580
2014-11-30,544
2014-12-01,541
2014-12-02,664
2014-12-03,571
2014-12-04,738
2014-12-05,586
2014-12-06,553
2014-12-07,633
2014-12-08,683
2014-12-09,532
2014-12-10,612
2014-12-11,601
2014-12-12,572
2014-12-13,612
2014-12-14,587
2014-12-15,610
2014-12-16,607
2014-12-17,605
2014-12-18,666
2014-12-19,673
2014-12-20,633
2014-12-21,640
2014-12-22,645
2014-12-23,522
2014-12-24,568
2014-12-25,555
2014-12-26,547
2014-12-27,565
2014-12-28,563
2014-12-29,513
2014-12-30,525
2014-12-31,554
2015-01-01,567
2015-01-02,525
2015-01-03,525
2015-01-04,526
2015-01-05,498
2015-01-06,552
2015-01-07,546
2015-01-08,604
2015-01-09,583
2015-01-10,616
2015-01-11,577
2015-01-12,549
2015-01-13,603
2015-01-14,681
2015-01-15,586
2015-01-16,567
2015-01-17,615
2015-01-18,626
2015-01-19,556
2015-01-20,594
2015-01-21,726
2015-01-22,574
2015-01-23,627
2015-01-24,696
2015-01-25,684
2015-01-26,678
2015-01-27,683
2015-01-28,583
2015-01-29,524
2015-01-30,526
2015-01-31,621
2015-02-01,520
2015-02-02,555
2015-02-03,544
2015-02-04,677
2015-02-05,543
2015-02-06,538
2015-02-07,489
2015-02-08,544
2015-02-09,650
2015-02-10,538
2015-02-11,598
2015-02-12,544
2015-02-13,697
2015-02-14,584
2015-02-15,527
2015-02-16,619
2015-02-17,532
2015-02-18,567
2015-02-19,513
2015-02-20,518
2015-02-21,547
2015-02-22,607
2015-02-23,565
2015-02-24,604
2015-02-25,665
2015-02-26,544
2015-02-27,576
2015-02-28,562
2015-03-01,599
2015-03-02,619
2015-03-03,546
2015-03-04,536
2015-03-05,600
2015-03-06,650
2015-03-07,585
2015-03-08,615
2015-03-09,555
2015-03-10,590
2015-03-11,571
2015-03-12,553
2015-03-13,663
2015-03-14,591
2015-03-15,660
2015-03-16,599
2015-03-17,621
2015-03-18,661
2015-03-19,561
2015-03-20,626
2015-03-21,641
2015-03-22,570
2015-03-23,604
2015-03-24,595
2015-03-25,498
2015-03-26,531
2015-03-27,584
2015-03-28,500
2015-03-29,575
2015-03-30,551
2015-03-31,607
2015-04-01,576
2015-04-02,651
2015-04-03,520
2015-04-04,590
2015-04-05,566
2015-04-06,581
2015-04-07,672
2015-04-08,570
2015-04-09,684
2015-04-10,644
2015-04-11,571
2015-04-12,618
2015-04-13,675
2015-04-14,550
2015-04-15,580
2015-04-16,713
2015-04-17,624
2015-04-18,680
2015-04-19,594
2015-04-20,592
2015-04-21,560
2015-04-22,563
2015-04-23,569
2015-04-24,667
2015-04-25,695
2015-04-26,531
2015-04-27,591
2015-04-28,626
2015-04-29,551
2015-04-30,672
2015-05-01,638
2015-05-02,585
2015-05-03,576
2015-05-04,608
2015-05-05,677
2015-05-06,561
2015-05-07,538
2015-05-08,611
2015-05-09,578
2015-05-10,670
2015-05-11,663
2015-05-12,545
2015-05-13,575
2015-05-14,532
2015-05-15,551
2015-05-16,582
2015-05-17,653
2015-05-18,501
2015-05-19,575
2015-05-20,669
2015-05-21,582
2015-05-22,553
2015-05-23,628
2015-05-24,754
2015-05-25,595
2015-05-26,611
2015-05-27,599
2015-05-28,615
2015-05-29,644
2015-05-30,555
2015-05-31,618
2015-06-01,583
2015-06-02,652
2015-06-03,567
2015-06-04,610
2015-06-05,604
2015-06-06,616
2015-06-07,483
2015-06-08,571
2015-06-09,546
2015-06-10,573
2015-06-11,508
2015-06-12,634
2015-06-13,607
2015-06-14,543
2015-06-15,569
2015-06-16,598
2015-06-17,720
2015-06-18,549
2015-06-19,545
2015-06-20,588
2015-06-21,638
2015-06-22,695
2015-06-23,565
2015-06-24,616
2015-06-25,550
2015-06-26,570
2015-06-27,561
2015-06-28,674
2015-06-29,612
2015-06-30,614
2015-07-01,584
2015-07-02,643
2015-07-03,559
2015-07-04,531
2015-07-05,558
2015-07-06,607
2015-07-07,478
2015-07-08,648
2015-07-09,538
2015-07-10,650
2015-07-11,539
2015-07-12,580
2015-07-13,626
2015-07-14,581
2015-07-15,591
2015-07-16,563
2015-07-17,640
2015-07-18,571
2015-07-19,581
2015-07-20,568
2015-07-21,547
2015-07-22,676
2015-07-23,554
2015-07-24,616
2015-07-25,507
2015-07-26,563
2015-07-27,596
2015-07-28,579
2015-07-29,636
2015-07-30,562
2015-07-31,646
2015-08-01,563
2015-08-02,557
2015-08-03,569
2015-08-04,539
2015-08-05,637
2015-08-06,647
2015-08-07,606
2015-08-08,607
2015-08-09,526
2015-08-10,611
2015-08-11,512
2015-08-12,521
2015-08-13,684
2015-08-14,581
2015-08-15,604
2015-08-16,623
2015-08-17,623
2015-08-18,586
2015-08-19,600
2015-08-20,548
2015-08-21,575
2015-08-22,509
2015-08-23,544
2015-08-24,637
2015-08-25,557
2015-08-26,636
2015-08-27,531
2015-08-28,626
2015-08-29,560
2015-08-30,540
2015-08-31,567
2015-09-01,549
2015-09-02,554
2015-09-03,528
2015-09-04,592
2015-09-05,550
2015-09-06,583
2015-09-07,597
2015-09-08,562
2015-09-09,635
2015-09-10,573
2015-09-11,506
2015-09-12,550
2015-09-13,633
2015-09-14,569
2015-09-15,567
2015-09-16,536
2015-09-17,591
2015-09-18,599
2015-09-19,576
2015-09-20,687
2015-09-21,672
2015-09-22,645
2015-09-23,553
2015-09-24,542
2015-09-25,613
2015-09-26,528
2015-09-27,576
2015-09-28,583
2015-09-29,606
2015-09-30,497
2015-10-01,586
2015-10-02,582
2015-10-03,621
2015-10-04,596
2015-10-05,563
2015-10-06,564
2015-10-07,606
2015-10-08,644
2015-10-09,614
2015-10-10,676
2015-10-11,535
2015-10-12,590
2015-10-13,609
2015-10-14,629
2015-10-15,566
2015-10-16,519
2015-10-17,597
2015-10-18,634
2015-10-19,573
2015-10-20,522
2015-10-21,672
2015-10-22,598
2015-10-23,587
2015-10-24,565
2015-10-25,590
2015-10-26,551
2015-10-27,528
2015-10-28,588
2015-10-29,618
2015-10-30,568
2015-10-31,496
2015-11-01,580
2015-11-02,563
2015-11-03,565
2015-11-04,558
2015-11-05,552
2015-11-06,594
2015-11-07,597
2015-11-08,553
2015-11-09,610
2015-11-10,577
2015-11-11,592
2015-11-12,511
2015-11-13,530
2015-11-14,526
2015-11-15,600
2015-11-16,541
2015-11-17,496
2015-11-18,579
2015-11-19,567
2015-11-20,639
2015-11-21,514
2015-11-22,498
2015-11-23,503
2015-11-24,523
2015-11-25,557
2015-11-26,578
2015-11-27,491
2015-11-28,646
2015-11-29,562
2015-11-30,571
2015-12-01,531
2015-12-02,512
2015-12-03,527
2015-12-04,605
2015-12-05,564
2015-12-06,492
2015-12-07,532
2015-12-08,590
2015-12-09,493
2015-12-10,517
2015-12-11,397
2015-12-12,543
2015-12-13,530
2015-12-14,600
2015-12-15,444
2015-12-16,473
2015-12-17,527
2015-12-18,554
2015-12-19,512
2015-12-20,552
2015-12-21,518
2015-12-22,566
2015-12-23,577
2015-12-24,544
2015-12-25,622
2015-12-26,529
2015-12-27,506
2015-12-28,420
2015-12-29,572
2015-12-30,546
2015-12-31,510
2016-01-01,600
2016-01-02,641
2016-01-03,598
2016-01-04,595
2016-01-05,472
2016-01-06,552
2016-01-07,615
2016-01-08,583
2016-01-09,500
2016-01-10,562
2016-01-11,490
2016-01-12,507
2016-01-13,505
2016-01-14,582
2016-01-15,637
2016-01-16,702
2016-01-17,611
2016-01-18,571
2016-01-19,499
2016-01-20,654
2016-01-21,563
2016-01-22,631
2016-01-23,493
2016-01-24,479
2016-01-25,505
2016-01-26,523
2016-01-27,539
2016-01-28,557
2016-01-29,592
2016-01-30,508
2016-01-31,463
2016-02-01,477
2016-02-02,519
2016-02-03,482
2016-02-04,483
2016-02-05,509
2016-02-06,461
2016-02-07,434
2016-02-08,489
2016-02-09,580
2016-02-10,466
2016-02-11,525
2016-02-12,450
2016-02-13,507
2016-02-14,554
2016-02-15,513
2016-02-16,564
2016-02-17,610
2016-02-18,559
2016-02-19,502
2016-02-20,596
2016-02-21,571
2016-02-22,677
2016-02-23,671
2016-02-24,636
2016-02-25,714
2016-02-26,550
2016-02-27,603
2016-02-28,589
2016-02-29,641
2016-03-01,638
2016-03-02,607
2016-03-03,546
2016-03-04,632
2016-03-05,554
2016-03-06,574
2016-03-07,584
2016-03-08,638
2016-03-09,558
2016-03-10,508
2016-03-11,557
2016-03-12,535
2016-03-13,584
2016-03-14,651
2016-03-15,568
2016-03-16,539
2016-03-17,562
2016-03-18,613
2016-03-19,636
2016-03-20,627
2016-03-21,587
2016-03-22,620
2016-03-23,585
2016-03-24,581
2016-03-25,580
2016-03-26,587
2016-03-27,549
2016-03-28,607
2016-03-29,509
2016-03-30,552
2016-03-31,573
2016-04-01,693
2016-04-02,562
2016-04-03,625
2016-04-04,604
2016-04-05,516
2016-04-06,554
2016-04-07,549
2016-04-08,617
2016-04-09,591
2016-04-10,523
2016-04-11,499
2016-04-12,562
2016-04-13,574
2016-04-14,527
2016-04-15,527
2016-04-16,617
2016-04-17,610
2016-04-18,548
2016-04-19,622
2016-04-20,577
2016-04-21,514
2016-04-22,567
2016-04-23,599
2016-04-24,591
2016-04-25,652
2016-04-26,667
2016-04-27,572
2016-04-28,659
2016-04-29,623
2016-04-30,549
2016-05-01,585
2016-05-02,546
2016-05-03,553
2016-05-04,575
2016-05-05,517
2016-05-06,550
2016-05-07,528
2016-05-08,577
2016-05-09,515
2016-05-10,503
2016-05-11,543
2016-05-12,653
2016-05-13,612
2016-05-14,570
2016-05-15,599
2016-05-16,623
2016-05-17,610
2016-05-18,610
2016-05-19,557
2016-05-20,714
2016-05-21,574
2016-05-22,611
2016-05-23,470
2016-05-24,479
2016-05-25,585
2016-05-26,621
2016-05-27,642
2016-05-28,615
2016-05-29,653
2016-05-30,579
2016-05-31,587
2016-06-01,673
2016-06-02,603
2016-06-03,621
2016-06-04,605
2016-06-05,727
2016-06-06,509
2016-06-07,508
2016-06-08,619
2016-06-09,577
2016-06-10,519
2016-06-11,597
2016-06-12,552
2016-06-13,594
2016-06-14,527
2016-06-15,655
2016-06-16,567
2016-06-17,564
2016-06-18,576
2016-06-19,549
2016-06-20,489
2016-06-21,527
2016-06-22,576
2016-06-23,655
2016-06-24,611
2016-06-25,672
2016-06-26,532
2016-06-27,589
2016-06-28,588
2016-06-29,581
2016-06-30,584
2016-07-01,578
2016-07-02,553
2016-07-03,580
2016-07-04,551
2016-07-05,572
2016-07-06,595
2016-07-07,611
2016-07-08,617
2016-07-09,594
2016-07-10,573
2016-07-11,550
2016-07-12,606
2016-07-13,602
2016-07-14,672
2016-07-15,612
2016-07-16,629
2016-07-17,545
2016-07-18,572
2016-07-19,586
2016-07-20,676
2016-07-21,568
2016-07-22,643
2016-07-23,658
2016-07-24,661
2016-07-25,679
2016-07-26,653
2016-07-27,667
2016-07-28,652
2016-07-29,637
2016-07-30,584
2016-07-31,720
2016-08-01,558
2016-08-02,565
2016-08-03,563
2016-08-04,522
2016-08-05,556
2016-08-06,507
2016-08-07,517
2016-08-08,578
2016-08-09,584
2016-08-10,699
2016-08-11,562
2016-08-12,576
2016-08-13,581
2016-08-14,515
2016-08-15,529
2016-08-16,586
2016-08-17,633
2016-08-18,703
2016-08-19,558
2016-08-20,557
2016-08-21,556
2016-08-22,520
2016-08-23,527
2016-08-24,583
2016-08-25,557
2016-08-26,668
2016-08-27,649
2016-08-28,604
2016-08-29,562
2016-08-30,575
2016-08-31,529
2016-09-01,639
2016-09-02,618
2016-09-03,561
2016-09-04,680
2016-09-05,478
2016-09-06,620
2016-09-07,626
2016-09-08,569
2016-09-09,590
2016-09-10,611
2016-09-11,552
2016-09-12,525
2016-09-13,527
2016-09-14,520
2016-09-15,555
2016-09-16,563
2016-09-17,622
2016-09-18,530
2016-09-19,589
2016-09-20,638
2016-09-21,568
2016-09-22,522
2016-09-23,612
2016-09-24,634
2016-09-25,516
2016-09-26,469
2016-09-27,551
2016-09-28,516
2016-09-29,551
2016-09-30,602
2016-10-01,603
2016-10-02,551
2016-10-03,578
2016-10-04,559
2016-10-05,542
2016-10-06,513
2016-10-07,535
2016-10-08,596
2016-10-09,512
2016-10-10,541
2016-10-11,697
2016-10-12,624
2016-10-13,601
2016-10-14,668
2016-10-15,628
2016-10-16,609
2016-10-17,664
2016-10-18,685
2016-10-19,554
2016-10-20,679
2016-10-21,630
2016-10-22,526
2016-10-23,579
2016-10-24,597
2016-10-25,600
2016-10-26,606
2016-10-27,628
2016-10-28,510
2016-10-29,564
2016-10-30,582
2016-10-31,513
2016-11-01,583
2016-11-02,585
2016-11-03,646
2016-11-04,554
2016-11-05,730
2016-11-06,588
2016-11-07,559
2016-11-08,595
2016-11-09,511
2016-11-10,579
2016-11-11,509
2016-11-12,526
2016-11-13,507
2016-11-14,602
2016-11-15,502
2016-11-16,551
2016-11-17,496
2016-11-18,536
2016-11-19,586
2016-11-20,612
2016-11-21,655
2016-11-22,608
2016-11-23,636
2016-11-24,584
2016-11-25,532
2016-11-26,572
2016-11-27,558
2016-11-28,594
2016-11-29,528
2016-11-30,582
2016-12-01,607
2016-12-02,588
2016-12-03,605
2016-12-04,500
2016-12-05,580
2016-12-06,567
2016-12-07,572
2016-12-08,495
2016-12-09,530
2016-12-10,629
2016-12-11,656
2016-12-12,460
2016-12-13,551
2016-12-14,484
2016-12-15,605
2016-12-16,674
2016-12-17,632
2016-12-18,594
2016-12-19,608
2016-12-20,566
2016-12-21,623
2016-12-22,539
2016-12-23,544
2016-12-24,569
2016-12-25,631
2016-12-26,524
2016-12-27,609
2016-12-28,550
2016-12-29,521
2016-12-30,578
2016-12-31,548
2017-01-01,579
2017-01-02,554
2017-01-03,543
2017-01-04,527
2017-01-05,548
2017-01-06,619
2017-01-07,529
2017-01-08,620
2017-01-09,516
2017-01-10,637
2017-01-11,539
2017-01-12,563
2017-01-13,496
2017-01-14,578
2017-01-15,499
2017-01-16,515
2017-01-17,513
2017-01-18,539
2017-01-19,579
2017-01-20,498
2017-01-21,456
2017-01-22,477
2017-01-23,492
2017-01-24,618
2017-01-25,576
2017-01-26,564
2017-01-27,557
2017-01-28,500
2017-01-29,567
2017-01-30,519
2017-01-31,595
2017-02-01,594
2017-02-02,449
2017-02-03,550
2017-02-04,580
2017-02-05,604
2017-02-06,541
2017-02-07,693
2017-02-08,565
2017-02-09,590
2017-02-10,513
2017-02-11,585
2017-02-12,619
2017-02-13,612
2017-02-14,525
2017-02-15,507
2017-02-16,606
2017-02-17,572
2017-02-18,575
2017-02-19,572
2017-02-20,640
2017-02-21,581
2017-02-22,622
2017-02-23,619
2017-02-24,565
2017-02-25,526
2017-02-26,512
2017-02-27,479
2017-02-28,595
2017-03-01,557
2017-03-02,594
2017-03-03,543
2017-03-04,576
2017-03-05,654
2017-03-06,567
2017-03-07,599
2017-03-08,562
2017-03-09,605
2017-03-10,563
2017-03-11,555
2017-03-12,579
2017-03-13,543
2017-03-14,596
2017-03-15,548
2017-03-16,607
2017-03-17,554
2017-03-18,555
2017-03-19,548
2017-03-20,524
2017-03-21,627
2017-03-22,609
2017-03-23,544
2017-03-24,575
2017-03-25,485
2017-03-26,650
2017-03-27,523
2017-03-28,658
2017-03-29,555
2017-03-30,627
2017-03-31,514
2017-04-01,639
2017-04-02,658
2017-04-03,545
2017-04-04,487
2017-04-05,695
2017-04-06,522
2017-04-07,582
2017-04-08,526
2017-04-09,610
2017-04-10,544
2017-04-11,580
2017-04-12,503
2017-04-13,584
2017-04-14,669
2017-04-15,619
2017-04-16,573
2017-04-17,591
2017-04-18,624
2017-04-19,591
2017-04-20,600
2017-04-21,615
2017-04-22,516
2017-04-23,598
2017-04-24,557
2017-04-25,698
2017-04-26,582
2017-04-27,559
2017-04-28,589
2017-04-29,637
2017-04-30,496
2017-05-01,572
2017-05-02,574
2017-05-03,537
2017-05-04,652
2017-05-05,512
2017-05-06,668
2017-05-07,511
2017-05-08,507
2017-05-09,473
2017-05-10,555
2017-05-11,576
2017-05-12,642
2017-05-13,553
2017-05-14,545
2017-05-15,520
2017-05-16,509
2017-05-17,644
2017-05-18,551
2017-05-19,604
2017-05-20,528
2017-05-21,525
2017-05-22,578
2017-05-23,583
2017-05-24,514
2017-05-25,544
2017-05-26,533
2017-05-27,552
2017-05-28,514
2017-05-29,525
2017-05-30,575
2017-05-31,484
2017-06-01,525
2017-06-02,507
2017-06-03,580
2017-06-04,448
2017-06-05,529
2017-06-06,525
2017-06-07,571
2017-06-08,526
2017-06-09,522
2017-06-10,576
2017-06-11,606
2017-06-12,591
2017-06-13,579
2017-06-14,604
2017-06-15,613
2017-06-16,569
2017-06-17,583
2017-06-18,589
2017-06-19,597
2017-06-20,570
2017-06-21,624
2017-06-22,619
2017-06-23,619
2017-06-24,527
2017-06-25,583
2017-06-26,712
2017-06-27,604
2017-06-28,646
2017-06-29,549
2017-06-30,725
2017-07-01,561
2017-07-02,526
2017-07-03,458
2017-07-04,507
2017-07-05,560
2017-07-06,581
2017-07-07,607
2017-07-08,566
2017-07-09,522
2017-07-10,628
2017-07-11,437
2017-07-12,492
2017-07-13,484
2017-07-14,546
2017-07-15,622
2017-07-16,667
2017-07-17,525
2017-07-18,578
2017-07-19,526
2017-07-20,579
2017-07-21,535
2017-07-22,561
2017-07-23,541
2017-07-24,500
2017-07-25,484
2017-07-26,574
2017-07-27,589
2017-07-28,556
2017-07-29,575
2017-07-30,551
2017-07-31,582
2017-08-01,596
2017-08-02,569
2017-08-03,570
2017-08-04,613
2017-08-05,476
2017-08-06,478
2017-08-07,613
2017-08-08,547
2017-08-09,527
2017-08-10,630
2017-08-11,636
2017-08-12,596
2017-08-13,642
2017-08-14,580
2017-08-15,667
2017-08-16,569
2017-08-17,660
2017-08-18,479
2017-08-19,581
2017-08-20,575
2017-08-21,648
2017-08-22,733
2017-08-23,978
2017-08-24,543
2017-08-25,850
2017-08-26,832
2017-08-27,812
2017-08-28,558
2017-08-29,656
2017-08-30,582
2017-08-31,509
2017-09-01,527
2017-09-02,487
2017-09-03,523
2017-09-04,558
2017-09-05,494
2017-09-06,434
2017-09-07,534
2017-09-08,487
2017-09-09,490
2017-09-10,514
2017-09-11,627
2017-09-12,494
2017-09-13,456
2017-09-14,452
2017-09-15,492
2017-09-16,476
2017-09-17,511
2017-09-18,486
2017-09-19,676
2017-09-20,551
2017-09-21,717
2017-09-22,487
2017-09-23,616
2017-09-24,522
2017-09-25,595
2017-09-26,675
2017-09-27,627
2017-09-28,579
2017-09-29,481
2017-09-30,505
2017-10-01,623
2017-10-02,660
2017-10-03,569
2017-10-04,469
2017-10-05,649
2017-10-06,687
2017-10-07,542
2017-10-08,541
2017-10-09,469
2017-10-10,537
2017-10-11,534
2017-10-12,616
2017-10-13,565
2017-10-14,635
2017-10-15,613
2017-10-16,444
2017-10-17,497
2017-10-18,527
2017-10-19,559
2017-10-20,485
2017-10-21,480
2017-10-22,565
2017-10-23,473
2017-10-24,503
2017-10-25,519
2017-10-26,467
2017-10-27,479
2017-10-28,820
2017-10-29,1024
2017-10-30,559
2017-10-31,585
2017-11-01,624
2017-11-02,530
2017-11-03,568
2017-11-04,721
2017-11-05,656
2017-11-06,612
2017-11-07,626
2017-11-08,551
2017-11-09,596
2017-11-10,567
2017-11-11,694
2017-11-12,1038
2017-11-13,1075
2017-11-14,619
2017-11-15,663
2017-11-16,567
2017-11-17,563
2017-11-18,517
2017-11-19,620
2017-11-20,538
2017-11-21,482
2017-11-22,498
2017-11-23,586
2017-11-24,547
2017-11-25,575
2017-11-26,555
2017-11-27,566
2017-11-28,507
2017-11-29,551
2017-11-30,498
2017-12-01,511
2017-12-02,473
2017-12-03,536
2017-12-04,491
2017-12-05,479
2017-12-06,477
2017-12-07,458
2017-12-08,559
2017-12-09,555
2017-12-10,497
2017-12-11,525
2017-12-12,506
2017-12-13,541
2017-12-14,464
2017-12-15,465
2017-12-16,511
2017-12-17,504
2017-12-18,460
2017-12-19,472
2017-12-20,612
2017-12-21,629
2017-12-22,648
2017-12-23,556
2017-12-24,614
2017-12-25,567
2017-12-26,638
2017-12-27,603
2017-12-28,551
2017-12-29,577
2017-12-30,517
2017-12-31,589
2018-01-01,526
2018-01-02,551
2018-01-03,504
2018-01-04,549
2018-01-05,514
2018-01-06,602
2018-01-07,514
2018-01-08,533
2018-01-09,520
2018-01-10,524
2018-01-11,518
2018-01-12,449
2018-01-13,487
2018-01-14,572
2018-01-15,547
2018-01-16,572
2018-01-17,542
2018-01-18,515
2018-01-19,496
2018-01-20,522
2018-01-21,484
2018-01-22,462
2018-01-23,509
2018-01-24,490
2018-01-25,491
2018-01-26,537
2018-01-27,555
2018-01-28,537
2018-01-29,549
2018-01-30,581
2018-01-31,519
2018-02-01,737
2018-02-02,538
2018-02-03,516
2018-02-04,541
2018-02-05,484
2018-02-06,463
2018-02-07,505
2018-02-08,612
2018-02-09,657
2018-02-10,637
2018-02-11,606
2018-02-12,571
2018-02-13,518
2018-02-14,513
2018-02-15,479
2018-02-16,642
2018-02-17,536
2018-02-18,578
2018-02-19,527
2018-02-20,529
2018-02-21,603
2018-02-22,510
2018-02-23,576
2018-02-24,581
2018-02-25,595
2018-02-26,503
2018-02-27,611
2018-02-28,539
2018-03-01,557
2018-03-02,523
2018-03-03,542
2018-03-04,475
2018-03-05,583
2018-03-06,579
2018-03-07,554
2018-03-08,538
2018-03-09,533
2018-03-10,585
2018-03-11,611
2018-03-12,555
2018-03-13,530
2018-03-14,542
2018-03-15,594
2018-03-16,603
2018-03-17,551
2018-03-18,578
2018-03-19,575
2018-03-20,553
2018-03-21,683
2018-03-22,567
2018-03-23,584
2018-03-24,653
2018-03-25,552
2018-03-26,620
2018-03-27,575
2018-03-28,570
2018-03-29,627
2018-03-30,557
2018-03-31,530
2018-04-01,667
2018-04-02,530
2018-04-03,546
2018-04-04,531
2018-04-05,589
2018-04-06,555
2018-04-07,628
2018-04-08,473
2018-04-09,530
2018-04-10,587
2018-04-11,528
2018-04-12,533
2018-04-13,555
2018-04-14,521
2018-04-15,619
2018-04-16,528
2018-04-17,607
2018-04-18,529
2018-04-19,535
2018-04-20,486
2018-04-21,633
2018-04-22,538
2018-04-23,522
2018-04-24,564
2018-04-25,538
2018-04-26,679
2018-04-27,605
2018-04-28,605
2018-04-29,641
2018-04-30,547
2018-05-01,555
2018-05-02,547
2018-05-03,617
2018-05-04,573
2018-05-05,622
2018-05-06,535
2018-05-07,631
2018-05-08,575
2018-05-09,619
2018-05-10,542
2018-05-11,559
2018-05-12,683
2018-05-13,522
2018-05-14,574
2018-05-15,655
2018-05-16,593
2018-05-17,476
2018-05-18,650
2018-05-19,580
2018-05-20,561
2018-05-21,595
2018-05-22,551
2018-05-23,569
2018-05-24,530
2018-05-25,598
2018-05-26,489
2018-05-27,532
2018-05-28,528
2018-05-29,542
2018-05-30,622
2018-05-31,485
2018-06-01,503
2018-06-02,516
2018-06-03,570
2018-06-04,526
2018-06-05,472
2018-06-06,493
2018-06-07,587
2018-06-08,604
2018-06-09,591
2018-06-10,600
2018-06-11,677
2018-06-12,611
2018-06-13,594
2018-06-14,600
2018-06-15,561
2018-06-16,559
2018-06-17,516
2018-06-18,541
2018-06-19,524
2018-06-20,559
2018-06-21,550
2018-06-22,508
2018-06-23,570
2018-06-24,531
2018-06-25,499
2018-06-26,545
2018-06-27,590
2018-06-28,724
2018-06-29,539
2018-06-30,567
2018-07-01,604
2018-07-02,586
2018-07-03,603
2018-07-04,726
2018-07-05,644
2018-07-06,630
2018-07-07,534
2018-07-08,551
2018-07-09,544
2018-07-10,627
2018-07-11,581
2018-07-12,640
2018-07-13,597
2018-07-14,593
2018-07-15,651
2018-07-16,638
2018-07-17,714
2018-07-18,541
2018-07-19,496
2018-07-20,506
2018-07-21,560
2018-07-22,626
2018-07-23,465
2018-07-24,522
2018-07-25,540
2018-07-26,486
2018-07-27,526
2018-07-28,515
2018-07-29,595
2018-07-30,506
2018-07-31,633
2018-08-01,586
2018-08-02,574
2018-08-03,565
2018-08-04,516
2018-08-05,477
2018-08-06,537
2018-08-07,660
2018-08-08,560
2018-08-09,546
2018-08-10,580
2018-08-11,492
2018-08-12,502
2018-08-13,555
2018-08-14,572
2018-08-15,634
2018-08-16,523
2018-08-17,547
2018-08-18,569
2018-08-19,524
2018-08-20,590
2018-08-21,574
2018-08-22,576
2018-08-23,533
2018-08-24,582
2018-08-25,577
2018-08-26,640
2018-08-27,496
2018-08-28,469
2018-08-29,557
2018-08-30,623
2018-08-31,562
2018-09-01,554
2018-09-02,564
2018-09-03,599
2018-09-04,601
2018-09-05,671
2018-09-06,645
2018-09-07,576
2018-09-08,568
2018-09-09,575
2018-09-10,531
2018-09-11,628
2018-09-12,613
2018-09-13,514
2018-09-14,585
2018-09-15,648
2018-09-16,616
2018-09-17,604
2018-09-18,643
2018-09-19,606
2018-09-20,555
2018-09-21,560
2018-09-22,590
2018-09-23,558
2018-09-24,571
2018-09-25,568
2018-09-26,508
2018-09-27,620
2018-09-28,599