Date,Block Height
2009-01-10,19
2009-01-11,80
2009-01-12,173
2009-01-13,267
2009-01-14,390
2009-01-15,519
2009-01-16,645
2009-01-17,753
2009-01-18,862
2009-01-19,969
2009-01-20,1084
2009-01-21,1198
2009-01-22,1300
2009-01-23,1391
2009-01-24,1475
2009-01-25,1676
2009-01-26,1867
2009-01-27,1963
2009-01-28,2060
2009-01-29,2172
2009-01-30,2293
2009-01-31,2410
2009-02-01,2548
2009-02-02,2661
2009-02-03,2789
2009-02-04,2928
2009-02-05,3047
2009-02-06,3173
2009-02-07,3295
2009-02-08,3424
2009-02-09,3556
2009-02-10,3690
2009-02-11,3810
2009-02-12,3943
2009-02-13,4062
2009-02-14,4186
2009-02-15,4322
2009-02-16,4450
2009-02-17,4572
2009-02-18,4689
2009-02-19,4807
2009-02-20,4931
2009-02-21,5053
2009-02-22,5167
2009-02-23,5288
2009-02-24,5396
2009-02-25,5502
2009-02-26,5607
2009-02-27,5714
2009-02-28,5829
2009-03-01,5928
2009-03-02,6033
2009-03-03,6141
2009-03-04,6246
2009-03-05,6350
2009-03-06,6462
2009-03-07,6579
2009-03-08,6688
2009-03-09,6803
2009-03-10,6911
2009-03-11,7018
2009-03-12,7132
2009-03-13,7250
2009-03-14,7363
2009-03-15,7473
2009-03-16,7596
2009-03-17,7717
2009-03-18,7831
2009-03-19,7945
2009-03-20,8067
2009-03-21,8185
2009-03-22,8235
2009-03-23,8354
2009-03-24,8484
2009-03-25,8589
2009-03-26,8706
2009-03-27,8823
2009-03-28,8929
2009-03-29,9048
2009-03-30,9164
2009-03-31,9284
2009-04-01,9394
2009-04-02,9508
2009-04-03,9623
2009-04-04,9739
2009-04-05,9852
2009-04-06,9982
2009-04-07,10091
2009-04-08,10191
2009-04-09,10296
2009-04-10,10395
2009-04-11,10503
2009-04-12,10623
2009-04-13,10741
2009-04-14,10856
2009-04-15,10980
2009-04-16,11093
2009-04-17,11216
2009-04-18,11328
2009-04-19,11454
2009-04-20,11573
2009-04-21,11692
2009-04-22,11815
2009-04-23,11936
2009-04-24,12011
2009-04-25,12126
2009-04-26,12244
2009-04-27,12356
2009-04-28,12460
2009-04-29,12577
2009-04-30,12705
2009-05-01,12836
2009-05-02,12957
2009-05-03,13083
2009-05-04,13189
2009-05-05,13317
2009-05-06,13452
2009-05-07,13587
2009-05-08,13709
2009-05-09,13816
2009-05-10,13894
2009-05-11,13979
2009-05-12,14099
2009-05-13,14229
2009-05-14,14340
2009-05-15,14479
2009-05-16,14615
2009-05-17,14734
2009-05-18,14861
2009-05-19,14979
2009-05-20,15065
2009-05-21,15185
2009-05-22,15267
2009-05-23,15328
2009-05-24,15360
2009-05-25,15460
2009-05-26,15569
2009-05-27,15694
2009-05-28,15813
2009-05-29,15908
2009-05-30,16014
2009-05-31,16123
2009-06-01,16219
2009-06-02,16290
2009-06-03,16401
2009-06-04,16472
2009-06-05,16538
2009-06-06,16568
2009-06-07,16596
2009-06-08,16612
2009-06-09,16694
2009-06-10,16785
2009-06-11,16867
2009-06-12,16956
2009-06-13,17042
2009-06-14,17120
2009-06-15,17192
2009-06-16,17276
2009-06-17,17347
2009-06-18,17426
2009-06-19,17506
2009-06-20,17593
2009-06-21,17671
2009-06-22,17752
2009-06-23,17828
2009-06-24,17904
2009-06-25,17999
2009-06-26,18067
2009-06-27,18157
2009-06-28,18241
2009-06-29,18287
2009-06-30,18370
2009-07-01,18455
2009-07-02,18529
2009-07-03,18612
2009-07-04,18694
2009-07-05,18783
2009-07-06,18862
2009-07-07,18946
2009-07-08,19015
2009-07-09,19089
2009-07-10,19175
2009-07-11,19256
2009-07-12,19339
2009-07-13,19416
2009-07-14,19494
2009-07-15,19563
2009-07-16,19608
2009-07-17,19679
2009-07-18,19726
2009-07-19,19730
2009-07-20,19800
2009-07-21,19870
2009-07-22,19952
2009-07-23,20012
2009-07-24,20088
2009-07-25,20161
2009-07-26,20193
2009-07-27,20214
2009-07-28,20288
2009-07-29,20329
2009-07-30,20348
2009-07-31,20363
2009-08-01,20380
2009-08-02,20408
2009-08-03,20431
2009-08-04,20443
2009-08-05,20524
2009-08-06,20611
2009-08-07,20701
2009-08-08,20781
2009-08-09,20861
2009-08-10,20962
2009-08-11,21037
2009-08-12,21107
2009-08-13,21170
2009-08-14,21255
2009-08-15,21318
2009-08-16,21344
2009-08-17,21363
2009-08-18,21380
2009-08-19,21390
2009-08-20,21408
2009-08-21,21430
2009-08-22,21444
2009-08-23,21451
2009-08-24,21466
2009-08-25,21481
2009-08-26,21531
2009-08-27,21579
2009-08-28,21608
2009-08-29,21683
2009-08-30,21762
2009-08-31,21858
2009-09-01,21944
2009-09-02,22022
2009-09-03,22088
2009-09-04,22149
2009-09-05,22213
2009-09-06,22289
2009-09-07,22357
2009-09-08,22435
2009-09-09,22504
2009-09-10,22558
2009-09-11,22625
2009-09-12,22692
2009-09-13,22761
2009-09-14,22836
2009-09-15,22910
2009-09-16,22954
2009-09-17,23026
2009-09-18,23110
2009-09-19,23188
2009-09-20,23262
2009-09-21,23340
2009-09-22,23409
2009-09-23,23434
2009-09-24,23470
2009-09-25,23567
2009-09-26,23658
2009-09-27,23758
2009-09-28,23845
2009-09-29,23930
2009-09-30,24018
2009-10-01,24103
2009-10-02,24185
2009-10-03,24257
2009-10-04,24315
2009-10-05,24368
2009-10-06,24423
2009-10-07,24466
2009-10-08,24526
2009-10-09,24596
2009-10-10,24675
2009-10-11,24752
2009-10-12,24826
2009-10-13,24884
2009-10-14,24941
2009-10-15,25010
2009-10-16,25081
2009-10-17,25141
2009-10-18,25198
2009-10-19,25272
2009-10-20,25384
2009-10-21,25479
2009-10-22,25559
2009-10-23,25649
2009-10-24,25738
2009-10-25,25800
2009-10-26,25876
2009-10-27,25947
2009-10-28,26011
2009-10-29,26077
2009-10-30,26123
2009-10-31,26183
2009-11-01,26229
2009-11-02,26254
2009-11-03,26287
2009-11-04,26349
2009-11-05,26412
2009-11-06,26469
2009-11-07,26531
2009-11-08,26600
2009-11-09,26673
2009-11-10,26737
2009-11-11,26815
2009-11-12,26879
2009-11-13,26945
2009-11-14,27025
2009-11-15,27104
2009-11-16,27200
2009-11-17,27297
2009-11-18,27389
2009-11-19,27468
2009-11-20,27538
2009-11-21,27624
2009-11-22,27697
2009-11-23,27803
2009-11-24,27899
2009-11-25,27992
2009-11-26,28082
2009-11-27,28166
2009-11-28,28240
2009-11-29,28311
2009-11-30,28371
2009-12-01,28446
2009-12-02,28519
2009-12-03,28613
2009-12-04,28701
2009-12-05,28737
2009-12-06,28801
2009-12-07,28904
2009-12-08,29016
2009-12-09,29121
2009-12-10,29217
2009-12-11,29321
2009-12-12,29433
2009-12-13,29543
2009-12-14,29657
2009-12-15,29759
2009-12-16,29869
2009-12-17,30005
2009-12-18,30174
2009-12-19,30399
2009-12-20,30597
2009-12-21,30772
2009-12-22,30947
2009-12-23,31109
2009-12-24,31263
2009-12-25,31417
2009-12-26,31566
2009-12-27,31740
2009-12-28,31907
2009-12-29,32044
2009-12-30,32215
2009-12-31,32356
2010-01-01,32494
2010-01-02,32626
2010-01-03,32752
2010-01-04,32938
2010-01-05,33119
2010-01-06,33317
2010-01-07,33480
2010-01-08,33634
2010-01-09,33787
2010-01-10,33938
2010-01-11,34128
2010-01-12,34287
2010-01-13,34446
2010-01-14,34610
2010-01-15,34753
2010-01-16,34894
2010-01-17,35019
2010-01-18,35150
2010-01-19,35275
2010-01-20,35399
2010-01-21,35557
2010-01-22,35732
2010-01-23,35865
2010-01-24,36025
2010-01-25,36179
2010-01-26,36390
2010-01-27,36585
2010-01-28,36749
2010-01-29,36926
2010-01-30,37123
2010-01-31,37333
2010-02-01,37498
2010-02-02,37682
2010-02-03,37827
2010-02-04,38097
2010-02-05,38326
2010-02-06,38549
2010-02-07,38741
2010-02-08,38958
2010-02-09,39158
2010-02-10,39365
2010-02-11,39533
2010-02-12,39702
2010-02-13,39885
2010-02-14,40117
2010-02-15,40325
2010-02-16,40501
2010-02-17,40696
2010-02-18,40935
2010-02-19,41143
2010-02-20,41335
2010-02-21,41543
2010-02-22,41766
2010-02-23,42026
2010-02-24,42276
2010-02-25,42447
2010-02-26,42601
2010-02-27,42773
2010-02-28,42945
2010-03-01,43101
2010-03-02,43296
2010-03-03,43484
2010-03-04,43636
2010-03-05,43821
2010-03-06,43992
2010-03-07,44169
2010-03-08,44348
2010-03-09,44473
2010-03-10,44619
2010-03-11,44781
2010-03-12,44914
2010-03-13,45035
2010-03-14,45188
2010-03-15,45313
2010-03-16,45448
2010-03-17,45574
2010-03-18,45710
2010-03-19,45850
2010-03-20,46003
2010-03-21,46195
2010-03-22,46378
2010-03-23,46557
2010-03-24,46764
2010-03-25,46935
2010-03-26,47122
2010-03-27,47319
2010-03-28,47497
2010-03-29,47683
2010-03-30,47878
2010-03-31,48093
2010-04-01,48302
2010-04-02,48470
2010-04-03,48626
2010-04-04,48787
2010-04-05,48958
2010-04-06,49111
2010-04-07,49270
2010-04-08,49463
2010-04-09,49646
2010-04-10,49835
2010-04-11,50095
2010-04-12,50318
2010-04-13,50521
2010-04-14,50710
2010-04-15,50890
2010-04-16,51106
2010-04-17,51308
2010-04-18,51529
2010-04-19,51774
2010-04-20,52006
2010-04-21,52211
2010-04-22,52430
2010-04-23,52589
2010-04-24,52739
2010-04-25,52907
2010-04-26,53065
2010-04-27,53229
2010-04-28,53409
2010-04-29,53589
2010-04-30,53736
2010-05-01,53880
2010-05-02,54063
2010-05-03,54218
2010-05-04,54377
2010-05-05,54513
2010-05-06,54650
2010-05-07,54799
2010-05-08,54931
2010-05-09,55085
2010-05-10,55228
2010-05-11,55356
2010-05-12,55467
2010-05-13,55594
2010-05-14,55722
2010-05-15,55845
2010-05-16,55936
2010-05-17,56049
2010-05-18,56192
2010-05-19,56360
2010-05-20,56524
2010-05-21,56727
2010-05-22,56903
2010-05-23,57098
2010-05-24,57309
2010-05-25,57497
2010-05-26,57707
2010-05-27,57930
2010-05-28,58122
2010-05-29,58345
2010-05-30,58529
2010-05-31,58678
2010-06-01,58820
2010-06-02,58955
2010-06-03,59102
2010-06-04,59254
2010-06-05,59379
2010-06-06,59524
2010-06-07,59672
2010-06-08,59829
2010-06-09,59989
2010-06-10,60157
2010-06-11,60317
2010-06-12,60485
2010-06-13,60620
2010-06-14,60792
2010-06-15,60953
2010-06-16,61137
2010-06-17,61279
2010-06-18,61425
2010-06-19,61575
2010-06-20,61725
2010-06-21,61910
2010-06-22,62064
2010-06-23,62220
2010-06-24,62407
2010-06-25,62576
2010-06-26,62726
2010-06-27,62885
2010-06-28,63063
2010-06-29,63215
2010-06-30,63384
2010-07-01,63566
2010-07-02,63777
2010-07-03,63944
2010-07-04,64156
2010-07-05,64322
2010-07-06,64501
2010-07-07,64670
2010-07-08,64826
2010-07-09,64977
2010-07-10,65176
2010-07-11,65374
2010-07-12,65553
2010-07-13,66212
2010-07-14,66904
2010-07-15,67482
2010-07-16,68106
2010-07-17,68611
2010-07-18,68784
2010-07-19,68956
2010-07-20,69130
2010-07-21,69311
2010-07-22,69518
2010-07-23,69694
2010-07-24,69888
2010-07-25,70077
2010-07-26,70308
2010-07-27,70551
2010-07-28,70717
2010-07-29,70876
2010-07-30,71056
2010-07-31,71238
2010-08-01,71441
2010-08-02,71680
2010-08-03,71922
2010-08-04,72149
2010-08-05,72392
2010-08-06,72610
2010-08-07,72757
2010-08-08,72912
2010-08-09,73111
2010-08-10,73301
2010-08-11,73492
2010-08-12,73725
2010-08-13,73942
2010-08-14,74157
2010-08-15,74438
2010-08-16,74645
2010-08-17,74792
2010-08-18,74921
2010-08-19,75054
2010-08-20,75189
2010-08-21,75382
2010-08-22,75555
2010-08-23,75767
2010-08-24,75980
2010-08-25,76195
2010-08-26,76411
2010-08-27,76621
2010-08-28,76792
2010-08-29,76962
2010-08-30,77124
2010-08-31,77273
2010-09-01,77457
2010-09-02,77614
2010-09-03,77770
2010-09-04,77934
2010-09-05,78115
2010-09-06,78280
2010-09-07,78438
2010-09-08,78598
2010-09-09,78763
2010-09-10,78898
2010-09-11,79075
2010-09-12,79235
2010-09-13,79412
2010-09-14,79583
2010-09-15,79786
2010-09-16,79955
2010-09-17,80174
2010-09-18,80382
2010-09-19,80619
2010-09-20,80828
2010-09-21,81031
2010-09-22,81203
2010-09-23,81377
2010-09-24,81611
2010-09-25,81839
2010-09-26,82046
2010-09-27,82251
2010-09-28,82480
2010-09-29,82692
2010-09-30,82856
2010-10-01,83002
2010-10-02,83156
2010-10-03,83256
2010-10-04,83378
2010-10-05,83531
2010-10-06,83657
2010-10-07,83828
2010-10-08,83988
2010-10-09,84142
2010-10-10,84300
2010-10-11,84478
2010-10-12,84637
2010-10-13,84792
2010-10-14,84968
2010-10-15,85173
2010-10-16,85350
2010-10-17,85608
2010-10-18,85878
2010-10-19,86127
2010-10-20,86383
2010-10-21,86647
2010-10-22,86833
2010-10-23,86987
2010-10-24,87162
2010-10-25,87367
2010-10-26,87570
2010-10-27,87811
2010-10-28,88024
2010-10-29,88243
2010-10-30,88466
2010-10-31,88718
2010-11-01,88897
2010-11-02,89074
2010-11-03,89250
2010-11-04,89440
2010-11-05,89641
2010-11-06,89860
2010-11-07,90078
2010-11-08,90319
2010-11-09,90594
2010-11-10,90811
2010-11-11,91014
2010-11-12,91233
2010-11-13,91402
2010-11-14,91625
2010-11-15,91881
2010-11-16,92081
2010-11-17,92278
2010-11-18,92525
2010-11-19,92782
2010-11-20,92932
2010-11-21,93048
2010-11-22,93188
2010-11-23,93351
2010-11-24,93491
2010-11-25,93668
2010-11-26,93849
2010-11-27,94043
2010-11-28,94223
2010-11-29,94395
2010-11-30,94604
2010-12-01,94806
2010-12-02,94994
2010-12-03,95182
2010-12-04,95371
2010-12-05,95600
2010-12-06,95839
2010-12-07,96080
2010-12-08,96319
2010-12-09,96557
2010-12-10,96780
2010-12-11,96927
2010-12-12,97102
2010-12-13,97273
2010-12-14,97414
2010-12-15,97585
2010-12-16,97781
2010-12-17,97954
2010-12-18,98120
2010-12-19,98281
2010-12-20,98465
2010-12-21,98624
2010-12-22,98820
2010-12-23,98977
2010-12-24,99122
2010-12-25,99270
2010-12-26,99438
2010-12-27,99583
2010-12-28,99749
2010-12-29,99918
2010-12-30,100083
2010-12-31,100252
2011-01-01,100414
2011-01-02,100595
2011-01-03,100770
2011-01-04,100926
2011-01-05,101067
2011-01-06,101221
2011-01-07,101362
2011-01-08,101526
2011-01-09,101696
2011-01-10,101859
2011-01-11,102021
2011-01-12,102193
2011-01-13,102360
2011-01-14,102548
2011-01-15,102729
2011-01-16,102886
2011-01-17,103060
2011-01-18,103241
2011-01-19,103382
2011-01-20,103551
2011-01-21,103737
2011-01-22,103912
2011-01-23,104076
2011-01-24,104246
2011-01-25,104434
2011-01-26,104590
2011-01-27,104770
2011-01-28,104930
2011-01-29,105088
2011-01-30,105249
2011-01-31,105405
2011-02-01,105575
2011-02-02,105739
2011-02-03,105897
2011-02-04,106057
2011-02-05,106251
2011-02-06,106430
2011-02-07,106607
2011-02-08,106810
2011-02-09,106978
2011-02-10,107170
2011-02-11,107356
2011-02-12,107542
2011-02-13,107738
2011-02-14,107936
2011-02-15,108132
2011-02-16,108357
2011-02-17,108589
2011-02-18,108820
2011-02-19,109032
2011-02-20,109193
2011-02-21,109391
2011-02-22,109585
2011-02-23,109796
2011-02-24,110039
2011-02-25,110246
2011-02-26,110471
2011-02-27,110747
2011-02-28,110991
2011-03-01,111141
2011-03-02,111271
2011-03-03,111439
2011-03-04,111625
2011-03-05,111846
2011-03-06,112123
2011-03-07,112397
2011-03-08,112608
2011-03-09,112795
2011-03-10,112955
2011-03-11,113065
2011-03-12,113195
2011-03-13,113335
2011-03-14,113452
2011-03-15,113564
2011-03-16,113676
2011-03-17,113812
2011-03-18,113953
2011-03-19,114073
2011-03-20,114188
2011-03-21,114325
2011-03-22,114473
2011-03-23,114592
2011-03-24,114749
2011-03-25,114901
2011-03-26,115074
2011-03-27,115212
2011-03-28,115355
2011-03-29,115523
2011-03-30,115686
2011-03-31,115842
2011-04-01,116043
2011-04-02,116219
2011-04-03,116399
2011-04-04,116574
2011-04-05,116752
2011-04-06,116946
2011-04-07,117095
2011-04-08,117241
2011-04-09,117407
2011-04-10,117563
2011-04-11,117736
2011-04-12,117899
2011-04-13,118062
2011-04-14,118256
2011-04-15,118416
2011-04-16,118552
2011-04-17,118725
2011-04-18,118905
2011-04-19,119053
2011-04-20,119207
2011-04-21,119351
2011-04-22,119498
2011-04-23,119674
2011-04-24,119846
2011-04-25,120008
2011-04-26,120200
2011-04-27,120395
2011-04-28,120578
2011-04-29,120742
2011-04-30,120942
2011-05-01,121131
2011-05-02,121310
2011-05-03,121507
2011-05-04,121703
2011-05-05,121900
2011-05-06,122119
2011-05-07,122337
2011-05-08,122551
2011-05-09,122770
2011-05-10,123009
2011-05-11,123192
2011-05-12,123383
2011-05-13,123552
2011-05-14,123759
2011-05-15,124001
2011-05-16,124221
2011-05-17,124468
2011-05-18,124725
2011-05-19,125013
2011-05-20,125184
2011-05-21,125404
2011-05-22,125624
2011-05-23,125876
2011-05-24,126162
2011-05-25,126461
2011-05-26,126768
2011-05-27,127064
2011-05-28,127231
2011-05-29,127386
2011-05-30,127566
2011-05-31,127720
2011-06-01,127870
2011-06-02,128058
2011-06-03,128248
2011-06-04,128450
2011-06-05,128674
2011-06-06,128882
2011-06-07,129115
2011-06-08,129285
2011-06-09,129470
2011-06-10,129692
2011-06-11,129915
2011-06-12,130167
2011-06-13,130400
2011-06-14,130627
2011-06-15,130874
2011-06-16,131153
2011-06-17,131333
2011-06-18,131519
2011-06-19,131716
2011-06-20,131939
2011-06-21,132173
2011-06-22,132426
2011-06-23,132686
2011-06-24,132926
2011-06-25,133142
2011-06-26,133285
2011-06-27,133434
2011-06-28,133603
2011-06-29,133763
2011-06-30,133935
2011-07-01,134126
2011-07-02,134299
2011-07-03,134468
2011-07-04,134633
2011-07-05,134803
2011-07-06,134942
2011-07-07,135099
2011-07-08,135230
2011-07-09,135395
2011-07-10,135544
2011-07-11,135681
2011-07-12,135838
2011-07-13,135979
2011-07-14,136170
2011-07-15,136314
2011-07-16,136476
2011-07-17,136633
2011-07-18,136803
2011-07-19,136973
2011-07-20,137115
2011-07-21,137264
2011-07-22,137416
2011-07-23,137567
2011-07-24,137713
2011-07-25,137879
2011-07-26,138044
2011-07-27,138220
2011-07-28,138394
2011-07-29,138549
2011-07-30,138713
2011-07-31,138865
2011-08-01,139040
2011-08-02,139205
2011-08-03,139359
2011-08-04,139516
2011-08-05,139645
2011-08-06,139785
2011-08-07,139907
2011-08-08,140033
2011-08-09,140169
2011-08-10,140315
2011-08-11,140467
2011-08-12,140604
2011-08-13,140735
2011-08-14,140865
2011-08-15,140997
2011-08-16,141126
2011-08-17,141273
2011-08-18,141409
2011-08-19,141553
2011-08-20,141684
2011-08-21,141836
2011-08-22,141996
2011-08-23,142165
2011-08-24,142320
2011-08-25,142454
2011-08-26,142589
2011-08-27,142736
2011-08-28,142858
2011-08-29,142974
2011-08-30,143112
2011-08-31,143258
2011-09-01,143413
2011-09-02,143542
2011-09-03,143698
2011-09-04,143843
2011-09-05,143977
2011-09-06,144133
2011-09-07,144284
2011-09-08,144420
2011-09-09,144549
2011-09-10,144703
2011-09-11,144836
2011-09-12,144961
2011-09-13,145094
2011-09-14,145236
2011-09-15,145382
2011-09-16,145538
2011-09-17,145657
2011-09-18,145791
2011-09-19,145949
2011-09-20,146076
2011-09-21,146216
2011-09-22,146362
2011-09-23,146510
2011-09-24,146643
2011-09-25,146772
2011-09-26,146909
2011-09-27,147043
2011-09-28,147176
2011-09-29,147323
2011-09-30,147448
2011-10-01,147570
2011-10-02,147713
2011-10-03,147834
2011-10-04,147979
2011-10-05,148091
2011-10-06,148236
2011-10-07,148364
2011-10-08,148502
2011-10-09,148621
2011-10-10,148748
2011-10-11,148871
2011-10-12,148964
2011-10-13,149084
2011-10-14,149181
2011-10-15,149320
2011-10-16,149454
2011-10-17,149573
2011-10-18,149691
2011-10-19,149811
2011-10-20,149944
2011-10-21,150059
2011-10-22,150180
2011-10-23,150278
2011-10-24,150386
2011-10-25,150513
2011-10-26,150642
2011-10-27,150759
2011-10-28,150859
2011-10-29,150964
2011-10-30,151077
2011-10-31,151188
2011-11-01,151319
2011-11-02,151469
2011-11-03,151623
2011-11-04,151748
2011-11-05,151895
2011-11-06,152041
2011-11-07,152185
2011-11-08,152317
2011-11-09,152466
2011-11-10,152627
2011-11-11,152768
2011-11-12,152887
2011-11-13,153030
2011-11-14,153174
2011-11-15,153317
2011-11-16,153482
2011-11-17,153617
2011-11-18,153756
2011-11-19,153889
2011-11-20,154012
2011-11-21,154155
2011-11-22,154273
2011-11-23,154413
2011-11-24,154547
2011-11-25,154660
2011-11-26,154795
2011-11-27,154915
2011-11-28,155029
2011-11-29,155156
2011-11-30,155294
2011-12-01,155456
2011-12-02,155638
2011-12-03,155784
2011-12-04,155936
2011-12-05,156072
2011-12-06,156230
2011-12-07,156401
2011-12-08,156539
2011-12-09,156703
2011-12-10,156850
2011-12-11,156994
2011-12-12,157146
2011-12-13,157273
2011-12-14,157405
2011-12-15,157558
2011-12-16,157670
2011-12-17,157788
2011-12-18,157938
2011-12-19,158082
2011-12-20,158241
2011-12-21,158375
2011-12-22,158524
2011-12-23,158672
2011-12-24,158814
2011-12-25,158959
2011-12-26,159133
2011-12-27,159310
2011-12-28,159455
2011-12-29,159610
2011-12-30,159748
2011-12-31,159890
2012-01-01,160041
2012-01-02,160194
2012-01-03,160345
2012-01-04,160504
2012-01-05,160653
2012-01-06,160800
2012-01-07,160971
2012-01-08,161155
2012-01-09,161318
2012-01-10,161482
2012-01-11,161623
2012-01-12,161776
2012-01-13,161931
2012-01-14,162071
2012-01-15,162221
2012-01-16,162360
2012-01-17,162535
2012-01-18,162692
2012-01-19,162820
2012-01-20,162970
2012-01-21,163116
2012-01-22,163279
2012-01-23,163415
2012-01-24,163585
2012-01-25,163724
2012-01-26,163872
2012-01-27,164010
2012-01-28,164151
2012-01-29,164296
2012-01-30,164463
2012-01-31,164635
2012-02-01,164785
2012-02-02,164926
2012-02-03,165085
2012-02-04,165243
2012-02-05,165400
2012-02-06,165542
2012-02-07,165688
2012-02-08,165825
2012-02-09,165970
2012-02-10,166115
2012-02-11,166253
2012-02-12,166403
2012-02-13,166561
2012-02-14,166698
2012-02-15,166836
2012-02-16,166970
2012-02-17,167108
2012-02-18,167260
2012-02-19,167431
2012-02-20,167589
2012-02-21,167729
2012-02-22,167858
2012-02-23,168017
2012-02-24,168183
2012-02-25,168332
2012-02-26,168497
2012-02-27,168647
2012-02-28,168801
2012-02-29,168961
2012-03-01,169140
2012-03-02,169291
2012-03-03,169425
2012-03-04,169538
2012-03-05,169675
2012-03-06,169820
2012-03-07,169957
2012-03-08,170111
2012-03-09,170267
2012-03-10,170435
2012-03-11,170600
2012-03-12,170734
2012-03-13,170900
2012-03-14,171060
2012-03-15,171197
2012-03-16,171318
2012-03-17,171471
2012-03-18,171641
2012-03-19,171801
2012-03-20,171944
2012-03-21,172104
2012-03-22,172262
2012-03-23,172420
2012-03-24,172546
2012-03-25,172730
2012-03-26,172887
2012-03-27,173038
2012-03-28,173194
2012-03-29,173344
2012-03-30,173485
2012-03-31,173639
2012-04-01,173809
2012-04-02,173951
2012-04-03,174067
2012-04-04,174200
2012-04-05,174337
2012-04-06,174454
2012-04-07,174590
2012-04-08,174719
2012-04-09,174869
2012-04-10,175015
2012-04-11,175162
2012-04-12,175303
2012-04-13,175430
2012-04-14,175553
2012-04-15,175692
2012-04-16,175799
2012-04-17,175949
2012-04-18,176084
2012-04-19,176214
2012-04-20,176371
2012-04-21,176525
2012-04-22,176679
2012-04-23,176819
2012-04-24,176954
2012-04-25,177092
2012-04-26,177219
2012-04-27,177374
2012-04-28,177509
2012-04-29,177661
2012-04-30,177840
2012-05-01,178019
2012-05-02,178189
2012-05-03,178339
2012-05-04,178496
2012-05-05,178657
2012-05-06,178824
2012-05-07,178988
2012-05-08,179158
2012-05-09,179334
2012-05-10,179500
2012-05-11,179629
2012-05-12,179772
2012-05-13,179900
2012-05-14,180040
2012-05-15,180179
2012-05-16,180309
2012-05-17,180430
2012-05-18,180546
2012-05-19,180691
2012-05-20,180840
2012-05-21,180978
2012-05-22,181104
2012-05-23,181219
2012-05-24,181349
2012-05-25,181474
2012-05-26,181595
2012-05-27,181737
2012-05-28,181896
2012-05-29,182038
2012-05-30,182164
2012-05-31,182295
2012-06-01,182433
2012-06-02,182585
2012-06-03,182745
2012-06-04,182898
2012-06-05,183053
2012-06-06,183200
2012-06-07,183353
2012-06-08,183492
2012-06-09,183633
2012-06-10,183804
2012-06-11,183970
2012-06-12,184110
2012-06-13,184266
2012-06-14,184416
2012-06-15,184572
2012-06-16,184731
2012-06-17,184887
2012-06-18,185051
2012-06-19,185226
2012-06-20,185373
2012-06-21,185518
2012-06-22,185654
2012-06-23,185792
2012-06-24,185956
2012-06-25,186087
2012-06-26,186241
2012-06-27,186390
2012-06-28,186553
2012-06-29,186690
2012-06-30,186836
2012-07-01,186968
2012-07-02,187110
2012-07-03,187262
2012-07-04,187422
2012-07-05,187572
2012-07-06,187716
2012-07-07,187871
2012-07-08,188037
2012-07-09,188190
2012-07-10,188353
2012-07-11,188503
2012-07-12,188637
2012-07-13,188787
2012-07-14,188950
2012-07-15,189111
2012-07-16,189251
2012-07-17,189401
2012-07-18,189573
2012-07-19,189728
2012-07-20,189863
2012-07-21,190011
2012-07-22,190152
2012-07-23,190307
2012-07-24,190448
2012-07-25,190609
2012-07-26,190769
2012-07-27,190938
2012-07-28,191116
2012-07-29,191269
2012-07-30,191435
2012-07-31,191611
2012-08-01,191741
2012-08-02,191875
2012-08-03,192040
2012-08-04,192202
2012-08-05,192358
2012-08-06,192497
2012-08-07,192637
2012-08-08,192801
2012-08-09,192967
2012-08-10,193137
2012-08-11,193293
2012-08-12,193461
2012-08-13,193620
2012-08-14,193780
2012-08-15,193937
2012-08-16,194104
2012-08-17,194258
2012-08-18,194396
2012-08-19,194547
2012-08-20,194729
2012-08-21,194903
2012-08-22,195076
2012-08-23,195232
2012-08-24,195397
2012-08-25,195545
2012-08-26,195683
2012-08-27,195862
2012-08-28,196007
2012-08-29,196158
2012-08-30,196326
2012-08-31,196480
2012-09-01,196620
2012-09-02,196781
2012-09-03,196945
2012-09-04,197102
2012-09-05,197255
2012-09-06,197435
2012-09-07,197606
2012-09-08,197774
2012-09-09,197919
2012-09-10,198078
2012-09-11,198228
2012-09-12,198373
2012-09-13,198528
2012-09-14,198658
2012-09-15,198820
2012-09-16,198964
2012-09-17,199125
2012-09-18,199293
2012-09-19,199460
2012-09-20,199601
2012-09-21,199753
2012-09-22,199922
2012-09-23,200079
2012-09-24,200237
2012-09-25,200390
2012-09-26,200529
2012-09-27,200669
2012-09-28,200830
2012-09-29,200988
2012-09-30,201156
2012-10-01,201315
2012-10-02,201446
2012-10-03,201592
2012-10-04,201725
2012-10-05,201856
2012-10-06,201992
2012-10-07,202147
2012-10-08,202272
2012-10-09,202450
2012-10-10,202592
2012-10-11,202741
2012-10-12,202879
2012-10-13,203028
2012-10-14,203176
2012-10-15,203303
2012-10-16,203472
2012-10-17,203627
2012-10-18,203769
2012-10-19,203926
2012-10-20,204061
2012-10-21,204219
2012-10-22,204380
2012-10-23,204537
2012-10-24,204667
2012-10-25,204829
2012-10-26,204972
2012-10-27,205137
2012-10-28,205312
2012-10-29,205478
2012-10-30,205636
2012-10-31,205779
2012-11-01,205923
2012-11-02,206060
2012-11-03,206203
2012-11-04,206349
2012-11-05,206506
2012-11-06,206666
2012-11-07,206801
2012-11-08,206958
2012-11-09,207112
2012-11-10,207264
2012-11-11,207408
2012-11-12,207555
2012-11-13,207687
2012-11-14,207827
2012-11-15,207970
2012-11-16,208106
2012-11-17,208251
2012-11-18,208391
2012-11-19,208537
2012-11-20,208683
2012-11-21,208830
2012-11-22,208982
2012-11-23,209126
2012-11-24,209289
2012-11-25,209440
2012-11-26,209586
2012-11-27,209743
2012-11-28,209891
2012-11-29,210063
2012-11-30,210229
2012-12-01,210354
2012-12-02,210521
2012-12-03,210664
2012-12-04,210811
2012-12-05,210923
2012-12-06,211045
2012-12-07,211182
2012-12-08,211311
2012-12-09,211449
2012-12-10,211575
2012-12-11,211718
2012-12-12,211862
2012-12-13,211992
2012-12-14,212123
2012-12-15,212229
2012-12-16,212345
2012-12-17,212456
2012-12-18,212590
2012-12-19,212715
2012-12-20,212857
2012-12-21,212963
2012-12-22,213089
2012-12-23,213242
2012-12-24,213364
2012-12-25,213496
2012-12-26,213620
2012-12-27,213774
2012-12-28,213930
2012-12-29,214099
2012-12-30,214243
2012-12-31,214409
2013-01-01,214567
2013-01-02,214729
2013-01-03,214882
2013-01-04,215044
2013-01-05,215197
2013-01-06,215338
2013-01-07,215483
2013-01-08,215651
2013-01-09,215784
2013-01-10,215914
2013-01-11,216061
2013-01-12,216178
2013-01-13,216300
2013-01-14,216433
2013-01-15,216590
2013-01-16,216711
2013-01-17,216842
2013-01-18,216953
2013-01-19,217074
2013-01-20,217228
2013-01-21,217358
2013-01-22,217490
2013-01-23,217634
2013-01-24,217760
2013-01-25,217916
2013-01-26,218053
2013-01-27,218209
2013-01-28,218360
2013-01-29,218507
2013-01-30,218665
2013-01-31,218818
2013-02-01,219011
2013-02-02,219158
2013-02-03,219311
2013-02-04,219497
2013-02-05,219661
2013-02-06,219828
2013-02-07,219974
2013-02-08,220128
2013-02-09,220279
2013-02-10,220422
2013-02-11,220583
2013-02-12,220742
2013-02-13,220881
2013-02-14,221052
2013-02-15,221203
2013-02-16,221382
2013-02-17,221571
2013-02-18,221759
2013-02-19,221920
2013-02-20,222079
2013-02-21,222272
2013-02-22,222448
2013-02-23,222618
2013-02-24,222782
2013-02-25,222938
2013-02-26,223143
2013-02-27,223308
2013-02-28,223501
2013-03-01,223669
2013-03-02,223821
2013-03-03,223966
2013-03-04,224127
2013-03-05,224306
2013-03-06,224445
2013-03-07,224600
2013-03-08,224760
2013-03-09,224920
2013-03-10,225089
2013-03-11,225272
2013-03-12,225436
2013-03-13,225571
2013-03-14,225728
2013-03-15,225907
2013-03-16,226079
2013-03-17,226254
2013-03-18,226463
2013-03-19,226653
2013-03-20,226823
2013-03-21,227034
2013-03-22,227252
2013-03-23,227481
2013-03-24,227698
2013-03-25,227887
2013-03-26,228031
2013-03-27,228182
2013-03-28,228314
2013-03-29,228496
2013-03-30,228670
2013-03-31,228843
2013-04-01,229012
2013-04-02,229210
2013-04-03,229391
2013-04-04,229566
2013-04-05,229720
2013-04-06,229878
2013-04-07,230041
2013-04-08,230205
2013-04-09,230360
2013-04-10,230536
2013-04-11,230727
2013-04-12,230887
2013-04-13,231060
2013-04-14,231227
2013-04-15,231380
2013-04-16,231544
2013-04-17,231721
2013-04-18,231892
2013-04-19,232039
2013-04-20,232176
2013-04-21,232330
2013-04-22,232506
2013-04-23,232659
2013-04-24,232827
2013-04-25,232989
2013-04-26,233161
2013-04-27,233332
2013-04-28,233479
2013-04-29,233656
2013-04-30,233830
2013-05-01,233979
2013-05-02,234130
2013-05-03,234264
2013-05-04,234401
2013-05-05,234560
2013-05-06,234725
2013-05-07,234891
2013-05-08,235059
2013-05-09,235224
2013-05-10,235388
2013-05-11,235560
2013-05-12,235742
2013-05-13,235910
2013-05-14,236084
2013-05-15,236238
2013-05-16,236379
2013-05-17,236527
2013-05-18,236688
2013-05-19,236837
2013-05-20,236993
2013-05-21,237122
2013-05-22,237273
2013-05-23,237429
2013-05-24,237603
2013-05-25,237772
2013-05-26,237937
2013-05-27,238100
2013-05-28,238276
2013-05-29,238434
2013-05-30,238602
2013-05-31,238781
2013-06-01,238956
2013-06-02,239169
2013-06-03,239368
2013-06-04,239581
2013-06-05,239794
2013-06-06,239978
2013-06-07,240159
2013-06-08,240320
2013-06-09,240501
2013-06-10,240660
2013-06-11,240834
2013-06-12,241014
2013-06-13,241217
2013-06-14,241403
2013-06-15,241583
2013-06-16,241756
2013-06-17,241941
2013-06-18,242086
2013-06-19,242226
2013-06-20,242362
2013-06-21,242516
2013-06-22,242684
2013-06-23,242860
2013-06-24,243025
2013-06-25,243175
2013-06-26,243332
2013-06-27,243506
2013-06-28,243673
2013-06-29,243842
2013-06-30,244011
2013-07-01,244164
2013-07-02,244321
2013-07-03,244474
2013-07-04,244658
2013-07-05,244823
2013-07-06,245009
2013-07-07,245196
2013-07-08,245382
2013-07-09,245574
2013-07-10,245759
2013-07-11,245954
2013-07-12,246128
2013-07-13,246282
2013-07-14,246439
2013-07-15,246611
2013-07-16,246775
2013-07-17,246939
2013-07-18,247123
2013-07-19,247284
2013-07-20,247455
2013-07-21,247641
2013-07-22,247840
2013-07-23,248005
2013-07-24,248146
2013-07-25,248305
2013-07-26,248451
2013-07-27,248615
2013-07-28,248796
2013-07-29,248964
2013-07-30,249142
2013-07-31,249339
2013-08-01,249529
2013-08-02,249706
2013-08-03,249898
2013-08-04,250068
2013-08-05,250247
2013-08-06,250436
2013-08-07,250626
2013-08-08,250812
2013-08-09,251017
2013-08-10,251212
2013-08-11,251422
2013-08-12,251638
2013-08-13,251854
2013-08-14,252037
2013-08-15,252205
2013-08-16,252375
2013-08-17,252543
2013-08-18,252733
2013-08-19,252927
2013-08-20,253104
2013-08-21,253294
2013-08-22,253490
2013-08-23,253706
2013-08-24,253902
2013-08-25,254085
2013-08-26,254236
2013-08-27,254402
2013-08-28,254571
2013-08-29,254749
2013-08-30,254938
2013-08-31,255143
2013-09-01,255366
2013-09-02,255587
2013-09-03,255802
2013-09-04,255996
2013-09-05,256159
2013-09-06,256338
2013-09-07,256523
2013-09-08,256668
2013-09-09,256825
2013-09-10,257028
2013-09-11,257219
2013-09-12,257419
2013-09-13,257632
2013-09-14,257836
2013-09-15,258054
2013-09-16,258235
2013-09-17,258389
2013-09-18,258568
2013-09-19,258733
2013-09-20,258923
2013-09-21,259123
2013-09-22,259312
2013-09-23,259515
2013-09-24,259725
2013-09-25,259937
2013-09-26,260143
2013-09-27,260305
2013-09-28,260483
2013-09-29,260660
2013-09-30,260830
2013-10-01,260993
2013-10-02,261180
2013-10-03,261371
2013-10-04,261570
2013-10-05,261750
2013-10-06,261969
2013-10-07,262154
2013-10-08,262310
2013-10-09,262472
2013-10-10,262650
2013-10-11,262842
2013-10-12,263027
2013-10-13,263241
2013-10-14,263462
2013-10-15,263712
2013-10-16,263972
2013-10-17,264182
2013-10-18,264349
2013-10-19,264541
2013-10-20,264764
2013-10-21,264963
2013-10-22,265174
2013-10-23,265419
2013-10-24,265640
2013-10-25,265855
2013-10-26,266090
2013-10-27,266272
2013-10-28,266451
2013-10-29,266626
2013-10-30,266786
2013-10-31,266981
2013-11-01,267192
2013-11-02,267400
2013-11-03,267602
2013-11-04,267794
2013-11-05,267989
2013-11-06,268163
2013-11-07,268326
2013-11-08,268470
2013-11-09,268604
2013-11-10,268752
2013-11-11,268923
2013-11-12,269110
2013-11-13,269311
2013-11-14,269479
2013-11-15,269662
2013-11-16,269828
2013-11-17,270022
2013-11-18,270208
2013-11-19,270364
2013-11-20,270525
2013-11-21,270689
2013-11-22,270839
2013-11-23,271011
2013-11-24,271181
2013-11-25,271349
2013-11-26,271522
2013-11-27,271681
2013-11-28,271854
2013-11-29,272035
2013-11-30,272208
2013-12-01,272384
2013-12-02,272579
2013-12-03,272738
2013-12-04,272938
2013-12-05,273109
2013-12-06,273279
2013-12-07,273487
2013-12-08,273682
2013-12-09,273877
2013-12-10,274053
2013-12-11,274245
2013-12-12,274410
2013-12-13,274573
2013-12-14,274747
2013-12-15,274945
2013-12-16,275122
2013-12-17,275323
2013-12-18,275526
2013-12-19,275725
2013-12-20,275951
2013-12-21,276129
2013-12-22,276290
2013-12-23,276459
2013-12-24,276630
2013-12-25,276799
2013-12-26,276961
2013-12-27,277141
2013-12-28,277325
2013-12-29,277475
2013-12-30,277643
2013-12-31,277816
2014-01-01,278000
2014-01-02,278205
2014-01-03,278339
2014-01-04,278500
2014-01-05,278641
2014-01-06,278834
2014-01-07,279020
2014-01-08,279197
2014-01-09,279390
2014-01-10,279597
2014-01-11,279784
2014-01-12,279994
2014-01-13,280201
2014-01-14,280370
2014-01-15,280532
2014-01-16,280716
2014-01-17,280901
2014-01-18,281053
2014-01-19,281227
2014-01-20,281396
2014-01-21,281591
2014-01-22,281757
2014-01-23,281949
2014-01-24,282126
2014-01-25,282315
2014-01-26,282480
2014-01-27,282632
2014-01-28,282806
2014-01-29,282960
2014-01-30,283112
2014-01-31,283288
2014-02-01,283472
2014-02-02,283661
2014-02-03,283847
2014-02-04,284028
2014-02-05,284200
2014-02-06,284368
2014-02-07,284550
2014-02-08,284705
2014-02-09,284887
2014-02-10,285025
2014-02-11,285181
2014-02-12,285345
2014-02-13,285523
2014-02-14,285701
2014-02-15,285892
2014-02-16,286079
2014-02-17,286274
2014-02-18,286429
2014-02-19,286592
2014-02-20,286792
2014-02-21,286969
2014-02-22,287121
2014-02-23,287301
2014-02-24,287469
2014-02-25,287660
2014-02-26,287821
2014-02-27,288005
2014-02-28,288193
2014-03-01,288374
2014-03-02,288518
2014-03-03,288658
2014-03-04,288806
2014-03-05,288955
2014-03-06,289111
2014-03-07,289284
2014-03-08,289450
2014-03-09,289618
2014-03-10,289797
2014-03-11,289946
2014-03-12,290114
2014-03-13,290296
2014-03-14,290458
2014-03-15,290591
2014-03-16,290756
2014-03-17,290927
2014-03-18,291088
2014-03-19,291234
2014-03-20,291394
2014-03-21,291571
2014-03-22,291757
2014-03-23,291927
2014-03-24,292141
2014-03-25,292329
2014-03-26,292486
2014-03-27,292645
2014-03-28,292818
2014-03-29,292992
2014-03-30,293167
2014-03-31,293307
2014-04-01,293487
2014-04-02,293658
2014-04-03,293855
2014-04-04,294059
2014-04-05,294254
2014-04-06,294425
2014-04-07,294576
2014-04-08,294727
2014-04-09,294861
2014-04-10,295022
2014-04-11,295177
2014-04-12,295346
2014-04-13,295507
2014-04-14,295694
2014-04-15,295887
2014-04-16,296069
2014-04-17,296228
2014-04-18,296397
2014-04-19,296557
2014-04-20,296716
2014-04-21,296894
2014-04-22,297065
2014-04-23,297219
2014-04-24,297384
2014-04-25,297535
2014-04-26,297717
2014-04-27,297880
2014-04-28,298057
2014-04-29,298209
2014-04-30,298380
2014-05-01,298517
2014-05-02,298693
2014-05-03,298854
2014-05-04,298996
2014-05-05,299147
2014-05-06,299272
2014-05-07,299466
2014-05-08,299625
2014-05-09,299792
2014-05-10,299962
2014-05-11,300141
2014-05-12,300293
2014-05-13,300457
2014-05-14,300619
2014-05-15,300769
2014-05-16,300941
2014-05-17,301121
2014-05-18,301294
2014-05-19,301466
2014-05-20,301634
2014-05-21,301811
2014-05-22,301986
2014-05-23,302158
2014-05-24,302323
2014-05-25,302477
2014-05-26,302638
2014-05-27,302796
2014-05-28,302932
2014-05-29,303101
2014-05-30,303242
2014-05-31,303409
2014-06-01,303556
2014-06-02,303731
2014-06-03,303924
2014-06-04,304102
2014-06-05,304283
2014-06-06,304435
2014-06-07,304574
2014-06-08,304729
2014-06-09,304865
2014-06-10,305021
2014-06-11,305188
2014-06-12,305334
2014-06-13,305506
2014-06-14,305669
2014-06-15,305847
2014-06-16,306037
2014-06-17,306225
2014-06-18,306409
2014-06-19,306567
2014-06-20,306734
2014-06-21,306920
2014-06-22,307106
2014-06-23,307286
2014-06-24,307462
2014-06-25,307650
2014-06-26,307837
2014-06-27,308008
2014-06-28,308205
2014-06-29,308387
2014-06-30,308544
2014-07-01,308676
2014-07-02,308809
2014-07-03,308946
2014-07-04,309085
2014-07-05,309251
2014-07-06,309403
2014-07-07,309545
2014-07-08,309695
2014-07-09,309845
2014-07-10,310011
2014-07-11,310160
2014-07-12,310316
2014-07-13,310473
2014-07-14,310633
2014-07-15,310768
2014-07-16,310927
2014-07-17,311071
2014-07-18,311243
2014-07-19,311415
2014-07-20,311592
2014-07-21,311747
2014-07-22,311902
2014-07-23,312044
2014-07-24,312190
2014-07-25,312333
2014-07-26,312496
2014-07-27,312630
2014-07-28,312783
2014-07-29,312933
2014-07-30,313082
2014-07-31,313254
2014-08-01,313408
2014-08-02,313565
2014-08-03,313728
2014-08-04,313882
2014-08-05,314010
2014-08-06,314145
2014-08-07,314309
2014-08-08,314469
2014-08-09,314627
2014-08-10,314809
2014-08-11,314986
2014-08-12,315168
2014-08-13,315342
2014-08-14,315487
2014-08-15,315667
2014-08-16,315832
2014-08-17,315990
2014-08-18,316160
2014-08-19,316358
2014-08-20,316544
2014-08-21,316713
2014-08-22,316878
2014-08-23,317035
2014-08-24,317197
2014-08-25,317343
2014-08-26,317480
2014-08-27,317653
2014-08-28,317822
2014-08-29,317995
2014-08-30,318165
2014-08-31,318347
2014-09-01,318535
2014-09-02,318671
2014-09-03,318818
2014-09-04,318987
2014-09-05,319145
2014-09-06,319290
2014-09-07,319469
2014-09-08,319624
2014-09-09,319768
2014-09-10,319914
2014-09-11,320071
2014-09-12,320241
2014-09-13,320395
2014-09-14,320576
2014-09-15,320734
2014-09-16,320892
2014-09-17,321063
2014-09-18,321249
2014-09-19,321428
2014-09-20,321599
2014-09-21,321775
2014-09-22,321940
2014-09-23,322107
2014-09-24,322257
2014-09-25,322413
2014-09-26,322585
2014-09-27,322719
2014-09-28,322853
2014-09-29,322983
2014-09-30,323120
2014-10-01,323273
2014-10-02,323428
2014-10-03,323566
2014-10-04,323712
2014-10-05,323866
2014-10-06,324035
2014-10-07,324196
2014-10-08,324330
2014-10-09,324474
2014-10-10,324622
2014-10-11,324777
2014-10-12,324921
2014-10-13,325069
2014-10-14,325224
2014-10-15,325356
2014-10-16,325507
2014-10-17,325655
2014-10-18,325797
2014-10-19,325961
2014-10-20,326094
2014-10-21,326231
2014-10-22,326384
2014-10-23,326543
2014-10-24,326694
2014-10-25,326853
2014-10-26,327008
2014-10-27,327133
2014-10-28,327292
2014-10-29,327430
2014-10-30,327585
2014-10-31,327755
2014-11-01,327943
2014-11-02,328102
2014-11-03,328257
2014-11-04,328426
2014-11-05,328588
2014-11-06,328726
2014-11-07,328880
2014-11-08,329030
2014-11-09,329183
2014-11-10,329333
2014-11-11,329480
2014-11-12,329609
2014-11-13,329756
2014-11-14,329901
2014-11-15,330055
2014-11-16,330195
2014-11-17,330345
2014-11-18,330489
2014-11-19,330643
2014-11-20,330784
2014-11-21,330922
2014-11-22,331049
2014-11-23,331203
2014-11-24,331345
2014-11-25,331492
2014-11-26,331624
2014-11-27,331761
2014-11-28,331902
2014-11-29,332050
2014-11-30,332207
2014-12-01,332367
2014-12-02,332497
2014-12-03,332647
2014-12-04,332763
2014-12-05,332909
2014-12-06,333065
2014-12-07,333202
2014-12-08,333328
2014-12-09,333491
2014-12-10,333633
2014-12-11,333776
2014-12-12,333924
2014-12-13,334065
2014-12-14,334211
2014-12-15,334352
2014-12-16,334493
2014-12-17,334636
2014-12-18,334764
2014-12-19,334893
2014-12-20,335030
2014-12-21,335164
2014-12-22,335296
2014-12-23,335460
2014-12-24,335610
2014-12-25,335763
2014-12-26,335921
2014-12-27,336073
2014-12-28,336225
2014-12-29,336394
2014-12-30,336558
2014-12-31,336713
2015-01-01,336865
2015-01-02,337030
2015-01-03,337195
2015-01-04,337357
2015-01-05,337529
2015-01-06,337685
2015-01-07,337843
2015-01-08,337983
2015-01-09,338130
2015-01-10,338270
2015-01-11,338417
2015-01-12,338572
2015-01-13,338714
2015-01-14,338841
2015-01-15,338986
2015-01-16,339137
2015-01-17,339276
2015-01-18,339414
2015-01-19,339567
2015-01-20,339711
2015-01-21,339829
2015-01-22,339978
2015-01-23,340113
2015-01-24,340237
2015-01-25,340363
2015-01-26,340488
2015-01-27,340615
2015-01-28,340764
2015-01-29,340928
2015-01-30,341092
2015-01-31,341230
2015-02-01,341396
2015-02-02,341551
2015-02-03,341710
2015-02-04,341837
2015-02-05,341996
2015-02-06,342155
2015-02-07,342332
2015-02-08,342491
2015-02-09,342623
2015-02-10,342784
2015-02-11,342928
2015-02-12,343086
2015-02-13,343205
2015-02-14,343351
2015-02-15,343511
2015-02-16,343651
2015-02-17,343808
2015-02-18,343957
2015-02-19,344124
2015-02-20,344290
2015-02-21,344448
2015-02-22,344590
2015-02-23,344741
2015-02-24,344883
2015-02-25,345012
2015-02-26,345171
2015-02-27,345321
2015-02-28,345473
2015-03-01,345615
2015-03-02,345755
2015-03-03,345913
2015-03-04,346071
2015-03-05,346211
2015-03-06,346343
2015-03-07,346491
2015-03-08,346631
2015-03-09,346787
2015-03-10,346931
2015-03-11,347083
2015-03-12,347237
2015-03-13,347368
2015-03-14,347514
2015-03-15,347645
2015-03-16,347788
2015-03-17,347927
2015-03-18,348055
2015-03-19,348208
2015-03-20,348346
2015-03-21,348481
2015-03-22,348632
2015-03-23,348774
2015-03-24,348919
2015-03-25,349092
2015-03-26,349254
2015-03-27,349402
2015-03-28,349573
2015-03-29,349721
2015-03-30,349874
2015-03-31,350016
2015-04-01,350166
2015-04-02,350298
2015-04-03,350464
2015-04-04,350610
2015-04-05,350763
2015-04-06,350911
2015-04-07,351037
2015-04-08,351189
2015-04-09,351314
2015-04-10,351447
2015-04-11,351599
2015-04-12,351739
2015-04-13,351867
2015-04-14,352023
2015-04-15,352172
2015-04-16,352294
2015-04-17,352432
2015-04-18,352558
2015-04-19,352704
2015-04-20,352849
2015-04-21,353003
2015-04-22,353156
2015-04-23,353308
2015-04-24,353438
2015-04-25,353562
2015-04-26,353725
2015-04-27,353869
2015-04-28,354006
2015-04-29,354159
2015-04-30,354286
2015-05-01,354420
2015-05-02,354568
2015-05-03,354715
2015-05-04,354856
2015-05-05,354984
2015-05-06,355138
2015-05-07,355299
2015-05-08,355440
2015-05-09,355590
2015-05-10,355719
2015-05-11,355848
2015-05-12,356006
2015-05-13,356156
2015-05-14,356318
2015-05-15,356472
2015-05-16,356619
2015-05-17,356751
2015-05-18,356922
2015-05-19,357066
2015-05-20,357196
2015-05-21,357341
2015-05-22,357496
2015-05-23,357634
2015-05-24,357746
2015-05-25,357892
2015-05-26,358033
2015-05-27,358177
2015-05-28,358315
2015-05-29,358447
2015-05-30,358601
2015-05-31,358737
2015-06-01,358885
2015-06-02,359017
2015-06-03,359167
2015-06-04,359309
2015-06-05,359450
2015-06-06,359588
2015-06-07,359766
2015-06-08,359915
2015-06-09,360072
2015-06-10,360223
2015-06-11,360392
2015-06-12,360527
2015-06-13,360669
2015-06-14,360828
2015-06-15,360976
2015-06-16,361120
2015-06-17,361238
2015-06-18,361396
2015-06-19,361552
2015-06-20,361699
2015-06-21,361833
2015-06-22,361957
2015-06-23,362110
2015-06-24,362250
2015-06-25,362406
2015-06-26,362558
2015-06-27,362712
2015-06-28,362841
2015-06-29,362982
2015-06-30,363122
2015-07-01,363267
2015-07-02,363402
2015-07-03,363556
2015-07-04,363717
2015-07-05,363869
2015-07-06,364011
2015-07-07,364192
2015-07-08,364326
2015-07-09,364487
2015-07-10,364620
2015-07-11,364774
2015-07-12,364922
2015-07-13,365057
2015-07-14,365205
2015-07-15,365349
2015-07-16,365502
2015-07-17,365636
2015-07-18,365783
2015-07-19,365932
2015-07-20,366084
2015-07-21,366240
2015-07-22,366367
2015-07-23,366521
2015-07-24,366661
2015-07-25,366830
2015-07-26,366984
2015-07-27,367128
2015-07-28,367277
2015-07-29,367413
2015-07-30,367566
2015-07-31,367699
2015-08-01,367850
2015-08-02,368005
2015-08-03,368156
2015-08-04,368313
2015-08-05,368449
2015-08-06,368582
2015-08-07,368725
2015-08-08,368862
2015-08-09,369023
2015-08-10,369165
2015-08-11,369332
2015-08-12,369494
2015-08-13,369620
2015-08-14,369767
2015-08-15,369909
2015-08-16,370046
2015-08-17,370184
2015-08-18,370331
2015-08-19,370472
2015-08-20,370628
2015-08-21,370778
2015-08-22,370943
2015-08-23,371101
2015-08-24,371235
2015-08-25,371390
2015-08-26,371525
2015-08-27,371686
2015-08-28,371823
2015-08-29,371978
2015-08-30,372138
2015-08-31,372288
2015-09-01,372445
2015-09-02,372599
2015-09-03,372759
2015-09-04,372905
2015-09-05,373061
2015-09-06,373208
2015-09-07,373352
2015-09-08,373504
2015-09-09,373640
2015-09-10,373789
2015-09-11,373960
2015-09-12,374118
2015-09-13,374253
2015-09-14,374404
2015-09-15,374556
2015-09-16,374716
2015-09-17,374858
2015-09-18,375002
2015-09-19,375149
2015-09-20,375274
2015-09-21,375402
2015-09-22,375534
2015-09-23,375691
2015-09-24,375849
2015-09-25,375989
2015-09-26,376153
2015-09-27,376300
2015-09-28,376449
2015-09-29,376592
2015-09-30,376766
2015-10-01,376914
2015-10-02,377063
2015-10-03,377201
2015-10-04,377346
2015-10-05,377499
2015-10-06,377652
2015-10-07,377794
2015-10-08,377927
2015-10-09,378067
2015-10-10,378193
2015-10-11,378353
2015-10-12,378499
2015-10-13,378641
2015-10-14,378778
2015-10-15,378930
2015-10-16,379096
2015-10-17,379240
2015-10-18,379376
2015-10-19,379521
2015-10-20,379686
2015-10-21,379814
2015-10-22,379958
2015-10-23,380106
2015-10-24,380255
2015-10-25,380400
2015-10-26,380555
2015-10-27,380719
2015-10-28,380866
2015-10-29,381005
2015-10-30,381156
2015-10-31,381327
2015-11-01,381474
2015-11-02,381627
2015-11-03,381780
2015-11-04,381935
2015-11-05,382090
2015-11-06,382236
2015-11-07,382381
2015-11-08,382533
2015-11-09,382672
2015-11-10,382821
2015-11-11,382967
2015-11-12,383135
2015-11-13,383296
2015-11-14,383456
2015-11-15,383598
2015-11-16,383758
2015-11-17,383931
2015-11-18,384080
2015-11-19,384233
2015-11-20,384369
2015-11-21,384536
2015-11-22,384710
2015-11-23,384882
2015-11-24,385045
2015-11-25,385201
2015-11-26,385349
2015-11-27,385525
2015-11-28,385658
2015-11-29,385812
2015-11-30,385961
2015-12-01,386123
2015-12-02,386290
2015-12-03,386451
2015-12-04,386593
2015-12-05,386746
2015-12-06,386921
2015-12-07,387080
2015-12-08,387227
2015-12-09,387402
2015-12-10,387570
2015-12-11,387786
2015-12-12,387946
2015-12-13,388108
2015-12-14,388250
2015-12-15,388445
2015-12-16,388628
2015-12-17,388791
2015-12-18,388946
2015-12-19,389115
2015-12-20,389272
2015-12-21,389437
2015-12-22,389586
2015-12-23,389736
2015-12-24,389893
2015-12-25,390031
2015-12-26,390193
2015-12-27,390364
2015-12-28,390569
2015-12-29,390720
2015-12-30,390879
2015-12-31,391044
2016-01-01,391186
2016-01-02,391321
2016-01-03,391466
2016-01-04,391611
2016-01-05,391792
2016-01-06,391949
2016-01-07,392090
2016-01-08,392237
2016-01-09,392410
2016-01-10,392561
2016-01-11,392736
2016-01-12,392906
2016-01-13,393076
2016-01-14,393224
2016-01-15,393357
2016-01-16,393479
2016-01-17,393621
2016-01-18,393772
2016-01-19,393945
2016-01-20,394078
2016-01-21,394230
2016-01-22,394367
2016-01-23,394543
2016-01-24,394722
2016-01-25,394893
2016-01-26,395055
2016-01-27,395215
2016-01-28,395370
2016-01-29,395516
2016-01-30,395685
2016-01-31,395872
2016-02-01,396053
2016-02-02,396214
2016-02-03,396394
2016-02-04,396573
2016-02-05,396741
2016-02-06,396929
2016-02-07,397129
2016-02-08,397305
2016-02-09,397453
2016-02-10,397629
2016-02-11,397793
2016-02-12,397985
2016-02-13,398156
2016-02-14,398312
2016-02-15,398478
2016-02-16,398630
2016-02-17,398768
2016-02-18,398923
2016-02-19,399092
2016-02-20,399237
2016-02-21,399387
2016-02-22,399515
2016-02-23,399642
2016-02-24,399778
2016-02-25,399896
2016-02-26,400051
2016-02-27,400191
2016-02-28,400338
2016-02-29,400472
2016-03-01,400605
2016-03-02,400746
2016-03-03,400903
2016-03-04,401038
2016-03-05,401193
2016-03-06,401343
2016-03-07,401491
2016-03-08,401624
2016-03-09,401778
2016-03-10,401946
2016-03-11,402101
2016-03-12,402261
2016-03-13,402405
2016-03-14,402538
2016-03-15,402690
2016-03-16,402851
2016-03-17,403003
2016-03-18,403144
2016-03-19,403280
2016-03-20,403416
2016-03-21,403562
2016-03-22,403701
2016-03-23,403849
2016-03-24,403998
2016-03-25,404145
2016-03-26,404291
2016-03-27,404444
2016-03-28,404585
2016-03-29,404755
2016-03-30,404912
2016-03-31,405059
2016-04-01,405183
2016-04-02,405336
2016-04-03,405475
2016-04-04,405617
2016-04-05,405783
2016-04-06,405938
2016-04-07,406095
2016-04-08,406234
2016-04-09,406378
2016-04-10,406540
2016-04-11,406713
2016-04-12,406866
2016-04-13,407014
2016-04-14,407178
2016-04-15,407342
2016-04-16,407481
2016-04-17,407619
2016-04-18,407777
2016-04-19,407911
2016-04-20,408061
2016-04-21,408226
2016-04-22,408377
2016-04-23,408520
2016-04-24,408664
2016-04-25,408796
2016-04-26,408923
2016-04-27,409074
2016-04-28,409203
2016-04-29,409338
2016-04-30,409496
2016-05-01,409642
2016-05-02,409797
2016-05-03,409954
2016-05-04,410105
2016-05-05,410272
2016-05-06,410427
2016-05-07,410589
2016-05-08,410739
2016-05-09,410907
2016-05-10,411078
2016-05-11,411236
2016-05-12,411369
2016-05-13,411508
2016-05-14,411660
2016-05-15,411804
2016-05-16,411943
2016-05-17,412084
2016-05-18,412225
2016-05-19,412378
2016-05-20,412498
2016-05-21,412647
2016-05-22,412788
2016-05-23,412972
2016-05-24,413152
2016-05-25,413299
2016-05-26,413437
2016-05-27,413572
2016-05-28,413711
2016-05-29,413844
2016-05-30,413991
2016-05-31,414135
2016-06-01,414262
2016-06-02,414405
2016-06-03,414543
2016-06-04,414685
2016-06-05,414804
2016-06-06,414974
2016-06-07,415144
2016-06-08,415284
2016-06-09,415428
2016-06-10,415593
2016-06-11,415737
2016-06-12,415893
2016-06-13,416039
2016-06-14,416200
2016-06-15,416332
2016-06-16,416484
2016-06-17,416633
2016-06-18,416782
2016-06-19,416940
2016-06-20,417117
2016-06-21,417281
2016-06-22,417430
2016-06-23,417559
2016-06-24,417699
2016-06-25,417828
2016-06-26,417990
2016-06-27,418136
2016-06-28,418283
2016-06-29,418431
2016-06-30,418577
2016-07-01,418727
2016-07-02,418882
2016-07-03,419031
2016-07-04,419185
2016-07-05,419336
2016-07-06,419481
2016-07-07,419621
2016-07-08,419758
2016-07-09,419903
2016-07-10,420052
2016-07-11,420208
2016-07-12,420351
2016-07-13,420494
2016-07-14,420623
2016-07-15,420764
2016-07-16,420899
2016-07-17,421056
2016-07-18,421205
2016-07-19,421353
2016-07-20,421481
2016-07-21,421631
2016-07-22,421764
2016-07-23,421893
2016-07-24,422024
2016-07-25,422148
2016-07-26,422279
2016-07-27,422408
2016-07-28,422536
2016-07-29,422672
2016-07-30,422819
2016-07-31,422938
2016-08-01,423092
2016-08-02,423245
2016-08-03,423399
2016-08-04,423565
2016-08-05,423718
2016-08-06,423887
2016-08-07,424053
2016-08-08,424201
2016-08-09,424349
2016-08-10,424473
2016-08-11,424624
2016-08-12,424774
2016-08-13,424923
2016-08-14,425086
2016-08-15,425249
2016-08-16,425395
2016-08-17,425530
2016-08-18,425653
2016-08-19,425807
2016-08-20,425961
2016-08-21,426116
2016-08-22,426279
2016-08-23,426437
2016-08-24,426584
2016-08-25,426736
2016-08-26,426866
2016-08-27,426998
2016-08-28,427142
2016-08-29,427294
2016-08-30,427443
2016-08-31,427607
2016-09-01,427741
2016-09-02,427881
2016-09-03,428034
2016-09-04,428160
2016-09-05,428339
2016-09-06,428479
2016-09-07,428615
2016-09-08,428767
2016-09-09,428911
2016-09-10,429053
2016-09-11,429208
2016-09-12,429372
2016-09-13,429535
2016-09-14,429700
2016-09-15,429856
2016-09-16,430010
2016-09-17,430149
2016-09-18,430312
2016-09-19,430457
2016-09-20,430590
2016-09-21,430741
2016-09-22,430907
2016-09-23,431048
2016-09-24,431184
2016-09-25,431350
2016-09-26,431535
2016-09-27,431688
2016-09-28,431855
2016-09-29,432003
2016-09-30,432146
2016-10-01,432288
2016-10-02,432445
2016-10-03,432586
2016-10-04,432737
2016-10-05,432895
2016-10-06,433062
2016-10-07,433223
2016-10-08,433366
2016-10-09,433535
2016-10-10,433695
2016-10-11,433819
2016-10-12,433958
2016-10-13,434102
2016-10-14,434230
2016-10-15,434366
2016-10-16,434508
2016-10-17,434638
2016-10-18,434763
2016-10-19,434918
2016-10-20,435043
2016-10-21,435177
2016-10-22,435341
2016-10-23,435490
2016-10-24,435634
2016-10-25,435777
2016-10-26,435916
2016-10-27,436054
2016-10-28,436216
2016-10-29,436368
2016-10-30,436517
2016-10-31,436685
2016-11-01,436832
2016-11-02,436976
2016-11-03,437109
2016-11-04,437264
2016-11-05,437380
2016-11-06,437527
2016-11-07,437680
2016-11-08,437826
2016-11-09,437995
2016-11-10,438142
2016-11-11,438310
2016-11-12,438473
2016-11-13,438641
2016-11-14,438783
2016-11-15,438955
2016-11-16,439111
2016-11-17,439282
2016-11-18,439441
2016-11-19,439589
2016-11-20,439731
2016-11-21,439859
2016-11-22,439998
2016-11-23,440132
2016-11-24,440279
2016-11-25,440441
2016-11-26,440593
2016-11-27,440746
2016-11-28,440890
2016-11-29,441054
2016-11-30,441203
2016-12-01,441345
2016-12-02,441491
2016-12-03,441634
2016-12-04,441806
2016-12-05,441954
2016-12-06,442106
2016-12-07,442256
2016-12-08,442430
2016-12-09,442587
2016-12-10,442722
2016-12-11,442854
2016-12-12,443041
2016-12-13,443197
2016-12-14,443375
2016-12-15,443514
2016-12-16,443641
2016-12-17,443774
2016-12-18,443918
2016-12-19,444059
2016-12-20,444210
2016-12-21,444348
2016-12-22,444507
2016-12-23,444666
2016-12-24,444818
2016-12-25,444955
2016-12-26,445120
2016-12-27,445262
2016-12-28,445418
2016-12-29,445582
2016-12-30,445732
2016-12-31,445889
2017-01-01,446037
2017-01-02,446193
2017-01-03,446352
2017-01-04,446516
2017-01-05,446669
2017-01-06,446809
2017-01-07,446970
2017-01-08,447108
2017-01-09,447275
2017-01-10,447411
2017-01-11,447571
2017-01-12,447724
2017-01-13,447896
2017-01-14,448046
2017-01-15,448218
2017-01-16,448385
2017-01-17,448554
2017-01-18,448712
2017-01-19,448862
2017-01-20,449036
2017-01-21,449225
2017-01-22,449406
2017-01-23,449580
2017-01-24,449718
2017-01-25,449867
2017-01-26,450016
2017-01-27,450171
2017-01-28,450341
2017-01-29,450493
2017-01-30,450660
2017-01-31,450804
2017-02-01,450949
2017-02-02,451141
2017-02-03,451298
2017-02-04,451447
2017-02-05,451591
2017-02-06,451750
2017-02-07,451875
2017-02-08,452026
2017-02-09,452172
2017-02-10,452341
2017-02-11,452488
2017-02-12,452627
2017-02-13,452767
2017-02-14,452930
2017-02-15,453099
2017-02-16,453238
2017-02-17,453389
2017-02-18,453540
2017-02-19,453691
2017-02-20,453825
2017-02-21,453973
2017-02-22,454111
2017-02-23,454249
2017-02-24,454399
2017-02-25,454562
2017-02-26,454729
2017-02-27,454907
2017-02-28,455051
2017-03-01,455204
2017-03-02,455348
2017-03-03,455505
2017-03-04,455656
2017-03-05,455788
2017-03-06,455935
2017-03-07,456077
2017-03-08,456230
2017-03-09,456372
2017-03-10,456520
2017-03-11,456676
2017-03-12,456825
2017-03-13,456980
2017-03-14,457125
2017-03-15,457281
2017-03-16,457423
2017-03-17,457576
2017-03-18,457730
2017-03-19,457887
2017-03-20,458052
2017-03-21,458188
2017-03-22,458330
2017-03-23,458489
2017-03-24,458637
2017-03-25,458813
2017-03-26,458947
2017-03-27,459112
2017-03-28,459244
2017-03-29,459399
2017-03-30,459537
2017-03-31,459701
2017-04-01,459836
2017-04-02,459968
2017-04-03,460126
2017-04-04,460302
2017-04-05,460427
2017-04-06,460589
2017-04-07,460736
2017-04-08,460898
2017-04-09,461035
2017-04-10,461194
2017-04-11,461341
2017-04-12,461508
2017-04-13,461650
2017-04-14,461777
2017-04-15,461916
2017-04-16,462066
2017-04-17,462212
2017-04-18,462350
2017-04-19,462496
2017-04-20,462639
2017-04-21,462777
2017-04-22,462944
2017-04-23,463089
2017-04-24,463242
2017-04-25,463366
2017-04-26,463514
2017-04-27,463667
2017-04-28,463814
2017-04-29,463950
2017-04-30,464123
2017-05-01,464274
2017-05-02,464424
2017-05-03,464582
2017-05-04,464714
2017-05-05,464882
2017-05-06,465011
2017-05-07,465179
2017-05-08,465346
2017-05-09,465526
2017-05-10,465681
2017-05-11,465829
2017-05-12,465964
2017-05-13,466118
2017-05-14,466276
2017-05-15,466440
2017-05-16,466610
2017-05-17,466742
2017-05-18,466897
2017-05-19,467039
2017-05-20,467203
2017-05-21,467368
2017-05-22,467515
2017-05-23,467661
2017-05-24,467829
2017-05-25,467983
2017-05-26,468146
2017-05-27,468299
2017-05-28,468467
2017-05-29,468632
2017-05-30,468783
2017-05-31,468962
2017-06-01,469126
2017-06-02,469296
2017-06-03,469442
2017-06-04,469634
2017-06-05,469795
2017-06-06,469959
2017-06-07,470110
2017-06-08,470275
2017-06-09,470440
2017-06-10,470591
2017-06-11,470732
2017-06-12,470878
2017-06-13,471025
2017-06-14,471166
2017-06-15,471307
2017-06-16,471459
2017-06-17,471607
2017-06-18,471752
2017-06-19,471897
2017-06-20,472049
2017-06-21,472186
2017-06-22,472326
2017-06-23,472465
2017-06-24,472625
2017-06-25,472771
2017-06-26,472893
2017-06-27,473035
2017-06-28,473166
2017-06-29,473323
2017-06-30,473443
2017-07-01,473597
2017-07-02,473761
2017-07-03,473949
2017-07-04,474119
2017-07-05,474272
2017-07-06,474421
2017-07-07,474563
2017-07-08,474711
2017-07-09,474876
2017-07-10,475014
2017-07-11,475211
2017-07-12,475384
2017-07-13,475561
2017-07-14,475718
2017-07-15,475857
2017-07-16,475984
2017-07-17,476147
2017-07-18,476295
2017-07-19,476460
2017-07-20,476609
2017-07-21,476771
2017-07-22,476925
2017-07-23,477085
2017-07-24,477257
2017-07-25,477435
2017-07-26,477583
2017-07-27,477730
2017-07-28,477884
2017-07-29,478034
2017-07-30,478191
2017-07-31,478338
2017-08-01,478483
2017-08-02,478632
2017-08-03,478784
2017-08-04,478922
2017-08-05,479101
2017-08-06,479278
2017-08-07,479418
2017-08-08,479571
2017-08-09,479735
2017-08-10,479873
2017-08-11,480007
2017-08-12,480151
2017-08-13,480286
2017-08-14,480434
2017-08-15,480564
2017-08-16,480716
2017-08-17,480846
2017-08-18,481025
2017-08-19,481174
2017-08-20,481325
2017-08-21,481455
2017-08-22,481570
2017-08-23,481659
2017-08-24,481818
2017-08-25,481919
2017-08-26,482020
2017-08-27,482125
2017-08-28,482280
2017-08-29,482409
2017-08-30,482558
2017-08-31,482726
2017-09-01,482889
2017-09-02,483063
2017-09-03,483227
2017-09-04,483381
2017-09-05,483556
2017-09-06,483753
2017-09-07,483915
2017-09-08,484091
2017-09-09,484266
2017-09-10,484435
2017-09-11,484573
2017-09-12,484747
2017-09-13,484935
2017-09-14,485125
2017-09-15,485299
2017-09-16,485479
2017-09-17,485648
2017-09-18,485824
2017-09-19,485951
2017-09-20,486107
2017-09-21,486224
2017-09-22,486400
2017-09-23,486539
2017-09-24,486705
2017-09-25,486850
2017-09-26,486975
2017-09-27,487113
2017-09-28,487260
2017-09-29,487437
2017-09-30,487606
2017-10-01,487744
2017-10-02,487874
2017-10-03,488024
2017-10-04,488207
2017-10-05,488341
2017-10-06,488466
2017-10-07,488625
2017-10-08,488783
2017-10-09,488965
2017-10-10,489126
2017-10-11,489286
2017-10-12,489425
2017-10-13,489578
2017-10-14,489714
2017-10-15,489855
2017-10-16,490050
2017-10-17,490224
2017-10-18,490388
2017-10-19,490539
2017-10-20,490717
2017-10-21,490896
2017-10-22,491049
2017-10-23,491231
2017-10-24,491402
2017-10-25,491569
2017-10-26,491754
2017-10-27,491934
2017-10-28,492038
2017-10-29,492123
2017-10-30,492277
2017-10-31,492424
2017-11-01,492562
2017-11-02,492718
2017-11-03,492868
2017-11-04,492987
2017-11-05,493117
2017-11-06,493258
2017-11-07,493391
2017-11-08,493547
2017-11-09,493691
2017-11-10,493844
2017-11-11,493964
2017-11-12,494044
2017-11-13,494124
2017-11-14,494264
2017-11-15,494392
2017-11-16,494544
2017-11-17,494696
2017-11-18,494863
2017-11-19,494999
2017-11-20,495159
2017-11-21,495334
2017-11-22,495507
2017-11-23,495655
2017-11-24,495812
2017-11-25,495961
2017-11-26,496117
2017-11-27,496270
2017-11-28,496440
2017-11-29,496596
2017-11-30,496769
2017-12-01,496936
2017-12-02,497119
2017-12-03,497280
2017-12-04,497456
2017-12-05,497637
2017-12-06,497815
2017-12-07,498003
2017-12-08,498155
2017-12-09,498311
2017-12-10,498485
2017-12-11,498649
2017-12-12,498820
2017-12-13,498976
2017-12-14,499162
2017-12-15,499347
2017-12-16,499516
2017-12-17,499687
2017-12-18,499872
2017-12-19,500054
2017-12-20,500194
2017-12-21,500330
2017-12-22,500462
2017-12-23,500617
2017-12-24,500756
2017-12-25,500908
2017-12-26,501043
2017-12-27,501185
2017-12-28,501341
2017-12-29,501490
2017-12-30,501655
2017-12-31,501802
2018-01-01,501965
2018-01-02,502121
2018-01-03,502292
2018-01-04,502449
2018-01-05,502617
2018-01-06,502760
2018-01-07,502928
2018-01-08,503090
2018-01-09,503256
2018-01-10,503420
2018-01-11,503586
2018-01-12,503779
2018-01-13,503957
2018-01-14,504106
2018-01-15,504261
2018-01-16,504411
2018-01-17,504570
2018-01-18,504737
2018-01-19,504910
2018-01-20,505075
2018-01-21,505253
2018-01-22,505440
2018-01-23,505607
2018-01-24,505784
2018-01-25,505960
2018-01-26,506118
2018-01-27,506273
2018-01-28,506430
2018-01-29,506588
2018-01-30,506736
2018-01-31,506903
2018-02-01,507020
2018-02-02,507180
2018-02-03,507348
2018-02-04,507506
2018-02-05,507684
2018-02-06,507869
2018-02-07,508039
2018-02-08,508180
2018-02-09,508311
2018-02-10,508446
2018-02-11,508589
2018-02-12,508740
2018-02-13,508906
2018-02-14,509070
2018-02-15,509249
2018-02-16,509380
2018-02-17,509537
2018-02-18,509686
2018-02-19,509848
2018-02-20,510010
2018-02-21,510151
2018-02-22,510320
2018-02-23,510469
2018-02-24,510617
2018-02-25,510762
2018-02-26,510933
2018-02-27,511074
2018-02-28,511234
2018-03-01,511389
2018-03-02,511554
2018-03-03,511710
2018-03-04,511890
2018-03-05,512038
2018-03-06,512187
2018-03-07,512343
2018-03-08,512500
2018-03-09,512662
2018-03-10,512808
2018-03-11,512948
2018-03-12,513101
2018-03-13,513262
2018-03-14,513420
2018-03-15,513564
2018-03-16,513708
2018-03-17,513864
2018-03-18,514013
2018-03-19,514164
2018-03-20,514319
2018-03-21,514446
2018-03-22,514598
2018-03-23,514741
2018-03-24,514874
2018-03-25,515030
2018-03-26,515165
2018-03-27,515315
2018-03-28,515467
2018-03-29,515602
2018-03-30,515754
2018-03-31,515916
2018-04-01,516044
2018-04-02,516206
2018-04-03,516362
2018-04-04,516525
2018-04-05,516672
2018-04-06,516828
2018-04-07,516966
2018-04-08,517146
2018-04-09,517307
2018-04-10,517454
2018-04-11,517618
2018-04-12,517779
2018-04-13,517933
2018-04-14,518098
2018-04-15,518235
2018-04-16,518398
2018-04-17,518539
2018-04-18,518701
2018-04-19,518861
2018-04-20,519039
2018-04-21,519176
2018-04-22,519335
2018-04-23,519495
2018-04-24,519648
2018-04-25,519807
2018-04-26,519930
2018-04-27,520071
2018-04-28,520213
2018-04-29,520341
2018-04-30,520499
2018-05-01,520654
2018-05-02,520812
2018-05-03,520952
2018-05-04,521103
2018-05-05,521241
2018-05-06,521402
2018-05-07,521539
2018-05-08,521689
2018-05-09,521828
2018-05-10,521988
2018-05-11,522142
2018-05-12,522269
2018-05-13,522434
2018-05-14,522582
2018-05-15,522714
2018-05-16,522860
2018-05-17,523039
2018-05-18,523171
2018-05-19,523319
2018-05-20,523473
2018-05-21,523617
2018-05-22,523774
2018-05-23,523925
2018-05-24,524087
2018-05-25,524230
2018-05-26,524406
2018-05-27,524568
2018-05-28,524732
2018-05-29,524888
2018-05-30,525027
2018-05-31,525201
2018-06-01,525371
2018-06-02,525537
2018-06-03,525689
2018-06-04,525852
2018-06-05,526035
2018-06-06,526210
2018-06-07,526357
2018-06-08,526500
2018-06-09,526645
2018-06-10,526788
2018-06-11,526915
2018-06-12,527055
2018-06-13,527200
2018-06-14,527343
2018-06-15,527496
2018-06-16,527649
2018-06-17,527815
2018-06-18,527972
2018-06-19,528136
2018-06-20,528291
2018-06-21,528446
2018-06-22,528616
2018-06-23,528767
2018-06-24,528927
2018-06-25,529098
2018-06-26,529255
2018-06-27,529402
2018-06-28,529522
2018-06-29,529679
2018-06-30,529830
2018-07-01,529971
2018-07-02,530118
2018-07-03,530259
2018-07-04,530375
2018-07-05,530509
2018-07-06,530646
2018-07-07,530806
2018-07-08,530962
2018-07-09,531120
2018-07-10,531256
2018-07-11,531405
2018-07-12,531540
2018-07-13,531681
2018-07-14,531824
2018-07-15,531957
2018-07-16,532090
2018-07-17,532210
2018-07-18,532369
2018-07-19,532543
2018-07-20,532714
2018-07-21,532868
2018-07-22,533005
2018-07-23,533187
2018-07-24,533353
2018-07-25,533512
2018-07-26,533689
2018-07-27,533854
2018-07-28,534021
2018-07-29,534166
2018-07-30,534336
2018-07-31,534470
2018-08-01,534617
2018-08-02,534767
2018-08-03,534920
2018-08-04,535086
2018-08-05,535262
2018-08-06,535422
2018-08-07,535553
2018-08-08,535704
2018-08-09,535861
2018-08-10,536010
2018-08-11,536186
2018-08-12,536356
2018-08-13,536511
2018-08-14,536661
2018-08-15,536797
2018-08-16,536958
2018-08-17,537116
2018-08-18,537268
2018-08-19,537428
2018-08-20,537573
2018-08-21,537723
2018-08-22,537871
2018-08-23,538031
2018-08-24,538180
2018-08-25,538326
2018-08-26,538461
2018-08-27,538634
2018-08-28,538819
2018-08-29,538972
2018-08-30,539111
2018-08-31,539265
2018-09-01,539420
2018-09-02,539571
2018-09-03,539715
2018-09-04,539859
2018-09-05,539985
2018-09-06,540117
2018-09-07,540267
2018-09-08,540419
2018-09-09,540569
2018-09-10,540732
2018-09-11,540867
2018-09-12,541008
2018-09-13,541176
2018-09-14,541324
2018-09-15,541456
2018-09-16,541596
2018-09-17,541735
2018-09-18,541870
2018-09-19,542012
2018-09-20,542168
2018-09-21,542322
2018-09-22,542466
2018-09-23,542621
2018-09-24,542771
2018-09-25,542919
2018-09-26,543088
2018-09-27,543227
2018-09-28,543370