Date,Block Size
2009-01-10,215
2009-01-11,215
2009-01-12,218
2009-01-13,231
2009-01-14,216
2009-01-15,219
2009-01-16,239
2009-01-17,221
2009-01-18,216
2009-01-19,220
2009-01-20,233
2009-01-21,225
2009-01-22,231
2009-01-23,220
2009-01-24,224
2009-01-25,222
2009-01-26,217
2009-01-27,240
2009-01-28,220
2009-01-29,216
2009-01-30,227
2009-01-31,216
2009-02-01,232
2009-02-02,218
2009-02-03,217
2009-02-04,248
2009-02-05,216
2009-02-06,216
2009-02-07,216
2009-02-08,240
2009-02-09,218
2009-02-10,254
2009-02-11,216
2009-02-12,229
2009-02-13,216
2009-02-14,216
2009-02-15,216
2009-02-16,229
2009-02-17,244
2009-02-18,216
2009-02-19,216
2009-02-20,231
2009-02-21,216
2009-02-22,216
2009-02-23,229
2009-02-24,216
2009-02-25,216
2009-02-26,216
2009-02-27,216
2009-02-28,252
2009-03-01,225
2009-03-02,216
2009-03-03,216
2009-03-04,225
2009-03-05,245
2009-03-06,224
2009-03-07,216
2009-03-08,216
2009-03-09,244
2009-03-10,216
2009-03-11,216
2009-03-12,216
2009-03-13,220
2009-03-14,229
2009-03-15,216
2009-03-16,216
2009-03-17,262
2009-03-18,216
2009-03-19,231
2009-03-20,216
2009-03-21,228
2009-03-22,216
2009-03-23,227
2009-03-24,216
2009-03-25,216
2009-03-26,216
2009-03-27,244
2009-03-28,216
2009-03-29,236
2009-03-30,216
2009-03-31,216
2009-04-01,250
2009-04-02,216
2009-04-03,216
2009-04-04,216
2009-04-05,216
2009-04-06,232
2009-04-07,216
2009-04-08,216
2009-04-09,216
2009-04-10,216
2009-04-11,216
2009-04-12,223
2009-04-13,225
2009-04-14,218
2009-04-15,216
2009-04-16,216
2009-04-17,216
2009-04-18,216
2009-04-19,222
2009-04-20,224
2009-04-21,327
2009-04-22,218
2009-04-23,216
2009-04-24,216
2009-04-25,216
2009-04-26,216
2009-04-27,232
2009-04-28,216
2009-04-29,216
2009-04-30,234
2009-05-01,216
2009-05-02,216
2009-05-03,231
2009-05-04,224
2009-05-05,243
2009-05-06,225
2009-05-07,216
2009-05-08,216
2009-05-09,216
2009-05-10,216
2009-05-11,216
2009-05-12,219
2009-05-13,216
2009-05-14,226
2009-05-15,221
2009-05-16,225
2009-05-17,216
2009-05-18,216
2009-05-19,216
2009-05-20,216
2009-05-21,216
2009-05-22,216
2009-05-23,216
2009-05-24,216
2009-05-25,216
2009-05-26,216
2009-05-27,216
2009-05-28,216
2009-05-29,216
2009-05-30,281
2009-05-31,216
2009-06-01,216
2009-06-02,220
2009-06-03,216
2009-06-04,216
2009-06-05,216
2009-06-06,216
2009-06-07,215
2009-06-08,216
2009-06-09,216
2009-06-10,216
2009-06-11,216
2009-06-12,216
2009-06-13,216
2009-06-14,215
2009-06-15,216
2009-06-16,216
2009-06-17,216
2009-06-18,216
2009-06-19,216
2009-06-20,216
2009-06-21,216
2009-06-22,216
2009-06-23,306
2009-06-24,216
2009-06-25,222
2009-06-26,250
2009-06-27,216
2009-06-28,216
2009-06-29,221
2009-06-30,224
2009-07-01,216
2009-07-02,219
2009-07-03,219
2009-07-04,216
2009-07-05,216
2009-07-06,216
2009-07-07,216
2009-07-08,216
2009-07-09,216
2009-07-10,216
2009-07-11,216
2009-07-12,216
2009-07-13,216
2009-07-14,216
2009-07-15,216
2009-07-16,216
2009-07-17,216
2009-07-18,216
2009-07-19,216
2009-07-20,216
2009-07-21,415
2009-07-22,216
2009-07-23,215
2009-07-24,216
2009-07-25,216
2009-07-26,216
2009-07-27,216
2009-07-28,216
2009-07-29,216
2009-07-30,230
2009-07-31,231
2009-08-01,216
2009-08-02,216
2009-08-03,216
2009-08-04,216
2009-08-05,216
2009-08-06,216
2009-08-07,216
2009-08-08,376
2009-08-09,216
2009-08-10,216
2009-08-11,216
2009-08-12,216
2009-08-13,216
2009-08-14,216
2009-08-15,216
2009-08-16,215
2009-08-17,216
2009-08-18,216
2009-08-19,216
2009-08-20,215
2009-08-21,215
2009-08-22,215
2009-08-23,215
2009-08-24,215
2009-08-25,215
2009-08-26,216
2009-08-27,336
2009-08-28,215
2009-08-29,216
2009-08-30,216
2009-08-31,217
2009-09-01,224
2009-09-02,216
2009-09-03,216
2009-09-04,243
2009-09-05,216
2009-09-06,216
2009-09-07,216
2009-09-08,235
2009-09-09,216
2009-09-10,216
2009-09-11,216
2009-09-12,216
2009-09-13,216
2009-09-14,216
2009-09-15,216
2009-09-16,216
2009-09-17,219
2009-09-18,354
2009-09-19,216
2009-09-20,216
2009-09-21,216
2009-09-22,230
2009-09-23,400
2009-09-24,216
2009-09-25,216
2009-09-26,249
2009-09-27,234
2009-09-28,216
2009-09-29,216
2009-09-30,273
2009-10-01,216
2009-10-02,216
2009-10-03,232
2009-10-04,215
2009-10-05,216
2009-10-06,216
2009-10-07,259
2009-10-08,216
2009-10-09,215
2009-10-10,216
2009-10-11,216
2009-10-12,216
2009-10-13,364
2009-10-14,216
2009-10-15,216
2009-10-16,215
2009-10-17,373
2009-10-18,216
2009-10-19,227
2009-10-20,215
2009-10-21,338
2009-10-22,242
2009-10-23,268
2009-10-24,215
2009-10-25,230
2009-10-26,216
2009-10-27,216
2009-10-28,246
2009-10-29,216
2009-10-30,319
2009-10-31,215
2009-11-01,215
2009-11-02,215
2009-11-03,215
2009-11-04,216
2009-11-05,294
2009-11-06,215
2009-11-07,216
2009-11-08,216
2009-11-09,216
2009-11-10,216
2009-11-11,279
2009-11-12,254
2009-11-13,225
2009-11-14,230
2009-11-15,216
2009-11-16,216
2009-11-17,216
2009-11-18,216
2009-11-19,215
2009-11-20,375
2009-11-21,216
2009-11-22,216
2009-11-23,216
2009-11-24,216
2009-11-25,216
2009-11-26,216
2009-11-27,216
2009-11-28,215
2009-11-29,216
2009-11-30,216
2009-12-01,216
2009-12-02,484
2009-12-03,216
2009-12-04,216
2009-12-05,215
2009-12-06,249
2009-12-07,220
2009-12-08,236
2009-12-09,227
2009-12-10,263
2009-12-11,216
2009-12-12,285
2009-12-13,216
2009-12-14,216
2009-12-15,591
2009-12-16,245
2009-12-17,216
2009-12-18,225
2009-12-19,216
2009-12-20,217
2009-12-21,217
2009-12-22,216
2009-12-23,216
2009-12-24,216
2009-12-25,216
2009-12-26,217
2009-12-27,216
2009-12-28,220
2009-12-29,216
2009-12-30,216
2009-12-31,216
2010-01-01,216
2010-01-02,218
2010-01-03,216
2010-01-04,216
2010-01-05,269
2010-01-06,216
2010-01-07,216
2010-01-08,216
2010-01-09,216
2010-01-10,216
2010-01-11,216
2010-01-12,216
2010-01-13,372
2010-01-14,218
2010-01-15,225
2010-01-16,220
2010-01-17,222
2010-01-18,216
2010-01-19,217
2010-01-20,215
2010-01-21,215
2010-01-22,235
2010-01-23,221
2010-01-24,218
2010-01-25,217
2010-01-26,251
2010-01-27,230
2010-01-28,230
2010-01-29,230
2010-01-30,228
2010-01-31,235
2010-02-01,229
2010-02-02,234
2010-02-03,232
2010-02-04,218
2010-02-05,238
2010-02-06,343
2010-02-07,237
2010-02-08,223
2010-02-09,291
2010-02-10,447
2010-02-11,629
2010-02-12,267
2010-02-13,256
2010-02-14,259
2010-02-15,253
2010-02-16,279
2010-02-17,228
2010-02-18,234
2010-02-19,249
2010-02-20,220
2010-02-21,223
2010-02-22,281
2010-02-23,334
2010-02-24,216
2010-02-25,289
2010-02-26,323
2010-02-27,231
2010-02-28,223
2010-03-01,294
2010-03-02,235
2010-03-03,241
2010-03-04,310
2010-03-05,455
2010-03-06,218
2010-03-07,279
2010-03-08,291
2010-03-09,384
2010-03-10,279
2010-03-11,250
2010-03-12,271
2010-03-13,223
2010-03-14,243
2010-03-15,227
2010-03-16,225
2010-03-17,240
2010-03-18,238
2010-03-19,335
2010-03-20,269
2010-03-21,266
2010-03-22,224
2010-03-23,243
2010-03-24,262
2010-03-25,243
2010-03-26,431
2010-03-27,264
2010-03-28,241
2010-03-29,223
2010-03-30,259
2010-03-31,223
2010-04-01,233
2010-04-02,235
2010-04-03,232
2010-04-04,236
2010-04-05,266
2010-04-06,342
2010-04-07,296
2010-04-08,283
2010-04-09,270
2010-04-10,342
2010-04-11,354
2010-04-12,320
2010-04-13,332
2010-04-14,252
2010-04-15,353
2010-04-16,585
2010-04-17,354
2010-04-18,275
2010-04-19,3626
2010-04-20,379
2010-04-21,356
2010-04-22,309
2010-04-23,283
2010-04-24,304
2010-04-25,356
2010-04-26,369
2010-04-27,325
2010-04-28,300
2010-04-29,332
2010-04-30,275
2010-05-01,273
2010-05-02,273
2010-05-03,279
2010-05-04,340
2010-05-05,370
2010-05-06,397
2010-05-07,452
2010-05-08,329
2010-05-09,416
2010-05-10,353
2010-05-11,362
2010-05-12,271
2010-05-13,368
2010-05-14,343
2010-05-15,1556
2010-05-16,2214
2010-05-17,274
2010-05-18,348
2010-05-19,343
2010-05-20,335
2010-05-21,284
2010-05-22,363
2010-05-23,435
2010-05-24,368
2010-05-25,311
2010-05-26,298
2010-05-27,337
2010-05-28,362
2010-05-29,295
2010-05-30,355
2010-05-31,311
2010-06-01,336
2010-06-02,319
2010-06-03,301
2010-06-04,456
2010-06-05,298
2010-06-06,321
2010-06-07,335
2010-06-08,462
2010-06-09,351
2010-06-10,355
2010-06-11,313
2010-06-12,370
2010-06-13,370
2010-06-14,362
2010-06-15,440
2010-06-16,363
2010-06-17,406
2010-06-18,320
2010-06-19,333
2010-06-20,485
2010-06-21,294
2010-06-22,398
2010-06-23,391
2010-06-24,351
2010-06-25,362
2010-06-26,311
2010-06-27,290
2010-06-28,313
2010-06-29,346
2010-06-30,452
2010-07-01,1197
2010-07-02,361
2010-07-03,705
2010-07-04,319
2010-07-05,471
2010-07-06,361
2010-07-07,300
2010-07-08,426
2010-07-09,339
2010-07-10,310
2010-07-11,341
2010-07-12,601
2010-07-13,887
2010-07-14,524
2010-07-15,2844
2010-07-16,874
2010-07-17,613
2010-07-18,805
2010-07-19,796
2010-07-20,800
2010-07-21,1091
2010-07-22,604
2010-07-23,572
2010-07-24,531
2010-07-25,1520
2010-07-26,3224
2010-07-27,1003
2010-07-28,764
2010-07-29,4922
2010-07-30,1125
2010-07-31,614
2010-08-01,473
2010-08-02,431
2010-08-03,438
2010-08-04,836
2010-08-05,477
2010-08-06,935
2010-08-07,873
2010-08-08,521
2010-08-09,528
2010-08-10,1565
2010-08-11,479
2010-08-12,507
2010-08-13,511
2010-08-14,770
2010-08-15,494
2010-08-16,438
2010-08-17,1030
2010-08-18,683
2010-08-19,1970
2010-08-20,625
2010-08-21,595
2010-08-22,538
2010-08-23,472
2010-08-24,489
2010-08-25,838
2010-08-26,416
2010-08-27,563
2010-08-28,470
2010-08-29,610
2010-08-30,438
2010-08-31,701
2010-09-01,939
2010-09-02,916
2010-09-03,574
2010-09-04,507
2010-09-05,421
2010-09-06,534
2010-09-07,511
2010-09-08,470
2010-09-09,558
2010-09-10,754
2010-09-11,538
2010-09-12,496
2010-09-13,696
2010-09-14,779
2010-09-15,610
2010-09-16,772
2010-09-17,536
2010-09-18,729
2010-09-19,461
2010-09-20,511
2010-09-21,710
2010-09-22,1544
2010-09-23,1276
2010-09-24,804
2010-09-25,609
2010-09-26,797
2010-09-27,589
2010-09-28,932
2010-09-29,1228
2010-09-30,2202
2010-10-01,754
2010-10-02,1120
2010-10-03,1847
2010-10-04,881
2010-10-05,931
2010-10-06,984
2010-10-07,702
2010-10-08,674
2010-10-09,864
2010-10-10,905
2010-10-11,634
2010-10-12,661
2010-10-13,694
2010-10-14,885
2010-10-15,550
2010-10-16,533
2010-10-17,571
2010-10-18,488
2010-10-19,732
2010-10-20,1167
2010-10-21,895
2010-10-22,949
2010-10-23,1248
2010-10-24,901
2010-10-25,785
2010-10-26,666
2010-10-27,665
2010-10-28,871
2010-10-29,746
2010-10-30,712
2010-10-31,474
2010-11-01,567
2010-11-02,579
2010-11-03,423
2010-11-04,521
2010-11-05,548
2010-11-06,698
2010-11-07,508
2010-11-08,529
2010-11-09,844
2010-11-10,549
2010-11-11,550
2010-11-12,506
2010-11-13,468
2010-11-14,448
2010-11-15,580
2010-11-16,9663
2010-11-17,10038
2010-11-18,503
2010-11-19,1906
2010-11-20,14332
2010-11-21,18303
2010-11-22,16380
2010-11-23,656
2010-11-24,702
2010-11-25,5827
2010-11-26,9248
2010-11-27,1864
2010-11-28,744
2010-11-29,717
2010-11-30,693
2010-12-01,661
2010-12-02,878
2010-12-03,667
2010-12-04,701
2010-12-05,575
2010-12-06,481
2010-12-07,508
2010-12-08,748
2010-12-09,622
2010-12-10,664
2010-12-11,774
2010-12-12,892
2010-12-13,1076
2010-12-14,1761
2010-12-15,1017
2010-12-16,910
2010-12-17,892
2010-12-18,979
2010-12-19,888
2010-12-20,1039
2010-12-21,1680
2010-12-22,928
2010-12-23,1262
2010-12-24,1094
2010-12-25,1002
2010-12-26,1003
2010-12-27,1143
2010-12-28,1120
2010-12-29,1086
2010-12-30,1044
2010-12-31,1005
2011-01-01,929
2011-01-02,1103
2011-01-03,1065
2011-01-04,2528
2011-01-05,1778
2011-01-06,2460
2011-01-07,1487
2011-01-08,1724
2011-01-09,2206
2011-01-10,2154
2011-01-11,2349
2011-01-12,2287
2011-01-13,1902
2011-01-14,2039
2011-01-15,2058
2011-01-16,1927
2011-01-17,1627
2011-01-18,1351
2011-01-19,1915
2011-01-20,1668
2011-01-21,1441
2011-01-22,2174
2011-01-23,3214
2011-01-24,2145
2011-01-25,2334
2011-01-26,1640
2011-01-27,1872
2011-01-28,1651
2011-01-29,2202
2011-01-30,2925
2011-01-31,6729
2011-02-01,2775
2011-02-02,2587
2011-02-03,1949
2011-02-04,1460
2011-02-05,1501
2011-02-06,1586
2011-02-07,1685
2011-02-08,1316
2011-02-09,1615
2011-02-10,1973
2011-02-11,3699
2011-02-12,3830
2011-02-13,3075
2011-02-14,2724
2011-02-15,3790
2011-02-16,2906
2011-02-17,2604
2011-02-18,2962
2011-02-19,3272
2011-02-20,3104
2011-02-21,2896
2011-02-22,2909
2011-02-23,3234
2011-02-24,2904
2011-02-25,3093
2011-02-26,2842
2011-02-27,2169
2011-02-28,2991
2011-03-01,3826
2011-03-02,6904
2011-03-03,3643
2011-03-04,5045
2011-03-05,3144
2011-03-06,3004
2011-03-07,2375
2011-03-08,3029
2011-03-09,4480
2011-03-10,3928
2011-03-11,5008
2011-03-12,4800
2011-03-13,6235
2011-03-14,6899
2011-03-15,7380
2011-03-16,8201
2011-03-17,7227
2011-03-18,6431
2011-03-19,7063
2011-03-20,7673
2011-03-21,9838
2011-03-22,10909
2011-03-23,6344
2011-03-24,8778
2011-03-25,5278
2011-03-26,4363
2011-03-27,8066
2011-03-28,6837
2011-03-29,6656
2011-03-30,5296
2011-03-31,4101
2011-04-01,3894
2011-04-02,3464
2011-04-03,3603
2011-04-04,3500
2011-04-05,4738
2011-04-06,3871
2011-04-07,4402
2011-04-08,4153
2011-04-09,4186
2011-04-10,4001
2011-04-11,3855
2011-04-12,4810
2011-04-13,5536
2011-04-14,4973
2011-04-15,6547
2011-04-16,7073
2011-04-17,5833
2011-04-18,4688
2011-04-19,7471
2011-04-20,8176
2011-04-21,9014
2011-04-22,4707
2011-04-23,4383
2011-04-24,5707
2011-04-25,5872
2011-04-26,5969
2011-04-27,6441
2011-04-28,10617
2011-04-29,7448
2011-04-30,6909
2011-05-01,9501
2011-05-02,9342
2011-05-03,5748
2011-05-04,6203
2011-05-05,5906
2011-05-06,6707
2011-05-07,6263
2011-05-08,6231
2011-05-09,5514
2011-05-10,6160
2011-05-11,7854
2011-05-12,7155
2011-05-13,8447
2011-05-14,9410
2011-05-15,7802
2011-05-16,7780
2011-05-17,7909
2011-05-18,7431
2011-05-19,8292
2011-05-20,11360
2011-05-21,9537
2011-05-22,8881
2011-05-23,8194
2011-05-24,8241
2011-05-25,7618
2011-05-26,8764
2011-05-27,9443
2011-05-28,11321
2011-05-29,12685
2011-05-30,11036
2011-05-31,14253
2011-06-01,17036
2011-06-02,14705
2011-06-03,15988
2011-06-04,19926
2011-06-05,17018
2011-06-06,15572
2011-06-07,18453
2011-06-08,21449
2011-06-09,30844
2011-06-10,23402
2011-06-11,21109
2011-06-12,17631
2011-06-13,22932
2011-06-14,21172
2011-06-15,22678
2011-06-16,19545
2011-06-17,30031
2011-06-18,26804
2011-06-19,24086
2011-06-20,22050
2011-06-21,18151
2011-06-22,16017
2011-06-23,16764
2011-06-24,16795
2011-06-25,20142
2011-06-26,28053
2011-06-27,29662
2011-06-28,32119
2011-06-29,27889
2011-06-30,24368
2011-07-01,20560
2011-07-02,26789
2011-07-03,21985
2011-07-04,20295
2011-07-05,24295
2011-07-06,29272
2011-07-07,29872
2011-07-08,28563
2011-07-09,22183
2011-07-10,22515
2011-07-11,29530
2011-07-12,26552
2011-07-13,24890
2011-07-14,19825
2011-07-15,26536
2011-07-16,20815
2011-07-17,23379
2011-07-18,21280
2011-07-19,26932
2011-07-20,29426
2011-07-21,25736
2011-07-22,24160
2011-07-23,25498
2011-07-24,22286
2011-07-25,22266
2011-07-26,25856
2011-07-27,21118
2011-07-28,21166
2011-07-29,23991
2011-07-30,18935
2011-07-31,16630
2011-08-01,20120
2011-08-02,23267
2011-08-03,24407
2011-08-04,22303
2011-08-05,27140
2011-08-06,22903
2011-08-07,25190
2011-08-08,22253
2011-08-09,27378
2011-08-10,28220
2011-08-11,22691
2011-08-12,22600
2011-08-13,22829
2011-08-14,24830
2011-08-15,25803
2011-08-16,28782
2011-08-17,27646
2011-08-18,25837
2011-08-19,22431
2011-08-20,26860
2011-08-21,20186
2011-08-22,19986
2011-08-23,21050
2011-08-24,20461
2011-08-25,24081
2011-08-26,23284
2011-08-27,23144
2011-08-28,25192
2011-08-29,20836
2011-08-30,25348
2011-08-31,21658
2011-09-01,18974
2011-09-02,23326
2011-09-03,18756
2011-09-04,16898
2011-09-05,40306
2011-09-06,19663
2011-09-07,23500
2011-09-08,22083
2011-09-09,21994
2011-09-10,25237
2011-09-11,21928
2011-09-12,24256
2011-09-13,22067
2011-09-14,19155
2011-09-15,18395
2011-09-16,18421
2011-09-17,22184
2011-09-18,16575
2011-09-19,15742
2011-09-20,24918
2011-09-21,28445
2011-09-22,25901
2011-09-23,17410
2011-09-24,19646
2011-09-25,20903
2011-09-26,19523
2011-09-27,17772
2011-09-28,19864
2011-09-29,16930
2011-09-30,17402
2011-10-01,20190
2011-10-02,16284
2011-10-03,17467
2011-10-04,18188
2011-10-05,21727
2011-10-06,17074
2011-10-07,20394
2011-10-08,17921
2011-10-09,19029
2011-10-10,18423
2011-10-11,19896
2011-10-12,29473
2011-10-13,21613
2011-10-14,20970
2011-10-15,19026
2011-10-16,17303
2011-10-17,17958
2011-10-18,23483
2011-10-19,17940
2011-10-20,15982
2011-10-21,16286
2011-10-22,16226
2011-10-23,23104
2011-10-24,21218
2011-10-25,18329
2011-10-26,16881
2011-10-27,19334
2011-10-28,20307
2011-10-29,19806
2011-10-30,22417
2011-10-31,17488
2011-11-01,16047
2011-11-02,15598
2011-11-03,15803
2011-11-04,19627
2011-11-05,18293
2011-11-06,16756
2011-11-07,13508
2011-11-08,18157
2011-11-09,17927
2011-11-10,17504
2011-11-11,19802
2011-11-12,19245
2011-11-13,14100
2011-11-14,15541
2011-11-15,17613
2011-11-16,17207
2011-11-17,19306
2011-11-18,16121
2011-11-19,16959
2011-11-20,16346
2011-11-21,16460
2011-11-22,17260
2011-11-23,16620
2011-11-24,16800
2011-11-25,20032
2011-11-26,16808
2011-11-27,17146
2011-11-28,18173
2011-11-29,20105
2011-11-30,22449
2011-12-01,20202
2011-12-02,16403
2011-12-03,17832
2011-12-04,16832
2011-12-05,16402
2011-12-06,17029
2011-12-07,19650
2011-12-08,19649
2011-12-09,16934
2011-12-10,15820
2011-12-11,16814
2011-12-12,17171
2011-12-13,19234
2011-12-14,18256
2011-12-15,15774
2011-12-16,19154
2011-12-17,18533
2011-12-18,13923
2011-12-19,13783
2011-12-20,17242
2011-12-21,25474
2011-12-22,16083
2011-12-23,17629
2011-12-24,15785
2011-12-25,13382
2011-12-26,13163
2011-12-27,13648
2011-12-28,15996
2011-12-29,14672
2011-12-30,16592
2011-12-31,14742
2012-01-01,16476
2012-01-02,17265
2012-01-03,19465
2012-01-04,18035
2012-01-05,19630
2012-01-06,24979
2012-01-07,20818
2012-01-08,17260
2012-01-09,20137
2012-01-10,21130
2012-01-11,28644
2012-01-12,27547
2012-01-13,20445
2012-01-14,21284
2012-01-15,20530
2012-01-16,20387
2012-01-17,19607
2012-01-18,20300
2012-01-19,24247
2012-01-20,21163
2012-01-21,20779
2012-01-22,18149
2012-01-23,16801
2012-01-24,16812
2012-01-25,23026
2012-01-26,25185
2012-01-27,21156
2012-01-28,21171
2012-01-29,19509
2012-01-30,17780
2012-01-31,15602
2012-02-01,22351
2012-02-02,21172
2012-02-03,21180
2012-02-04,21315
2012-02-05,20815
2012-02-06,21022
2012-02-07,19190
2012-02-08,21753
2012-02-09,21359
2012-02-10,23023
2012-02-11,28315
2012-02-12,22686
2012-02-13,19620
2012-02-14,26869
2012-02-15,32405
2012-02-16,30659
2012-02-17,30977
2012-02-18,18762
2012-02-19,16047
2012-02-20,16453
2012-02-21,19885
2012-02-22,22288
2012-02-23,19525
2012-02-24,23276
2012-02-25,21869
2012-02-26,17817
2012-02-27,17937
2012-02-28,19990
2012-02-29,19158
2012-03-01,17384
2012-03-02,22475
2012-03-03,28437
2012-03-04,20354
2012-03-05,20902
2012-03-06,24401
2012-03-07,23403
2012-03-08,19258
2012-03-09,19708
2012-03-10,18919
2012-03-11,18974
2012-03-12,18057
2012-03-13,18852
2012-03-14,24389
2012-03-15,26318
2012-03-16,24741
2012-03-17,19901
2012-03-18,18617
2012-03-19,16346
2012-03-20,21515
2012-03-21,18303
2012-03-22,20017
2012-03-23,18964
2012-03-24,21156
2012-03-25,14790
2012-03-26,18091
2012-03-27,21750
2012-03-28,19119
2012-03-29,21697
2012-03-30,24529
2012-03-31,20387
2012-04-01,16542
2012-04-02,18478
2012-04-03,26688
2012-04-04,26776
2012-04-05,23709
2012-04-06,30910
2012-04-07,24338
2012-04-08,21163
2012-04-09,17627
2012-04-10,20506
2012-04-11,25084
2012-04-12,27537
2012-04-13,28218
2012-04-14,27316
2012-04-15,25134
2012-04-16,29361
2012-04-17,27019
2012-04-18,29593
2012-04-19,32759
2012-04-20,23255
2012-04-21,28089
2012-04-22,22538
2012-04-23,20799
2012-04-24,25705
2012-04-25,24850
2012-04-26,27232
2012-04-27,27813
2012-04-28,24241
2012-04-29,21896
2012-04-30,19234
2012-05-01,23154
2012-05-02,28570
2012-05-03,31458
2012-05-04,38819
2012-05-05,40385
2012-05-06,33023
2012-05-07,34755
2012-05-08,48385
2012-05-09,43481
2012-05-10,48697
2012-05-11,47689
2012-05-12,53488
2012-05-13,61901
2012-05-14,47537
2012-05-15,89899
2012-05-16,80219
2012-05-17,67124
2012-05-18,69625
2012-05-19,75225
2012-05-20,109566
2012-05-21,92588
2012-05-22,111017
2012-05-23,92410
2012-05-24,90690
2012-05-25,96882
2012-05-26,104803
2012-05-27,68757
2012-05-28,73479
2012-05-29,93699
2012-05-30,107227
2012-05-31,88271
2012-06-01,67089
2012-06-02,78591
2012-06-03,36918
2012-06-04,99387
2012-06-05,130284
2012-06-06,123487
2012-06-07,51285
2012-06-08,103476
2012-06-09,80657
2012-06-10,84364
2012-06-11,101069
2012-06-12,102546
2012-06-13,61316
2012-06-14,157078
2012-06-15,180194
2012-06-16,156504
2012-06-17,123663
2012-06-18,113803
2012-06-19,97293
2012-06-20,115414
2012-06-21,106130
2012-06-22,92134
2012-06-23,77474
2012-06-24,64844
2012-06-25,77674
2012-06-26,84098
2012-06-27,88173
2012-06-28,81587
2012-06-29,87881
2012-06-30,65968
2012-07-01,70219
2012-07-02,58101
2012-07-03,69980
2012-07-04,57333
2012-07-05,67907
2012-07-06,69507
2012-07-07,68749
2012-07-08,64505
2012-07-09,57328
2012-07-10,69084
2012-07-11,101919
2012-07-12,102062
2012-07-13,71778
2012-07-14,70760
2012-07-15,60033
2012-07-16,82429
2012-07-17,95091
2012-07-18,91054
2012-07-19,97228
2012-07-20,108676
2012-07-21,110244
2012-07-22,106357
2012-07-23,95038
2012-07-24,93495
2012-07-25,78732
2012-07-26,68637
2012-07-27,78491
2012-07-28,63330
2012-07-29,94766
2012-07-30,87456
2012-07-31,89713
2012-08-01,140815
2012-08-02,97625
2012-08-03,86571
2012-08-04,71648
2012-08-05,83448
2012-08-06,99428
2012-08-07,101716
2012-08-08,70186
2012-08-09,97693
2012-08-10,79574
2012-08-11,72526
2012-08-12,77756
2012-08-13,90821
2012-08-14,126858
2012-08-15,96098
2012-08-16,144626
2012-08-17,125452
2012-08-18,127492
2012-08-19,99412
2012-08-20,99674
2012-08-21,92614
2012-08-22,103555
2012-08-23,94493
2012-08-24,76741
2012-08-25,87068
2012-08-26,98520
2012-08-27,68466
2012-08-28,96952
2012-08-29,83512
2012-08-30,81394
2012-08-31,91193
2012-09-01,121544
2012-09-02,101649
2012-09-03,85600
2012-09-04,106726
2012-09-05,113038
2012-09-06,100140
2012-09-07,103693
2012-09-08,84072
2012-09-09,91707
2012-09-10,82318
2012-09-11,94140
2012-09-12,113586
2012-09-13,75845
2012-09-14,100412
2012-09-15,100856
2012-09-16,81608
2012-09-17,79221
2012-09-18,66265
2012-09-19,83574
2012-09-20,99259
2012-09-21,86872
2012-09-22,80031
2012-09-23,72743
2012-09-24,80910
2012-09-25,84970
2012-09-26,76643
2012-09-27,99359
2012-09-28,76206
2012-09-29,97427
2012-09-30,65290
2012-10-01,64830
2012-10-02,93736
2012-10-03,105167
2012-10-04,103502
2012-10-05,121405
2012-10-06,112764
2012-10-07,102892
2012-10-08,128263
2012-10-09,96649
2012-10-10,115579
2012-10-11,96222
2012-10-12,88458
2012-10-13,90262
2012-10-14,103723
2012-10-15,101915
2012-10-16,88363
2012-10-17,100865
2012-10-18,114218
2012-10-19,91061
2012-10-20,95387
2012-10-21,91232
2012-10-22,116295
2012-10-23,120004
2012-10-24,120376
2012-10-25,96812
2012-10-26,89552
2012-10-27,65274
2012-10-28,47590
2012-10-29,51841
2012-10-30,73942
2012-10-31,98520
2012-11-01,89138
2012-11-02,82138
2012-11-03,91938
2012-11-04,76623
2012-11-05,73334
2012-11-06,97322
2012-11-07,111490
2012-11-08,104170
2012-11-09,98042
2012-11-10,76786
2012-11-11,88160
2012-11-12,71741
2012-11-13,84030
2012-11-14,85334
2012-11-15,97110
2012-11-16,119367
2012-11-17,125464
2012-11-18,118945
2012-11-19,106573
2012-11-20,112262
2012-11-21,115532
2012-11-22,119354
2012-11-23,100925
2012-11-24,99559
2012-11-25,89420
2012-11-26,117206
2012-11-27,110731
2012-11-28,87791
2012-11-29,100995
2012-11-30,102638
2012-12-01,109802
2012-12-02,90191
2012-12-03,66550
2012-12-04,73164
2012-12-05,141596
2012-12-06,135667
2012-12-07,125304
2012-12-08,113750
2012-12-09,102771
2012-12-10,117675
2012-12-11,119392
2012-12-12,119343
2012-12-13,135168
2012-12-14,144706
2012-12-15,167333
2012-12-16,128041
2012-12-17,145182
2012-12-18,134110
2012-12-19,178600
2012-12-20,140347
2012-12-21,151748
2012-12-22,152321
2012-12-23,137436
2012-12-24,137960
2012-12-25,133101
2012-12-26,105819
2012-12-27,116107
2012-12-28,130856
2012-12-29,128212
2012-12-30,125492
2012-12-31,109551
2013-01-01,91204
2013-01-02,91001
2013-01-03,110738
2013-01-04,111263
2013-01-05,139526
2013-01-06,118621
2013-01-07,101105
2013-01-08,107847
2013-01-09,148230
2013-01-10,149702
2013-01-11,161800
2013-01-12,188730
2013-01-13,163724
2013-01-14,164520
2013-01-15,123908
2013-01-16,162779
2013-01-17,176133
2013-01-18,203803
2013-01-19,187832
2013-01-20,156355
2013-01-21,140981
2013-01-22,140444
2013-01-23,141363
2013-01-24,177540
2013-01-25,149790
2013-01-26,166470
2013-01-27,153648
2013-01-28,158003
2013-01-29,170671
2013-01-30,155522
2013-01-31,126456
2013-02-01,126598
2013-02-02,175460
2013-02-03,159940
2013-02-04,147553
2013-02-05,154649
2013-02-06,142600
2013-02-07,128181
2013-02-08,182737
2013-02-09,178761
2013-02-10,178647
2013-02-11,153341
2013-02-12,166345
2013-02-13,192830
2013-02-14,158038
2013-02-15,158265
2013-02-16,143473
2013-02-17,127727
2013-02-18,125396
2013-02-19,144948
2013-02-20,157762
2013-02-21,151115
2013-02-22,141915
2013-02-23,166996
2013-02-24,163465
2013-02-25,159065
2013-02-26,150838
2013-02-27,173904
2013-02-28,146748
2013-03-01,173618
2013-03-02,196820
2013-03-03,180252
2013-03-04,154153
2013-03-05,164466
2013-03-06,195238
2013-03-07,194646
2013-03-08,203918
2013-03-09,160692
2013-03-10,155948
2013-03-11,184176
2013-03-12,171837
2013-03-13,181341
2013-03-14,167195
2013-03-15,157236
2013-03-16,173227
2013-03-17,98367
2013-03-18,81113
2013-03-19,108537
2013-03-20,131748
2013-03-21,104027
2013-03-22,127913
2013-03-23,130747
2013-03-24,123908
2013-03-25,133243
2013-03-26,163337
2013-03-27,164741
2013-03-28,188180
2013-03-29,176507
2013-03-30,176510
2013-03-31,195250
2013-04-01,142549
2013-04-02,139736
2013-04-03,174997
2013-04-04,187956
2013-04-05,217426
2013-04-06,189161
2013-04-07,159379
2013-04-08,205222
2013-04-09,196914
2013-04-10,181858
2013-04-11,166622
2013-04-12,217548
2013-04-13,161328
2013-04-14,144319
2013-04-15,179977
2013-04-16,161085
2013-04-17,178503
2013-04-18,164677
2013-04-19,149028
2013-04-20,208284
2013-04-21,154309
2013-04-22,124137
2013-04-23,147409
2013-04-24,175061
2013-04-25,210217
2013-04-26,173346
2013-04-27,158547
2013-04-28,143831
2013-04-29,124094
2013-04-30,151039
2013-05-01,177354
2013-05-02,172717
2013-05-03,195308
2013-05-04,181476
2013-05-05,159006
2013-05-06,153430
2013-05-07,160639
2013-05-08,173627
2013-05-09,156409
2013-05-10,190137
2013-05-11,190609
2013-05-12,191621
2013-05-13,179963
2013-05-14,167824
2013-05-15,204249
2013-05-16,214905
2013-05-17,201883
2013-05-18,174933
2013-05-19,167492
2013-05-20,139749
2013-05-21,180960
2013-05-22,174215
2013-05-23,159164
2013-05-24,162718
2013-05-25,157206
2013-05-26,148213
2013-05-27,133254
2013-05-28,150440
2013-05-29,172203
2013-05-30,158696
2013-05-31,154689
2013-06-01,147938
2013-06-02,123942
2013-06-03,122252
2013-06-04,126917
2013-06-05,127943
2013-06-06,148951
2013-06-07,143326
2013-06-08,155404
2013-06-09,121179
2013-06-10,135122
2013-06-11,119499
2013-06-12,121451
2013-06-13,106947
2013-06-14,110255
2013-06-15,127662
2013-06-16,96991
2013-06-17,107297
2013-06-18,145427
2013-06-19,147081
2013-06-20,160518
2013-06-21,162216
2013-06-22,129305
2013-06-23,117450
2013-06-24,106079
2013-06-25,136646
2013-06-26,126446
2013-06-27,124724
2013-06-28,124617
2013-06-29,136992
2013-06-30,104891
2013-07-01,90653
2013-07-02,113729
2013-07-03,116909
2013-07-04,85728
2013-07-05,97434
2013-07-06,89943
2013-07-07,83602
2013-07-08,77332
2013-07-09,94191
2013-07-10,103268
2013-07-11,94313
2013-07-12,116675
2013-07-13,153611
2013-07-14,114192
2013-07-15,93785
2013-07-16,107071
2013-07-17,113518
2013-07-18,98762
2013-07-19,116459
2013-07-20,96849
2013-07-21,84890
2013-07-22,81403
2013-07-23,109813
2013-07-24,124581
2013-07-25,126122
2013-07-26,138002
2013-07-27,107352
2013-07-28,92655
2013-07-29,108722
2013-07-30,107158
2013-07-31,103415
2013-08-01,123546
2013-08-02,135472
2013-08-03,121656
2013-08-04,121475
2013-08-05,116383
2013-08-06,119451
2013-08-07,126586
2013-08-08,136223
2013-08-09,124562
2013-08-10,114747
2013-08-11,109998
2013-08-12,81434
2013-08-13,134742
2013-08-14,141843
2013-08-15,142704
2013-08-16,161667
2013-08-17,182188
2013-08-18,133503
2013-08-19,130910
2013-08-20,175558
2013-08-21,150097
2013-08-22,141868
2013-08-23,130282
2013-08-24,133340
2013-08-25,130868
2013-08-26,146562
2013-08-27,147798
2013-08-28,176375
2013-08-29,161175
2013-08-30,133569
2013-08-31,137213
2013-09-01,97047
2013-09-02,95419
2013-09-03,107740
2013-09-04,130918
2013-09-05,144321
2013-09-06,143679
2013-09-07,151220
2013-09-08,152700
2013-09-09,128931
2013-09-10,126054
2013-09-11,124025
2013-09-12,105988
2013-09-13,117038
2013-09-14,102139
2013-09-15,86820
2013-09-16,140466
2013-09-17,165586
2013-09-18,166125
2013-09-19,160340
2013-09-20,138825
2013-09-21,128537
2013-09-22,123964
2013-09-23,114267
2013-09-24,138320
2013-09-25,131160
2013-09-26,120718
2013-09-27,158249
2013-09-28,122432
2013-09-29,114872
2013-09-30,112454
2013-10-01,133197
2013-10-02,142444
2013-10-03,159394
2013-10-04,146453
2013-10-05,128728
2013-10-06,95692
2013-10-07,114282
2013-10-08,148923
2013-10-09,124486
2013-10-10,135491
2013-10-11,138272
2013-10-12,125480
2013-10-13,114332
2013-10-14,110979
2013-10-15,113616
2013-10-16,101951
2013-10-17,116134
2013-10-18,136182
2013-10-19,140810
2013-10-20,133879
2013-10-21,118027
2013-10-22,139854
2013-10-23,136689
2013-10-24,134023
2013-10-25,158913
2013-10-26,126208
2013-10-27,126356
2013-10-28,116898
2013-10-29,135705
2013-10-30,146630
2013-10-31,125518
2013-11-01,133096
2013-11-02,105448
2013-11-03,107670
2013-11-04,101553
2013-11-05,123528
2013-11-06,157794
2013-11-07,187658
2013-11-08,215620
2013-11-09,232769
2013-11-10,201108
2013-11-11,169123
2013-11-12,149807
2013-11-13,141445
2013-11-14,190077
2013-11-15,181674
2013-11-16,174454
2013-11-17,115890
2013-11-18,145240
2013-11-19,260450
2013-11-20,309624
2013-11-21,227269
2013-11-22,280204
2013-11-23,227469
2013-11-24,205002
2013-11-25,182201
2013-11-26,189564
2013-11-27,267402
2013-11-28,254373
2013-11-29,249069
2013-11-30,248972
2013-12-01,199875
2013-12-02,186364
2013-12-03,232667
2013-12-04,184438
2013-12-05,236402
2013-12-06,240174
2013-12-07,166025
2013-12-08,161024
2013-12-09,121458
2013-12-10,178002
2013-12-11,192075
2013-12-12,192753
2013-12-13,167369
2013-12-14,181527
2013-12-15,164440
2013-12-16,172589
2013-12-17,182371
2013-12-18,165445
2013-12-19,204223
2013-12-20,148422
2013-12-21,189440
2013-12-22,170940
2013-12-23,161170
2013-12-24,166752
2013-12-25,169577
2013-12-26,172575
2013-12-27,168359
2013-12-28,149895
2013-12-29,173161
2013-12-30,174695
2013-12-31,174700
2014-01-01,143632
2014-01-02,103983
2014-01-03,214144
2014-01-04,199278
2014-01-05,185086
2014-01-06,164581
2014-01-07,205240
2014-01-08,175306
2014-01-09,157030
2014-01-10,142338
2014-01-11,148319
2014-01-12,140952
2014-01-13,124276
2014-01-14,168868
2014-01-15,172018
2014-01-16,166060
2014-01-17,156114
2014-01-18,191059
2014-01-19,143541
2014-01-20,142382
2014-01-21,185730
2014-01-22,221228
2014-01-23,169687
2014-01-24,184106
2014-01-25,173528
2014-01-26,163508
2014-01-27,178198
2014-01-28,187868
2014-01-29,216759
2014-01-30,194226
2014-01-31,175023
2014-02-01,163660
2014-02-02,156086
2014-02-03,154306
2014-02-04,185444
2014-02-05,217286
2014-02-06,221012
2014-02-07,209593
2014-02-08,251875
2014-02-09,181289
2014-02-10,213520
2014-02-11,208249
2014-02-12,200585
2014-02-13,248499
2014-02-14,222758
2014-02-15,222948
2014-02-16,179307
2014-02-17,152879
2014-02-18,212078
2014-02-19,219630
2014-02-20,211008
2014-02-21,223057
2014-02-22,258361
2014-02-23,181995
2014-02-24,209179
2014-02-25,228364
2014-02-26,281984
2014-02-27,229496
2014-02-28,210571
2014-03-01,244767
2014-03-02,250611
2014-03-03,243418
2014-03-04,336348
2014-03-05,350082
2014-03-06,287082
2014-03-07,239786
2014-03-08,250560
2014-03-09,211160
2014-03-10,198054
2014-03-11,283056
2014-03-12,252994
2014-03-13,238581
2014-03-14,261116
2014-03-15,299419
2014-03-16,183412
2014-03-17,169459
2014-03-18,207166
2014-03-19,180745
2014-03-20,220015
2014-03-21,225536
2014-03-22,225338
2014-03-23,246091
2014-03-24,147079
2014-03-25,211703
2014-03-26,251697
2014-03-27,240373
2014-03-28,243223
2014-03-29,213549
2014-03-30,176670
2014-03-31,227632
2014-04-01,210756
2014-04-02,219863
2014-04-03,192463
2014-04-04,179616
2014-04-05,196675
2014-04-06,189583
2014-04-07,216154
2014-04-08,244615
2014-04-09,295072
2014-04-10,238502
2014-04-11,258918
2014-04-12,219357
2014-04-13,169209
2014-04-14,162310
2014-04-15,216256
2014-04-16,246899
2014-04-17,266256
2014-04-18,226879
2014-04-19,203530
2014-04-20,192754
2014-04-21,169810
2014-04-22,198689
2014-04-23,280027
2014-04-24,248623
2014-04-25,271216
2014-04-26,228758
2014-04-27,176764
2014-04-28,182352
2014-04-29,240761
2014-04-30,226559
2014-05-01,272046
2014-05-02,192622
2014-05-03,212661
2014-05-04,202367
2014-05-05,210824
2014-05-06,286415
2014-05-07,216162
2014-05-08,245742
2014-05-09,231305
2014-05-10,217955
2014-05-11,171294
2014-05-12,221002
2014-05-13,255924
2014-05-14,228638
2014-05-15,261076
2014-05-16,247998
2014-05-17,210394
2014-05-18,191906
2014-05-19,186776
2014-05-20,234469
2014-05-21,251709
2014-05-22,239456
2014-05-23,242425
2014-05-24,256063
2014-05-25,188557
2014-05-26,219928
2014-05-27,244783
2014-05-28,304195
2014-05-29,248000
2014-05-30,265899
2014-05-31,225279
2014-06-01,203100
2014-06-02,208301
2014-06-03,200011
2014-06-04,232495
2014-06-05,209229
2014-06-06,259122
2014-06-07,272074
2014-06-08,189366
2014-06-09,226043
2014-06-10,226410
2014-06-11,243536
2014-06-12,251765
2014-06-13,227879
2014-06-14,231663
2014-06-15,176655
2014-06-16,173472
2014-06-17,216350
2014-06-18,213012
2014-06-19,233088
2014-06-20,225858
2014-06-21,179928
2014-06-22,166775
2014-06-23,179510
2014-06-24,203570
2014-06-25,201846
2014-06-26,202595
2014-06-27,205912
2014-06-28,182951
2014-06-29,180216
2014-06-30,200568
2014-07-01,327586
2014-07-02,329600
2014-07-03,288689
2014-07-04,263299
2014-07-05,197863
2014-07-06,182103
2014-07-07,234629
2014-07-08,259454
2014-07-09,284431
2014-07-10,258228
2014-07-11,249061
2014-07-12,232395
2014-07-13,195396
2014-07-14,210344
2014-07-15,269383
2014-07-16,254322
2014-07-17,263546
2014-07-18,225033
2014-07-19,223786
2014-07-20,186803
2014-07-21,219911
2014-07-22,242483
2014-07-23,273854
2014-07-24,256704
2014-07-25,268292
2014-07-26,233654
2014-07-27,231154
2014-07-28,218209
2014-07-29,255104
2014-07-30,246598
2014-07-31,229201
2014-08-01,262754
2014-08-02,238193
2014-08-03,190628
2014-08-04,204657
2014-08-05,298745
2014-08-06,333193
2014-08-07,275755
2014-08-08,248918
2014-08-09,251189
2014-08-10,193530
2014-08-11,210783
2014-08-12,239411
2014-08-13,264410
2014-08-14,312411
2014-08-15,266003
2014-08-16,261464
2014-08-17,300173
2014-08-18,213096
2014-08-19,209596
2014-08-20,222263
2014-08-21,241119
2014-08-22,251495
2014-08-23,248043
2014-08-24,197042
2014-08-25,245535
2014-08-26,288774
2014-08-27,244288
2014-08-28,255952
2014-08-29,223515
2014-08-30,208827
2014-08-31,188125
2014-09-01,181314
2014-09-02,293168
2014-09-03,286580
2014-09-04,232598
2014-09-05,251940
2014-09-06,282067
2014-09-07,188864
2014-09-08,250620
2014-09-09,302755
2014-09-10,361914
2014-09-11,302347
2014-09-12,212334
2014-09-13,239517
2014-09-14,179212
2014-09-15,277922
2014-09-16,286797
2014-09-17,303813
2014-09-18,236100
2014-09-19,233777
2014-09-20,224258
2014-09-21,210502
2014-09-22,213577
2014-09-23,262864
2014-09-24,307774
2014-09-25,286954
2014-09-26,283777
2014-09-27,312748
2014-09-28,285023
2014-09-29,330639
2014-09-30,329466
2014-10-01,294541
2014-10-02,301097
2014-10-03,304473
2014-10-04,288692
2014-10-05,275646
2014-10-06,267946
2014-10-07,280561
2014-10-08,337423
2014-10-09,304205
2014-10-10,301309
2014-10-11,279418
2014-10-12,249927
2014-10-13,294063
2014-10-14,294310
2014-10-15,378462
2014-10-16,290342
2014-10-17,283504
2014-10-18,281900
2014-10-19,226637
2014-10-20,321526
2014-10-21,339027
2014-10-22,307311
2014-10-23,287805
2014-10-24,307327
2014-10-25,281311
2014-10-26,253667
2014-10-27,335124
2014-10-28,317720
2014-10-29,355744
2014-10-30,321610
2014-10-31,296275
2014-11-01,251748
2014-11-02,242516
2014-11-03,314182
2014-11-04,303831
2014-11-05,313590
2014-11-06,350813
2014-11-07,338557
2014-11-08,337700
2014-11-09,272614
2014-11-10,320786
2014-11-11,349142
2014-11-12,382401
2014-11-13,376958
2014-11-14,374317
2014-11-15,322663
2014-11-16,283817
2014-11-17,315522
2014-11-18,369877
2014-11-19,323559
2014-11-20,358772
2014-11-21,344278
2014-11-22,361121
2014-11-23,267264
2014-11-24,339713
2014-11-25,348651
2014-11-26,364838
2014-11-27,353840
2014-11-28,340756
2014-11-29,325823
2014-11-30,276390
2014-12-01,362291
2014-12-02,429602
2014-12-03,388457
2014-12-04,461670
2014-12-05,382117
2014-12-06,327334
2014-12-07,315270
2014-12-08,359559
2014-12-09,345570
2014-12-10,364937
2014-12-11,349089
2014-12-12,325238
2014-12-13,330080
2014-12-14,278952
2014-12-15,378031
2014-12-16,423224
2014-12-17,424603
2014-12-18,457872
2014-12-19,427582
2014-12-20,394842
2014-12-21,379785
2014-12-22,356732
2014-12-23,355233
2014-12-24,391095
2014-12-25,284885
2014-12-26,235125
2014-12-27,279424
2014-12-28,294330
2014-12-29,272461
2014-12-30,291699
2014-12-31,294038
2015-01-01,265887
2015-01-02,190803
2015-01-03,275957
2015-01-04,292996
2015-01-05,274680
2015-01-06,362893
2015-01-07,317792
2015-01-08,345553
2015-01-09,393142
2015-01-10,400166
2015-01-11,402864
2015-01-12,332664
2015-01-13,395134
2015-01-14,458298
2015-01-15,428812
2015-01-16,419382
2015-01-17,396044
2015-01-18,383297
2015-01-19,322728
2015-01-20,406057
2015-01-21,462435
2015-01-22,335909
2015-01-23,407537
2015-01-24,397331
2015-01-25,361301
2015-01-26,453766
2015-01-27,495645
2015-01-28,380240
2015-01-29,272951
2015-01-30,289398
2015-01-31,309094
2015-02-01,313585
2015-02-02,299110
2015-02-03,312260
2015-02-04,403597
2015-02-05,304819
2015-02-06,301973
2015-02-07,258793
2015-02-08,285232
2015-02-09,409999
2015-02-10,369962
2015-02-11,390984
2015-02-12,353265
2015-02-13,423162
2015-02-14,512476
2015-02-15,418558
2015-02-16,462761
2015-02-17,404780
2015-02-18,451624
2015-02-19,352799
2015-02-20,315134
2015-02-21,384270
2015-02-22,403625
2015-02-23,357737
2015-02-24,413581
2015-02-25,428245
2015-02-26,348569
2015-02-27,366383
2015-02-28,385426
2015-03-01,437200
2015-03-02,393731
2015-03-03,414736
2015-03-04,404304
2015-03-05,402945
2015-03-06,462584
2015-03-07,391392
2015-03-08,387377
2015-03-09,361708
2015-03-10,446226
2015-03-11,390937
2015-03-12,426797
2015-03-13,435726
2015-03-14,377816
2015-03-15,402864
2015-03-16,344301
2015-03-17,431766
2015-03-18,416815
2015-03-19,372117
2015-03-20,455230
2015-03-21,407765
2015-03-22,355349
2015-03-23,386425
2015-03-24,406189
2015-03-25,292376
2015-03-26,318175
2015-03-27,367855
2015-03-28,296819
2015-03-29,347179
2015-03-30,357333
2015-03-31,409738
2015-04-01,399183
2015-04-02,476815
2015-04-03,359762
2015-04-04,420744
2015-04-05,329334
2015-04-06,383802
2015-04-07,459737
2015-04-08,408936
2015-04-09,456496
2015-04-10,443414
2015-04-11,363692
2015-04-12,393068
2015-04-13,373567
2015-04-14,417189
2015-04-15,391599
2015-04-16,449817
2015-04-17,366456
2015-04-18,417403
2015-04-19,368279
2015-04-20,375687
2015-04-21,390140
2015-04-22,375696
2015-04-23,397992
2015-04-24,466989
2015-04-25,473312
2015-04-26,335820
2015-04-27,380402
2015-04-28,435473
2015-04-29,387941
2015-04-30,496505
2015-05-01,430120
2015-05-02,347035
2015-05-03,363182
2015-05-04,345084
2015-05-05,439024
2015-05-06,388412
2015-05-07,364507
2015-05-08,415394
2015-05-09,403446
2015-05-10,389666
2015-05-11,414382
2015-05-12,388416
2015-05-13,402308
2015-05-14,360208
2015-05-15,342039
2015-05-16,367241
2015-05-17,386257
2015-05-18,318248
2015-05-19,368484
2015-05-20,458018
2015-05-21,382302
2015-05-22,333805
2015-05-23,416010
2015-05-24,436325
2015-05-25,389050
2015-05-26,431873
2015-05-27,427103
2015-05-28,432182
2015-05-29,452400
2015-05-30,436765
2015-05-31,465288
2015-06-01,378646
2015-06-02,544445
2015-06-03,461265
2015-06-04,477384
2015-06-05,422034
2015-06-06,416098
2015-06-07,292929
2015-06-08,352237
2015-06-09,379986
2015-06-10,424212
2015-06-11,483434
2015-06-12,458725
2015-06-13,474095
2015-06-14,374695
2015-06-15,414629
2015-06-16,511442
2015-06-17,589783
2015-06-18,492263
2015-06-19,489018
2015-06-20,528398
2015-06-21,423310
2015-06-22,462295
2015-06-23,604997
2015-06-24,506662
2015-06-25,387113
2015-06-26,352103
2015-06-27,422297
2015-06-28,477226
2015-06-29,418560
2015-06-30,488619
2015-07-01,605779
2015-07-02,623066
2015-07-03,480483
2015-07-04,431052
2015-07-05,385816
2015-07-06,438849
2015-07-07,523645
2015-07-08,765834
2015-07-09,729500
2015-07-10,751551
2015-07-11,649484
2015-07-12,744197
2015-07-13,776821
2015-07-14,717237
2015-07-15,719882
2015-07-16,660547
2015-07-17,698333
2015-07-18,679601
2015-07-19,648555
2015-07-20,637068
2015-07-21,434765
2015-07-22,547544
2015-07-23,448026
2015-07-24,407402
2015-07-25,370278
2015-07-26,355070
2015-07-27,447703
2015-07-28,519288
2015-07-29,598756
2015-07-30,834734
2015-07-31,776606
2015-08-01,748754
2015-08-02,737299
2015-08-03,417531
2015-08-04,469656
2015-08-05,788124
2015-08-06,790761
2015-08-07,790454
2015-08-08,506395
2015-08-09,344357
2015-08-10,362519
2015-08-11,448765
2015-08-12,414813
2015-08-13,503233
2015-08-14,437585
2015-08-15,429766
2015-08-16,399509
2015-08-17,375168
2015-08-18,447382
2015-08-19,469680
2015-08-20,402688
2015-08-21,410437
2015-08-22,365957
2015-08-23,374319
2015-08-24,407863
2015-08-25,467919
2015-08-26,487192
2015-08-27,390535
2015-08-28,427875
2015-08-29,410923
2015-08-30,356224
2015-08-31,368239
2015-09-01,461028
2015-09-02,452146
2015-09-03,767256
2015-09-04,477062
2015-09-05,350699
2015-09-06,458669
2015-09-07,411531
2015-09-08,479679
2015-09-09,703477
2015-09-10,730847
2015-09-11,682504
2015-09-12,713393
2015-09-13,647268
2015-09-14,626247
2015-09-15,749010
2015-09-16,690040
2015-09-17,678856
2015-09-18,702462
2015-09-19,558453
2015-09-20,464525
2015-09-21,474949
2015-09-22,608211
2015-09-23,480901
2015-09-24,463494
2015-09-25,488320
2015-09-26,424790
2015-09-27,443742
2015-09-28,441754
2015-09-29,504463
2015-09-30,467311
2015-10-01,519153
2015-10-02,460772
2015-10-03,532355
2015-10-04,378507
2015-10-05,369532
2015-10-06,435469
2015-10-07,544972
2015-10-08,698530
2015-10-09,627383
2015-10-10,622939
2015-10-11,622310
2015-10-12,542099
2015-10-13,579011
2015-10-14,549268
2015-10-15,535153
2015-10-16,529905
2015-10-17,587464
2015-10-18,608888
2015-10-19,518914
2015-10-20,511285
2015-10-21,702443
2015-10-22,550592
2015-10-23,559633
2015-10-24,540295
2015-10-25,538643
2015-10-26,522468
2015-10-27,473400
2015-10-28,544463
2015-10-29,597482
2015-10-30,593707
2015-10-31,508034
2015-11-01,543505
2015-11-02,542960
2015-11-03,636100
2015-11-04,684904
2015-11-05,787113
2015-11-06,726245
2015-11-07,651273
2015-11-08,534542
2015-11-09,558186
2015-11-10,613972
2015-11-11,604056
2015-11-12,529036
2015-11-13,529385
2015-11-14,492139
2015-11-15,538524
2015-11-16,489572
2015-11-17,525374
2015-11-18,572153
2015-11-19,594323
2015-11-20,591770
2015-11-21,510791
2015-11-22,463102
2015-11-23,441130
2015-11-24,517169
2015-11-25,527507
2015-11-26,561969
2015-11-27,534017
2015-11-28,649707
2015-11-29,549820
2015-11-30,462247
2015-12-01,668359
2015-12-02,569459
2015-12-03,654105
2015-12-04,635841
2015-12-05,584695
2015-12-06,578478
2015-12-07,590997
2015-12-08,695050
2015-12-09,619636
2015-12-10,688225
2015-12-11,525905
2015-12-12,650739
2015-12-13,681256
2015-12-14,695253
2015-12-15,622953
2015-12-16,623939
2015-12-17,680536
2015-12-18,671535
2015-12-19,618258
2015-12-20,638583
2015-12-21,613163
2015-12-22,771897
2015-12-23,740951
2015-12-24,687623
2015-12-25,734993
2015-12-26,512482
2015-12-27,540429
2015-12-28,449528
2015-12-29,664307
2015-12-30,621075
2015-12-31,551462
2016-01-01,552912
2016-01-02,492925
2016-01-03,576330
2016-01-04,565802
2016-01-05,550679
2016-01-06,641049
2016-01-07,668968
2016-01-08,711416
2016-01-09,572671
2016-01-10,655981
2016-01-11,511348
2016-01-12,661501
2016-01-13,608252
2016-01-14,681304
2016-01-15,716459
2016-01-16,772854
2016-01-17,761231
2016-01-18,737492
2016-01-19,668924
2016-01-20,779353
2016-01-21,863089
2016-01-22,836798
2016-01-23,662501
2016-01-24,562315
2016-01-25,627895
2016-01-26,727273
2016-01-27,743211
2016-01-28,738078
2016-01-29,794476
2016-01-30,687311
2016-01-31,563423
2016-02-01,561135
2016-02-02,782269
2016-02-03,796023
2016-02-04,639279
2016-02-05,657742
2016-02-06,647585
2016-02-07,610196
2016-02-08,696516
2016-02-09,823031
2016-02-10,703134
2016-02-11,727387
2016-02-12,641069
2016-02-13,611004
2016-02-14,632229
2016-02-15,634045
2016-02-16,759323
2016-02-17,759357
2016-02-18,772175
2016-02-19,650943
2016-02-20,772673
2016-02-21,731196
2016-02-22,856711
2016-02-23,897707
2016-02-24,883962
2016-02-25,917662
2016-02-26,799173
2016-02-27,764791
2016-02-28,657568
2016-02-29,793967
2016-03-01,913204
2016-03-02,905523
2016-03-03,893477
2016-03-04,930014
2016-03-05,776264
2016-03-06,781985
2016-03-07,620822
2016-03-08,726194
2016-03-09,670705
2016-03-10,733573
2016-03-11,688153
2016-03-12,622785
2016-03-13,575015
2016-03-14,629357
2016-03-15,719966
2016-03-16,664910
2016-03-17,673914
2016-03-18,750540
2016-03-19,725631
2016-03-20,652301
2016-03-21,658777
2016-03-22,747971
2016-03-23,710488
2016-03-24,683938
2016-03-25,671989
2016-03-26,618086
2016-03-27,638061
2016-03-28,614368
2016-03-29,682016
2016-03-30,844312
2016-03-31,744988
2016-04-01,851311
2016-04-02,754845
2016-04-03,814407
2016-04-04,709839
2016-04-05,666712
2016-04-06,748984
2016-04-07,706071
2016-04-08,768604
2016-04-09,704031
2016-04-10,641777
2016-04-11,553640
2016-04-12,779670
2016-04-13,820864
2016-04-14,712951
2016-04-15,708837
2016-04-16,801301
2016-04-17,667314
2016-04-18,668427
2016-04-19,835251
2016-04-20,748778
2016-04-21,685406
2016-04-22,744697
2016-04-23,768772
2016-04-24,649066
2016-04-25,734743
2016-04-26,877526
2016-04-27,814452
2016-04-28,884416
2016-04-29,897505
2016-04-30,809813
2016-05-01,753012
2016-05-02,619273
2016-05-03,746710
2016-05-04,769663
2016-05-05,720064
2016-05-06,701489
2016-05-07,699121
2016-05-08,634775
2016-05-09,568348
2016-05-10,647233
2016-05-11,729117
2016-05-12,819790
2016-05-13,774575
2016-05-14,769087
2016-05-15,795445
2016-05-16,791614
2016-05-17,899141
2016-05-18,883843
2016-05-19,873780
2016-05-20,934278
2016-05-21,798709
2016-05-22,876385
2016-05-23,604367
2016-05-24,657183
2016-05-25,829058
2016-05-26,878183
2016-05-27,835272
2016-05-28,948274
2016-05-29,838273
2016-05-30,702781
2016-05-31,880921
2016-06-01,879243
2016-06-02,826896
2016-06-03,837273
2016-06-04,820368
2016-06-05,829686
2016-06-06,609952
2016-06-07,713841
2016-06-08,816456
2016-06-09,801776
2016-06-10,712118
2016-06-11,821642
2016-06-12,694655
2016-06-13,838347
2016-06-14,921476
2016-06-15,948041
2016-06-16,923577
2016-06-17,957635
2016-06-18,920253
2016-06-19,870589
2016-06-20,711992
2016-06-21,796829
2016-06-22,910838
2016-06-23,953400
2016-06-24,912772
2016-06-25,942541
2016-06-26,789868
2016-06-27,752373
2016-06-28,783963
2016-06-29,766831
2016-06-30,760830
2016-07-01,802322
2016-07-02,747516
2016-07-03,683919
2016-07-04,619848
2016-07-05,745041
2016-07-06,781905
2016-07-07,811764
2016-07-08,810661
2016-07-09,781022
2016-07-10,654658
2016-07-11,579454
2016-07-12,805996
2016-07-13,770339
2016-07-14,822046
2016-07-15,809265
2016-07-16,782482
2016-07-17,695142
2016-07-18,705793
2016-07-19,809202
2016-07-20,874870
2016-07-21,791752
2016-07-22,818021
2016-07-23,864614
2016-07-24,823729
2016-07-25,794320
2016-07-26,904762
2016-07-27,928327
2016-07-28,914784
2016-07-29,875056
2016-07-30,817239
2016-07-31,884248
2016-08-01,794596
2016-08-02,807231
2016-08-03,863464
2016-08-04,787622
2016-08-05,780650
2016-08-06,700179
2016-08-07,624806
2016-08-08,761030
2016-08-09,831087
2016-08-10,889356
2016-08-11,837474
2016-08-12,849336
2016-08-13,815307
2016-08-14,672275
2016-08-15,632493
2016-08-16,811087
2016-08-17,927459
2016-08-18,937400
2016-08-19,795584
2016-08-20,788861
2016-08-21,729054
2016-08-22,614849
2016-08-23,771066
2016-08-24,826537
2016-08-25,769692
2016-08-26,871898
2016-08-27,830806
2016-08-28,696156
2016-08-29,602585
2016-08-30,818211
2016-08-31,778545
2016-09-01,833950
2016-09-02,836572
2016-09-03,743751
2016-09-04,759944
2016-09-05,570240
2016-09-06,898570
2016-09-07,853616
2016-09-08,813702
2016-09-09,812227
2016-09-10,803678
2016-09-11,652659
2016-09-12,592593
2016-09-13,703273
2016-09-14,772963
2016-09-15,760410
2016-09-16,753592
2016-09-17,787598
2016-09-18,743616
2016-09-19,685507
2016-09-20,837520
2016-09-21,770330
2016-09-22,709474
2016-09-23,770954
2016-09-24,814055
2016-09-25,622439
2016-09-26,574962
2016-09-27,773783
2016-09-28,771489
2016-09-29,780807
2016-09-30,834386
2016-10-01,828178
2016-10-02,715201
2016-10-03,722342
2016-10-04,864570
2016-10-05,821254
2016-10-06,793521
2016-10-07,822020
2016-10-08,872929
2016-10-09,746067
2016-10-10,697154
2016-10-11,864814
2016-10-12,924003
2016-10-13,857097
2016-10-14,919213
2016-10-15,858046
2016-10-16,773340
2016-10-17,769884
2016-10-18,929626
2016-10-19,841827
2016-10-20,807448
2016-10-21,977453
2016-10-22,773349
2016-10-23,813241
2016-10-24,792472
2016-10-25,886375
2016-10-26,943930
2016-10-27,974398
2016-10-28,977626
2016-10-29,803986
2016-10-30,780294
2016-10-31,620427
2016-11-01,821732
2016-11-02,857061
2016-11-03,901549
2016-11-04,835649
2016-11-05,956644
2016-11-06,783016
2016-11-07,733418
2016-11-08,893414
2016-11-09,865388
2016-11-10,892891
2016-11-11,788722
2016-11-12,763428
2016-11-13,717824
2016-11-14,763837
2016-11-15,797724
2016-11-16,851167
2016-11-17,794715
2016-11-18,898420
2016-11-19,930712
2016-11-20,847582
2016-11-21,910103
2016-11-22,922480
2016-11-23,958831
2016-11-24,951133
2016-11-25,951721
2016-11-26,942793
2016-11-27,936386
2016-11-28,830629
2016-11-29,907666
2016-11-30,907780
2016-12-01,912239
2016-12-02,899527
2016-12-03,970674
2016-12-04,882210
2016-12-05,854387
2016-12-06,889230
2016-12-07,961044
2016-12-08,879948
2016-12-09,856546
2016-12-10,928314
2016-12-11,888023
2016-12-12,676731
2016-12-13,816436
2016-12-14,820543
2016-12-15,904416
2016-12-16,949927
2016-12-17,971867
2016-12-18,817036
2016-12-19,861413
2016-12-20,914759
2016-12-21,970391
2016-12-22,963969
2016-12-23,918529
2016-12-24,889235
2016-12-25,852947
2016-12-26,639416
2016-12-27,867973
2016-12-28,876651
2016-12-29,868481
2016-12-30,940410
2016-12-31,868063
2017-01-01,799230
2017-01-02,706647
2017-01-03,933768
2017-01-04,917326
2017-01-05,986098
2017-01-06,983710
2017-01-07,984745
2017-01-08,987219
2017-01-09,802749
2017-01-10,932439
2017-01-11,956578
2017-01-12,926294
2017-01-13,786284
2017-01-14,858146
2017-01-15,742770
2017-01-16,659940
2017-01-17,775267
2017-01-18,892992
2017-01-19,901456
2017-01-20,834378
2017-01-21,720772
2017-01-22,682652
2017-01-23,682543
2017-01-24,914369
2017-01-25,973645
2017-01-26,987848
2017-01-27,993133
2017-01-28,837700
2017-01-29,877454
2017-01-30,855056
2017-01-31,963722
2017-02-01,959553
2017-02-02,962227
2017-02-03,914052
2017-02-04,970806
2017-02-05,947774
2017-02-06,961903
2017-02-07,979210
2017-02-08,945677
2017-02-09,961155
2017-02-10,956012
2017-02-11,967112
2017-02-12,957656
2017-02-13,863048
2017-02-14,917950
2017-02-15,890610
2017-02-16,940094
2017-02-17,973956
2017-02-18,969080
2017-02-19,961960
2017-02-20,930902
2017-02-21,947068
2017-02-22,954252
2017-02-23,969897
2017-02-24,967386
2017-02-25,971158
2017-02-26,966343
2017-02-27,921744
2017-02-28,945159
2017-03-01,968240
2017-03-02,979150
2017-03-03,955603
2017-03-04,985294
2017-03-05,985894
2017-03-06,983250
2017-03-07,965595
2017-03-08,974857
2017-03-09,979431
2017-03-10,991813
2017-03-11,991811
2017-03-12,997570
2017-03-13,960152
2017-03-14,975970
2017-03-15,968846
2017-03-16,984010
2017-03-17,988273
2017-03-18,993909
2017-03-19,943655
2017-03-20,878835
2017-03-21,989773
2017-03-22,981986
2017-03-23,980525
2017-03-24,966780
2017-03-25,867409
2017-03-26,943693
2017-03-27,656179
2017-03-28,924213
2017-03-29,985669
2017-03-30,973183
2017-03-31,962547
2017-04-01,960535
2017-04-02,967179
2017-04-03,823125
2017-04-04,879301
2017-04-05,977789
2017-04-06,966909
2017-04-07,977748
2017-04-08,976046
2017-04-09,976255
2017-04-10,924892
2017-04-11,918205
2017-04-12,962808
2017-04-13,982567
2017-04-14,972988
2017-04-15,995114
2017-04-16,986202
2017-04-17,930579
2017-04-18,927953
2017-04-19,960703
2017-04-20,984203
2017-04-21,974005
2017-04-22,969954
2017-04-23,979915
2017-04-24,936612
2017-04-25,976707
2017-04-26,965997
2017-04-27,971856
2017-04-28,967638
2017-04-29,996645
2017-04-30,971583
2017-05-01,966110
2017-05-02,982788
2017-05-03,980652
2017-05-04,995290
2017-05-05,971058
2017-05-06,961232
2017-05-07,964949
2017-05-08,964819
2017-05-09,967791
2017-05-10,987770
2017-05-11,960619
2017-05-12,961251
2017-05-13,949541
2017-05-14,959925
2017-05-15,975155
2017-05-16,970705
2017-05-17,973989
2017-05-18,981876
2017-05-19,974526
2017-05-20,971321
2017-05-21,967220
2017-05-22,976775
2017-05-23,980481
2017-05-24,972750
2017-05-25,977007
2017-05-26,976892
2017-05-27,958704
2017-05-28,991469
2017-05-29,978038
2017-05-30,977829
2017-05-31,980658
2017-06-01,976593
2017-06-02,977793
2017-06-03,982052
2017-06-04,981052
2017-06-05,982370
2017-06-06,962904
2017-06-07,991696
2017-06-08,992122
2017-06-09,969813
2017-06-10,973539
2017-06-11,966442
2017-06-12,945499
2017-06-13,967604
2017-06-14,977141
2017-06-15,969546
2017-06-16,994361
2017-06-17,983037
2017-06-18,985743
2017-06-19,936092
2017-06-20,980361
2017-06-21,972729
2017-06-22,983073
2017-06-23,992570
2017-06-24,948869
2017-06-25,943995
2017-06-26,934705
2017-06-27,987189
2017-06-28,990012
2017-06-29,969722
2017-06-30,970559
2017-07-01,956199
2017-07-02,876041
2017-07-03,784257
2017-07-04,801748
2017-07-05,911216
2017-07-06,912536
2017-07-07,956272
2017-07-08,937071
2017-07-09,846948
2017-07-10,752002
2017-07-11,750511
2017-07-12,895202
2017-07-13,881616
2017-07-14,849274
2017-07-15,907047
2017-07-16,965660
2017-07-17,845142
2017-07-18,947857
2017-07-19,959489
2017-07-20,936401
2017-07-21,932131
2017-07-22,976520
2017-07-23,915984
2017-07-24,689370
2017-07-25,896406
2017-07-26,935000
2017-07-27,962676
2017-07-28,928493
2017-07-29,916858
2017-07-30,871228
2017-07-31,811324
2017-08-01,926776
2017-08-02,722671
2017-08-03,880660
2017-08-04,868865
2017-08-05,924135
2017-08-06,865869
2017-08-07,804025
2017-08-08,943680
2017-08-09,980759
2017-08-10,954238
2017-08-11,981214
2017-08-12,953436
2017-08-13,992788
2017-08-14,985007
2017-08-15,953352
2017-08-16,970809
2017-08-17,973641
2017-08-18,978675
2017-08-19,959973
2017-08-20,966474
2017-08-21,961367
2017-08-22,976478
2017-08-23,998196
2017-08-24,986505
2017-08-25,923254
2017-08-26,944221
2017-08-27,998402
2017-08-28,990803
2017-08-29,981322
2017-08-30,998177
2017-08-31,983375
2017-09-01,981639
2017-09-02,971892
2017-09-03,802183
2017-09-04,773032
2017-09-05,927681
2017-09-06,763561
2017-09-07,904196
2017-09-08,810012
2017-09-09,899069
2017-09-10,725535
2017-09-11,809789
2017-09-12,824158
2017-09-13,700470
2017-09-14,710846
2017-09-15,822530
2017-09-16,844298
2017-09-17,688764
2017-09-18,573893
2017-09-19,939559
2017-09-20,956479
2017-09-21,948370
2017-09-22,757305
2017-09-23,792851
2017-09-24,632213
2017-09-25,674927
2017-09-26,917115
2017-09-27,941399
2017-09-28,868540
2017-09-29,838580
2017-09-30,834248
2017-10-01,791436
2017-10-02,912755
2017-10-03,994515
2017-10-04,877326
2017-10-05,843623
2017-10-06,1018090
2017-10-07,920068
2017-10-08,823629
2017-10-09,775294
2017-10-10,916065
2017-10-11,970409
2017-10-12,1015864
2017-10-13,978609
2017-10-14,1024484
2017-10-15,1023460
2017-10-16,894358
2017-10-17,916570
2017-10-18,988369
2017-10-19,1016876
2017-10-20,990229
2017-10-21,996942
2017-10-22,1039535
2017-10-23,1004184
2017-10-24,973951
2017-10-25,1041196
2017-10-26,968322
2017-10-27,732951
2017-10-28,1032285
2017-10-29,1007686
2017-10-30,1011253
2017-10-31,1035252
2017-11-01,1038248
2017-11-02,1043267
2017-11-03,1037658
2017-11-04,1046470
2017-11-05,1027724
2017-11-06,1042546
2017-11-07,1044700
2017-11-08,1026575
2017-11-09,1026767
2017-11-10,1024618
2017-11-11,1050865
2017-11-12,1058556
2017-11-13,1055674
2017-11-14,1040104
2017-11-15,1027187
2017-11-16,1048573
2017-11-17,1020404
2017-11-18,1034142
2017-11-19,1048463
2017-11-20,1044312
2017-11-21,1010858
2017-11-22,1063484
2017-11-23,1057804
2017-11-24,1062701
2017-11-25,1048904
2017-11-26,1040969
2017-11-27,1048917
2017-11-28,1047924
2017-11-29,1062941
2017-11-30,1064050
2017-12-01,1068341
2017-12-02,1067139
2017-12-03,1036382
2017-12-04,1047336
2017-12-05,1070004
2017-12-06,1058645
2017-12-07,1058881
2017-12-08,1037376
2017-12-09,1058532
2017-12-10,1050330
2017-12-11,1056198
2017-12-12,1061447
2017-12-13,1061643
2017-12-14,1051163
2017-12-15,1047133
2017-12-16,1061459
2017-12-17,1053704
2017-12-18,1040279
2017-12-19,1042671
2017-12-20,1060609
2017-12-21,1072239
2017-12-22,1037986
2017-12-23,1063276
2017-12-24,1059315
2017-12-25,1064197
2017-12-26,1052932
2017-12-27,1047358
2017-12-28,1070645
2017-12-29,1081199
2017-12-30,1047507
2017-12-31,1035906
2018-01-01,1037654
2018-01-02,1043200
2018-01-03,1041680
2018-01-04,1064936
2018-01-05,1066160
2018-01-06,1069002
2018-01-07,1053001
2018-01-08,1048723
2018-01-09,1050963
2018-01-10,1057310
2018-01-11,1054956
2018-01-12,1057949
2018-01-13,1053732
2018-01-14,1014499
2018-01-15,1050907
2018-01-16,1059251
2018-01-17,1050755
2018-01-18,1061349
2018-01-19,1051139
2018-01-20,1047523
2018-01-21,1116916
2018-01-22,1071050
2018-01-23,1078088
2018-01-24,1069566
2018-01-25,1074956
2018-01-26,1105547
2018-01-27,1044745
2018-01-28,1032040
2018-01-29,1025466
2018-01-30,1012350
2018-01-31,996176
2018-02-01,1051847
2018-02-02,1053140
2018-02-03,1022506
2018-02-04,995891
2018-02-05,988244
2018-02-06,1106470
2018-02-07,1067332
2018-02-08,1070469
2018-02-09,1049296
2018-02-10,1076082
2018-02-11,1033401
2018-02-12,1002464
2018-02-13,1042310
2018-02-14,1037702
2018-02-15,1015979
2018-02-16,1062490
2018-02-17,989433
2018-02-18,966532
2018-02-19,973776
2018-02-20,1011015
2018-02-21,1008594
2018-02-22,988705
2018-02-23,918127
2018-02-24,1005774
2018-02-25,1014177
2018-02-26,699013
2018-02-27,1012542
2018-02-28,1009827
2018-03-01,1058861
2018-03-02,1070326
2018-03-03,859638
2018-03-04,977348
2018-03-05,1001249
2018-03-06,1017820
2018-03-07,1018661
2018-03-08,1026472
2018-03-09,1017122
2018-03-10,1026402
2018-03-11,1016833
2018-03-12,1011055
2018-03-13,931086
2018-03-14,902700
2018-03-15,753239
2018-03-16,751658
2018-03-17,690361
2018-03-18,505991
2018-03-19,696159
2018-03-20,683404
2018-03-21,790160
2018-03-22,689349
2018-03-23,774840
2018-03-24,824847
2018-03-25,603132
2018-03-26,583194
2018-03-27,710986
2018-03-28,763153
2018-03-29,726814
2018-03-30,671348
2018-03-31,627189
2018-04-01,670956
2018-04-02,452283
2018-04-03,561178
2018-04-04,691802
2018-04-05,717797
2018-04-06,643346
2018-04-07,815549
2018-04-08,541365
2018-04-09,442152
2018-04-10,734221
2018-04-11,680501
2018-04-12,629347
2018-04-13,842492
2018-04-14,711265
2018-04-15,817580
2018-04-16,847183
2018-04-17,946672
2018-04-18,735669
2018-04-19,672658
2018-04-20,635094
2018-04-21,835096
2018-04-22,744424
2018-04-23,554600
2018-04-24,762481
2018-04-25,970912
2018-04-26,1062137
2018-04-27,885745
2018-04-28,956030
2018-04-29,817050
2018-04-30,631320
2018-05-01,751844
2018-05-02,673782
2018-05-03,869631
2018-05-04,883674
2018-05-05,975988
2018-05-06,703962
2018-05-07,767873
2018-05-08,865620
2018-05-09,924526
2018-05-10,721322
2018-05-11,754205
2018-05-12,1072544
2018-05-13,625552
2018-05-14,580283
2018-05-15,879085
2018-05-16,771175
2018-05-17,619517
2018-05-18,877620
2018-05-19,835033
2018-05-20,563281
2018-05-21,574532
2018-05-22,740171
2018-05-23,712320
2018-05-24,741021
2018-05-25,713274
2018-05-26,632232
2018-05-27,480069
2018-05-28,450204
2018-05-29,730313
2018-05-30,820264
2018-05-31,628768
2018-06-01,700890
2018-06-02,710960
2018-06-03,626342
2018-06-04,796502
2018-06-05,1053916
2018-06-06,848463
2018-06-07,992415
2018-06-08,1082316
2018-06-09,869963
2018-06-10,646598
2018-06-11,753631
2018-06-12,793455
2018-06-13,1063113
2018-06-14,907442
2018-06-15,752277
2018-06-16,785130
2018-06-17,464916
2018-06-18,493966
2018-06-19,642536
2018-06-20,932943
2018-06-21,1074776
2018-06-22,610253
2018-06-23,789367
2018-06-24,525368
2018-06-25,492698
2018-06-26,932560
2018-06-27,1071069
2018-06-28,1089062
2018-06-29,690595
2018-06-30,747647
2018-07-01,975742
2018-07-02,690056
2018-07-03,1017750
2018-07-04,1113473
2018-07-05,915858
2018-07-06,791188
2018-07-07,682980
2018-07-08,521839
2018-07-09,609901
2018-07-10,1063791
2018-07-11,971337
2018-07-12,1033117
2018-07-13,1154370
2018-07-14,1118409
2018-07-15,1151760
2018-07-16,753377
2018-07-17,967369
2018-07-18,904621
2018-07-19,1044845
2018-07-20,715650
2018-07-21,819078
2018-07-22,719471
2018-07-23,452567
2018-07-24,903410
2018-07-25,917118
2018-07-26,950977
2018-07-27,774012
2018-07-28,894429
2018-07-29,732988
2018-07-30,548991
2018-07-31,914438
2018-08-01,965036
2018-08-02,983721
2018-08-03,786495
2018-08-04,841942
2018-08-05,580276
2018-08-06,580368
2018-08-07,1056717
2018-08-08,1017125
2018-08-09,793226
2018-08-10,810651
2018-08-11,792975
2018-08-12,606948
2018-08-13,594230
2018-08-14,895555
2018-08-15,1030744
2018-08-16,789528
2018-08-17,766616
2018-08-18,831162
2018-08-19,589781
2018-08-20,599147
2018-08-21,833750
2018-08-22,786610
2018-08-23,755554
2018-08-24,772460
2018-08-25,827815
2018-08-26,754833
2018-08-27,562838
2018-08-28,714495
2018-08-29,893403
2018-08-30,879796
2018-08-31,823481
2018-09-01,815922
2018-09-02,763356
2018-09-03,644199
2018-09-04,851842
2018-09-05,984015
2018-09-06,990600
2018-09-07,880257
2018-09-08,891570
2018-09-09,709052
2018-09-10,617594
2018-09-11,918094
2018-09-12,919239
2018-09-13,713591
2018-09-14,837780
2018-09-15,1062391
2018-09-16,766246
2018-09-17,640532
2018-09-18,886530
2018-09-19,940334
2018-09-20,815944
2018-09-21,818866
2018-09-22,1009386
2018-09-23,715676
2018-09-24,674971
2018-09-25,794069
2018-09-26,773487
2018-09-27,894936
2018-09-28,887770