Date,Difficulty
2009-01-10,1
2009-01-11,1
2009-01-12,1
2009-01-13,1
2009-01-14,1
2009-01-15,1
2009-01-16,1
2009-01-17,1
2009-01-18,1
2009-01-19,1
2009-01-20,1
2009-01-21,1
2009-01-22,1
2009-01-23,1
2009-01-24,1
2009-01-25,1
2009-01-26,1
2009-01-27,1
2009-01-28,1
2009-01-29,1
2009-01-30,1
2009-01-31,1
2009-02-01,1
2009-02-02,1
2009-02-03,1
2009-02-04,1
2009-02-05,1
2009-02-06,1
2009-02-07,1
2009-02-08,1
2009-02-09,1
2009-02-10,1
2009-02-11,1
2009-02-12,1
2009-02-13,1
2009-02-14,1
2009-02-15,1
2009-02-16,1
2009-02-17,1
2009-02-18,1
2009-02-19,1
2009-02-20,1
2009-02-21,1
2009-02-22,1
2009-02-23,1
2009-02-24,1
2009-02-25,1
2009-02-26,1
2009-02-27,1
2009-02-28,1
2009-03-01,1
2009-03-02,1
2009-03-03,1
2009-03-04,1
2009-03-05,1
2009-03-06,1
2009-03-07,1
2009-03-08,1
2009-03-09,1
2009-03-10,1
2009-03-11,1
2009-03-12,1
2009-03-13,1
2009-03-14,1
2009-03-15,1
2009-03-16,1
2009-03-17,1
2009-03-18,1
2009-03-19,1
2009-03-20,1
2009-03-21,1
2009-03-22,1
2009-03-23,1
2009-03-24,1
2009-03-25,1
2009-03-26,1
2009-03-27,1
2009-03-28,1
2009-03-29,1
2009-03-30,1
2009-03-31,1
2009-04-01,1
2009-04-02,1
2009-04-03,1
2009-04-04,1
2009-04-05,1
2009-04-06,1
2009-04-07,1
2009-04-08,1
2009-04-09,1
2009-04-10,1
2009-04-11,1
2009-04-12,1
2009-04-13,1
2009-04-14,1
2009-04-15,1
2009-04-16,1
2009-04-17,1
2009-04-18,1
2009-04-19,1
2009-04-20,1
2009-04-21,1
2009-04-22,1
2009-04-23,1
2009-04-24,1
2009-04-25,1
2009-04-26,1
2009-04-27,1
2009-04-28,1
2009-04-29,1
2009-04-30,1
2009-05-01,1
2009-05-02,1
2009-05-03,1
2009-05-04,1
2009-05-05,1
2009-05-06,1
2009-05-07,1
2009-05-08,1
2009-05-09,1
2009-05-10,1
2009-05-11,1
2009-05-12,1
2009-05-13,1
2009-05-14,1
2009-05-15,1
2009-05-16,1
2009-05-17,1
2009-05-18,1
2009-05-19,1
2009-05-20,1
2009-05-21,1
2009-05-22,1
2009-05-23,1
2009-05-24,1
2009-05-25,1
2009-05-26,1
2009-05-27,1
2009-05-28,1
2009-05-29,1
2009-05-30,1
2009-05-31,1
2009-06-01,1
2009-06-02,1
2009-06-03,1
2009-06-04,1
2009-06-05,1
2009-06-06,1
2009-06-07,1
2009-06-08,1
2009-06-09,1
2009-06-10,1
2009-06-11,1
2009-06-12,1
2009-06-13,1
2009-06-14,1
2009-06-15,1
2009-06-16,1
2009-06-17,1
2009-06-18,1
2009-06-19,1
2009-06-20,1
2009-06-21,1
2009-06-22,1
2009-06-23,1
2009-06-24,1
2009-06-25,1
2009-06-26,1
2009-06-27,1
2009-06-28,1
2009-06-29,1
2009-06-30,1
2009-07-01,1
2009-07-02,1
2009-07-03,1
2009-07-04,1
2009-07-05,1
2009-07-06,1
2009-07-07,1
2009-07-08,1
2009-07-09,1
2009-07-10,1
2009-07-11,1
2009-07-12,1
2009-07-13,1
2009-07-14,1
2009-07-15,1
2009-07-16,1
2009-07-17,1
2009-07-18,1
2009-07-19,1
2009-07-20,1
2009-07-21,1
2009-07-22,1
2009-07-23,1
2009-07-24,1
2009-07-25,1
2009-07-26,1
2009-07-27,1
2009-07-28,1
2009-07-29,1
2009-07-30,1
2009-07-31,1
2009-08-01,1
2009-08-02,1
2009-08-03,1
2009-08-04,1
2009-08-05,1
2009-08-06,1
2009-08-07,1
2009-08-08,1
2009-08-09,1
2009-08-10,1
2009-08-11,1
2009-08-12,1
2009-08-13,1
2009-08-14,1
2009-08-15,1
2009-08-16,1
2009-08-17,1
2009-08-18,1
2009-08-19,1
2009-08-20,1
2009-08-21,1
2009-08-22,1
2009-08-23,1
2009-08-24,1
2009-08-25,1
2009-08-26,1
2009-08-27,1
2009-08-28,1
2009-08-29,1
2009-08-30,1
2009-08-31,1
2009-09-01,1
2009-09-02,1
2009-09-03,1
2009-09-04,1
2009-09-05,1
2009-09-06,1
2009-09-07,1
2009-09-08,1
2009-09-09,1
2009-09-10,1
2009-09-11,1
2009-09-12,1
2009-09-13,1
2009-09-14,1
2009-09-15,1
2009-09-16,1
2009-09-17,1
2009-09-18,1
2009-09-19,1
2009-09-20,1
2009-09-21,1
2009-09-22,1
2009-09-23,1
2009-09-24,1
2009-09-25,1
2009-09-26,1
2009-09-27,1
2009-09-28,1
2009-09-29,1
2009-09-30,1
2009-10-01,1
2009-10-02,1
2009-10-03,1
2009-10-04,1
2009-10-05,1
2009-10-06,1
2009-10-07,1
2009-10-08,1
2009-10-09,1
2009-10-10,1
2009-10-11,1
2009-10-12,1
2009-10-13,1
2009-10-14,1
2009-10-15,1
2009-10-16,1
2009-10-17,1
2009-10-18,1
2009-10-19,1
2009-10-20,1
2009-10-21,1
2009-10-22,1
2009-10-23,1
2009-10-24,1
2009-10-25,1
2009-10-26,1
2009-10-27,1
2009-10-28,1
2009-10-29,1
2009-10-30,1
2009-10-31,1
2009-11-01,1
2009-11-02,1
2009-11-03,1
2009-11-04,1
2009-11-05,1
2009-11-06,1
2009-11-07,1
2009-11-08,1
2009-11-09,1
2009-11-10,1
2009-11-11,1
2009-11-12,1
2009-11-13,1
2009-11-14,1
2009-11-15,1
2009-11-16,1
2009-11-17,1
2009-11-18,1
2009-11-19,1
2009-11-20,1
2009-11-21,1
2009-11-22,1
2009-11-23,1
2009-11-24,1
2009-11-25,1
2009-11-26,1
2009-11-27,1
2009-11-28,1
2009-11-29,1
2009-11-30,1
2009-12-01,1
2009-12-02,1
2009-12-03,1
2009-12-04,1
2009-12-05,1
2009-12-06,1
2009-12-07,1
2009-12-08,1
2009-12-09,1
2009-12-10,1
2009-12-11,1
2009-12-12,1
2009-12-13,1
2009-12-14,1
2009-12-15,1
2009-12-16,1
2009-12-17,1
2009-12-18,1
2009-12-19,1
2009-12-20,1
2009-12-21,1
2009-12-22,1
2009-12-23,1
2009-12-24,1
2009-12-25,1
2009-12-26,1
2009-12-27,1
2009-12-28,1
2009-12-29,1
2009-12-30,1
2009-12-31,1
2010-01-01,1
2010-01-02,1
2010-01-03,1
2010-01-04,1
2010-01-05,1
2010-01-06,1
2010-01-07,1
2010-01-08,1
2010-01-09,1
2010-01-10,1
2010-01-11,1
2010-01-12,1
2010-01-13,1
2010-01-14,1
2010-01-15,1
2010-01-16,1
2010-01-17,1
2010-01-18,1
2010-01-19,1
2010-01-20,1
2010-01-21,1
2010-01-22,1
2010-01-23,1
2010-01-24,1
2010-01-25,1
2010-01-26,1
2010-01-27,1
2010-01-28,1
2010-01-29,1
2010-01-30,1
2010-01-31,1
2010-02-01,1
2010-02-02,1
2010-02-03,1
2010-02-04,1
2010-02-05,2
2010-02-06,2
2010-02-07,2
2010-02-08,2
2010-02-09,2
2010-02-10,2
2010-02-11,2
2010-02-12,2
2010-02-13,2
2010-02-14,2
2010-02-15,3
2010-02-16,3
2010-02-17,3
2010-02-18,3
2010-02-19,3
2010-02-20,3
2010-02-21,3
2010-02-22,3
2010-02-23,3
2010-02-24,3
2010-02-25,4
2010-02-26,4
2010-02-27,4
2010-02-28,4
2010-03-01,4
2010-03-02,4
2010-03-03,4
2010-03-04,4
2010-03-05,4
2010-03-06,4
2010-03-07,4
2010-03-08,4
2010-03-09,5
2010-03-10,5
2010-03-11,5
2010-03-12,5
2010-03-13,5
2010-03-14,5
2010-03-15,5
2010-03-16,5
2010-03-17,5
2010-03-18,5
2010-03-19,5
2010-03-20,5
2010-03-21,5
2010-03-22,5
2010-03-23,5
2010-03-24,5
2010-03-25,5
2010-03-26,5
2010-03-27,5
2010-03-28,5
2010-03-29,5
2010-03-30,5
2010-03-31,5
2010-04-01,5
2010-04-02,6
2010-04-03,6
2010-04-04,6
2010-04-05,6
2010-04-06,6
2010-04-07,6
2010-04-08,6
2010-04-09,6
2010-04-10,6
2010-04-11,6
2010-04-12,6
2010-04-13,8
2010-04-14,8
2010-04-15,8
2010-04-16,8
2010-04-17,8
2010-04-18,8
2010-04-19,8
2010-04-20,8
2010-04-21,8
2010-04-22,11
2010-04-23,11
2010-04-24,11
2010-04-25,11
2010-04-26,11
2010-04-27,11
2010-04-28,11
2010-04-29,11
2010-04-30,11
2010-05-01,11
2010-05-02,11
2010-05-03,11
2010-05-04,11
2010-05-05,13
2010-05-06,13
2010-05-07,13
2010-05-08,13
2010-05-09,13
2010-05-10,13
2010-05-11,13
2010-05-12,13
2010-05-13,13
2010-05-14,13
2010-05-15,13
2010-05-16,13
2010-05-17,13
2010-05-18,13
2010-05-19,13
2010-05-20,12
2010-05-21,12
2010-05-22,12
2010-05-23,12
2010-05-24,12
2010-05-25,12
2010-05-26,12
2010-05-27,12
2010-05-28,12
2010-05-29,12
2010-05-30,17
2010-05-31,17
2010-06-01,17
2010-06-02,17
2010-06-03,17
2010-06-04,17
2010-06-05,17
2010-06-06,17
2010-06-07,17
2010-06-08,17
2010-06-09,17
2010-06-10,17
2010-06-11,17
2010-06-12,17
2010-06-13,17
2010-06-14,17
2010-06-15,17
2010-06-16,17
2010-06-17,17
2010-06-18,17
2010-06-19,17
2010-06-20,17
2010-06-21,17
2010-06-22,17
2010-06-23,17
2010-06-24,17
2010-06-25,19
2010-06-26,19
2010-06-27,19
2010-06-28,19
2010-06-29,19
2010-06-30,19
2010-07-01,19
2010-07-02,19
2010-07-03,19
2010-07-04,19
2010-07-05,19
2010-07-06,19
2010-07-07,24
2010-07-08,24
2010-07-09,24
2010-07-10,24
2010-07-11,24
2010-07-12,24
2010-07-13,24
2010-07-14,45
2010-07-15,45
2010-07-16,45
2010-07-17,182
2010-07-18,182
2010-07-19,182
2010-07-20,182
2010-07-21,182
2010-07-22,182
2010-07-23,182
2010-07-24,182
2010-07-25,182
2010-07-26,182
2010-07-27,182
2010-07-28,244
2010-07-29,244
2010-07-30,244
2010-07-31,244
2010-08-01,244
2010-08-02,244
2010-08-03,244
2010-08-04,244
2010-08-05,244
2010-08-06,352
2010-08-07,352
2010-08-08,352
2010-08-09,352
2010-08-10,352
2010-08-11,352
2010-08-12,352
2010-08-13,352
2010-08-14,352
2010-08-15,352
2010-08-16,512
2010-08-17,512
2010-08-18,512
2010-08-19,512
2010-08-20,512
2010-08-21,512
2010-08-22,512
2010-08-23,512
2010-08-24,512
2010-08-25,512
2010-08-26,512
2010-08-27,623
2010-08-28,623
2010-08-29,623
2010-08-30,623
2010-08-31,623
2010-09-01,623
2010-09-02,623
2010-09-03,623
2010-09-04,623
2010-09-05,623
2010-09-06,623
2010-09-07,623
2010-09-08,623
2010-09-09,713
2010-09-10,713
2010-09-11,713
2010-09-12,713
2010-09-13,713
2010-09-14,713
2010-09-15,713
2010-09-16,713
2010-09-17,713
2010-09-18,713
2010-09-19,713
2010-09-20,918
2010-09-21,918
2010-09-22,918
2010-09-23,918
2010-09-24,918
2010-09-25,918
2010-09-26,918
2010-09-27,918
2010-09-28,918
2010-09-29,1319
2010-09-30,1319
2010-10-01,1319
2010-10-02,1319
2010-10-03,1319
2010-10-04,1319
2010-10-05,1319
2010-10-06,1319
2010-10-07,1319
2010-10-08,1319
2010-10-09,1319
2010-10-10,1319
2010-10-11,1319
2010-10-12,1319
2010-10-13,1378
2010-10-14,1378
2010-10-15,1378
2010-10-16,1378
2010-10-17,1378
2010-10-18,1378
2010-10-19,1378
2010-10-20,1378
2010-10-21,1378
2010-10-22,2149
2010-10-23,2149
2010-10-24,2149
2010-10-25,2149
2010-10-26,2149
2010-10-27,2149
2010-10-28,2149
2010-10-29,2149
2010-10-30,2149
2010-10-31,3092
2010-11-01,3092
2010-11-02,3092
2010-11-03,3092
2010-11-04,3092
2010-11-05,3092
2010-11-06,3092
2010-11-07,3092
2010-11-08,3092
2010-11-09,3092
2010-11-10,4536
2010-11-11,4536
2010-11-12,4536
2010-11-13,4536
2010-11-14,4536
2010-11-15,4536
2010-11-16,4536
2010-11-17,4536
2010-11-18,4536
2010-11-19,6867
2010-11-20,6867
2010-11-21,6867
2010-11-22,6867
2010-11-23,6867
2010-11-24,6867
2010-11-25,6867
2010-11-26,6867
2010-11-27,6867
2010-11-28,6867
2010-11-29,6867
2010-11-30,6867
2010-12-01,8078
2010-12-02,8078
2010-12-03,8078
2010-12-04,8078
2010-12-05,8078
2010-12-06,8078
2010-12-07,8078
2010-12-08,8078
2010-12-09,8078
2010-12-10,12252
2010-12-11,12252
2010-12-12,12252
2010-12-13,12252
2010-12-14,12252
2010-12-15,12252
2010-12-16,12252
2010-12-17,12252
2010-12-18,12252
2010-12-19,12252
2010-12-20,12252
2010-12-21,12252
2010-12-22,14484
2010-12-23,14484
2010-12-24,14484
2010-12-25,14484
2010-12-26,14484
2010-12-27,14484
2010-12-28,14484
2010-12-29,14484
2010-12-30,14484
2010-12-31,14484
2011-01-01,14484
2011-01-02,14484
2011-01-03,14484
2011-01-04,16307
2011-01-05,16307
2011-01-06,16307
2011-01-07,16307
2011-01-08,16307
2011-01-09,16307
2011-01-10,16307
2011-01-11,16307
2011-01-12,16307
2011-01-13,16307
2011-01-14,16307
2011-01-15,16307
2011-01-16,18438
2011-01-17,18438
2011-01-18,18438
2011-01-19,18438
2011-01-20,18438
2011-01-21,18438
2011-01-22,18438
2011-01-23,18438
2011-01-24,18438
2011-01-25,18438
2011-01-26,18438
2011-01-27,18438
2011-01-28,22012
2011-01-29,22012
2011-01-30,22012
2011-01-31,22012
2011-02-01,22012
2011-02-02,22012
2011-02-03,22012
2011-02-04,22012
2011-02-05,22012
2011-02-06,22012
2011-02-07,22012
2011-02-08,22012
2011-02-09,25998
2011-02-10,25998
2011-02-11,25998
2011-02-12,25998
2011-02-13,25998
2011-02-14,25998
2011-02-15,25998
2011-02-16,25998
2011-02-17,25998
2011-02-18,25998
2011-02-19,36460
2011-02-20,36460
2011-02-21,36460
2011-02-22,36460
2011-02-23,36460
2011-02-24,36460
2011-02-25,36460
2011-02-26,36460
2011-02-27,36460
2011-02-28,55590
2011-03-01,55590
2011-03-02,55590
2011-03-03,55590
2011-03-04,55590
2011-03-05,55590
2011-03-06,55590
2011-03-07,55590
2011-03-08,55590
2011-03-09,55590
2011-03-10,76193
2011-03-11,76193
2011-03-12,76193
2011-03-13,76193
2011-03-14,76193
2011-03-15,76193
2011-03-16,76193
2011-03-17,76193
2011-03-18,76193
2011-03-19,76193
2011-03-20,76193
2011-03-21,76193
2011-03-22,76193
2011-03-23,76193
2011-03-24,76193
2011-03-25,76193
2011-03-26,68978
2011-03-27,68978
2011-03-28,68978
2011-03-29,68978
2011-03-30,68978
2011-03-31,68978
2011-04-01,68978
2011-04-02,68978
2011-04-03,68978
2011-04-04,68978
2011-04-05,68978
2011-04-06,82346
2011-04-07,82346
2011-04-08,82346
2011-04-09,82346
2011-04-10,82346
2011-04-11,82346
2011-04-12,82346
2011-04-13,82346
2011-04-14,82346
2011-04-15,82346
2011-04-16,82346
2011-04-17,82346
2011-04-18,82346
2011-04-19,92348
2011-04-20,92348
2011-04-21,92348
2011-04-22,92348
2011-04-23,92348
2011-04-24,92348
2011-04-25,92348
2011-04-26,92348
2011-04-27,92348
2011-04-28,92348
2011-04-29,92348
2011-04-30,92348
2011-05-01,109670
2011-05-02,109670
2011-05-03,109670
2011-05-04,109670
2011-05-05,109670
2011-05-06,109670
2011-05-07,109670
2011-05-08,109670
2011-05-09,109670
2011-05-10,157416
2011-05-11,157416
2011-05-12,157416
2011-05-13,157416
2011-05-14,157416
2011-05-15,157416
2011-05-16,157416
2011-05-17,157416
2011-05-18,157416
2011-05-19,244112
2011-05-20,244112
2011-05-21,244112
2011-05-22,244112
2011-05-23,244112
2011-05-24,244112
2011-05-25,244112
2011-05-26,244112
2011-05-27,434877
2011-05-28,434877
2011-05-29,434877
2011-05-30,434877
2011-05-31,434877
2011-06-01,434877
2011-06-02,434877
2011-06-03,434877
2011-06-04,434877
2011-06-05,434877
2011-06-06,434877
2011-06-07,567270
2011-06-08,567270
2011-06-09,567270
2011-06-10,567270
2011-06-11,567270
2011-06-12,567270
2011-06-13,567270
2011-06-14,567270
2011-06-15,567270
2011-06-16,876954
2011-06-17,876954
2011-06-18,876954
2011-06-19,876954
2011-06-20,876954
2011-06-21,876954
2011-06-22,876954
2011-06-23,876954
2011-06-24,876954
2011-06-25,1379192
2011-06-26,1379192
2011-06-27,1379192
2011-06-28,1379192
2011-06-29,1379192
2011-06-30,1379192
2011-07-01,1379192
2011-07-02,1379192
2011-07-03,1379192
2011-07-04,1379192
2011-07-05,1379192
2011-07-06,1379192
2011-07-07,1563028
2011-07-08,1563028
2011-07-09,1563028
2011-07-10,1563028
2011-07-11,1563028
2011-07-12,1563028
2011-07-13,1563028
2011-07-14,1563028
2011-07-15,1563028
2011-07-16,1563028
2011-07-17,1563028
2011-07-18,1563028
2011-07-19,1563028
2011-07-20,1690896
2011-07-21,1690896
2011-07-22,1690896
2011-07-23,1690896
2011-07-24,1690896
2011-07-25,1690896
2011-07-26,1690896
2011-07-27,1690896
2011-07-28,1690896
2011-07-29,1690896
2011-07-30,1690896
2011-07-31,1690896
2011-08-01,1690896
2011-08-02,1888787
2011-08-03,1888787
2011-08-04,1888787
2011-08-05,1888787
2011-08-06,1888787
2011-08-07,1888787
2011-08-08,1888787
2011-08-09,1888787
2011-08-10,1888787
2011-08-11,1888787
2011-08-12,1888787
2011-08-13,1888787
2011-08-14,1888787
2011-08-15,1888787
2011-08-16,1805701
2011-08-17,1805701
2011-08-18,1805701
2011-08-19,1805701
2011-08-20,1805701
2011-08-21,1805701
2011-08-22,1805701
2011-08-23,1805701
2011-08-24,1805701
2011-08-25,1805701
2011-08-26,1805701
2011-08-27,1805701
2011-08-28,1805701
2011-08-29,1805701
2011-08-30,1805701
2011-08-31,1777774
2011-09-01,1777774
2011-09-02,1777774
2011-09-03,1777774
2011-09-04,1777774
2011-09-05,1777774
2011-09-06,1777774
2011-09-07,1777774
2011-09-08,1777774
2011-09-09,1777774
2011-09-10,1777774
2011-09-11,1777774
2011-09-12,1777774
2011-09-13,1777774
2011-09-14,1755425
2011-09-15,1755425
2011-09-16,1755425
2011-09-17,1755425
2011-09-18,1755425
2011-09-19,1755425
2011-09-20,1755425
2011-09-21,1755425
2011-09-22,1755425
2011-09-23,1755425
2011-09-24,1755425
2011-09-25,1755425
2011-09-26,1755425
2011-09-27,1755425
2011-09-28,1689334
2011-09-29,1689334
2011-09-30,1689334
2011-10-01,1689334
2011-10-02,1689334
2011-10-03,1689334
2011-10-04,1689334
2011-10-05,1689334
2011-10-06,1689334
2011-10-07,1689334
2011-10-08,1689334
2011-10-09,1689334
2011-10-10,1689334
2011-10-11,1689334
2011-10-12,1689334
2011-10-13,1689334
2011-10-14,1689334
2011-10-15,1468195
2011-10-16,1468195
2011-10-17,1468195
2011-10-18,1468195
2011-10-19,1468195
2011-10-20,1468195
2011-10-21,1468195
2011-10-22,1468195
2011-10-23,1468195
2011-10-24,1468195
2011-10-25,1468195
2011-10-26,1468195
2011-10-27,1468195
2011-10-28,1468195
2011-10-29,1468195
2011-10-30,1468195
2011-10-31,1468195
2011-11-01,1203462
2011-11-02,1203462
2011-11-03,1203462
2011-11-04,1203462
2011-11-05,1203462
2011-11-06,1203462
2011-11-07,1203462
2011-11-08,1203462
2011-11-09,1203462
2011-11-10,1203462
2011-11-11,1203462
2011-11-12,1203462
2011-11-13,1203462
2011-11-14,1203462
2011-11-15,1192498
2011-11-16,1192498
2011-11-17,1192498
2011-11-18,1192498
2011-11-19,1192498
2011-11-20,1192498
2011-11-21,1192498
2011-11-22,1192498
2011-11-23,1192498
2011-11-24,1192498
2011-11-25,1192498
2011-11-26,1192498
2011-11-27,1192498
2011-11-28,1192498
2011-11-29,1192498
2011-11-30,1090716
2011-12-01,1090716
2011-12-02,1090716
2011-12-03,1090716
2011-12-04,1090716
2011-12-05,1090716
2011-12-06,1090716
2011-12-07,1090716
2011-12-08,1090716
2011-12-09,1090716
2011-12-10,1090716
2011-12-11,1090716
2011-12-12,1090716
2011-12-13,1155038
2011-12-14,1155038
2011-12-15,1155038
2011-12-16,1155038
2011-12-17,1155038
2011-12-18,1155038
2011-12-19,1155038
2011-12-20,1155038
2011-12-21,1155038
2011-12-22,1155038
2011-12-23,1155038
2011-12-24,1155038
2011-12-25,1155038
2011-12-26,1155038
2011-12-27,1159929
2011-12-28,1159929
2011-12-29,1159929
2011-12-30,1159929
2011-12-31,1159929
2012-01-01,1159929
2012-01-02,1159929
2012-01-03,1159929
2012-01-04,1159929
2012-01-05,1159929
2012-01-06,1159929
2012-01-07,1159929
2012-01-08,1159929
2012-01-09,1250758
2012-01-10,1250758
2012-01-11,1250758
2012-01-12,1250758
2012-01-13,1250758
2012-01-14,1250758
2012-01-15,1250758
2012-01-16,1250758
2012-01-17,1250758
2012-01-18,1250758
2012-01-19,1250758
2012-01-20,1250758
2012-01-21,1250758
2012-01-22,1250758
2012-01-23,1307728
2012-01-24,1307728
2012-01-25,1307728
2012-01-26,1307728
2012-01-27,1307728
2012-01-28,1307728
2012-01-29,1307728
2012-01-30,1307728
2012-01-31,1307728
2012-02-01,1307728
2012-02-02,1307728
2012-02-03,1307728
2012-02-04,1307728
2012-02-05,1379647
2012-02-06,1379647
2012-02-07,1379647
2012-02-08,1379647
2012-02-09,1379647
2012-02-10,1379647
2012-02-11,1379647
2012-02-12,1379647
2012-02-13,1379647
2012-02-14,1379647
2012-02-15,1379647
2012-02-16,1379647
2012-02-17,1379647
2012-02-18,1379647
2012-02-19,1376302
2012-02-20,1376302
2012-02-21,1376302
2012-02-22,1376302
2012-02-23,1376302
2012-02-24,1376302
2012-02-25,1376302
2012-02-26,1376302
2012-02-27,1376302
2012-02-28,1376302
2012-02-29,1376302
2012-03-01,1376302
2012-03-02,1376302
2012-03-03,1496979
2012-03-04,1496979
2012-03-05,1496979
2012-03-06,1496979
2012-03-07,1496979
2012-03-08,1496979
2012-03-09,1496979
2012-03-10,1496979
2012-03-11,1496979
2012-03-12,1496979
2012-03-13,1496979
2012-03-14,1496979
2012-03-15,1496979
2012-03-16,1496979
2012-03-17,1498294
2012-03-18,1498294
2012-03-19,1498294
2012-03-20,1498294
2012-03-21,1498294
2012-03-22,1498294
2012-03-23,1498294
2012-03-24,1498294
2012-03-25,1498294
2012-03-26,1498294
2012-03-27,1498294
2012-03-28,1498294
2012-03-29,1498294
2012-03-30,1626553
2012-03-31,1626553
2012-04-01,1626553
2012-04-02,1626553
2012-04-03,1626553
2012-04-04,1626553
2012-04-05,1626553
2012-04-06,1626553
2012-04-07,1626553
2012-04-08,1626553
2012-04-09,1626553
2012-04-10,1626553
2012-04-11,1626553
2012-04-12,1626553
2012-04-13,1577913
2012-04-14,1577913
2012-04-15,1577913
2012-04-16,1577913
2012-04-17,1577913
2012-04-18,1577913
2012-04-19,1577913
2012-04-20,1577913
2012-04-21,1577913
2012-04-22,1577913
2012-04-23,1577913
2012-04-24,1577913
2012-04-25,1577913
2012-04-26,1577913
2012-04-27,1577913
2012-04-28,1508590
2012-04-29,1508590
2012-04-30,1508590
2012-05-01,1508590
2012-05-02,1508590
2012-05-03,1508590
2012-05-04,1508590
2012-05-05,1508590
2012-05-06,1508590
2012-05-07,1508590
2012-05-08,1508590
2012-05-09,1508590
2012-05-10,1733208
2012-05-11,1733208
2012-05-12,1733208
2012-05-13,1733208
2012-05-14,1733208
2012-05-15,1733208
2012-05-16,1733208
2012-05-17,1733208
2012-05-18,1733208
2012-05-19,1733208
2012-05-20,1733208
2012-05-21,1733208
2012-05-22,1733208
2012-05-23,1733208
2012-05-24,1733208
2012-05-25,1591075
2012-05-26,1591075
2012-05-27,1591075
2012-05-28,1591075
2012-05-29,1591075
2012-05-30,1591075
2012-05-31,1591075
2012-06-01,1591075
2012-06-02,1591075
2012-06-03,1591075
2012-06-04,1591075
2012-06-05,1591075
2012-06-06,1591075
2012-06-07,1591075
2012-06-08,1583178
2012-06-09,1583178
2012-06-10,1583178
2012-06-11,1583178
2012-06-12,1583178
2012-06-13,1583178
2012-06-14,1583178
2012-06-15,1583178
2012-06-16,1583178
2012-06-17,1583178
2012-06-18,1583178
2012-06-19,1583178
2012-06-20,1583178
2012-06-21,1726567
2012-06-22,1726567
2012-06-23,1726567
2012-06-24,1726567
2012-06-25,1726567
2012-06-26,1726567
2012-06-27,1726567
2012-06-28,1726567
2012-06-29,1726567
2012-06-30,1726567
2012-07-01,1726567
2012-07-02,1726567
2012-07-03,1726567
2012-07-04,1726567
2012-07-05,1751455
2012-07-06,1751455
2012-07-07,1751455
2012-07-08,1751455
2012-07-09,1751455
2012-07-10,1751455
2012-07-11,1751455
2012-07-12,1751455
2012-07-13,1751455
2012-07-14,1751455
2012-07-15,1751455
2012-07-16,1751455
2012-07-17,1751455
2012-07-18,1866391
2012-07-19,1866391
2012-07-20,1866391
2012-07-21,1866391
2012-07-22,1866391
2012-07-23,1866391
2012-07-24,1866391
2012-07-25,1866391
2012-07-26,1866391
2012-07-27,1866391
2012-07-28,1866391
2012-07-29,1866391
2012-07-30,1866391
2012-07-31,2036671
2012-08-01,2036671
2012-08-02,2036671
2012-08-03,2036671
2012-08-04,2036671
2012-08-05,2036671
2012-08-06,2036671
2012-08-07,2036671
2012-08-08,2036671
2012-08-09,2036671
2012-08-10,2036671
2012-08-11,2036671
2012-08-12,2036671
2012-08-13,2190866
2012-08-14,2190866
2012-08-15,2190866
2012-08-16,2190866
2012-08-17,2190866
2012-08-18,2190866
2012-08-19,2190866
2012-08-20,2190866
2012-08-21,2190866
2012-08-22,2190866
2012-08-23,2190866
2012-08-24,2190866
2012-08-25,2190866
2012-08-26,2440643
2012-08-27,2440643
2012-08-28,2440643
2012-08-29,2440643
2012-08-30,2440643
2012-08-31,2440643
2012-09-01,2440643
2012-09-02,2440643
2012-09-03,2440643
2012-09-04,2440643
2012-09-05,2440643
2012-09-06,2440643
2012-09-07,2694048
2012-09-08,2694048
2012-09-09,2694048
2012-09-10,2694048
2012-09-11,2694048
2012-09-12,2694048
2012-09-13,2694048
2012-09-14,2694048
2012-09-15,2694048
2012-09-16,2694048
2012-09-17,2694048
2012-09-18,2694048
2012-09-19,2694048
2012-09-20,2864141
2012-09-21,2864141
2012-09-22,2864141
2012-09-23,2864141
2012-09-24,2864141
2012-09-25,2864141
2012-09-26,2864141
2012-09-27,2864141
2012-09-28,2864141
2012-09-29,2864141
2012-09-30,2864141
2012-10-01,2864141
2012-10-02,2864141
2012-10-03,2864141
2012-10-04,3054628
2012-10-05,3054628
2012-10-06,3054628
2012-10-07,3054628
2012-10-08,3054628
2012-10-09,3054628
2012-10-10,3054628
2012-10-11,3054628
2012-10-12,3054628
2012-10-13,3054628
2012-10-14,3054628
2012-10-15,3054628
2012-10-16,3054628
2012-10-17,3072322
2012-10-18,3072322
2012-10-19,3072322
2012-10-20,3072322
2012-10-21,3072322
2012-10-22,3072322
2012-10-23,3072322
2012-10-24,3072322
2012-10-25,3072322
2012-10-26,3072322
2012-10-27,3072322
2012-10-28,3072322
2012-10-29,3072322
2012-10-30,3304356
2012-10-31,3304356
2012-11-01,3304356
2012-11-02,3304356
2012-11-03,3304356
2012-11-04,3304356
2012-11-05,3304356
2012-11-06,3304356
2012-11-07,3304356
2012-11-08,3304356
2012-11-09,3304356
2012-11-10,3304356
2012-11-11,3304356
2012-11-12,3304356
2012-11-13,3368767
2012-11-14,3368767
2012-11-15,3368767
2012-11-16,3368767
2012-11-17,3368767
2012-11-18,3368767
2012-11-19,3368767
2012-11-20,3368767
2012-11-21,3368767
2012-11-22,3368767
2012-11-23,3368767
2012-11-24,3368767
2012-11-25,3368767
2012-11-26,3368767
2012-11-27,3438909
2012-11-28,3438909
2012-11-29,3438909
2012-11-30,3438909
2012-12-01,3438909
2012-12-02,3438909
2012-12-03,3438909
2012-12-04,3438909
2012-12-05,3438909
2012-12-06,3438909
2012-12-07,3438909
2012-12-08,3438909
2012-12-09,3438909
2012-12-10,3438909
2012-12-11,3370182
2012-12-12,3370182
2012-12-13,3370182
2012-12-14,3370182
2012-12-15,3370182
2012-12-16,3370182
2012-12-17,3370182
2012-12-18,3370182
2012-12-19,3370182
2012-12-20,3370182
2012-12-21,3370182
2012-12-22,3370182
2012-12-23,3370182
2012-12-24,3370182
2012-12-25,3370182
2012-12-26,3370182
2012-12-27,2979637
2012-12-28,2979637
2012-12-29,2979637
2012-12-30,2979637
2012-12-31,2979637
2013-01-01,2979637
2013-01-02,2979637
2013-01-03,2979637
2013-01-04,2979637
2013-01-05,2979637
2013-01-06,2979637
2013-01-07,2979637
2013-01-08,2979637
2013-01-09,3249550
2013-01-10,3249550
2013-01-11,3249550
2013-01-12,3249550
2013-01-13,3249550
2013-01-14,3249550
2013-01-15,3249550
2013-01-16,3249550
2013-01-17,3249550
2013-01-18,3249550
2013-01-19,3249550
2013-01-20,3249550
2013-01-21,3249550
2013-01-22,3249550
2013-01-23,3249550
2013-01-24,2968775
2013-01-25,2968775
2013-01-26,2968775
2013-01-27,2968775
2013-01-28,2968775
2013-01-29,2968775
2013-01-30,2968775
2013-01-31,2968775
2013-02-01,2968775
2013-02-02,2968775
2013-02-03,2968775
2013-02-04,2968775
2013-02-05,2968775
2013-02-06,3275465
2013-02-07,3275465
2013-02-08,3275465
2013-02-09,3275465
2013-02-10,3275465
2013-02-11,3275465
2013-02-12,3275465
2013-02-13,3275465
2013-02-14,3275465
2013-02-15,3275465
2013-02-16,3275465
2013-02-17,3275465
2013-02-18,3275465
2013-02-19,3651012
2013-02-20,3651012
2013-02-21,3651012
2013-02-22,3651012
2013-02-23,3651012
2013-02-24,3651012
2013-02-25,3651012
2013-02-26,3651012
2013-02-27,3651012
2013-02-28,3651012
2013-03-01,3651012
2013-03-02,4367876
2013-03-03,4367876
2013-03-04,4367876
2013-03-05,4367876
2013-03-06,4367876
2013-03-07,4367876
2013-03-08,4367876
2013-03-09,4367876
2013-03-10,4367876
2013-03-11,4367876
2013-03-12,4367876
2013-03-13,4367876
2013-03-14,4367876
2013-03-15,4847647
2013-03-16,4847647
2013-03-17,4847647
2013-03-18,4847647
2013-03-19,4847647
2013-03-20,4847647
2013-03-21,4847647
2013-03-22,4847647
2013-03-23,4847647
2013-03-24,4847647
2013-03-25,6695826
2013-03-26,6695826
2013-03-27,6695826
2013-03-28,6695826
2013-03-29,6695826
2013-03-30,6695826
2013-03-31,6695826
2013-04-01,6695826
2013-04-02,6695826
2013-04-03,6695826
2013-04-04,6695826
2013-04-05,6695826
2013-04-06,7673000
2013-04-07,7673000
2013-04-08,7673000
2013-04-09,7673000
2013-04-10,7673000
2013-04-11,7673000
2013-04-12,7673000
2013-04-13,7673000
2013-04-14,7673000
2013-04-15,7673000
2013-04-16,7673000
2013-04-17,7673000
2013-04-18,8974296
2013-04-19,8974296
2013-04-20,8974296
2013-04-21,8974296
2013-04-22,8974296
2013-04-23,8974296
2013-04-24,8974296
2013-04-25,8974296
2013-04-26,8974296
2013-04-27,8974296
2013-04-28,8974296
2013-04-29,8974296
2013-04-30,8974296
2013-05-01,10076293
2013-05-02,10076293
2013-05-03,10076293
2013-05-04,10076293
2013-05-05,10076293
2013-05-06,10076293
2013-05-07,10076293
2013-05-08,10076293
2013-05-09,10076293
2013-05-10,10076293
2013-05-11,10076293
2013-05-12,10076293
2013-05-13,11187257
2013-05-14,11187257
2013-05-15,11187257
2013-05-16,11187257
2013-05-17,11187257
2013-05-18,11187257
2013-05-19,11187257
2013-05-20,11187257
2013-05-21,11187257
2013-05-22,11187257
2013-05-23,11187257
2013-05-24,11187257
2013-05-25,11187257
2013-05-26,12153412
2013-05-27,12153412
2013-05-28,12153412
2013-05-29,12153412
2013-05-30,12153412
2013-05-31,12153412
2013-06-01,12153412
2013-06-02,12153412
2013-06-03,12153412
2013-06-04,12153412
2013-06-05,12153412
2013-06-06,15605633
2013-06-07,15605633
2013-06-08,15605633
2013-06-09,15605633
2013-06-10,15605633
2013-06-11,15605633
2013-06-12,15605633
2013-06-13,15605633
2013-06-14,15605633
2013-06-15,15605633
2013-06-16,15605633
2013-06-17,19339258
2013-06-18,19339258
2013-06-19,19339258
2013-06-20,19339258
2013-06-21,19339258
2013-06-22,19339258
2013-06-23,19339258
2013-06-24,19339258
2013-06-25,19339258
2013-06-26,19339258
2013-06-27,19339258
2013-06-28,19339258
2013-06-29,19339258
2013-06-30,21335329
2013-07-01,21335329
2013-07-02,21335329
2013-07-03,21335329
2013-07-04,21335329
2013-07-05,21335329
2013-07-06,21335329
2013-07-07,21335329
2013-07-08,21335329
2013-07-09,21335329
2013-07-10,21335329
2013-07-11,26162876
2013-07-12,26162876
2013-07-13,26162876
2013-07-14,26162876
2013-07-15,26162876
2013-07-16,26162876
2013-07-17,26162876
2013-07-18,26162876
2013-07-19,26162876
2013-07-20,26162876
2013-07-21,26162876
2013-07-22,26162876
2013-07-23,31256961
2013-07-24,31256961
2013-07-25,31256961
2013-07-26,31256961
2013-07-27,31256961
2013-07-28,31256961
2013-07-29,31256961
2013-07-30,31256961
2013-07-31,31256961
2013-08-01,31256961
2013-08-02,31256961
2013-08-03,31256961
2013-08-04,37392766
2013-08-05,37392766
2013-08-06,37392766
2013-08-07,37392766
2013-08-08,37392766
2013-08-09,37392766
2013-08-10,37392766
2013-08-11,37392766
2013-08-12,37392766
2013-08-13,37392766
2013-08-14,50810339
2013-08-15,50810339
2013-08-16,50810339
2013-08-17,50810339
2013-08-18,50810339
2013-08-19,50810339
2013-08-20,50810339
2013-08-21,50810339
2013-08-22,50810339
2013-08-23,50810339
2013-08-24,50810339
2013-08-25,65750060
2013-08-26,65750060
2013-08-27,65750060
2013-08-28,65750060
2013-08-29,65750060
2013-08-30,65750060
2013-08-31,65750060
2013-09-01,65750060
2013-09-02,65750060
2013-09-03,65750060
2013-09-04,65750060
2013-09-05,86933018
2013-09-06,86933018
2013-09-07,86933018
2013-09-08,86933018
2013-09-09,86933018
2013-09-10,86933018
2013-09-11,86933018
2013-09-12,86933018
2013-09-13,86933018
2013-09-14,86933018
2013-09-15,112628549
2013-09-16,112628549
2013-09-17,112628549
2013-09-18,112628549
2013-09-19,112628549
2013-09-20,112628549
2013-09-21,112628549
2013-09-22,112628549
2013-09-23,112628549
2013-09-24,112628549
2013-09-25,112628549
2013-09-26,148819200
2013-09-27,148819200
2013-09-28,148819200
2013-09-29,148819200
2013-09-30,148819200
2013-10-01,148819200
2013-10-02,148819200
2013-10-03,148819200
2013-10-04,148819200
2013-10-05,148819200
2013-10-06,148819200
2013-10-07,189281249
2013-10-08,189281249
2013-10-09,189281249
2013-10-10,189281249
2013-10-11,189281249
2013-10-12,189281249
2013-10-13,189281249
2013-10-14,189281249
2013-10-15,189281249
2013-10-16,189281249
2013-10-17,267731249
2013-10-18,267731249
2013-10-19,267731249
2013-10-20,267731249
2013-10-21,267731249
2013-10-22,267731249
2013-10-23,267731249
2013-10-24,267731249
2013-10-25,267731249
2013-10-26,267731249
2013-10-27,390928788
2013-10-28,390928788
2013-10-29,390928788
2013-10-30,390928788
2013-10-31,390928788
2013-11-01,390928788
2013-11-02,390928788
2013-11-03,390928788
2013-11-04,390928788
2013-11-05,390928788
2013-11-06,510929738
2013-11-07,510929738
2013-11-08,510929738
2013-11-09,510929738
2013-11-10,510929738
2013-11-11,510929738
2013-11-12,510929738
2013-11-13,510929738
2013-11-14,510929738
2013-11-15,510929738
2013-11-16,510929738
2013-11-17,510929738
2013-11-18,609482680
2013-11-19,609482680
2013-11-20,609482680
2013-11-21,609482680
2013-11-22,609482680
2013-11-23,609482680
2013-11-24,609482680
2013-11-25,609482680
2013-11-26,609482680
2013-11-27,609482680
2013-11-28,609482680
2013-11-29,609482680
2013-11-30,707408283
2013-12-01,707408283
2013-12-02,707408283
2013-12-03,707408283
2013-12-04,707408283
2013-12-05,707408283
2013-12-06,707408283
2013-12-07,707408283
2013-12-08,707408283
2013-12-09,707408283
2013-12-10,707408283
2013-12-11,908350862
2013-12-12,908350862
2013-12-13,908350862
2013-12-14,908350862
2013-12-15,908350862
2013-12-16,908350862
2013-12-17,908350862
2013-12-18,908350862
2013-12-19,908350862
2013-12-20,908350862
2013-12-21,908350862
2013-12-22,1180923195
2013-12-23,1180923195
2013-12-24,1180923195
2013-12-25,1180923195
2013-12-26,1180923195
2013-12-27,1180923195
2013-12-28,1180923195
2013-12-29,1180923195
2013-12-30,1180923195
2013-12-31,1180923195
2014-01-01,1180923195
2014-01-02,1180923195
2014-01-03,1418481395
2014-01-04,1418481395
2014-01-05,1418481395
2014-01-06,1418481395
2014-01-07,1418481395
2014-01-08,1418481395
2014-01-09,1418481395
2014-01-10,1418481395
2014-01-11,1418481395
2014-01-12,1418481395
2014-01-13,1418481395
2014-01-14,1789546951
2014-01-15,1789546951
2014-01-16,1789546951
2014-01-17,1789546951
2014-01-18,1789546951
2014-01-19,1789546951
2014-01-20,1789546951
2014-01-21,1789546951
2014-01-22,1789546951
2014-01-23,1789546951
2014-01-24,1789546951
2014-01-25,2193847870
2014-01-26,2193847870
2014-01-27,2193847870
2014-01-28,2193847870
2014-01-29,2193847870
2014-01-30,2193847870
2014-01-31,2193847870
2014-02-01,2193847870
2014-02-02,2193847870
2014-02-03,2193847870
2014-02-04,2193847870
2014-02-05,2193847870
2014-02-06,2621404453
2014-02-07,2621404453
2014-02-08,2621404453
2014-02-09,2621404453
2014-02-10,2621404453
2014-02-11,2621404453
2014-02-12,2621404453
2014-02-13,2621404453
2014-02-14,2621404453
2014-02-15,2621404453
2014-02-16,2621404453
2014-02-17,3129573175
2014-02-18,3129573175
2014-02-19,3129573175
2014-02-20,3129573175
2014-02-21,3129573175
2014-02-22,3129573175
2014-02-23,3129573175
2014-02-24,3129573175
2014-02-25,3129573175
2014-02-26,3129573175
2014-02-27,3129573175
2014-02-28,3129573175
2014-03-01,3815723799
2014-03-02,3815723799
2014-03-03,3815723799
2014-03-04,3815723799
2014-03-05,3815723799
2014-03-06,3815723799
2014-03-07,3815723799
2014-03-08,3815723799
2014-03-09,3815723799
2014-03-10,3815723799
2014-03-11,3815723799
2014-03-12,3815723799
2014-03-13,3815723799
2014-03-14,4250217920
2014-03-15,4250217920
2014-03-16,4250217920
2014-03-17,4250217920
2014-03-18,4250217920
2014-03-19,4250217920
2014-03-20,4250217920
2014-03-21,4250217920
2014-03-22,4250217920
2014-03-23,4250217920
2014-03-24,4250217920
2014-03-25,5006860589
2014-03-26,5006860589
2014-03-27,5006860589
2014-03-28,5006860589
2014-03-29,5006860589
2014-03-30,5006860589
2014-03-31,5006860589
2014-04-01,5006860589
2014-04-02,5006860589
2014-04-03,5006860589
2014-04-04,5006860589
2014-04-05,5006860589
2014-04-06,6119726089
2014-04-07,6119726089
2014-04-08,6119726089
2014-04-09,6119726089
2014-04-10,6119726089
2014-04-11,6119726089
2014-04-12,6119726089
2014-04-13,6119726089
2014-04-14,6119726089
2014-04-15,6119726089
2014-04-16,6119726089
2014-04-17,6119726089
2014-04-18,6978842650
2014-04-19,6978842650
2014-04-20,6978842650
2014-04-21,6978842650
2014-04-22,6978842650
2014-04-23,6978842650
2014-04-24,6978842650
2014-04-25,6978842650
2014-04-26,6978842650
2014-04-27,6978842650
2014-04-28,6978842650
2014-04-29,6978842650
2014-04-30,8000872136
2014-05-01,8000872136
2014-05-02,8000872136
2014-05-03,8000872136
2014-05-04,8000872136
2014-05-05,8000872136
2014-05-06,8000872136
2014-05-07,8000872136
2014-05-08,8000872136
2014-05-09,8000872136
2014-05-10,8000872136
2014-05-11,8000872136
2014-05-12,8000872136
2014-05-13,8853416309
2014-05-14,8853416309
2014-05-15,8853416309
2014-05-16,8853416309
2014-05-17,8853416309
2014-05-18,8853416309
2014-05-19,8853416309
2014-05-20,8853416309
2014-05-21,8853416309
2014-05-22,8853416309
2014-05-23,8853416309
2014-05-24,8853416309
2014-05-25,10455720138
2014-05-26,10455720138
2014-05-27,10455720138
2014-05-28,10455720138
2014-05-29,10455720138
2014-05-30,10455720138
2014-05-31,10455720138
2014-06-01,10455720138
2014-06-02,10455720138
2014-06-03,10455720138
2014-06-04,10455720138
2014-06-05,10455720138
2014-06-06,11756551917
2014-06-07,11756551917
2014-06-08,11756551917
2014-06-09,11756551917
2014-06-10,11756551917
2014-06-11,11756551917
2014-06-12,11756551917
2014-06-13,11756551917
2014-06-14,11756551917
2014-06-15,11756551917
2014-06-16,11756551917
2014-06-17,11756551917
2014-06-18,11756551917
2014-06-19,13462580115
2014-06-20,13462580115
2014-06-21,13462580115
2014-06-22,13462580115
2014-06-23,13462580115
2014-06-24,13462580115
2014-06-25,13462580115
2014-06-26,13462580115
2014-06-27,13462580115
2014-06-28,13462580115
2014-06-29,13462580115
2014-06-30,16818461371
2014-07-01,16818461371
2014-07-02,16818461371
2014-07-03,16818461371
2014-07-04,16818461371
2014-07-05,16818461371
2014-07-06,16818461371
2014-07-07,16818461371
2014-07-08,16818461371
2014-07-09,16818461371
2014-07-10,16818461371
2014-07-11,16818461371
2014-07-12,16818461371
2014-07-13,17336316979
2014-07-14,17336316979
2014-07-15,17336316979
2014-07-16,17336316979
2014-07-17,17336316979
2014-07-18,17336316979
2014-07-19,17336316979
2014-07-20,17336316979
2014-07-21,17336316979
2014-07-22,17336316979
2014-07-23,17336316979
2014-07-24,17336316979
2014-07-25,17336316979
2014-07-26,18736441558
2014-07-27,18736441558
2014-07-28,18736441558
2014-07-29,18736441558
2014-07-30,18736441558
2014-07-31,18736441558
2014-08-01,18736441558
2014-08-02,18736441558
2014-08-03,18736441558
2014-08-04,18736441558
2014-08-05,18736441558
2014-08-06,18736441558
2014-08-07,18736441558
2014-08-08,18736441558
2014-08-09,19729645941
2014-08-10,19729645941
2014-08-11,19729645941
2014-08-12,19729645941
2014-08-13,19729645941
2014-08-14,19729645941
2014-08-15,19729645941
2014-08-16,19729645941
2014-08-17,19729645941
2014-08-18,19729645941
2014-08-19,19729645941
2014-08-20,23844670039
2014-08-21,23844670039
2014-08-22,23844670039
2014-08-23,23844670039
2014-08-24,23844670039
2014-08-25,23844670039
2014-08-26,23844670039
2014-08-27,23844670039
2014-08-28,23844670039
2014-08-29,23844670039
2014-08-30,23844670039
2014-08-31,23844670039
2014-09-01,27428630902
2014-09-02,27428630902
2014-09-03,27428630902
2014-09-04,27428630902
2014-09-05,27428630902
2014-09-06,27428630902
2014-09-07,27428630902
2014-09-08,27428630902
2014-09-09,27428630902
2014-09-10,27428630902
2014-09-11,27428630902
2014-09-12,27428630902
2014-09-13,27428630902
2014-09-14,29829733124
2014-09-15,29829733124
2014-09-16,29829733124
2014-09-17,29829733124
2014-09-18,29829733124
2014-09-19,29829733124
2014-09-20,29829733124
2014-09-21,29829733124
2014-09-22,29829733124
2014-09-23,29829733124
2014-09-24,29829733124
2014-09-25,29829733124
2014-09-26,34661425924
2014-09-27,34661425924
2014-09-28,34661425924
2014-09-29,34661425924
2014-09-30,34661425924
2014-10-01,34661425924
2014-10-02,34661425924
2014-10-03,34661425924
2014-10-04,34661425924
2014-10-05,34661425924
2014-10-06,34661425924
2014-10-07,34661425924
2014-10-08,34661425924
2014-10-09,34661425924
2014-10-10,35002482026
2014-10-11,35002482026
2014-10-12,35002482026
2014-10-13,35002482026
2014-10-14,35002482026
2014-10-15,35002482026
2014-10-16,35002482026
2014-10-17,35002482026
2014-10-18,35002482026
2014-10-19,35002482026
2014-10-20,35002482026
2014-10-21,35002482026
2014-10-22,35002482026
2014-10-23,35002482026
2014-10-24,35985640265
2014-10-25,35985640265
2014-10-26,35985640265
2014-10-27,35985640265
2014-10-28,35985640265
2014-10-29,35985640265
2014-10-30,35985640265
2014-10-31,35985640265
2014-11-01,35985640265
2014-11-02,35985640265
2014-11-03,35985640265
2014-11-04,35985640265
2014-11-05,35985640265
2014-11-06,39603666252
2014-11-07,39603666252
2014-11-08,39603666252
2014-11-09,39603666252
2014-11-10,39603666252
2014-11-11,39603666252
2014-11-12,39603666252
2014-11-13,39603666252
2014-11-14,39603666252
2014-11-15,39603666252
2014-11-16,39603666252
2014-11-17,39603666252
2014-11-18,39603666252
2014-11-19,40300030328
2014-11-20,40300030328
2014-11-21,40300030328
2014-11-22,40300030328
2014-11-23,40300030328
2014-11-24,40300030328
2014-11-25,40300030328
2014-11-26,40300030328
2014-11-27,40300030328
2014-11-28,40300030328
2014-11-29,40300030328
2014-11-30,40300030328
2014-12-01,40300030328
2014-12-02,40300030328
2014-12-03,40007470271
2014-12-04,40007470271
2014-12-05,40007470271
2014-12-06,40007470271
2014-12-07,40007470271
2014-12-08,40007470271
2014-12-09,40007470271
2014-12-10,40007470271
2014-12-11,40007470271
2014-12-12,40007470271
2014-12-13,40007470271
2014-12-14,40007470271
2014-12-15,40007470271
2014-12-16,40007470271
2014-12-17,40007470271
2014-12-18,39457671307
2014-12-19,39457671307
2014-12-20,39457671307
2014-12-21,39457671307
2014-12-22,39457671307
2014-12-23,39457671307
2014-12-24,39457671307
2014-12-25,39457671307
2014-12-26,39457671307
2014-12-27,39457671307
2014-12-28,39457671307
2014-12-29,39457671307
2014-12-30,39457671307
2014-12-31,40640955017
2015-01-01,40640955017
2015-01-02,40640955017
2015-01-03,40640955017
2015-01-04,40640955017
2015-01-05,40640955017
2015-01-06,40640955017
2015-01-07,40640955017
2015-01-08,40640955017
2015-01-09,40640955017
2015-01-10,40640955017
2015-01-11,40640955017
2015-01-12,40640955017
2015-01-13,43971662056
2015-01-14,43971662056
2015-01-15,43971662056
2015-01-16,43971662056
2015-01-17,43971662056
2015-01-18,43971662056
2015-01-19,43971662056
2015-01-20,43971662056
2015-01-21,43971662056
2015-01-22,43971662056
2015-01-23,43971662056
2015-01-24,43971662056
2015-01-25,43971662056
2015-01-26,43971662056
2015-01-27,43971662056
2015-01-28,41272873895
2015-01-29,41272873895
2015-01-30,41272873895
2015-01-31,41272873895
2015-02-01,41272873895
2015-02-02,41272873895
2015-02-03,41272873895
2015-02-04,41272873895
2015-02-05,41272873895
2015-02-06,41272873895
2015-02-07,41272873895
2015-02-08,41272873895
2015-02-09,41272873895
2015-02-10,44455415962
2015-02-11,44455415962
2015-02-12,44455415962
2015-02-13,44455415962
2015-02-14,44455415962
2015-02-15,44455415962
2015-02-16,44455415962
2015-02-17,44455415962
2015-02-18,44455415962
2015-02-19,44455415962
2015-02-20,44455415962
2015-02-21,44455415962
2015-02-22,44455415962
2015-02-23,46684376317
2015-02-24,46684376317
2015-02-25,46684376317
2015-02-26,46684376317
2015-02-27,46684376317
2015-02-28,46684376317
2015-03-01,46684376317
2015-03-02,46684376317
2015-03-03,46684376317
2015-03-04,46684376317
2015-03-05,46684376317
2015-03-06,46684376317
2015-03-07,46684376317
2015-03-08,46684376317
2015-03-09,47427554951
2015-03-10,47427554951
2015-03-11,47427554951
2015-03-12,47427554951
2015-03-13,47427554951
2015-03-14,47427554951
2015-03-15,47427554951
2015-03-16,47427554951
2015-03-17,47427554951
2015-03-18,47427554951
2015-03-19,47427554951
2015-03-20,47427554951
2015-03-21,47427554951
2015-03-22,47427554951
2015-03-23,46717549645
2015-03-24,46717549645
2015-03-25,46717549645
2015-03-26,46717549645
2015-03-27,46717549645
2015-03-28,46717549645
2015-03-29,46717549645
2015-03-30,46717549645
2015-03-31,46717549645
2015-04-01,46717549645
2015-04-02,46717549645
2015-04-03,46717549645
2015-04-04,46717549645
2015-04-05,46717549645
2015-04-06,49446390688
2015-04-07,49446390688
2015-04-08,49446390688
2015-04-09,49446390688
2015-04-10,49446390688
2015-04-11,49446390688
2015-04-12,49446390688
2015-04-13,49446390688
2015-04-14,49446390688
2015-04-15,49446390688
2015-04-16,49446390688
2015-04-17,49446390688
2015-04-18,49446390688
2015-04-19,49446390688
2015-04-20,47610564513
2015-04-21,47610564513
2015-04-22,47610564513
2015-04-23,47610564513
2015-04-24,47610564513
2015-04-25,47610564513
2015-04-26,47610564513
2015-04-27,47610564513
2015-04-28,47610564513
2015-04-29,47610564513
2015-04-30,47610564513
2015-05-01,47610564513
2015-05-02,47610564513
2015-05-03,47610564513
2015-05-04,47643398018
2015-05-05,47643398018
2015-05-06,47643398018
2015-05-07,47643398018
2015-05-08,47643398018
2015-05-09,47643398018
2015-05-10,47643398018
2015-05-11,47643398018
2015-05-12,47643398018
2015-05-13,47643398018
2015-05-14,47643398018
2015-05-15,47643398018
2015-05-16,47643398018
2015-05-17,47643398018
2015-05-18,48807487245
2015-05-19,48807487245
2015-05-20,48807487245
2015-05-21,48807487245
2015-05-22,48807487245
2015-05-23,48807487245
2015-05-24,48807487245
2015-05-25,48807487245
2015-05-26,48807487245
2015-05-27,48807487245
2015-05-28,48807487245
2015-05-29,48807487245
2015-05-30,48807487245
2015-05-31,48807487245
2015-06-01,47589591154
2015-06-02,47589591154
2015-06-03,47589591154
2015-06-04,47589591154
2015-06-05,47589591154
2015-06-06,47589591154
2015-06-07,47589591154
2015-06-08,47589591154
2015-06-09,47589591154
2015-06-10,47589591154
2015-06-11,47589591154
2015-06-12,47589591154
2015-06-13,47589591154
2015-06-14,47589591154
2015-06-15,49692386355
2015-06-16,49692386355
2015-06-17,49692386355
2015-06-18,49692386355
2015-06-19,49692386355
2015-06-20,49692386355
2015-06-21,49692386355
2015-06-22,49692386355
2015-06-23,49692386355
2015-06-24,49692386355
2015-06-25,49692386355
2015-06-26,49692386355
2015-06-27,49692386355
2015-06-28,49692386355
2015-06-29,49402014931
2015-06-30,49402014931
2015-07-01,49402014931
2015-07-02,49402014931
2015-07-03,49402014931
2015-07-04,49402014931
2015-07-05,49402014931
2015-07-06,49402014931
2015-07-07,49402014931
2015-07-08,49402014931
2015-07-09,49402014931
2015-07-10,49402014931
2015-07-11,49402014931
2015-07-12,51076366303
2015-07-13,51076366303
2015-07-14,51076366303
2015-07-15,51076366303
2015-07-16,51076366303
2015-07-17,51076366303
2015-07-18,51076366303
2015-07-19,51076366303
2015-07-20,51076366303
2015-07-21,51076366303
2015-07-22,51076366303
2015-07-23,51076366303
2015-07-24,51076366303
2015-07-25,51076366303
2015-07-26,52278304846
2015-07-27,52278304846
2015-07-28,52278304846
2015-07-29,52278304846
2015-07-30,52278304846
2015-07-31,52278304846
2015-08-01,52278304846
2015-08-02,52278304846
2015-08-03,52278304846
2015-08-04,52278304846
2015-08-05,52278304846
2015-08-06,52278304846
2015-08-07,52278304846
2015-08-08,52278304846
2015-08-09,52699842409
2015-08-10,52699842409
2015-08-11,52699842409
2015-08-12,52699842409
2015-08-13,52699842409
2015-08-14,52699842409
2015-08-15,52699842409
2015-08-16,52699842409
2015-08-17,52699842409
2015-08-18,52699842409
2015-08-19,52699842409
2015-08-20,52699842409
2015-08-21,52699842409
2015-08-22,52699842409
2015-08-23,54256630328
2015-08-24,54256630328
2015-08-25,54256630328
2015-08-26,54256630328
2015-08-27,54256630328
2015-08-28,54256630328
2015-08-29,54256630328
2015-08-30,54256630328
2015-08-31,54256630328
2015-09-01,54256630328
2015-09-02,54256630328
2015-09-03,54256630328
2015-09-04,54256630328
2015-09-05,56957648455
2015-09-06,56957648455
2015-09-07,56957648455
2015-09-08,56957648455
2015-09-09,56957648455
2015-09-10,56957648455
2015-09-11,56957648455
2015-09-12,56957648455
2015-09-13,56957648455
2015-09-14,56957648455
2015-09-15,56957648455
2015-09-16,56957648455
2015-09-17,56957648455
2015-09-18,59335351234
2015-09-19,59335351234
2015-09-20,59335351234
2015-09-21,59335351234
2015-09-22,59335351234
2015-09-23,59335351234
2015-09-24,59335351234
2015-09-25,59335351234
2015-09-26,59335351234
2015-09-27,59335351234
2015-09-28,59335351234
2015-09-29,59335351234
2015-09-30,59335351234
2015-10-01,59335351234
2015-10-02,60813224039
2015-10-03,60813224039
2015-10-04,60813224039
2015-10-05,60813224039
2015-10-06,60813224039
2015-10-07,60813224039
2015-10-08,60813224039
2015-10-09,60813224039
2015-10-10,60813224039
2015-10-11,60813224039
2015-10-12,60813224039
2015-10-13,60813224039
2015-10-14,60813224039
2015-10-15,60813224039
2015-10-16,60883825480
2015-10-17,60883825480
2015-10-18,60883825480
2015-10-19,60883825480
2015-10-20,60883825480
2015-10-21,60883825480
2015-10-22,60883825480
2015-10-23,60883825480
2015-10-24,60883825480
2015-10-25,60883825480
2015-10-26,60883825480
2015-10-27,60883825480
2015-10-28,60883825480
2015-10-29,60883825480
2015-10-30,62253982450
2015-10-31,62253982450
2015-11-01,62253982450
2015-11-02,62253982450
2015-11-03,62253982450
2015-11-04,62253982450
2015-11-05,62253982450
2015-11-06,62253982450
2015-11-07,62253982450
2015-11-08,62253982450
2015-11-09,62253982450
2015-11-10,62253982450
2015-11-11,62253982450
2015-11-12,65848255180
2015-11-13,65848255180
2015-11-14,65848255180
2015-11-15,65848255180
2015-11-16,65848255180
2015-11-17,65848255180
2015-11-18,65848255180
2015-11-19,65848255180
2015-11-20,65848255180
2015-11-21,65848255180
2015-11-22,65848255180
2015-11-23,65848255180
2015-11-24,65848255180
2015-11-25,72722780643
2015-11-26,72722780643
2015-11-27,72722780643
2015-11-28,72722780643
2015-11-29,72722780643
2015-11-30,72722780643
2015-12-01,72722780643
2015-12-02,72722780643
2015-12-03,72722780643
2015-12-04,72722780643
2015-12-05,72722780643
2015-12-06,72722780643
2015-12-07,79102380900
2015-12-08,79102380900
2015-12-09,79102380900
2015-12-10,79102380900
2015-12-11,79102380900
2015-12-12,79102380900
2015-12-13,79102380900
2015-12-14,79102380900
2015-12-15,79102380900
2015-12-16,79102380900
2015-12-17,79102380900
2015-12-18,79102380900
2015-12-19,93448670796
2015-12-20,93448670796
2015-12-21,93448670796
2015-12-22,93448670796
2015-12-23,93448670796
2015-12-24,93448670796
2015-12-25,93448670796
2015-12-26,93448670796
2015-12-27,93448670796
2015-12-28,93448670796
2015-12-29,93448670796
2015-12-30,93448670796
2015-12-31,93448670796
2016-01-01,103880340815
2016-01-02,103880340815
2016-01-03,103880340815
2016-01-04,103880340815
2016-01-05,103880340815
2016-01-06,103880340815
2016-01-07,103880340815
2016-01-08,103880340815
2016-01-09,103880340815
2016-01-10,103880340815
2016-01-11,103880340815
2016-01-12,103880340815
2016-01-13,103880340815
2016-01-14,113354299801
2016-01-15,113354299801
2016-01-16,113354299801
2016-01-17,113354299801
2016-01-18,113354299801
2016-01-19,113354299801
2016-01-20,113354299801
2016-01-21,113354299801
2016-01-22,113354299801
2016-01-23,113354299801
2016-01-24,113354299801
2016-01-25,113354299801
2016-01-26,113354299801
2016-01-27,120033340651
2016-01-28,120033340651
2016-01-29,120033340651
2016-01-30,120033340651
2016-01-31,120033340651
2016-02-01,120033340651
2016-02-02,120033340651
2016-02-03,120033340651
2016-02-04,120033340651
2016-02-05,120033340651
2016-02-06,120033340651
2016-02-07,120033340651
2016-02-08,144116447847
2016-02-09,144116447847
2016-02-10,144116447847
2016-02-11,144116447847
2016-02-12,144116447847
2016-02-13,144116447847
2016-02-14,144116447847
2016-02-15,144116447847
2016-02-16,144116447847
2016-02-17,144116447847
2016-02-18,144116447847
2016-02-19,144116447847
2016-02-20,163491654909
2016-02-21,163491654909
2016-02-22,163491654909
2016-02-23,163491654909
2016-02-24,163491654909
2016-02-25,163491654909
2016-02-26,163491654909
2016-02-27,163491654909
2016-02-28,163491654909
2016-02-29,163491654909
2016-03-01,163491654909
2016-03-02,163491654909
2016-03-03,163491654909
2016-03-04,163491654909
2016-03-05,158427203767
2016-03-06,158427203767
2016-03-07,158427203767
2016-03-08,158427203767
2016-03-09,158427203767
2016-03-10,158427203767
2016-03-11,158427203767
2016-03-12,158427203767
2016-03-13,158427203767
2016-03-14,158427203767
2016-03-15,158427203767
2016-03-16,158427203767
2016-03-17,158427203767
2016-03-18,158427203767
2016-03-19,165496835118
2016-03-20,165496835118
2016-03-21,165496835118
2016-03-22,165496835118
2016-03-23,165496835118
2016-03-24,165496835118
2016-03-25,165496835118
2016-03-26,165496835118
2016-03-27,165496835118
2016-03-28,165496835118
2016-03-29,165496835118
2016-03-30,165496835118
2016-03-31,165496835118
2016-04-01,165496835118
2016-04-02,166851513283
2016-04-03,166851513283
2016-04-04,166851513283
2016-04-05,166851513283
2016-04-06,166851513283
2016-04-07,166851513283
2016-04-08,166851513283
2016-04-09,166851513283
2016-04-10,166851513283
2016-04-11,166851513283
2016-04-12,166851513283
2016-04-13,166851513283
2016-04-14,166851513283
2016-04-15,178678307672
2016-04-16,178678307672
2016-04-17,178678307672
2016-04-18,178678307672
2016-04-19,178678307672
2016-04-20,178678307672
2016-04-21,178678307672
2016-04-22,178678307672
2016-04-23,178678307672
2016-04-24,178678307672
2016-04-25,178678307672
2016-04-26,178678307672
2016-04-27,178678307672
2016-04-28,178678307672
2016-04-29,178659257773
2016-04-30,178659257773
2016-05-01,178659257773
2016-05-02,178659257773
2016-05-03,178659257773
2016-05-04,178659257773
2016-05-05,178659257773
2016-05-06,178659257773
2016-05-07,178659257773
2016-05-08,178659257773
2016-05-09,178659257773
2016-05-10,178659257773
2016-05-11,178659257773
2016-05-12,194254820283
2016-05-13,194254820283
2016-05-14,194254820283
2016-05-15,194254820283
2016-05-16,194254820283
2016-05-17,194254820283
2016-05-18,194254820283
2016-05-19,194254820283
2016-05-20,194254820283
2016-05-21,194254820283
2016-05-22,194254820283
2016-05-23,194254820283
2016-05-24,194254820283
2016-05-25,199312067531
2016-05-26,199312067531
2016-05-27,199312067531
2016-05-28,199312067531
2016-05-29,199312067531
2016-05-30,199312067531
2016-05-31,199312067531
2016-06-01,199312067531
2016-06-02,199312067531
2016-06-03,199312067531
2016-06-04,199312067531
2016-06-05,199312067531
2016-06-06,199312067531
2016-06-07,199312067531
2016-06-08,199312067531
2016-06-09,196061423940
2016-06-10,196061423940
2016-06-11,196061423940
2016-06-12,196061423940
2016-06-13,196061423940
2016-06-14,196061423940
2016-06-15,196061423940
2016-06-16,196061423940
2016-06-17,196061423940
2016-06-18,196061423940
2016-06-19,196061423940
2016-06-20,196061423940
2016-06-21,196061423940
2016-06-22,209453158595
2016-06-23,209453158595
2016-06-24,209453158595
2016-06-25,209453158595
2016-06-26,209453158595
2016-06-27,209453158595
2016-06-28,209453158595
2016-06-29,209453158595
2016-06-30,209453158595
2016-07-01,209453158595
2016-07-02,209453158595
2016-07-03,209453158595
2016-07-04,209453158595
2016-07-05,213398925331
2016-07-06,213398925331
2016-07-07,213398925331
2016-07-08,213398925331
2016-07-09,213398925331
2016-07-10,213398925331
2016-07-11,213398925331
2016-07-12,213398925331
2016-07-13,213398925331
2016-07-14,213398925331
2016-07-15,213398925331
2016-07-16,213398925331
2016-07-17,213398925331
2016-07-18,213398925331
2016-07-19,213492501108
2016-07-20,213492501108
2016-07-21,213492501108
2016-07-22,213492501108
2016-07-23,213492501108
2016-07-24,213492501108
2016-07-25,213492501108
2016-07-26,213492501108
2016-07-27,213492501108
2016-07-28,213492501108
2016-07-29,213492501108
2016-07-30,213492501108
2016-07-31,213492501108
2016-08-01,213492501108
2016-08-02,213492501108
2016-08-03,201893210853
2016-08-04,201893210853
2016-08-05,201893210853
2016-08-06,201893210853
2016-08-07,201893210853
2016-08-08,201893210853
2016-08-09,201893210853
2016-08-10,201893210853
2016-08-11,201893210853
2016-08-12,201893210853
2016-08-13,201893210853
2016-08-14,201893210853
2016-08-15,201893210853
2016-08-16,217375482757
2016-08-17,217375482757
2016-08-18,217375482757
2016-08-19,217375482757
2016-08-20,217375482757
2016-08-21,217375482757
2016-08-22,217375482757
2016-08-23,217375482757
2016-08-24,217375482757
2016-08-25,217375482757
2016-08-26,217375482757
2016-08-27,217375482757
2016-08-28,217375482757
2016-08-29,217375482757
2016-08-30,220755908330
2016-08-31,220755908330
2016-09-01,220755908330
2016-09-02,220755908330
2016-09-03,220755908330
2016-09-04,220755908330
2016-09-05,220755908330
2016-09-06,220755908330
2016-09-07,220755908330
2016-09-08,220755908330
2016-09-09,220755908330
2016-09-10,220755908330
2016-09-11,220755908330
2016-09-12,220755908330
2016-09-13,225832872179
2016-09-14,225832872179
2016-09-15,225832872179
2016-09-16,225832872179
2016-09-17,225832872179
2016-09-18,225832872179
2016-09-19,225832872179
2016-09-20,225832872179
2016-09-21,225832872179
2016-09-22,225832872179
2016-09-23,225832872179
2016-09-24,225832872179
2016-09-25,225832872179
2016-09-26,241227200230
2016-09-27,241227200230
2016-09-28,241227200230
2016-09-29,241227200230
2016-09-30,241227200230
2016-10-01,241227200230
2016-10-02,241227200230
2016-10-03,241227200230
2016-10-04,241227200230
2016-10-05,241227200230
2016-10-06,241227200230
2016-10-07,241227200230
2016-10-08,241227200230
2016-10-09,258522748405
2016-10-10,258522748405
2016-10-11,258522748405
2016-10-12,258522748405
2016-10-13,258522748405
2016-10-14,258522748405
2016-10-15,258522748405
2016-10-16,258522748405
2016-10-17,258522748405
2016-10-18,258522748405
2016-10-19,258522748405
2016-10-20,258522748405
2016-10-21,258522748405
2016-10-22,258522748405
2016-10-23,253618246641
2016-10-24,253618246641
2016-10-25,253618246641
2016-10-26,253618246641
2016-10-27,253618246641
2016-10-28,253618246641
2016-10-29,253618246641
2016-10-30,253618246641
2016-10-31,253618246641
2016-11-01,253618246641
2016-11-02,253618246641
2016-11-03,253618246641
2016-11-04,253618246641
2016-11-05,253618246641
2016-11-06,254620187304
2016-11-07,254620187304
2016-11-08,254620187304
2016-11-09,254620187304
2016-11-10,254620187304
2016-11-11,254620187304
2016-11-12,254620187304
2016-11-13,254620187304
2016-11-14,254620187304
2016-11-15,254620187304
2016-11-16,254620187304
2016-11-17,254620187304
2016-11-18,254620187304
2016-11-19,281800917193
2016-11-20,281800917193
2016-11-21,281800917193
2016-11-22,281800917193
2016-11-23,281800917193
2016-11-24,281800917193
2016-11-25,281800917193
2016-11-26,281800917193
2016-11-27,281800917193
2016-11-28,281800917193
2016-11-29,281800917193
2016-11-30,281800917193
2016-12-01,281800917193
2016-12-02,281800917193
2016-12-03,286765766821
2016-12-04,286765766821
2016-12-05,286765766821
2016-12-06,286765766821
2016-12-07,286765766821
2016-12-08,286765766821
2016-12-09,286765766821
2016-12-10,286765766821
2016-12-11,286765766821
2016-12-12,286765766821
2016-12-13,286765766821
2016-12-14,286765766821
2016-12-15,286765766821
2016-12-16,310153855703
2016-12-17,310153855703
2016-12-18,310153855703
2016-12-19,310153855703
2016-12-20,310153855703
2016-12-21,310153855703
2016-12-22,310153855703
2016-12-23,310153855703
2016-12-24,310153855703
2016-12-25,310153855703
2016-12-26,310153855703
2016-12-27,310153855703
2016-12-28,310153855703
2016-12-29,317688400354
2016-12-30,317688400354
2016-12-31,317688400354
2017-01-01,317688400354
2017-01-02,317688400354
2017-01-03,317688400354
2017-01-04,317688400354
2017-01-05,317688400354
2017-01-06,317688400354
2017-01-07,317688400354
2017-01-08,317688400354
2017-01-09,317688400354
2017-01-10,317688400354
2017-01-11,336899932796
2017-01-12,336899932796
2017-01-13,336899932796
2017-01-14,336899932796
2017-01-15,336899932796
2017-01-16,336899932796
2017-01-17,336899932796
2017-01-18,336899932796
2017-01-19,336899932796
2017-01-20,336899932796
2017-01-21,336899932796
2017-01-22,336899932796
2017-01-23,392963262344
2017-01-24,392963262344
2017-01-25,392963262344
2017-01-26,392963262344
2017-01-27,392963262344
2017-01-28,392963262344
2017-01-29,392963262344
2017-01-30,392963262344
2017-01-31,392963262344
2017-02-01,392963262344
2017-02-02,392963262344
2017-02-03,392963262344
2017-02-04,392963262344
2017-02-05,422170566884
2017-02-06,422170566884
2017-02-07,422170566884
2017-02-08,422170566884
2017-02-09,422170566884
2017-02-10,422170566884
2017-02-11,422170566884
2017-02-12,422170566884
2017-02-13,422170566884
2017-02-14,422170566884
2017-02-15,422170566884
2017-02-16,422170566884
2017-02-17,422170566884
2017-02-18,422170566884
2017-02-19,440779902287
2017-02-20,440779902287
2017-02-21,440779902287
2017-02-22,440779902287
2017-02-23,440779902287
2017-02-24,440779902287
2017-02-25,440779902287
2017-02-26,440779902287
2017-02-27,440779902287
2017-02-28,440779902287
2017-03-01,440779902287
2017-03-02,440779902287
2017-03-03,440779902287
2017-03-04,460769358091
2017-03-05,460769358091
2017-03-06,460769358091
2017-03-07,460769358091
2017-03-08,460769358091
2017-03-09,460769358091
2017-03-10,460769358091
2017-03-11,460769358091
2017-03-12,460769358091
2017-03-13,460769358091
2017-03-14,460769358091
2017-03-15,460769358091
2017-03-16,460769358091
2017-03-17,460769358091
2017-03-18,475705205062
2017-03-19,475705205062
2017-03-20,475705205062
2017-03-21,475705205062
2017-03-22,475705205062
2017-03-23,475705205062
2017-03-24,475705205062
2017-03-25,475705205062
2017-03-26,475705205062
2017-03-27,475705205062
2017-03-28,475705205062
2017-03-29,475705205062
2017-03-30,475705205062
2017-03-31,499635929817
2017-04-01,499635929817
2017-04-02,499635929817
2017-04-03,499635929817
2017-04-04,499635929817
2017-04-05,499635929817
2017-04-06,499635929817
2017-04-07,499635929817
2017-04-08,499635929817
2017-04-09,499635929817
2017-04-10,499635929817
2017-04-11,499635929817
2017-04-12,499635929817
2017-04-13,499635929817
2017-04-14,520808749422
2017-04-15,520808749422
2017-04-16,520808749422
2017-04-17,520808749422
2017-04-18,520808749422
2017-04-19,520808749422
2017-04-20,520808749422
2017-04-21,520808749422
2017-04-22,520808749422
2017-04-23,520808749422
2017-04-24,520808749422
2017-04-25,520808749422
2017-04-26,520808749422
2017-04-27,520808749422
2017-04-28,521974519554
2017-04-29,521974519554
2017-04-30,521974519554
2017-05-01,521974519554
2017-05-02,521974519554
2017-05-03,521974519554
2017-05-04,521974519554
2017-05-05,521974519554
2017-05-06,521974519554
2017-05-07,521974519554
2017-05-08,521974519554
2017-05-09,521974519554
2017-05-10,521974519554
2017-05-11,559970892891
2017-05-12,559970892891
2017-05-13,559970892891
2017-05-14,559970892891
2017-05-15,559970892891
2017-05-16,559970892891
2017-05-17,559970892891
2017-05-18,559970892891
2017-05-19,559970892891
2017-05-20,559970892891
2017-05-21,559970892891
2017-05-22,559970892891
2017-05-23,559970892891
2017-05-24,595921917085
2017-05-25,595921917085
2017-05-26,595921917085
2017-05-27,595921917085
2017-05-28,595921917085
2017-05-29,595921917085
2017-05-30,595921917085
2017-05-31,595921917085
2017-06-01,595921917085
2017-06-02,595921917085
2017-06-03,595921917085
2017-06-04,595921917085
2017-06-05,678760110083
2017-06-06,678760110083
2017-06-07,678760110083
2017-06-08,678760110083
2017-06-09,678760110083
2017-06-10,678760110083
2017-06-11,678760110083
2017-06-12,678760110083
2017-06-13,678760110083
2017-06-14,678760110083
2017-06-15,678760110083
2017-06-16,678760110083
2017-06-17,678760110083
2017-06-18,711697198174
2017-06-19,711697198174
2017-06-20,711697198174
2017-06-21,711697198174
2017-06-22,711697198174
2017-06-23,711697198174
2017-06-24,711697198174
2017-06-25,711697198174
2017-06-26,711697198174
2017-06-27,711697198174
2017-06-28,711697198174
2017-06-29,711697198174
2017-06-30,711697198174
2017-07-01,711697198174
2017-07-02,708659466230
2017-07-03,708659466230
2017-07-04,708659466230
2017-07-05,708659466230
2017-07-06,708659466230
2017-07-07,708659466230
2017-07-08,708659466230
2017-07-09,708659466230
2017-07-10,708659466230
2017-07-11,708659466230
2017-07-12,708659466230
2017-07-13,708659466230
2017-07-14,708659466230
2017-07-15,804525194568
2017-07-16,804525194568
2017-07-17,804525194568
2017-07-18,804525194568
2017-07-19,804525194568
2017-07-20,804525194568
2017-07-21,804525194568
2017-07-22,804525194568
2017-07-23,804525194568
2017-07-24,804525194568
2017-07-25,804525194568
2017-07-26,804525194568
2017-07-27,804525194568
2017-07-28,860221984436
2017-07-29,860221984436
2017-07-30,860221984436
2017-07-31,860221984436
2017-08-01,860221984436
2017-08-02,860221984436
2017-08-03,860221984436
2017-08-04,860221984436
2017-08-05,860221984436
2017-08-06,860221984436
2017-08-07,860221984436
2017-08-08,860221984436
2017-08-09,860221984436
2017-08-10,923233068449
2017-08-11,923233068449
2017-08-12,923233068449
2017-08-13,923233068449
2017-08-14,923233068449
2017-08-15,923233068449
2017-08-16,923233068449
2017-08-17,923233068449
2017-08-18,923233068449
2017-08-19,923233068449
2017-08-20,923233068449
2017-08-21,923233068449
2017-08-22,923233068449
2017-08-23,923233068449
2017-08-24,923233068449
2017-08-25,888171856257
2017-08-26,888171856257
2017-08-27,888171856257
2017-08-28,888171856257
2017-08-29,888171856257
2017-08-30,888171856257
2017-08-31,888171856257
2017-09-01,888171856257
2017-09-02,888171856257
2017-09-03,888171856257
2017-09-04,888171856257
2017-09-05,888171856257
2017-09-06,888171856257
2017-09-07,922724699726
2017-09-08,922724699726
2017-09-09,922724699726
2017-09-10,922724699726
2017-09-11,922724699726
2017-09-12,922724699726
2017-09-13,922724699726
2017-09-14,922724699726
2017-09-15,922724699726
2017-09-16,922724699726
2017-09-17,922724699726
2017-09-18,922724699726
2017-09-19,1103400932964
2017-09-20,1103400932964
2017-09-21,1103400932964
2017-09-22,1103400932964
2017-09-23,1103400932964
2017-09-24,1103400932964
2017-09-25,1103400932964
2017-09-26,1103400932964
2017-09-27,1103400932964
2017-09-28,1103400932964
2017-09-29,1103400932964
2017-09-30,1103400932964
2017-10-01,1103400932964
2017-10-02,1123863285133
2017-10-03,1123863285133
2017-10-04,1123863285133
2017-10-05,1123863285133
2017-10-06,1123863285133
2017-10-07,1123863285133
2017-10-08,1123863285133
2017-10-09,1123863285133
2017-10-10,1123863285133
2017-10-11,1123863285133
2017-10-12,1123863285133
2017-10-13,1123863285133
2017-10-14,1123863285133
2017-10-15,1123863285133
2017-10-16,1196792694099
2017-10-17,1196792694099
2017-10-18,1196792694099
2017-10-19,1196792694099
2017-10-20,1196792694099
2017-10-21,1196792694099
2017-10-22,1196792694099
2017-10-23,1196792694099
2017-10-24,1196792694099
2017-10-25,1196792694099
2017-10-26,1196792694099
2017-10-27,1452839779146
2017-10-28,1452839779146
2017-10-29,1452839779146
2017-10-30,1452839779146
2017-10-31,1452839779146
2017-11-01,1452839779146
2017-11-02,1452839779146
2017-11-03,1452839779146
2017-11-04,1452839779146
2017-11-05,1452839779146
2017-11-06,1452839779146
2017-11-07,1452839779146
2017-11-08,1452839779146
2017-11-09,1452839779146
2017-11-10,1452839779146
2017-11-11,1364422081125
2017-11-12,1364422081125
2017-11-13,1364422081125
2017-11-14,1364422081125
2017-11-15,1364422081125
2017-11-16,1364422081125
2017-11-17,1364422081125
2017-11-18,1364422081125
2017-11-19,1364422081125
2017-11-20,1364422081125
2017-11-21,1364422081125
2017-11-22,1364422081125
2017-11-23,1364422081125
2017-11-24,1364422081125
2017-11-25,1347001430559
2017-11-26,1347001430559
2017-11-27,1347001430559
2017-11-28,1347001430559
2017-11-29,1347001430559
2017-11-30,1347001430559
2017-12-01,1347001430559
2017-12-02,1347001430559
2017-12-03,1347001430559
2017-12-04,1347001430559
2017-12-05,1347001430559
2017-12-06,1347001430559
2017-12-07,1590896927258
2017-12-08,1590896927258
2017-12-09,1590896927258
2017-12-10,1590896927258
2017-12-11,1590896927258
2017-12-12,1590896927258
2017-12-13,1590896927258
2017-12-14,1590896927258
2017-12-15,1590896927258
2017-12-16,1590896927258
2017-12-17,1590896927258
2017-12-18,1590896927258
2017-12-19,1873105475222
2017-12-20,1873105475222
2017-12-21,1873105475222
2017-12-22,1873105475222
2017-12-23,1873105475222
2017-12-24,1873105475222
2017-12-25,1873105475222
2017-12-26,1873105475222
2017-12-27,1873105475222
2017-12-28,1873105475222
2017-12-29,1873105475222
2017-12-30,1873105475222
2017-12-31,1873105475222
2018-01-01,1873105475222
2018-01-02,1931136454488
2018-01-03,1931136454488
2018-01-04,1931136454488
2018-01-05,1931136454488
2018-01-06,1931136454488
2018-01-07,1931136454488
2018-01-08,1931136454488
2018-01-09,1931136454488
2018-01-10,1931136454488
2018-01-11,1931136454488
2018-01-12,1931136454488
2018-01-13,1931136454488
2018-01-14,2227847638504
2018-01-15,2227847638504
2018-01-16,2227847638504
2018-01-17,2227847638504
2018-01-18,2227847638504
2018-01-19,2227847638504
2018-01-20,2227847638504
2018-01-21,2227847638504
2018-01-22,2227847638504
2018-01-23,2227847638504
2018-01-24,2227847638504
2018-01-25,2227847638504
2018-01-26,2603077300219
2018-01-27,2603077300219
2018-01-28,2603077300219
2018-01-29,2603077300219
2018-01-30,2603077300219
2018-01-31,2603077300219
2018-02-01,2603077300219
2018-02-02,2603077300219
2018-02-03,2603077300219
2018-02-04,2603077300219
2018-02-05,2603077300219
2018-02-06,2603077300219
2018-02-07,2874674234416
2018-02-08,2874674234416
2018-02-09,2874674234416
2018-02-10,2874674234416
2018-02-11,2874674234416
2018-02-12,2874674234416
2018-02-13,2874674234416
2018-02-14,2874674234416
2018-02-15,2874674234416
2018-02-16,2874674234416
2018-02-17,2874674234416
2018-02-18,2874674234416
2018-02-19,2874674234416
2018-02-20,2874674234416
2018-02-21,3007383866430
2018-02-22,3007383866430
2018-02-23,3007383866430
2018-02-24,3007383866430
2018-02-25,3007383866430
2018-02-26,3007383866430
2018-02-27,3007383866430
2018-02-28,3007383866430
2018-03-01,3007383866430
2018-03-02,3007383866430
2018-03-03,3007383866430
2018-03-04,3007383866430
2018-03-05,3007383866430
2018-03-06,3290605988755
2018-03-07,3290605988755
2018-03-08,3290605988755
2018-03-09,3290605988755
2018-03-10,3290605988755
2018-03-11,3290605988755
2018-03-12,3290605988755
2018-03-13,3290605988755
2018-03-14,3290605988755
2018-03-15,3290605988755
2018-03-16,3290605988755
2018-03-17,3290605988755
2018-03-18,3290605988755
2018-03-19,3462542391192
2018-03-20,3462542391192
2018-03-21,3462542391192
2018-03-22,3462542391192
2018-03-23,3462542391192
2018-03-24,3462542391192
2018-03-25,3462542391192
2018-03-26,3462542391192
2018-03-27,3462542391192
2018-03-28,3462542391192
2018-03-29,3462542391192
2018-03-30,3462542391192
2018-03-31,3462542391192
2018-04-01,3462542391192
2018-04-02,3511060552900
2018-04-03,3511060552900
2018-04-04,3511060552900
2018-04-05,3511060552900
2018-04-06,3511060552900
2018-04-07,3511060552900
2018-04-08,3511060552900
2018-04-09,3511060552900
2018-04-10,3511060552900
2018-04-11,3511060552900
2018-04-12,3511060552900
2018-04-13,3511060552900
2018-04-14,3511060552900
2018-04-15,3839316899030
2018-04-16,3839316899030
2018-04-17,3839316899030
2018-04-18,3839316899030
2018-04-19,3839316899030
2018-04-20,3839316899030
2018-04-21,3839316899030
2018-04-22,3839316899030
2018-04-23,3839316899030
2018-04-24,3839316899030
2018-04-25,3839316899030
2018-04-26,3839316899030
2018-04-27,3839316899030
2018-04-28,4022059196165
2018-04-29,4022059196165
2018-04-30,4022059196165
2018-05-01,4022059196165
2018-05-02,4022059196165
2018-05-03,4022059196165
2018-05-04,4022059196165
2018-05-05,4022059196165
2018-05-06,4022059196165
2018-05-07,4022059196165
2018-05-08,4022059196165
2018-05-09,4022059196165
2018-05-10,4022059196165
2018-05-11,4022059196165
2018-05-12,4143878474754
2018-05-13,4143878474754
2018-05-14,4143878474754
2018-05-15,4143878474754
2018-05-16,4143878474754
2018-05-17,4143878474754
2018-05-18,4143878474754
2018-05-19,4143878474754
2018-05-20,4143878474754
2018-05-21,4143878474754
2018-05-22,4143878474754
2018-05-23,4143878474754
2018-05-24,4143878474754
2018-05-25,4306949573982
2018-05-26,4306949573982
2018-05-27,4306949573982
2018-05-28,4306949573982
2018-05-29,4306949573982
2018-05-30,4306949573982
2018-05-31,4306949573982
2018-06-01,4306949573982
2018-06-02,4306949573982
2018-06-03,4306949573982
2018-06-04,4306949573982
2018-06-05,4306949573982
2018-06-06,4940704885522
2018-06-07,4940704885522
2018-06-08,4940704885522
2018-06-09,4940704885522
2018-06-10,4940704885522
2018-06-11,4940704885522
2018-06-12,4940704885522
2018-06-13,4940704885522
2018-06-14,4940704885522
2018-06-15,4940704885522
2018-06-16,4940704885522
2018-06-17,4940704885522
2018-06-18,4940704885522
2018-06-19,4940704885522
2018-06-20,5077499034879
2018-06-21,5077499034879
2018-06-22,5077499034879
2018-06-23,5077499034879
2018-06-24,5077499034879
2018-06-25,5077499034879
2018-06-26,5077499034879
2018-06-27,5077499034879
2018-06-28,5077499034879
2018-06-29,5077499034879
2018-06-30,5077499034879
2018-07-01,5077499034879
2018-07-02,5077499034879
2018-07-03,5363678461481
2018-07-04,5363678461481
2018-07-05,5363678461481
2018-07-06,5363678461481
2018-07-07,5363678461481
2018-07-08,5363678461481
2018-07-09,5363678461481
2018-07-10,5363678461481
2018-07-11,5363678461481
2018-07-12,5363678461481
2018-07-13,5363678461481
2018-07-14,5363678461481
2018-07-15,5363678461481
2018-07-16,5363678461481
2018-07-17,5363678461481
2018-07-18,5178671069072
2018-07-19,5178671069072
2018-07-20,5178671069072
2018-07-21,5178671069072
2018-07-22,5178671069072
2018-07-23,5178671069072
2018-07-24,5178671069072
2018-07-25,5178671069072
2018-07-26,5178671069072
2018-07-27,5178671069072
2018-07-28,5178671069072
2018-07-29,5178671069072
2018-07-30,5949437371610
2018-07-31,5949437371610
2018-08-01,5949437371610
2018-08-02,5949437371610
2018-08-03,5949437371610
2018-08-04,5949437371610
2018-08-05,5949437371610
2018-08-06,5949437371610
2018-08-07,5949437371610
2018-08-08,5949437371610
2018-08-09,5949437371610
2018-08-10,5949437371610
2018-08-11,5949437371610
2018-08-12,6389316883512
2018-08-13,6389316883512
2018-08-14,6389316883512
2018-08-15,6389316883512
2018-08-16,6389316883512
2018-08-17,6389316883512
2018-08-18,6389316883512
2018-08-19,6389316883512
2018-08-20,6389316883512
2018-08-21,6389316883512
2018-08-22,6389316883512
2018-08-23,6389316883512
2018-08-24,6389316883512
2018-08-25,6727225469723
2018-08-26,6727225469723
2018-08-27,6727225469723
2018-08-28,6727225469723
2018-08-29,6727225469723
2018-08-30,6727225469723
2018-08-31,6727225469723
2018-09-01,6727225469723
2018-09-02,6727225469723
2018-09-03,6727225469723
2018-09-04,6727225469723
2018-09-05,6727225469723
2018-09-06,6727225469723
2018-09-07,6727225469723
2018-09-08,7019199231177
2018-09-09,7019199231177
2018-09-10,7019199231177
2018-09-11,7019199231177
2018-09-12,7019199231177
2018-09-13,7019199231177
2018-09-14,7019199231177
2018-09-15,7019199231177
2018-09-16,7019199231177
2018-09-17,7019199231177
2018-09-18,7019199231177
2018-09-19,7019199231177
2018-09-20,7019199231177
2018-09-21,7152633351906
2018-09-22,7152633351906
2018-09-23,7152633351906
2018-09-24,7152633351906
2018-09-25,7152633351906
2018-09-26,7152633351906
2018-09-27,7152633351906
2018-09-28,7152633351906