Date,Fee Rate
2009-01-10,0
2009-01-11,0
2009-01-12,0
2009-01-13,0
2009-01-14,0
2009-01-15,0
2009-01-16,0
2009-01-17,0
2009-01-18,0
2009-01-19,0
2009-01-20,0
2009-01-21,0
2009-01-22,0
2009-01-23,0
2009-01-24,0
2009-01-25,0
2009-01-26,0
2009-01-27,0
2009-01-28,0
2009-01-29,0
2009-01-30,0
2009-01-31,0
2009-02-01,0
2009-02-02,0
2009-02-03,0
2009-02-04,8584
2009-02-05,0
2009-02-06,0
2009-02-07,0
2009-02-08,0
2009-02-09,0
2009-02-10,0
2009-02-11,0
2009-02-12,0
2009-02-13,0
2009-02-14,0
2009-02-15,0
2009-02-16,0
2009-02-17,0
2009-02-18,0
2009-02-19,0
2009-02-20,0
2009-02-21,0
2009-02-22,0
2009-02-23,0
2009-02-24,0
2009-02-25,0
2009-02-26,0
2009-02-27,0
2009-02-28,0
2009-03-01,0
2009-03-02,0
2009-03-03,0
2009-03-04,0
2009-03-05,0
2009-03-06,0
2009-03-07,0
2009-03-08,0
2009-03-09,0
2009-03-10,0
2009-03-11,0
2009-03-12,0
2009-03-13,0
2009-03-14,0
2009-03-15,0
2009-03-16,0
2009-03-17,0
2009-03-18,0
2009-03-19,0
2009-03-20,0
2009-03-21,0
2009-03-22,0
2009-03-23,0
2009-03-24,0
2009-03-25,0
2009-03-26,0
2009-03-27,0
2009-03-28,0
2009-03-29,0
2009-03-30,0
2009-03-31,0
2009-04-01,0
2009-04-02,0
2009-04-03,0
2009-04-04,0
2009-04-05,0
2009-04-06,0
2009-04-07,0
2009-04-08,0
2009-04-09,0
2009-04-10,0
2009-04-11,0
2009-04-12,0
2009-04-13,0
2009-04-14,0
2009-04-15,0
2009-04-16,0
2009-04-17,0
2009-04-18,0
2009-04-19,0
2009-04-20,0
2009-04-21,0
2009-04-22,0
2009-04-23,0
2009-04-24,0
2009-04-25,0
2009-04-26,0
2009-04-27,0
2009-04-28,0
2009-04-29,0
2009-04-30,0
2009-05-01,0
2009-05-02,0
2009-05-03,157
2009-05-04,0
2009-05-05,0
2009-05-06,0
2009-05-07,0
2009-05-08,0
2009-05-09,0
2009-05-10,0
2009-05-11,0
2009-05-12,600
2009-05-13,0
2009-05-14,0
2009-05-15,0
2009-05-16,0
2009-05-17,0
2009-05-18,0
2009-05-19,0
2009-05-20,0
2009-05-21,0
2009-05-22,0
2009-05-23,0
2009-05-24,0
2009-05-25,0
2009-05-26,0
2009-05-27,0
2009-05-28,0
2009-05-29,0
2009-05-30,0
2009-05-31,0
2009-06-01,0
2009-06-02,0
2009-06-03,0
2009-06-04,0
2009-06-05,0
2009-06-06,0
2009-06-07,0
2009-06-08,0
2009-06-09,0
2009-06-10,0
2009-06-11,0
2009-06-12,0
2009-06-13,0
2009-06-14,0
2009-06-15,0
2009-06-16,0
2009-06-17,0
2009-06-18,0
2009-06-19,0
2009-06-20,0
2009-06-21,0
2009-06-22,0
2009-06-23,0
2009-06-24,0
2009-06-25,0
2009-06-26,0
2009-06-27,0
2009-06-28,0
2009-06-29,0
2009-06-30,0
2009-07-01,0
2009-07-02,0
2009-07-03,0
2009-07-04,0
2009-07-05,0
2009-07-06,0
2009-07-07,0
2009-07-08,0
2009-07-09,0
2009-07-10,0
2009-07-11,0
2009-07-12,0
2009-07-13,0
2009-07-14,0
2009-07-15,0
2009-07-16,0
2009-07-17,0
2009-07-18,0
2009-07-19,0
2009-07-20,0
2009-07-21,598
2009-07-22,0
2009-07-23,0
2009-07-24,0
2009-07-25,0
2009-07-26,0
2009-07-27,0
2009-07-28,0
2009-07-29,0
2009-07-30,0
2009-07-31,0
2009-08-01,0
2009-08-02,0
2009-08-03,0
2009-08-04,0
2009-08-05,0
2009-08-06,0
2009-08-07,0
2009-08-08,550
2009-08-09,0
2009-08-10,0
2009-08-11,0
2009-08-12,0
2009-08-13,0
2009-08-14,0
2009-08-15,0
2009-08-16,0
2009-08-17,0
2009-08-18,0
2009-08-19,0
2009-08-20,0
2009-08-21,0
2009-08-22,0
2009-08-23,0
2009-08-24,0
2009-08-25,0
2009-08-26,0
2009-08-27,0
2009-08-28,0
2009-08-29,0
2009-08-30,0
2009-08-31,0
2009-09-01,0
2009-09-02,0
2009-09-03,0
2009-09-04,0
2009-09-05,0
2009-09-06,0
2009-09-07,0
2009-09-08,0
2009-09-09,0
2009-09-10,0
2009-09-11,0
2009-09-12,0
2009-09-13,0
2009-09-14,0
2009-09-15,0
2009-09-16,0
2009-09-17,0
2009-09-18,521
2009-09-19,0
2009-09-20,0
2009-09-21,0
2009-09-22,0
2009-09-23,0
2009-09-24,0
2009-09-25,0
2009-09-26,0
2009-09-27,0
2009-09-28,0
2009-09-29,0
2009-09-30,0
2009-10-01,0
2009-10-02,0
2009-10-03,0
2009-10-04,0
2009-10-05,0
2009-10-06,0
2009-10-07,0
2009-10-08,0
2009-10-09,0
2009-10-10,0
2009-10-11,0
2009-10-12,0
2009-10-13,0
2009-10-14,0
2009-10-15,0
2009-10-16,0
2009-10-17,0
2009-10-18,0
2009-10-19,0
2009-10-20,0
2009-10-21,490
2009-10-22,0
2009-10-23,0
2009-10-24,0
2009-10-25,0
2009-10-26,0
2009-10-27,0
2009-10-28,0
2009-10-29,0
2009-10-30,0
2009-10-31,0
2009-11-01,0
2009-11-02,0
2009-11-03,0
2009-11-04,0
2009-11-05,0
2009-11-06,0
2009-11-07,0
2009-11-08,0
2009-11-09,0
2009-11-10,0
2009-11-11,0
2009-11-12,0
2009-11-13,0
2009-11-14,0
2009-11-15,0
2009-11-16,0
2009-11-17,0
2009-11-18,0
2009-11-19,0
2009-11-20,0
2009-11-21,0
2009-11-22,0
2009-11-23,0
2009-11-24,0
2009-11-25,0
2009-11-26,0
2009-11-27,0
2009-11-28,0
2009-11-29,0
2009-11-30,0
2009-12-01,0
2009-12-02,746
2009-12-03,0
2009-12-04,0
2009-12-05,0
2009-12-06,0
2009-12-07,0
2009-12-08,0
2009-12-09,0
2009-12-10,0
2009-12-11,0
2009-12-12,0
2009-12-13,0
2009-12-14,0
2009-12-15,0
2009-12-16,0
2009-12-17,0
2009-12-18,0
2009-12-19,0
2009-12-20,0
2009-12-21,0
2009-12-22,0
2009-12-23,0
2009-12-24,0
2009-12-25,0
2009-12-26,0
2009-12-27,0
2009-12-28,0
2009-12-29,0
2009-12-30,0
2009-12-31,0
2010-01-01,0
2010-01-02,0
2010-01-03,0
2010-01-04,0
2010-01-05,0
2010-01-06,0
2010-01-07,0
2010-01-08,0
2010-01-09,0
2010-01-10,0
2010-01-11,0
2010-01-12,0
2010-01-13,560
2010-01-14,0
2010-01-15,0
2010-01-16,0
2010-01-17,0
2010-01-18,0
2010-01-19,0
2010-01-20,0
2010-01-21,0
2010-01-22,0
2010-01-23,0
2010-01-24,0
2010-01-25,0
2010-01-26,0
2010-01-27,0
2010-01-28,0
2010-01-29,0
2010-01-30,0
2010-01-31,0
2010-02-01,0
2010-02-02,0
2010-02-03,0
2010-02-04,0
2010-02-05,0
2010-02-06,0
2010-02-07,0
2010-02-08,0
2010-02-09,0
2010-02-10,579
2010-02-11,0
2010-02-12,0
2010-02-13,0
2010-02-14,0
2010-02-15,0
2010-02-16,0
2010-02-17,0
2010-02-18,0
2010-02-19,0
2010-02-20,0
2010-02-21,0
2010-02-22,0
2010-02-23,0
2010-02-24,0
2010-02-25,0
2010-02-26,0
2010-02-27,0
2010-02-28,0
2010-03-01,0
2010-03-02,0
2010-03-03,0
2010-03-04,0
2010-03-05,0
2010-03-06,0
2010-03-07,0
2010-03-08,0
2010-03-09,0
2010-03-10,0
2010-03-11,0
2010-03-12,0
2010-03-13,0
2010-03-14,0
2010-03-15,0
2010-03-16,0
2010-03-17,0
2010-03-18,0
2010-03-19,0
2010-03-20,0
2010-03-21,0
2010-03-22,0
2010-03-23,0
2010-03-24,0
2010-03-25,0
2010-03-26,0
2010-03-27,0
2010-03-28,0
2010-03-29,0
2010-03-30,0
2010-03-31,0
2010-04-01,0
2010-04-02,0
2010-04-03,0
2010-04-04,0
2010-04-05,819
2010-04-06,0
2010-04-07,0
2010-04-08,0
2010-04-09,0
2010-04-10,0
2010-04-11,0
2010-04-12,0
2010-04-13,0
2010-04-14,0
2010-04-15,0
2010-04-16,0
2010-04-17,0
2010-04-18,0
2010-04-19,0
2010-04-20,0
2010-04-21,0
2010-04-22,0
2010-04-23,0
2010-04-24,0
2010-04-25,0
2010-04-26,0
2010-04-27,0
2010-04-28,0
2010-04-29,0
2010-04-30,0
2010-05-01,0
2010-05-02,0
2010-05-03,0
2010-05-04,0
2010-05-05,0
2010-05-06,0
2010-05-07,0
2010-05-08,0
2010-05-09,0
2010-05-10,0
2010-05-11,0
2010-05-12,0
2010-05-13,0
2010-05-14,0
2010-05-15,3697
2010-05-16,1359
2010-05-17,0
2010-05-18,0
2010-05-19,0
2010-05-20,0
2010-05-21,0
2010-05-22,0
2010-05-23,1430
2010-05-24,0
2010-05-25,0
2010-05-26,0
2010-05-27,0
2010-05-28,0
2010-05-29,0
2010-05-30,0
2010-05-31,0
2010-06-01,0
2010-06-02,0
2010-06-03,0
2010-06-04,0
2010-06-05,0
2010-06-06,0
2010-06-07,0
2010-06-08,0
2010-06-09,0
2010-06-10,0
2010-06-11,0
2010-06-12,0
2010-06-13,0
2010-06-14,0
2010-06-15,0
2010-06-16,0
2010-06-17,0
2010-06-18,0
2010-06-19,0
2010-06-20,0
2010-06-21,0
2010-06-22,0
2010-06-23,0
2010-06-24,0
2010-06-25,0
2010-06-26,0
2010-06-27,0
2010-06-28,0
2010-06-29,0
2010-06-30,0
2010-07-01,674
2010-07-02,0
2010-07-03,0
2010-07-04,0
2010-07-05,0
2010-07-06,0
2010-07-07,0
2010-07-08,0
2010-07-09,0
2010-07-10,0
2010-07-11,0
2010-07-12,0
2010-07-13,0
2010-07-14,0
2010-07-15,1
2010-07-16,133
2010-07-17,100
2010-07-18,104
2010-07-19,642
2010-07-20,40
2010-07-21,0
2010-07-22,0
2010-07-23,0
2010-07-24,11
2010-07-25,0
2010-07-26,401
2010-07-27,669
2010-07-28,590
2010-07-29,136
2010-07-30,473
2010-07-31,309
2010-08-01,388
2010-08-02,345
2010-08-03,242
2010-08-04,0
2010-08-05,0
2010-08-06,0
2010-08-07,1983
2010-08-08,0
2010-08-09,0
2010-08-10,1531
2010-08-11,0
2010-08-12,0
2010-08-13,0
2010-08-14,0
2010-08-15,0
2010-08-16,0
2010-08-17,480
2010-08-18,0
2010-08-19,621
2010-08-20,0
2010-08-21,0
2010-08-22,0
2010-08-23,0
2010-08-24,0
2010-08-25,491
2010-08-26,0
2010-08-27,0
2010-08-28,0
2010-08-29,0
2010-08-30,413
2010-08-31,378
2010-09-01,139
2010-09-02,46
2010-09-03,0
2010-09-04,0
2010-09-05,0
2010-09-06,13
2010-09-07,0
2010-09-08,0
2010-09-09,0
2010-09-10,121
2010-09-11,0
2010-09-12,0
2010-09-13,138
2010-09-14,0
2010-09-15,9
2010-09-16,0
2010-09-17,0
2010-09-18,0
2010-09-19,199
2010-09-20,0
2010-09-21,0
2010-09-22,0
2010-09-23,0
2010-09-24,0
2010-09-25,0
2010-09-26,0
2010-09-27,0
2010-09-28,10
2010-09-29,592
2010-09-30,0
2010-10-01,0
2010-10-02,350
2010-10-03,4
2010-10-04,8
2010-10-05,0
2010-10-06,0
2010-10-07,0
2010-10-08,0
2010-10-09,0
2010-10-10,0
2010-10-11,0
2010-10-12,0
2010-10-13,0
2010-10-14,247
2010-10-15,0
2010-10-16,0
2010-10-17,0
2010-10-18,0
2010-10-19,12
2010-10-20,0
2010-10-21,0
2010-10-22,5
2010-10-23,0
2010-10-24,35
2010-10-25,0
2010-10-26,0
2010-10-27,0
2010-10-28,0
2010-10-29,0
2010-10-30,0
2010-10-31,0
2010-11-01,0
2010-11-02,0
2010-11-03,0
2010-11-04,0
2010-11-05,0
2010-11-06,0
2010-11-07,0
2010-11-08,0
2010-11-09,395
2010-11-10,0
2010-11-11,0
2010-11-12,0
2010-11-13,0
2010-11-14,0
2010-11-15,0
2010-11-16,25
2010-11-17,0
2010-11-18,0
2010-11-19,0
2010-11-20,5
2010-11-21,49
2010-11-22,43
2010-11-23,617
2010-11-24,609
2010-11-25,12
2010-11-26,0
2010-11-27,107
2010-11-28,17
2010-11-29,0
2010-11-30,23
2010-12-01,9
2010-12-02,27
2010-12-03,54
2010-12-04,9
2010-12-05,10
2010-12-06,42
2010-12-07,44
2010-12-08,45
2010-12-09,31
2010-12-10,29
2010-12-11,69
2010-12-12,83
2010-12-13,87
2010-12-14,131
2010-12-15,31
2010-12-16,41
2010-12-17,74
2010-12-18,157
2010-12-19,51
2010-12-20,66
2010-12-21,26
2010-12-22,90
2010-12-23,74
2010-12-24,41
2010-12-25,57
2010-12-26,44
2010-12-27,62
2010-12-28,50
2010-12-29,55
2010-12-30,93
2010-12-31,52
2011-01-01,17
2011-01-02,48
2011-01-03,51
2011-01-04,191
2011-01-05,16
2011-01-06,24
2011-01-07,47
2011-01-08,16
2011-01-09,5
2011-01-10,44
2011-01-11,16
2011-01-12,14
2011-01-13,92
2011-01-14,7
2011-01-15,18
2011-01-16,36
2011-01-17,32
2011-01-18,69
2011-01-19,22
2011-01-20,19
2011-01-21,38
2011-01-22,14
2011-01-23,91
2011-01-24,102
2011-01-25,57
2011-01-26,49
2011-01-27,158
2011-01-28,76
2011-01-29,33
2011-01-30,86
2011-01-31,272
2011-02-01,170
2011-02-02,187
2011-02-03,20
2011-02-04,72
2011-02-05,45
2011-02-06,66
2011-02-07,36
2011-02-08,126
2011-02-09,69
2011-02-10,18
2011-02-11,131
2011-02-12,70
2011-02-13,126
2011-02-14,48
2011-02-15,375
2011-02-16,38
2011-02-17,101
2011-02-18,20
2011-02-19,77
2011-02-20,111
2011-02-21,90
2011-02-22,20
2011-02-23,38
2011-02-24,59
2011-02-25,22
2011-02-26,74
2011-02-27,87
2011-02-28,153
2011-03-01,108
2011-03-02,37
2011-03-03,76
2011-03-04,760
2011-03-05,105
2011-03-06,305
2011-03-07,827
2011-03-08,953
2011-03-09,492
2011-03-10,516
2011-03-11,588
2011-03-12,915
2011-03-13,178
2011-03-14,238
2011-03-15,221
2011-03-16,183
2011-03-17,185
2011-03-18,153
2011-03-19,167
2011-03-20,136
2011-03-21,188
2011-03-22,577
2011-03-23,1482
2011-03-24,1244
2011-03-25,1064
2011-03-26,699
2011-03-27,404
2011-03-28,662
2011-03-29,389
2011-03-30,409
2011-03-31,646
2011-04-01,510
2011-04-02,573
2011-04-03,448
2011-04-04,693
2011-04-05,725
2011-04-06,684
2011-04-07,735
2011-04-08,510
2011-04-09,624
2011-04-10,687
2011-04-11,815
2011-04-12,564
2011-04-13,505
2011-04-14,475
2011-04-15,1324
2011-04-16,266
2011-04-17,371
2011-04-18,260
2011-04-19,322
2011-04-20,443
2011-04-21,552
2011-04-22,496
2011-04-23,701
2011-04-24,740
2011-04-25,503
2011-04-26,790
2011-04-27,402
2011-04-28,476
2011-04-29,547
2011-04-30,567
2011-05-01,573
2011-05-02,667
2011-05-03,437
2011-05-04,405
2011-05-05,553
2011-05-06,664
2011-05-07,567
2011-05-08,490
2011-05-09,658
2011-05-10,720
2011-05-11,570
2011-05-12,601
2011-05-13,515
2011-05-14,601
2011-05-15,775
2011-05-16,888
2011-05-17,750
2011-05-18,723
2011-05-19,856
2011-05-20,810
2011-05-21,844
2011-05-22,1088
2011-05-23,915
2011-05-24,775
2011-05-25,929
2011-05-26,807
2011-05-27,741
2011-05-28,737
2011-05-29,712
2011-05-30,739
2011-05-31,836
2011-06-01,795
2011-06-02,868
2011-06-03,776
2011-06-04,653
2011-06-05,859
2011-06-06,725
2011-06-07,690
2011-06-08,820
2011-06-09,791
2011-06-10,821
2011-06-11,815
2011-06-12,799
2011-06-13,859
2011-06-14,733
2011-06-15,650
2011-06-16,738
2011-06-17,595
2011-06-18,634
2011-06-19,582
2011-06-20,517
2011-06-21,477
2011-06-22,450
2011-06-23,406
2011-06-24,362
2011-06-25,383
2011-06-26,591
2011-06-27,584
2011-06-28,486
2011-06-29,440
2011-06-30,479
2011-07-01,449
2011-07-02,408
2011-07-03,390
2011-07-04,398
2011-07-05,400
2011-07-06,461
2011-07-07,364
2011-07-08,367
2011-07-09,367
2011-07-10,382
2011-07-11,327
2011-07-12,340
2011-07-13,359
2011-07-14,404
2011-07-15,351
2011-07-16,500
2011-07-17,294
2011-07-18,334
2011-07-19,284
2011-07-20,356
2011-07-21,273
2011-07-22,242
2011-07-23,361
2011-07-24,228
2011-07-25,319
2011-07-26,251
2011-07-27,206
2011-07-28,246
2011-07-29,204
2011-07-30,236
2011-07-31,217
2011-08-01,198
2011-08-02,207
2011-08-03,193
2011-08-04,232
2011-08-05,226
2011-08-06,207
2011-08-07,774
2011-08-08,238
2011-08-09,214
2011-08-10,284
2011-08-11,311
2011-08-12,230
2011-08-13,211
2011-08-14,229
2011-08-15,290
2011-08-16,259
2011-08-17,241
2011-08-18,197
2011-08-19,189
2011-08-20,220
2011-08-21,177
2011-08-22,170
2011-08-23,214
2011-08-24,220
2011-08-25,274
2011-08-26,191
2011-08-27,138
2011-08-28,168
2011-08-29,179
2011-08-30,158
2011-08-31,314
2011-09-01,199
2011-09-02,184
2011-09-03,235
2011-09-04,155
2011-09-05,187
2011-09-06,227
2011-09-07,188
2011-09-08,271
2011-09-09,162
2011-09-10,201
2011-09-11,184
2011-09-12,173
2011-09-13,175
2011-09-14,155
2011-09-15,146
2011-09-16,254
2011-09-17,189
2011-09-18,236
2011-09-19,219
2011-09-20,187
2011-09-21,164
2011-09-22,140
2011-09-23,148
2011-09-24,158
2011-09-25,254
2011-09-26,125
2011-09-27,123
2011-09-28,179
2011-09-29,177
2011-09-30,153
2011-10-01,156
2011-10-02,154
2011-10-03,151
2011-10-04,346
2011-10-05,147
2011-10-06,157
2011-10-07,321
2011-10-08,165
2011-10-09,149
2011-10-10,125
2011-10-11,140
2011-10-12,198
2011-10-13,186
2011-10-14,186
2011-10-15,128
2011-10-16,146
2011-10-17,151
2011-10-18,162
2011-10-19,136
2011-10-20,147
2011-10-21,319
2011-10-22,137
2011-10-23,131
2011-10-24,136
2011-10-25,150
2011-10-26,123
2011-10-27,139
2011-10-28,141
2011-10-29,135
2011-10-30,145
2011-10-31,160
2011-11-01,152
2011-11-02,218
2011-11-03,133
2011-11-04,118
2011-11-05,116
2011-11-06,154
2011-11-07,114
2011-11-08,148
2011-11-09,154
2011-11-10,120
2011-11-11,118
2011-11-12,95
2011-11-13,117
2011-11-14,130
2011-11-15,108
2011-11-16,109
2011-11-17,138
2011-11-18,137
2011-11-19,143
2011-11-20,157
2011-11-21,175
2011-11-22,127
2011-11-23,127
2011-11-24,158
2011-11-25,175
2011-11-26,194
2011-11-27,133
2011-11-28,124
2011-11-29,121
2011-11-30,163
2011-12-01,91
2011-12-02,153
2011-12-03,175
2011-12-04,183
2011-12-05,128
2011-12-06,118
2011-12-07,123
2011-12-08,144
2011-12-09,101
2011-12-10,129
2011-12-11,120
2011-12-12,8479
2011-12-13,7287
2011-12-14,179
2011-12-15,150
2011-12-16,369
2011-12-17,123
2011-12-18,168
2011-12-19,163
2011-12-20,152
2011-12-21,173
2011-12-22,180
2011-12-23,134
2011-12-24,114
2011-12-25,117
2011-12-26,130
2011-12-27,134
2011-12-28,135
2011-12-29,159
2011-12-30,161
2011-12-31,156
2012-01-01,166
2012-01-02,131
2012-01-03,190
2012-01-04,191
2012-01-05,487
2012-01-06,163
2012-01-07,173
2012-01-08,148
2012-01-09,110
2012-01-10,189
2012-01-11,118
2012-01-12,135
2012-01-13,1309
2012-01-14,426
2012-01-15,332
2012-01-16,816
2012-01-17,851
2012-01-18,246
2012-01-19,345
2012-01-20,868
2012-01-21,803
2012-01-22,151
2012-01-23,125
2012-01-24,173
2012-01-25,304
2012-01-26,266
2012-01-27,156
2012-01-28,723
2012-01-29,244
2012-01-30,7431
2012-01-31,1063
2012-02-01,246
2012-02-02,121
2012-02-03,335
2012-02-04,213
2012-02-05,259
2012-02-06,142
2012-02-07,160
2012-02-08,215
2012-02-09,166
2012-02-10,221
2012-02-11,108
2012-02-12,114
2012-02-13,122
2012-02-14,149
2012-02-15,353
2012-02-16,164
2012-02-17,205
2012-02-18,130
2012-02-19,118
2012-02-20,102
2012-02-21,157
2012-02-22,112
2012-02-23,111
2012-02-24,135
2012-02-25,133
2012-02-26,104
2012-02-27,126
2012-02-28,197
2012-02-29,115
2012-03-01,118
2012-03-02,191
2012-03-03,123
2012-03-04,145
2012-03-05,132
2012-03-06,154
2012-03-07,144
2012-03-08,136
2012-03-09,133
2012-03-10,132
2012-03-11,141
2012-03-12,115
2012-03-13,126
2012-03-14,295
2012-03-15,143
2012-03-16,117
2012-03-17,288
2012-03-18,116
2012-03-19,126
2012-03-20,139
2012-03-21,160
2012-03-22,106
2012-03-23,113
2012-03-24,161
2012-03-25,550
2012-03-26,247
2012-03-27,108
2012-03-28,145
2012-03-29,145
2012-03-30,136
2012-03-31,136
2012-04-01,167
2012-04-02,145
2012-04-03,137
2012-04-04,140
2012-04-05,152
2012-04-06,141
2012-04-07,138
2012-04-08,141
2012-04-09,142
2012-04-10,138
2012-04-11,184
2012-04-12,155
2012-04-13,155
2012-04-14,137
2012-04-15,170
2012-04-16,110
2012-04-17,146
2012-04-18,171
2012-04-19,145
2012-04-20,163
2012-04-21,166
2012-04-22,142
2012-04-23,167
2012-04-24,128
2012-04-25,190
2012-04-26,162
2012-04-27,312
2012-04-28,177
2012-04-29,214
2012-04-30,115
2012-05-01,122
2012-05-02,147
2012-05-03,149
2012-05-04,178
2012-05-05,166
2012-05-06,140
2012-05-07,130
2012-05-08,172
2012-05-09,164
2012-05-10,167
2012-05-11,161
2012-05-12,144
2012-05-13,140
2012-05-14,187
2012-05-15,221
2012-05-16,205
2012-05-17,147
2012-05-18,149
2012-05-19,157
2012-05-20,201
2012-05-21,147
2012-05-22,141
2012-05-23,124
2012-05-24,159
2012-05-25,161
2012-05-26,157
2012-05-27,150
2012-05-28,152
2012-05-29,154
2012-05-30,120
2012-05-31,165
2012-06-01,131
2012-06-02,136
2012-06-03,124
2012-06-04,131
2012-06-05,143
2012-06-06,161
2012-06-07,156
2012-06-08,149
2012-06-09,145
2012-06-10,160
2012-06-11,146
2012-06-12,129
2012-06-13,127
2012-06-14,157
2012-06-15,138
2012-06-16,137
2012-06-17,144
2012-06-18,140
2012-06-19,160
2012-06-20,152
2012-06-21,144
2012-06-22,255
2012-06-23,181
2012-06-24,168
2012-06-25,143
2012-06-26,126
2012-06-27,140
2012-06-28,134
2012-06-29,135
2012-06-30,125
2012-07-01,147
2012-07-02,124
2012-07-03,177
2012-07-04,122
2012-07-05,131
2012-07-06,133
2012-07-07,157
2012-07-08,397
2012-07-09,132
2012-07-10,141
2012-07-11,157
2012-07-12,140
2012-07-13,124
2012-07-14,126
2012-07-15,166
2012-07-16,148
2012-07-17,148
2012-07-18,129
2012-07-19,178
2012-07-20,187
2012-07-21,184
2012-07-22,135
2012-07-23,149
2012-07-24,135
2012-07-25,131
2012-07-26,131
2012-07-27,136
2012-07-28,156
2012-07-29,142
2012-07-30,124
2012-07-31,128
2012-08-01,122
2012-08-02,149
2012-08-03,133
2012-08-04,211
2012-08-05,130
2012-08-06,187
2012-08-07,176
2012-08-08,161
2012-08-09,322
2012-08-10,352
2012-08-11,132
2012-08-12,143
2012-08-13,123
2012-08-14,125
2012-08-15,144
2012-08-16,137
2012-08-17,152
2012-08-18,170
2012-08-19,118
2012-08-20,120
2012-08-21,170
2012-08-22,145
2012-08-23,147
2012-08-24,164
2012-08-25,153
2012-08-26,172
2012-08-27,168
2012-08-28,207
2012-08-29,198
2012-08-30,176
2012-08-31,210
2012-09-01,182
2012-09-02,217
2012-09-03,209
2012-09-04,208
2012-09-05,165
2012-09-06,146
2012-09-07,144
2012-09-08,142
2012-09-09,171
2012-09-10,171
2012-09-11,166
2012-09-12,190
2012-09-13,170
2012-09-14,149
2012-09-15,124
2012-09-16,128
2012-09-17,112
2012-09-18,134
2012-09-19,158
2012-09-20,153
2012-09-21,145
2012-09-22,208
2012-09-23,135
2012-09-24,141
2012-09-25,217
2012-09-26,146
2012-09-27,135
2012-09-28,129
2012-09-29,392
2012-09-30,127
2012-10-01,111
2012-10-02,137
2012-10-03,197
2012-10-04,137
2012-10-05,829
2012-10-06,174
2012-10-07,146
2012-10-08,161
2012-10-09,160
2012-10-10,157
2012-10-11,165
2012-10-12,180
2012-10-13,151
2012-10-14,139
2012-10-15,134
2012-10-16,147
2012-10-17,155
2012-10-18,415
2012-10-19,121
2012-10-20,121
2012-10-21,124
2012-10-22,132
2012-10-23,135
2012-10-24,132
2012-10-25,139
2012-10-26,126
2012-10-27,171
2012-10-28,149
2012-10-29,151
2012-10-30,152
2012-10-31,169
2012-11-01,173
2012-11-02,185
2012-11-03,202
2012-11-04,173
2012-11-05,167
2012-11-06,166
2012-11-07,175
2012-11-08,176
2012-11-09,164
2012-11-10,168
2012-11-11,168
2012-11-12,166
2012-11-13,162
2012-11-14,168
2012-11-15,174
2012-11-16,194
2012-11-17,178
2012-11-18,149
2012-11-19,181
2012-11-20,166
2012-11-21,172
2012-11-22,166
2012-11-23,155
2012-11-24,161
2012-11-25,160
2012-11-26,169
2012-11-27,160
2012-11-28,628
2012-11-29,254
2012-11-30,170
2012-12-01,170
2012-12-02,171
2012-12-03,159
2012-12-04,174
2012-12-05,183
2012-12-06,164
2012-12-07,176
2012-12-08,169
2012-12-09,177
2012-12-10,165
2012-12-11,183
2012-12-12,184
2012-12-13,165
2012-12-14,233
2012-12-15,179
2012-12-16,170
2012-12-17,175
2012-12-18,184
2012-12-19,177
2012-12-20,181
2012-12-21,188
2012-12-22,193
2012-12-23,191
2012-12-24,193
2012-12-25,155
2012-12-26,188
2012-12-27,160
2012-12-28,181
2012-12-29,173
2012-12-30,168
2012-12-31,183
2013-01-01,173
2013-01-02,179
2013-01-03,183
2013-01-04,215
2013-01-05,177
2013-01-06,189
2013-01-07,239
2013-01-08,200
2013-01-09,166
2013-01-10,167
2013-01-11,648
2013-01-12,195
2013-01-13,180
2013-01-14,181
2013-01-15,178
2013-01-16,171
2013-01-17,174
2013-01-18,171
2013-01-19,165
2013-01-20,265
2013-01-21,175
2013-01-22,162
2013-01-23,169
2013-01-24,193
2013-01-25,188
2013-01-26,185
2013-01-27,201
2013-01-28,195
2013-01-29,176
2013-01-30,198
2013-01-31,178
2013-02-01,200
2013-02-02,199
2013-02-03,303
2013-02-04,188
2013-02-05,180
2013-02-06,180
2013-02-07,169
2013-02-08,179
2013-02-09,179
2013-02-10,177
2013-02-11,183
2013-02-12,187
2013-02-13,180
2013-02-14,207
2013-02-15,183
2013-02-16,220
2013-02-17,219
2013-02-18,195
2013-02-19,194
2013-02-20,180
2013-02-21,174
2013-02-22,207
2013-02-23,188
2013-02-24,179
2013-02-25,180
2013-02-26,219
2013-02-27,195
2013-02-28,203
2013-03-01,199
2013-03-02,229
2013-03-03,194
2013-03-04,178
2013-03-05,188
2013-03-06,188
2013-03-07,522
2013-03-08,191
2013-03-09,184
2013-03-10,197
2013-03-11,180
2013-03-12,224
2013-03-13,221
2013-03-14,200
2013-03-15,188
2013-03-16,220
2013-03-17,180
2013-03-18,186
2013-03-19,183
2013-03-20,231
2013-03-21,169
2013-03-22,182
2013-03-23,226
2013-03-24,194
2013-03-25,165
2013-03-26,183
2013-03-27,185
2013-03-28,240
2013-03-29,192
2013-03-30,196
2013-03-31,195
2013-04-01,187
2013-04-02,156
2013-04-03,192
2013-04-04,235
2013-04-05,210
2013-04-06,190
2013-04-07,150
2013-04-08,160
2013-04-09,153
2013-04-10,156
2013-04-11,204
2013-04-12,180
2013-04-13,203
2013-04-14,167
2013-04-15,196
2013-04-16,279
2013-04-17,169
2013-04-18,285
2013-04-19,201
2013-04-20,191
2013-04-21,191
2013-04-22,151
2013-04-23,206
2013-04-24,210
2013-04-25,185
2013-04-26,200
2013-04-27,150
2013-04-28,182
2013-04-29,154
2013-04-30,174
2013-05-01,170
2013-05-02,190
2013-05-03,170
2013-05-04,181
2013-05-05,188
2013-05-06,174
2013-05-07,163
2013-05-08,162
2013-05-09,204
2013-05-10,211
2013-05-11,210
2013-05-12,165
2013-05-13,186
2013-05-14,198
2013-05-15,185
2013-05-16,197
2013-05-17,259
2013-05-18,198
2013-05-19,159
2013-05-20,215
2013-05-21,186
2013-05-22,177
2013-05-23,201
2013-05-24,199
2013-05-25,182
2013-05-26,193
2013-05-27,146
2013-05-28,187
2013-05-29,205
2013-05-30,193
2013-05-31,170
2013-06-01,174
2013-06-02,155
2013-06-03,201
2013-06-04,220
2013-06-05,196
2013-06-06,222
2013-06-07,158
2013-06-08,175
2013-06-09,192
2013-06-10,165
2013-06-11,172
2013-06-12,212
2013-06-13,197
2013-06-14,200
2013-06-15,156
2013-06-16,197
2013-06-17,159
2013-06-18,178
2013-06-19,185
2013-06-20,168
2013-06-21,290
2013-06-22,187
2013-06-23,272
2013-06-24,185
2013-06-25,192
2013-06-26,170
2013-06-27,190
2013-06-28,143
2013-06-29,209
2013-06-30,138
2013-07-01,212
2013-07-02,130
2013-07-03,199
2013-07-04,177
2013-07-05,146
2013-07-06,193
2013-07-07,190
2013-07-08,130
2013-07-09,182
2013-07-10,182
2013-07-11,145
2013-07-12,175
2013-07-13,133
2013-07-14,185
2013-07-15,139
2013-07-16,130
2013-07-17,196
2013-07-18,181
2013-07-19,199
2013-07-20,128
2013-07-21,148
2013-07-22,150
2013-07-23,181
2013-07-24,169
2013-07-25,139
2013-07-26,164
2013-07-27,117
2013-07-28,190
2013-07-29,143
2013-07-30,149
2013-07-31,190
2013-08-01,208
2013-08-02,159
2013-08-03,126
2013-08-04,125
2013-08-05,154
2013-08-06,121
2013-08-07,174
2013-08-08,125
2013-08-09,190
2013-08-10,199
2013-08-11,126
2013-08-12,188
2013-08-13,87
2013-08-14,117
2013-08-15,184
2013-08-16,228
2013-08-17,154
2013-08-18,118
2013-08-19,181
2013-08-20,155
2013-08-21,119
2013-08-22,119
2013-08-23,136
2013-08-24,130
2013-08-25,116
2013-08-26,138
2013-08-27,165
2013-08-28,133
2013-08-29,911
2013-08-30,109
2013-08-31,153
2013-09-01,144
2013-09-02,119
2013-09-03,207
2013-09-04,124
2013-09-05,112
2013-09-06,128
2013-09-07,123
2013-09-08,107
2013-09-09,128
2013-09-10,120
2013-09-11,107
2013-09-12,105
2013-09-13,124
2013-09-14,101
2013-09-15,104
2013-09-16,110
2013-09-17,164
2013-09-18,1026
2013-09-19,405
2013-09-20,340
2013-09-21,102
2013-09-22,114
2013-09-23,115
2013-09-24,136
2013-09-25,110
2013-09-26,128
2013-09-27,104
2013-09-28,379
2013-09-29,129
2013-09-30,133
2013-10-01,119
2013-10-02,149
2013-10-03,129
2013-10-04,127
2013-10-05,106
2013-10-06,124
2013-10-07,102
2013-10-08,141
2013-10-09,83
2013-10-10,129
2013-10-11,115
2013-10-12,98
2013-10-13,132
2013-10-14,124
2013-10-15,116
2013-10-16,147
2013-10-17,192
2013-10-18,163
2013-10-19,140
2013-10-20,125
2013-10-21,118
2013-10-22,127
2013-10-23,125
2013-10-24,155
2013-10-25,148
2013-10-26,172
2013-10-27,154
2013-10-28,277
2013-10-29,131
2013-10-30,147
2013-10-31,123
2013-11-01,105
2013-11-02,159
2013-11-03,110
2013-11-04,208
2013-11-05,217
2013-11-06,173
2013-11-07,478
2013-11-08,412
2013-11-09,344
2013-11-10,189
2013-11-11,157
2013-11-12,221
2013-11-13,79
2013-11-14,73
2013-11-15,69
2013-11-16,59
2013-11-17,63
2013-11-18,66
2013-11-19,72
2013-11-20,59
2013-11-21,67
2013-11-22,64
2013-11-23,59
2013-11-24,59
2013-11-25,57
2013-11-26,60
2013-11-27,62
2013-11-28,68
2013-11-29,68
2013-11-30,60
2013-12-01,57
2013-12-02,52
2013-12-03,58
2013-12-04,55
2013-12-05,52
2013-12-06,56
2013-12-07,54
2013-12-08,118
2013-12-09,49
2013-12-10,55
2013-12-11,49
2013-12-12,55
2013-12-13,51
2013-12-14,49
2013-12-15,38
2013-12-16,38
2013-12-17,43
2013-12-18,44
2013-12-19,46
2013-12-20,49
2013-12-21,50
2013-12-22,44
2013-12-23,42
2013-12-24,42
2013-12-25,42
2013-12-26,43
2013-12-27,45
2013-12-28,46
2013-12-29,44
2013-12-30,49
2013-12-31,39
2014-01-01,42
2014-01-02,43
2014-01-03,49
2014-01-04,43
2014-01-05,47
2014-01-06,43
2014-01-07,78
2014-01-08,50
2014-01-09,46
2014-01-10,44
2014-01-11,45
2014-01-12,42
2014-01-13,45
2014-01-14,43
2014-01-15,57
2014-01-16,57
2014-01-17,45
2014-01-18,51
2014-01-19,53
2014-01-20,44
2014-01-21,43
2014-01-22,42
2014-01-23,45
2014-01-24,51
2014-01-25,47
2014-01-26,43
2014-01-27,43
2014-01-28,41
2014-01-29,43
2014-01-30,45
2014-01-31,43
2014-02-01,47
2014-02-02,40
2014-02-03,37
2014-02-04,37
2014-02-05,38
2014-02-06,37
2014-02-07,39
2014-02-08,40
2014-02-09,37
2014-02-10,37
2014-02-11,40
2014-02-12,40
2014-02-13,36
2014-02-14,36
2014-02-15,40
2014-02-16,37
2014-02-17,41
2014-02-18,70
2014-02-19,36
2014-02-20,36
2014-02-21,36
2014-02-22,36
2014-02-23,37
2014-02-24,34
2014-02-25,35
2014-02-26,39
2014-02-27,35
2014-02-28,37
2014-03-01,38
2014-03-02,34
2014-03-03,32
2014-03-04,35
2014-03-05,33
2014-03-06,32
2014-03-07,35
2014-03-08,34
2014-03-09,33
2014-03-10,34
2014-03-11,39
2014-03-12,36
2014-03-13,38
2014-03-14,35
2014-03-15,34
2014-03-16,36
2014-03-17,43
2014-03-18,39
2014-03-19,38
2014-03-20,38
2014-03-21,36
2014-03-22,34
2014-03-23,43
2014-03-24,36
2014-03-25,32
2014-03-26,37
2014-03-27,39
2014-03-28,33
2014-03-29,32
2014-03-30,33
2014-03-31,33
2014-04-01,34
2014-04-02,33
2014-04-03,34
2014-04-04,37
2014-04-05,35
2014-04-06,34
2014-04-07,32
2014-04-08,39
2014-04-09,37
2014-04-10,53
2014-04-11,36
2014-04-12,37
2014-04-13,34
2014-04-14,34
2014-04-15,37
2014-04-16,37
2014-04-17,33
2014-04-18,40
2014-04-19,37
2014-04-20,41
2014-04-21,36
2014-04-22,38
2014-04-23,37
2014-04-24,34
2014-04-25,36
2014-04-26,33
2014-04-27,31
2014-04-28,37
2014-04-29,35
2014-04-30,32
2014-05-01,35
2014-05-02,32
2014-05-03,35
2014-05-04,35
2014-05-05,32
2014-05-06,37
2014-05-07,35
2014-05-08,35
2014-05-09,35
2014-05-10,42
2014-05-11,33
2014-05-12,30
2014-05-13,33
2014-05-14,33
2014-05-15,31
2014-05-16,30
2014-05-17,31
2014-05-18,28
2014-05-19,28
2014-05-20,28
2014-05-21,30
2014-05-22,31
2014-05-23,30
2014-05-24,31
2014-05-25,38
2014-05-26,29
2014-05-27,32
2014-05-28,30
2014-05-29,33
2014-05-30,31
2014-05-31,31
2014-06-01,32
2014-06-02,30
2014-06-03,31
2014-06-04,32
2014-06-05,33
2014-06-06,31
2014-06-07,28
2014-06-08,31
2014-06-09,28
2014-06-10,31
2014-06-11,29
2014-06-12,30
2014-06-13,33
2014-06-14,31
2014-06-15,29
2014-06-16,29
2014-06-17,29
2014-06-18,31
2014-06-19,35
2014-06-20,31
2014-06-21,32
2014-06-22,29
2014-06-23,28
2014-06-24,32
2014-06-25,29
2014-06-26,33
2014-06-27,29
2014-06-28,30
2014-06-29,29
2014-06-30,28
2014-07-01,27
2014-07-02,30
2014-07-03,32
2014-07-04,29
2014-07-05,31
2014-07-06,29
2014-07-07,28
2014-07-08,30
2014-07-09,28
2014-07-10,28
2014-07-11,29
2014-07-12,30
2014-07-13,29
2014-07-14,28
2014-07-15,33
2014-07-16,31
2014-07-17,33
2014-07-18,30
2014-07-19,31
2014-07-20,31
2014-07-21,27
2014-07-22,28
2014-07-23,30
2014-07-24,29
2014-07-25,28
2014-07-26,28
2014-07-27,28
2014-07-28,27
2014-07-29,27
2014-07-30,29
2014-07-31,27
2014-08-01,28
2014-08-02,28
2014-08-03,28
2014-08-04,28
2014-08-05,29
2014-08-06,28
2014-08-07,28
2014-08-08,27
2014-08-09,28
2014-08-10,27
2014-08-11,27
2014-08-12,27
2014-08-13,28
2014-08-14,27
2014-08-15,26
2014-08-16,29
2014-08-17,26
2014-08-18,103
2014-08-19,28
2014-08-20,31
2014-08-21,29
2014-08-22,28
2014-08-23,28
2014-08-24,27
2014-08-25,37
2014-08-26,31
2014-08-27,27
2014-08-28,27
2014-08-29,27
2014-08-30,29
2014-08-31,27
2014-09-01,27
2014-09-02,27
2014-09-03,28
2014-09-04,27
2014-09-05,28
2014-09-06,28
2014-09-07,56
2014-09-08,26
2014-09-09,28
2014-09-10,27
2014-09-11,27
2014-09-12,28
2014-09-13,29
2014-09-14,29
2014-09-15,26
2014-09-16,27
2014-09-17,28
2014-09-18,27
2014-09-19,29
2014-09-20,28
2014-09-21,28
2014-09-22,26
2014-09-23,27
2014-09-24,28
2014-09-25,28
2014-09-26,27
2014-09-27,114
2014-09-28,27
2014-09-29,26
2014-09-30,27
2014-10-01,27
2014-10-02,28
2014-10-03,27
2014-10-04,29
2014-10-05,29
2014-10-06,26
2014-10-07,29
2014-10-08,29
2014-10-09,29
2014-10-10,31
2014-10-11,30
2014-10-12,29
2014-10-13,26
2014-10-14,28
2014-10-15,27
2014-10-16,28
2014-10-17,29
2014-10-18,28
2014-10-19,28
2014-10-20,25
2014-10-21,28
2014-10-22,27
2014-10-23,28
2014-10-24,28
2014-10-25,29
2014-10-26,27
2014-10-27,27
2014-10-28,27
2014-10-29,27
2014-10-30,29
2014-10-31,27
2014-11-01,27
2014-11-02,33
2014-11-03,26
2014-11-04,32
2014-11-05,28
2014-11-06,28
2014-11-07,27
2014-11-08,27
2014-11-09,27
2014-11-10,32
2014-11-11,27
2014-11-12,27
2014-11-13,28
2014-11-14,26
2014-11-15,26
2014-11-16,28
2014-11-17,27
2014-11-18,26
2014-11-19,26
2014-11-20,28
2014-11-21,27
2014-11-22,27
2014-11-23,27
2014-11-24,25
2014-11-25,26
2014-11-26,24
2014-11-27,26
2014-11-28,25
2014-11-29,24
2014-11-30,26
2014-12-01,22
2014-12-02,25
2014-12-03,24
2014-12-04,25
2014-12-05,27
2014-12-06,24
2014-12-07,25
2014-12-08,24
2014-12-09,28
2014-12-10,25
2014-12-11,25
2014-12-12,25
2014-12-13,24
2014-12-14,25
2014-12-15,23
2014-12-16,24
2014-12-17,24
2014-12-18,26
2014-12-19,25
2014-12-20,27
2014-12-21,24
2014-12-22,24
2014-12-23,24
2014-12-24,24
2014-12-25,25
2014-12-26,25
2014-12-27,46
2014-12-28,38
2014-12-29,26
2014-12-30,33
2014-12-31,27
2015-01-01,28
2015-01-02,26
2015-01-03,27
2015-01-04,25
2015-01-05,46
2015-01-06,28
2015-01-07,26
2015-01-08,28
2015-01-09,28
2015-01-10,27
2015-01-11,26
2015-01-12,26
2015-01-13,59
2015-01-14,26
2015-01-15,25
2015-01-16,27
2015-01-17,26
2015-01-18,25
2015-01-19,28
2015-01-20,25
2015-01-21,27
2015-01-22,26
2015-01-23,25
2015-01-24,28
2015-01-25,24
2015-01-26,23
2015-01-27,25
2015-01-28,25
2015-01-29,26
2015-01-30,26
2015-01-31,26
2015-02-01,24
2015-02-02,24
2015-02-03,26
2015-02-04,25
2015-02-05,25
2015-02-06,26
2015-02-07,25
2015-02-08,26
2015-02-09,22
2015-02-10,25
2015-02-11,25
2015-02-12,26
2015-02-13,25
2015-02-14,23
2015-02-15,23
2015-02-16,21
2015-02-17,24
2015-02-18,24
2015-02-19,25
2015-02-20,26
2015-02-21,25
2015-02-22,23
2015-02-23,23
2015-02-24,25
2015-02-25,26
2015-02-26,27
2015-02-27,26
2015-02-28,25
2015-03-01,22
2015-03-02,25
2015-03-03,24
2015-03-04,24
2015-03-05,26
2015-03-06,24
2015-03-07,28
2015-03-08,24
2015-03-09,24
2015-03-10,25
2015-03-11,25
2015-03-12,24
2015-03-13,24
2015-03-14,25
2015-03-15,24
2015-03-16,24
2015-03-17,25
2015-03-18,27
2015-03-19,26
2015-03-20,26
2015-03-21,29
2015-03-22,26
2015-03-23,24
2015-03-24,29
2015-03-25,27
2015-03-26,31
2015-03-27,27
2015-03-28,27
2015-03-29,25
2015-03-30,24
2015-03-31,26
2015-04-01,27
2015-04-02,27
2015-04-03,26
2015-04-04,25
2015-04-05,26
2015-04-06,27
2015-04-07,27
2015-04-08,26
2015-04-09,28
2015-04-10,32
2015-04-11,50
2015-04-12,30
2015-04-13,29
2015-04-14,27
2015-04-15,27
2015-04-16,28
2015-04-17,28
2015-04-18,27
2015-04-19,25
2015-04-20,24
2015-04-21,28
2015-04-22,26
2015-04-23,27
2015-04-24,26
2015-04-25,26
2015-04-26,182
2015-04-27,25
2015-04-28,26
2015-04-29,27
2015-04-30,27
2015-05-01,29
2015-05-02,27
2015-05-03,26
2015-05-04,25
2015-05-05,27
2015-05-06,27
2015-05-07,27
2015-05-08,27
2015-05-09,28
2015-05-10,27
2015-05-11,29
2015-05-12,28
2015-05-13,27
2015-05-14,27
2015-05-15,27
2015-05-16,28
2015-05-17,25
2015-05-18,25
2015-05-19,28
2015-05-20,27
2015-05-21,27
2015-05-22,28
2015-05-23,27
2015-05-24,26
2015-05-25,23
2015-05-26,26
2015-05-27,30
2015-05-28,27
2015-05-29,27
2015-05-30,28
2015-05-31,25
2015-06-01,71
2015-06-02,31
2015-06-03,26
2015-06-04,27
2015-06-05,28
2015-06-06,27
2015-06-07,28
2015-06-08,24
2015-06-09,30
2015-06-10,28
2015-06-11,24
2015-06-12,28
2015-06-13,27
2015-06-14,28
2015-06-15,27
2015-06-16,27
2015-06-17,32
2015-06-18,27
2015-06-19,36
2015-06-20,36
2015-06-21,26
2015-06-22,25
2015-06-23,30
2015-06-24,26
2015-06-25,27
2015-06-26,31
2015-06-27,28
2015-06-28,27
2015-06-29,27
2015-06-30,28
2015-07-01,34
2015-07-02,25
2015-07-03,33
2015-07-04,33
2015-07-05,30
2015-07-06,34
2015-07-07,40
2015-07-08,42
2015-07-09,42
2015-07-10,41
2015-07-11,37
2015-07-12,36
2015-07-13,41
2015-07-14,31
2015-07-15,29
2015-07-16,25
2015-07-17,29
2015-07-18,24
2015-07-19,45
2015-07-20,21
2015-07-21,59
2015-07-22,38
2015-07-23,38
2015-07-24,47
2015-07-25,37
2015-07-26,37
2015-07-27,33
2015-07-28,40
2015-07-29,35
2015-07-30,30
2015-07-31,33
2015-08-01,33
2015-08-02,29
2015-08-03,32
2015-08-04,38
2015-08-05,33
2015-08-06,32
2015-08-07,33
2015-08-08,37
2015-08-09,40
2015-08-10,36
2015-08-11,38
2015-08-12,39
2015-08-13,40
2015-08-14,38
2015-08-15,40
2015-08-16,38
2015-08-17,36
2015-08-18,38
2015-08-19,38
2015-08-20,37
2015-08-21,42
2015-08-22,38
2015-08-23,37
2015-08-24,38
2015-08-25,37
2015-08-26,39
2015-08-27,40
2015-08-28,40
2015-08-29,38
2015-08-30,38
2015-08-31,35
2015-09-01,38
2015-09-02,37
2015-09-03,45
2015-09-04,38
2015-09-05,45
2015-09-06,42
2015-09-07,37
2015-09-08,40
2015-09-09,27
2015-09-10,25
2015-09-11,23
2015-09-12,34
2015-09-13,33
2015-09-14,27
2015-09-15,28
2015-09-16,26
2015-09-17,27
2015-09-18,27
2015-09-19,31
2015-09-20,37
2015-09-21,35
2015-09-22,36
2015-09-23,37
2015-09-24,35
2015-09-25,36
2015-09-26,38
2015-09-27,39
2015-09-28,34
2015-09-29,36
2015-09-30,34
2015-10-01,35
2015-10-02,42
2015-10-03,36
2015-10-04,38
2015-10-05,34
2015-10-06,36
2015-10-07,33
2015-10-08,27
2015-10-09,29
2015-10-10,31
2015-10-11,24
2015-10-12,24
2015-10-13,31
2015-10-14,33
2015-10-15,34
2015-10-16,32
2015-10-17,34
2015-10-18,34
2015-10-19,29
2015-10-20,34
2015-10-21,36
2015-10-22,34
2015-10-23,37
2015-10-24,35
2015-10-25,35
2015-10-26,30
2015-10-27,34
2015-10-28,36
2015-10-29,37
2015-10-30,38
2015-10-31,36
2015-11-01,36
2015-11-02,33
2015-11-03,35
2015-11-04,36
2015-11-05,34
2015-11-06,31
2015-11-07,34
2015-11-08,32
2015-11-09,31
2015-11-10,32
2015-11-11,33
2015-11-12,32
2015-11-13,31
2015-11-14,32
2015-11-15,32
2015-11-16,29
2015-11-17,31
2015-11-18,31
2015-11-19,30
2015-11-20,31
2015-11-21,31
2015-11-22,29
2015-11-23,31
2015-11-24,31
2015-11-25,31
2015-11-26,32
2015-11-27,29
2015-11-28,31
2015-11-29,31
2015-11-30,33
2015-12-01,32
2015-12-02,33
2015-12-03,31
2015-12-04,33
2015-12-05,32
2015-12-06,31
2015-12-07,32
2015-12-08,33
2015-12-09,31
2015-12-10,32
2015-12-11,32
2015-12-12,42
2015-12-13,33
2015-12-14,33
2015-12-15,34
2015-12-16,35
2015-12-17,34
2015-12-18,36
2015-12-19,37
2015-12-20,34
2015-12-21,34
2015-12-22,36
2015-12-23,35
2015-12-24,36
2015-12-25,36
2015-12-26,35
2015-12-27,34
2015-12-28,29
2015-12-29,31
2015-12-30,32
2015-12-31,34
2016-01-01,32
2016-01-02,30
2016-01-03,37
2016-01-04,30
2016-01-05,30
2016-01-06,32
2016-01-07,33
2016-01-08,35
2016-01-09,32
2016-01-10,31
2016-01-11,30
2016-01-12,32
2016-01-13,34
2016-01-14,35
2016-01-15,33
2016-01-16,38
2016-01-17,32
2016-01-18,32
2016-01-19,35
2016-01-20,38
2016-01-21,36
2016-01-22,43
2016-01-23,39
2016-01-24,38
2016-01-25,38
2016-01-26,39
2016-01-27,39
2016-01-28,44
2016-01-29,40
2016-01-30,40
2016-01-31,37
2016-02-01,34
2016-02-02,46
2016-02-03,40
2016-02-04,39
2016-02-05,35
2016-02-06,35
2016-02-07,34
2016-02-08,32
2016-02-09,35
2016-02-10,34
2016-02-11,37
2016-02-12,36
2016-02-13,37
2016-02-14,35
2016-02-15,34
2016-02-16,37
2016-02-17,40
2016-02-18,36
2016-02-19,40
2016-02-20,41
2016-02-21,38
2016-02-22,37
2016-02-23,40
2016-02-24,41
2016-02-25,42
2016-02-26,37
2016-02-27,40
2016-02-28,38
2016-02-29,43
2016-03-01,45
2016-03-02,47
2016-03-03,65
2016-03-04,46
2016-03-05,41
2016-03-06,53
2016-03-07,42
2016-03-08,47
2016-03-09,42
2016-03-10,44
2016-03-11,39
2016-03-12,41
2016-03-13,41
2016-03-14,42
2016-03-15,37
2016-03-16,41
2016-03-17,47
2016-03-18,44
2016-03-19,43
2016-03-20,39
2016-03-21,35
2016-03-22,40
2016-03-23,40
2016-03-24,38
2016-03-25,39
2016-03-26,36
2016-03-27,38
2016-03-28,35
2016-03-29,41
2016-03-30,44
2016-03-31,41
2016-04-01,44
2016-04-02,45
2016-04-03,45
2016-04-04,41
2016-04-05,41
2016-04-06,42
2016-04-07,53
2016-04-08,42
2016-04-09,42
2016-04-10,36
2016-04-11,35
2016-04-12,43
2016-04-13,41
2016-04-14,39
2016-04-15,39
2016-04-16,40
2016-04-17,37
2016-04-18,33
2016-04-19,42
2016-04-20,39
2016-04-21,37
2016-04-22,38
2016-04-23,39
2016-04-24,35
2016-04-25,34
2016-04-26,39
2016-04-27,275
2016-04-28,41
2016-04-29,41
2016-04-30,39
2016-05-01,37
2016-05-02,35
2016-05-03,39
2016-05-04,38
2016-05-05,40
2016-05-06,41
2016-05-07,40
2016-05-08,38
2016-05-09,36
2016-05-10,37
2016-05-11,42
2016-05-12,43
2016-05-13,43
2016-05-14,41
2016-05-15,41
2016-05-16,43
2016-05-17,47
2016-05-18,48
2016-05-19,44
2016-05-20,48
2016-05-21,46
2016-05-22,43
2016-05-23,39
2016-05-24,48
2016-05-25,48
2016-05-26,50
2016-05-27,50
2016-05-28,54
2016-05-29,46
2016-05-30,49
2016-05-31,44
2016-06-01,48
2016-06-02,47
2016-06-03,51
2016-06-04,46
2016-06-05,47
2016-06-06,43
2016-06-07,43
2016-06-08,47
2016-06-09,44
2016-06-10,44
2016-06-11,44
2016-06-12,43
2016-06-13,44
2016-06-14,43
2016-06-15,55
2016-06-16,60
2016-06-17,58
2016-06-18,57
2016-06-19,52
2016-06-20,49
2016-06-21,59
2016-06-22,57
2016-06-23,65
2016-06-24,57
2016-06-25,61
2016-06-26,48
2016-06-27,49
2016-06-28,54
2016-06-29,51
2016-06-30,56
2016-07-01,52
2016-07-02,50
2016-07-03,51
2016-07-04,49
2016-07-05,49
2016-07-06,49
2016-07-07,50
2016-07-08,50
2016-07-09,50
2016-07-10,48
2016-07-11,43
2016-07-12,50
2016-07-13,46
2016-07-14,51
2016-07-15,52
2016-07-16,51
2016-07-17,47
2016-07-18,45
2016-07-19,49
2016-07-20,56
2016-07-21,54
2016-07-22,57
2016-07-23,60
2016-07-24,54
2016-07-25,52
2016-07-26,58
2016-07-27,59
2016-07-28,63
2016-07-29,61
2016-07-30,60
2016-07-31,63
2016-08-01,60
2016-08-02,57
2016-08-03,62
2016-08-04,58
2016-08-05,58
2016-08-06,64
2016-08-07,57
2016-08-08,59
2016-08-09,70
2016-08-10,67
2016-08-11,61
2016-08-12,62
2016-08-13,59
2016-08-14,58
2016-08-15,58
2016-08-16,59
2016-08-17,66
2016-08-18,63
2016-08-19,62
2016-08-20,66
2016-08-21,56
2016-08-22,51
2016-08-23,52
2016-08-24,56
2016-08-25,56
2016-08-26,57
2016-08-27,57
2016-08-28,56
2016-08-29,53
2016-08-30,54
2016-08-31,52
2016-09-01,56
2016-09-02,53
2016-09-03,51
2016-09-04,53
2016-09-05,45
2016-09-06,52
2016-09-07,51
2016-09-08,52
2016-09-09,51
2016-09-10,55
2016-09-11,51
2016-09-12,49
2016-09-13,49
2016-09-14,53
2016-09-15,52
2016-09-16,52
2016-09-17,60
2016-09-18,47
2016-09-19,53
2016-09-20,60
2016-09-21,58
2016-09-22,55
2016-09-23,57
2016-09-24,56
2016-09-25,55
2016-09-26,47
2016-09-27,51
2016-09-28,50
2016-09-29,56
2016-09-30,57
2016-10-01,58
2016-10-02,53
2016-10-03,54
2016-10-04,57
2016-10-05,54
2016-10-06,55
2016-10-07,58
2016-10-08,58
2016-10-09,53
2016-10-10,53
2016-10-11,64
2016-10-12,63
2016-10-13,56
2016-10-14,57
2016-10-15,58
2016-10-16,57
2016-10-17,58
2016-10-18,62
2016-10-19,59
2016-10-20,65
2016-10-21,67
2016-10-22,58
2016-10-23,55
2016-10-24,61
2016-10-25,64
2016-10-26,76
2016-10-27,92
2016-10-28,70
2016-10-29,66
2016-10-30,63
2016-10-31,59
2016-11-01,64
2016-11-02,65
2016-11-03,65
2016-11-04,62
2016-11-05,75
2016-11-06,64
2016-11-07,63
2016-11-08,71
2016-11-09,61
2016-11-10,64
2016-11-11,61
2016-11-12,60
2016-11-13,55
2016-11-14,56
2016-11-15,59
2016-11-16,61
2016-11-17,59
2016-11-18,62
2016-11-19,60
2016-11-20,60
2016-11-21,64
2016-11-22,74
2016-11-23,78
2016-11-24,79
2016-11-25,87
2016-11-26,97
2016-11-27,69
2016-11-28,70
2016-11-29,73
2016-11-30,75
2016-12-01,76
2016-12-02,80
2016-12-03,86
2016-12-04,66
2016-12-05,74
2016-12-06,80
2016-12-07,82
2016-12-08,70
2016-12-09,72
2016-12-10,76
2016-12-11,73
2016-12-12,60
2016-12-13,74
2016-12-14,68
2016-12-15,76
2016-12-16,82
2016-12-17,76
2016-12-18,68
2016-12-19,67
2016-12-20,76
2016-12-21,76
2016-12-22,75
2016-12-23,73
2016-12-24,74
2016-12-25,71
2016-12-26,59
2016-12-27,73
2016-12-28,72
2016-12-29,73
2016-12-30,76
2016-12-31,73
2017-01-01,68
2017-01-02,62
2017-01-03,74
2017-01-04,81
2017-01-05,126
2017-01-06,85
2017-01-07,79
2017-01-08,78
2017-01-09,67
2017-01-10,83
2017-01-11,77
2017-01-12,79
2017-01-13,76
2017-01-14,77
2017-01-15,69
2017-01-16,72
2017-01-17,81
2017-01-18,76
2017-01-19,80
2017-01-20,78
2017-01-21,76
2017-01-22,76
2017-01-23,74
2017-01-24,88
2017-01-25,99
2017-01-26,91
2017-01-27,79
2017-01-28,81
2017-01-29,91
2017-01-30,83
2017-01-31,99
2017-02-01,103
2017-02-02,84
2017-02-03,101
2017-02-04,111
2017-02-05,101
2017-02-06,90
2017-02-07,128
2017-02-08,119
2017-02-09,111
2017-02-10,108
2017-02-11,99
2017-02-12,86
2017-02-13,84
2017-02-14,92
2017-02-15,94
2017-02-16,105
2017-02-17,113
2017-02-18,113
2017-02-19,105
2017-02-20,103
2017-02-21,115
2017-02-22,128
2017-02-23,136
2017-02-24,147
2017-02-25,141
2017-02-26,117
2017-02-27,101
2017-02-28,146
2017-03-01,152
2017-03-02,164
2017-03-03,168
2017-03-04,174
2017-03-05,170
2017-03-06,151
2017-03-07,174
2017-03-08,180
2017-03-09,170
2017-03-10,161
2017-03-11,165
2017-03-12,148
2017-03-13,126
2017-03-14,157
2017-03-15,169
2017-03-16,171
2017-03-17,173
2017-03-18,161
2017-03-19,146
2017-03-20,145
2017-03-21,180
2017-03-22,179
2017-03-23,169
2017-03-24,166
2017-03-25,151
2017-03-26,146
2017-03-27,137
2017-03-28,165
2017-03-29,152
2017-03-30,158
2017-03-31,131
2017-04-01,165
2017-04-02,151
2017-04-03,136
2017-04-04,145
2017-04-05,165
2017-04-06,150
2017-04-07,153
2017-04-08,143
2017-04-09,129
2017-04-10,112
2017-04-11,148
2017-04-12,141
2017-04-13,152
2017-04-14,177
2017-04-15,167
2017-04-16,135
2017-04-17,117
2017-04-18,142
2017-04-19,157
2017-04-20,150
2017-04-21,170
2017-04-22,147
2017-04-23,129
2017-04-24,116
2017-04-25,160
2017-04-26,189
2017-04-27,170
2017-04-28,181
2017-04-29,184
2017-04-30,151
2017-05-01,136
2017-05-02,157
2017-05-03,175
2017-05-04,191
2017-05-05,186
2017-05-06,211
2017-05-07,183
2017-05-08,172
2017-05-09,181
2017-05-10,200
2017-05-11,211
2017-05-12,216
2017-05-13,219
2017-05-14,199
2017-05-15,186
2017-05-16,199
2017-05-17,276
2017-05-18,315
2017-05-19,285
2017-05-20,275
2017-05-21,242
2017-05-22,243
2017-05-23,288
2017-05-24,287
2017-05-25,314
2017-05-26,314
2017-05-27,322
2017-05-28,314
2017-05-29,262
2017-05-30,337
2017-05-31,336
2017-06-01,357
2017-06-02,343
2017-06-03,330
2017-06-04,288
2017-06-05,278
2017-06-06,302
2017-06-07,342
2017-06-08,406
2017-06-09,310
2017-06-10,307
2017-06-11,284
2017-06-12,260
2017-06-13,290
2017-06-14,347
2017-06-15,333
2017-06-16,284
2017-06-17,261
2017-06-18,216
2017-06-19,206
2017-06-20,260
2017-06-21,294
2017-06-22,336
2017-06-23,320
2017-06-24,228
2017-06-25,214
2017-06-26,235
2017-06-27,267
2017-06-28,282
2017-06-29,251
2017-06-30,297
2017-07-01,241
2017-07-02,175
2017-07-03,135
2017-07-04,205
2017-07-05,211
2017-07-06,165
2017-07-07,185
2017-07-08,173
2017-07-09,132
2017-07-10,149
2017-07-11,140
2017-07-12,136
2017-07-13,142
2017-07-14,157
2017-07-15,171
2017-07-16,307
2017-07-17,123
2017-07-18,142
2017-07-19,141
2017-07-20,144
2017-07-21,154
2017-07-22,164
2017-07-23,114
2017-07-24,106
2017-07-25,106
2017-07-26,122
2017-07-27,117
2017-07-28,117
2017-07-29,138
2017-07-30,113
2017-07-31,121
2017-08-01,141
2017-08-02,69
2017-08-03,100
2017-08-04,103
2017-08-05,69
2017-08-06,71
2017-08-07,79
2017-08-08,87
2017-08-09,98
2017-08-10,122
2017-08-11,147
2017-08-12,168
2017-08-13,158
2017-08-14,130
2017-08-15,206
2017-08-16,237
2017-08-17,276
2017-08-18,205
2017-08-19,234
2017-08-20,182
2017-08-21,175
2017-08-22,266
2017-08-23,381
2017-08-24,343
2017-08-25,414
2017-08-26,454
2017-08-27,396
2017-08-28,230
2017-08-29,306
2017-08-30,307
2017-08-31,237
2017-09-01,260
2017-09-02,218
2017-09-03,226
2017-09-04,198
2017-09-05,200
2017-09-06,187
2017-09-07,188
2017-09-08,179
2017-09-09,134
2017-09-10,118
2017-09-11,131
2017-09-12,110
2017-09-13,112
2017-09-14,98
2017-09-15,111
2017-09-16,114
2017-09-17,102
2017-09-18,97
2017-09-19,146
2017-09-20,115
2017-09-21,132
2017-09-22,101
2017-09-23,104
2017-09-24,95
2017-09-25,91
2017-09-26,127
2017-09-27,113
2017-09-28,116
2017-09-29,89
2017-09-30,82
2017-10-01,93
2017-10-02,101
2017-10-03,121
2017-10-04,93
2017-10-05,124
2017-10-06,126
2017-10-07,102
2017-10-08,80
2017-10-09,81
2017-10-10,100
2017-10-11,109
2017-10-12,105
2017-10-13,118
2017-10-14,203
2017-10-15,159
2017-10-16,91
2017-10-17,122
2017-10-18,130
2017-10-19,126
2017-10-20,107
2017-10-21,93
2017-10-22,103
2017-10-23,87
2017-10-24,112
2017-10-25,113
2017-10-26,78
2017-10-27,90
2017-10-28,156
2017-10-29,210
2017-10-30,178
2017-10-31,170
2017-11-01,166
2017-11-02,180
2017-11-03,179
2017-11-04,222
2017-11-05,198
2017-11-06,134
2017-11-07,179
2017-11-08,180
2017-11-09,182
2017-11-10,231
2017-11-11,257
2017-11-12,384
2017-11-13,698
2017-11-14,534
2017-11-15,472
2017-11-16,370
2017-11-17,325
2017-11-18,229
2017-11-19,199
2017-11-20,151
2017-11-21,183
2017-11-22,168
2017-11-23,165
2017-11-24,160
2017-11-25,147
2017-11-26,119
2017-11-27,119
2017-11-28,135
2017-11-29,148
2017-11-30,158
2017-12-01,151
2017-12-02,125
2017-12-03,114
2017-12-04,101
2017-12-05,119
2017-12-06,117
2017-12-07,130
2017-12-08,235
2017-12-09,391
2017-12-10,307
2017-12-11,262
2017-12-12,272
2017-12-13,327
2017-12-14,303
2017-12-15,337
2017-12-16,331
2017-12-17,295
2017-12-18,277
2017-12-19,312
2017-12-20,454
2017-12-21,631
2017-12-22,831
2017-12-23,908
2017-12-24,717
2017-12-25,534
2017-12-26,488
2017-12-27,486
2017-12-28,477
2017-12-29,481
2017-12-30,459
2017-12-31,502
2018-01-01,321
2018-01-02,293
2018-01-03,365
2018-01-04,449
2018-01-05,434
2018-01-06,461
2018-01-07,387
2018-01-08,410
2018-01-09,399
2018-01-10,429
2018-01-11,411
2018-01-12,340
2018-01-13,333
2018-01-14,349
2018-01-15,302
2018-01-16,320
2018-01-17,368
2018-01-18,380
2018-01-19,358
2018-01-20,283
2018-01-21,212
2018-01-22,172
2018-01-23,175
2018-01-24,153
2018-01-25,147
2018-01-26,129
2018-01-27,126
2018-01-28,104
2018-01-29,95
2018-01-30,96
2018-01-31,98
2018-02-01,135
2018-02-02,127
2018-02-03,159
2018-02-04,91
2018-02-05,63
2018-02-06,87
2018-02-07,90
2018-02-08,80
2018-02-09,65
2018-02-10,63
2018-02-11,56
2018-02-12,41
2018-02-13,40
2018-02-14,42
2018-02-15,35
2018-02-16,46
2018-02-17,37
2018-02-18,33
2018-02-19,28
2018-02-20,32
2018-02-21,36
2018-02-22,24
2018-02-23,27
2018-02-24,52
2018-02-25,63
2018-02-26,34
2018-02-27,33
2018-02-28,31
2018-03-01,32
2018-03-02,29
2018-03-03,31
2018-03-04,22
2018-03-05,22
2018-03-06,30
2018-03-07,23
2018-03-08,21
2018-03-09,21
2018-03-10,24
2018-03-11,31
2018-03-12,23
2018-03-13,22
2018-03-14,43
2018-03-15,34
2018-03-16,33
2018-03-17,28
2018-03-18,28
2018-03-19,24
2018-03-20,29
2018-03-21,31
2018-03-22,30
2018-03-23,24
2018-03-24,24
2018-03-25,23
2018-03-26,26
2018-03-27,25
2018-03-28,23
2018-03-29,25
2018-03-30,26
2018-03-31,25
2018-04-01,23
2018-04-02,25
2018-04-03,24
2018-04-04,23
2018-04-05,23
2018-04-06,24
2018-04-07,30
2018-04-08,28
2018-04-09,30
2018-04-10,21
2018-04-11,21
2018-04-12,22
2018-04-13,28
2018-04-14,30
2018-04-15,22
2018-04-16,17
2018-04-17,19
2018-04-18,22
2018-04-19,23
2018-04-20,25
2018-04-21,26
2018-04-22,24
2018-04-23,24
2018-04-24,25
2018-04-25,43
2018-04-26,72
2018-04-27,54
2018-04-28,40
2018-04-29,38
2018-04-30,36
2018-05-01,31
2018-05-02,30
2018-05-03,32
2018-05-04,30
2018-05-05,30
2018-05-06,28
2018-05-07,29
2018-05-08,28
2018-05-09,27
2018-05-10,26
2018-05-11,24
2018-05-12,28
2018-05-13,27
2018-05-14,27
2018-05-15,31
2018-05-16,33
2018-05-17,30
2018-05-18,51
2018-05-19,54
2018-05-20,35
2018-05-21,30
2018-05-22,27
2018-05-23,25
2018-05-24,26
2018-05-25,29
2018-05-26,28
2018-05-27,29
2018-05-28,26
2018-05-29,28
2018-05-30,23
2018-05-31,21
2018-06-01,18
2018-06-02,17
2018-06-03,17
2018-06-04,12
2018-06-05,11
2018-06-06,13
2018-06-07,13
2018-06-08,13
2018-06-09,14
2018-06-10,21
2018-06-11,17
2018-06-12,23
2018-06-13,14
2018-06-14,29
2018-06-15,25
2018-06-16,19
2018-06-17,21
2018-06-18,30
2018-06-19,16
2018-06-20,64
2018-06-21,118
2018-06-22,71
2018-06-23,57
2018-06-24,37
2018-06-25,33
2018-06-26,24
2018-06-27,20
2018-06-28,25
2018-06-29,26
2018-06-30,24
2018-07-01,17
2018-07-02,16
2018-07-03,17
2018-07-04,21
2018-07-05,17
2018-07-06,19
2018-07-07,20
2018-07-08,20
2018-07-09,16
2018-07-10,14
2018-07-11,16
2018-07-12,15
2018-07-13,12
2018-07-14,12
2018-07-15,10
2018-07-16,15
2018-07-17,21
2018-07-18,18
2018-07-19,17
2018-07-20,24
2018-07-21,18
2018-07-22,18
2018-07-23,18
2018-07-24,17
2018-07-25,20
2018-07-26,16
2018-07-27,19
2018-07-28,14
2018-07-29,15
2018-07-30,17
2018-07-31,20
2018-08-01,18
2018-08-02,14
2018-08-03,21
2018-08-04,17
2018-08-05,17
2018-08-06,15
2018-08-07,13
2018-08-08,12
2018-08-09,16
2018-08-10,17
2018-08-11,15
2018-08-12,15
2018-08-13,14
2018-08-14,15
2018-08-15,19
2018-08-16,18
2018-08-17,20
2018-08-18,19
2018-08-19,17
2018-08-20,19
2018-08-21,24
2018-08-22,22
2018-08-23,20
2018-08-24,17
2018-08-25,16
2018-08-26,21
2018-08-27,28
2018-08-28,25
2018-08-29,33
2018-08-30,19
2018-08-31,19
2018-09-01,20
2018-09-02,16
2018-09-03,18
2018-09-04,16
2018-09-05,20
2018-09-06,24
2018-09-07,24
2018-09-08,21
2018-09-09,18
2018-09-10,18
2018-09-11,16
2018-09-12,18
2018-09-13,20
2018-09-14,17
2018-09-15,15
2018-09-16,15
2018-09-17,15
2018-09-18,14
2018-09-19,14
2018-09-20,14
2018-09-21,15
2018-09-22,18
2018-09-23,16
2018-09-24,15
2018-09-25,13
2018-09-26,16
2018-09-27,16
2018-09-28,19