Date,Two-Week Hash Growth
2009-01-10,0
2009-01-11,-84.7634
2009-01-12,-78.0339
2009-01-13,-74.5739
2009-01-14,-70.2886
2009-01-15,-67.0508
2009-01-16,-64.9013
2009-01-17,-60.0583
2009-01-18,-57.4463
2009-01-19,-56.6845
2009-01-20,-55.5417
2009-01-21,-56.0315
2009-01-22,-57.5007
2009-01-23,-59.4053
2009-01-24,-60.7113
2009-01-25,190.714
2009-01-26,122.461
2009-01-27,88.122
2009-01-28,57.8755
2009-01-29,44.0132
2009-01-30,39.845
2009-01-31,27.3842
2009-02-01,11.509
2009-02-02,-0.251256
2009-02-03,1.10159
2009-02-04,7.42574
2009-02-05,12.0359
2009-02-06,17.9625
2009-02-07,22.5762
2009-02-08,7.61671
2009-02-09,-0.334076
2009-02-10,2.50284
2009-02-11,2.32019
2009-02-12,2.75229
2009-02-13,-1.44124
2009-02-14,-4.70588
2009-02-15,2.98165
2009-02-16,12.5945
2009-02-17,6.77966
2009-02-18,1.26728
2009-02-19,-1.25714
2009-02-20,-1.25
2009-02-21,-2.0339
2009-02-22,-3.53881
2009-02-23,-6.36872
2009-02-24,-8.54606
2009-02-25,-7.82313
2009-02-26,-10.7143
2009-02-27,-11.9235
2009-02-28,-12.9068
2009-03-01,-15.2561
2009-03-02,-16.6667
2009-03-03,-15.5329
2009-03-04,-15.3584
2009-03-05,-14.0046
2009-03-06,-13.9241
2009-03-07,-13.4948
2009-03-08,-10.0592
2009-03-09,-8.11456
2009-03-10,-6.5534
2009-03-11,-5.04305
2009-03-12,-2.25
2009-03-13,0.63857
2009-03-14,1.03093
2009-03-15,3.15375
2009-03-16,6.44295
2009-03-17,8.18792
2009-03-18,9.27419
2009-03-19,9.42127
2009-03-20,9.2246
2009-03-21,9.6
2009-03-22,0.263158
2009-03-23,-1.55844
2009-03-24,-0.38961
2009-03-25,-1.81347
2009-03-26,-2.68542
2009-03-27,-4.06091
2009-03-28,-5.10204
2009-03-29,3.56688
2009-03-30,2.14376
2009-03-31,-0.744417
2009-04-01,-0.98401
2009-04-02,-1.35301
2009-04-03,-2.08078
2009-04-04,-1.45985
2009-04-05,5.51181
2009-04-06,7.91557
2009-04-07,5.21512
2009-04-08,5.14512
2009-04-09,3.54796
2009-04-10,2.1164
2009-04-11,2.68817
2009-04-12,-5.16605
2009-04-13,-6.2963
2009-04-14,-4.375
2009-04-15,-1.98758
2009-04-16,-0.623441
2009-04-17,2.625
2009-04-18,1.85185
2009-04-19,3.35821
2009-04-20,1.71149
2009-04-21,3.59356
2009-04-22,4.76788
2009-04-23,6.9797
2009-04-24,2.97927
2009-04-25,4.45026
2009-04-26,2.46433
2009-04-27,3.16206
2009-04-28,0.392157
2009-04-29,-3.42205
2009-04-30,-3.51317
2009-05-01,0.487211
2009-05-02,0.727273
2009-05-03,0.962696
2009-05-04,0.120192
2009-05-05,2.51196
2009-05-06,4.79042
2009-05-07,4.62633
2009-05-08,9.81132
2009-05-09,7.64411
2009-05-10,2.65823
2009-05-11,0.893997
2009-05-12,1.82292
2009-05-13,1.9685
2009-05-14,-2.08062
2009-05-15,-6.66667
2009-05-16,-3.85078
2009-05-17,0.11919
2009-05-18,5.88235
2009-05-19,2.68378
2009-05-20,-4.45714
2009-05-21,-4.19501
2009-05-22,-9.73654
2009-05-23,-16.9965
2009-05-24,-22.8113
2009-05-25,-24.1772
2009-05-26,-24.5524
2009-05-27,-19.0476
2009-05-28,-16.6003
2009-05-29,-16.7532
2009-05-30,-14.1427
2009-05-31,-9.16667
2009-06-01,-13.9456
2009-06-02,-18.0682
2009-06-03,-15.4306
2009-06-04,-22.0118
2009-06-05,-20.0508
2009-06-06,-22.3001
2009-06-07,-24.4409
2009-06-08,-34.3907
2009-06-09,-31.5254
2009-06-10,-38.9507
2009-06-11,-37.1019
2009-06-12,-34.7894
2009-06-13,-30.9038
2009-06-14,-31.3237
2009-06-15,-23.5837
2009-06-16,-19.2788
2009-06-17,-20.5092
2009-06-18,-15.1745
2009-06-19,-12.6984
2009-06-20,-0.541516
2009-06-21,16.4905
2009-06-22,42.4936
2009-06-23,36.6337
2009-06-24,45.0521
2009-06-25,45.0633
2009-06-26,34.2105
2009-06-27,18.9873
2009-06-28,8.77863
2009-06-29,-7.75862
2009-06-30,-6.87285
2009-07-01,-1.9573
2009-07-02,-5.18784
2009-07-03,-0.909091
2009-07-04,-2.54083
2009-07-05,-1.63339
2009-07-06,2.67857
2009-07-07,4.34783
2009-07-08,0.5386
2009-07-09,-2.26876
2009-07-10,0.356506
2009-07-11,-0.35461
2009-07-12,-2.45614
2009-07-13,3.5514
2009-07-14,1.10701
2009-07-15,-0.544465
2009-07-16,-2.07547
2009-07-17,-7.52294
2009-07-18,-12.4767
2009-07-19,-27.8598
2009-07-20,-33.2174
2009-07-21,-34.7222
2009-07-22,-30.5357
2009-07-23,-27.8571
2009-07-24,-27.3535
2009-07-25,-22.5979
2009-07-26,-16.7266
2009-07-27,-25.2708
2009-07-28,-23.7226
2009-07-29,-31.2044
2009-07-30,-35.2601
2009-07-31,-45.4365
2009-08-01,-53.4043
2009-08-02,-45.0128
2009-08-03,-43.4896
2009-08-04,-58.7766
2009-08-05,-49.8715
2009-08-06,-34.901
2009-08-07,-17.3594
2009-08-08,-7.81609
2009-08-09,-2.15983
2009-08-10,28.2609
2009-08-11,42.1053
2009-08-12,54.6419
2009-08-13,66.369
2009-08-14,101.455
2009-08-15,145.205
2009-08-16,124.651
2009-08-17,84.7926
2009-08-18,121.29
2009-08-19,45.1282
2009-08-20,-9.5057
2009-08-21,-48.2249
2009-08-22,-68.5786
2009-08-23,-76.3797
2009-08-24,-80.6026
2009-08-25,-82.9966
2009-08-26,-75.8148
2009-08-27,-69.4097
2009-08-28,-67.87
2009-08-29,-55.4935
2009-08-30,-35.6108
2009-08-31,-2.24439
2009-09-01,34.9854
2009-09-02,73.4982
2009-09-03,113.866
2009-09-04,209.143
2009-09-05,320.635
2009-09-06,392.523
2009-09-07,384.466
2009-09-08,386.139
2009-09-09,241.844
2009-09-10,174.854
2009-09-11,167.416
2009-09-12,100.418
2009-09-13,51.7685
2009-09-14,22.1939
2009-09-15,2.59179
2009-09-16,-8.35031
2009-09-17,-8.05501
2009-09-18,-10.3512
2009-09-19,-6.41509
2009-09-20,-4.93359
2009-09-21,1.002
2009-09-22,1.62933
2009-09-23,-0.414938
2009-09-24,-5.53191
2009-09-25,-3.9916
2009-09-26,-1.87891
2009-09-27,5.08475
2009-09-28,5.42798
2009-09-29,9.68421
2009-09-30,29.7778
2009-10-01,35.2564
2009-10-02,27.4227
2009-10-03,20.7661
2009-10-04,11.1776
2009-10-05,3.76984
2009-10-06,-1.2024
2009-10-07,-6.66667
2009-10-08,-4.72973
2009-10-09,-10.0656
2009-10-10,-11.0638
2009-10-11,-11.8952
2009-10-12,-9.30693
2009-10-13,-11.5163
2009-10-14,-18.6644
2009-10-15,-23.5387
2009-10-16,-21.521
2009-10-17,-22.2037
2009-10-18,-19.9282
2009-10-19,-14.7228
2009-10-20,1.41988
2009-10-21,20.0893
2009-10-22,29.7872
2009-10-23,38.1995
2009-10-24,42.823
2009-10-25,37.7574
2009-10-26,31.8777
2009-10-27,22.1258
2009-10-28,12
2009-10-29,7.02479
2009-10-30,-2.26804
2009-10-31,-4.50644
2009-11-01,-3.81166
2009-11-02,-15.2466
2009-11-03,-32
2009-11-04,-37.1747
2009-11-05,-38.98
2009-11-06,-39.0845
2009-11-07,-41.7085
2009-11-08,-38.3721
2009-11-09,-30.6291
2009-11-10,-20.071
2009-11-11,-12.406
2009-11-12,-9.84556
2009-11-13,0.421941
2009-11-14,11.0112
2009-11-15,17.4825
2009-11-16,39.418
2009-11-17,64.7059
2009-11-18,69.8225
2009-11-19,75.8209
2009-11-20,71.3873
2009-11-21,72.1264
2009-11-22,59.8383
2009-11-23,43.9141
2009-11-24,33.7778
2009-11-25,29.3991
2009-11-26,31.4775
2009-11-27,31.9328
2009-11-28,24.6964
2009-11-29,21.8254
2009-11-30,7.77989
2009-12-01,-2.32143
2009-12-02,-8.18815
2009-12-03,-9.8472
2009-12-04,-9.78078
2009-12-05,-17.0284
2009-12-06,-17.3693
2009-12-07,-11.6086
2009-12-08,-5.31561
2009-12-09,-0.165837
2009-12-10,-1.62866
2009-12-11,-1.27389
2009-12-12,12.987
2009-12-13,20.8469
2009-12-14,32.5704
2009-12-15,35.8318
2009-12-16,41.9355
2009-12-17,48.3992
2009-12-18,59.4393
2009-12-19,94.3662
2009-12-20,115.102
2009-12-21,109.193
2009-12-22,108.421
2009-12-23,105.98
2009-12-24,108.278
2009-12-25,100.484
2009-12-26,67.6724
2009-12-27,54.0431
2009-12-28,50.7304
2009-12-29,47.6447
2009-12-30,47.861
2009-12-31,38.7056
2010-01-01,26.2603
2010-01-02,9.73085
2010-01-03,-3.98482
2010-01-04,-7.53363
2010-01-05,-9.51178
2010-01-06,-11.129
2010-01-07,-10.6518
2010-01-08,-8.2864
2010-01-09,-0.514139
2010-01-10,3.76203
2010-01-11,4.84582
2010-01-12,6.4722
2010-01-13,2.07957
2010-01-14,3.38518
2010-01-15,3.89972
2010-01-16,4.43396
2010-01-17,6.81818
2010-01-18,-0.872939
2010-01-19,-8.09302
2010-01-20,-13.5209
2010-01-21,-15.7473
2010-01-22,-14.1228
2010-01-23,-16.3652
2010-01-24,-15.1771
2010-01-25,-13.5294
2010-01-26,-4.53767
2010-01-27,5.04872
2010-01-28,5.48673
2010-01-29,6.70241
2010-01-30,13.6405
2010-01-31,20.9991
2010-02-01,29.0607
2010-02-02,30.7692
2010-02-03,30.3253
2010-02-04,42.3442
2010-02-05,66.3943
2010-02-06,93.4089
2010-02-07,103.976
2010-02-08,125.559
2010-02-09,127.534
2010-02-10,136.594
2010-02-11,140.94
2010-02-12,130.486
2010-02-13,112.401
2010-02-14,110.398
2010-02-15,123.048
2010-02-16,137.616
2010-02-17,160.95
2010-02-18,168.694
2010-02-19,139.902
2010-02-20,119.276
2010-02-21,108.48
2010-02-22,86.2559
2010-02-23,80.3311
2010-02-24,68.9237
2010-02-25,63.8928
2010-02-26,70.7485
2010-02-27,80.0524
2010-02-28,77.1439
2010-03-01,64.174
2010-03-02,57.329
2010-03-03,49.0898
2010-03-04,31.3087
2010-03-05,24.8721
2010-03-06,18.407
2010-03-07,14.446
2010-03-08,15.3828
2010-03-09,5.63934
2010-03-10,1.49789
2010-03-11,6.50096
2010-03-12,5.08619
2010-03-13,0.997714
2010-03-14,0.841026
2010-03-15,-0.10352
2010-03-16,0.931677
2010-03-17,-1.17964
2010-03-18,-2.33389
2010-03-19,-4.09836
2010-03-20,-0.73831
2010-03-21,2.83905
2010-03-22,6.75622
2010-03-23,14.7321
2010-03-24,23.6749
2010-03-25,22.1823
2010-03-26,28.7971
2010-03-27,35.4188
2010-03-28,32.4247
2010-03-29,35.2332
2010-03-30,35.4872
2010-03-31,39.1623
2010-04-01,47.1475
2010-04-02,47.6068
2010-04-03,41.7149
2010-04-04,37.7358
2010-04-05,32.0376
2010-04-06,25.771
2010-04-07,15.1765
2010-04-08,13.7306
2010-04-09,10.9434
2010-04-10,10.2432
2010-04-11,20.553
2010-04-12,25.0575
2010-04-13,34.2316
2010-04-14,41.8209
2010-04-15,42.0044
2010-04-16,49.6236
2010-04-17,57.7198
2010-04-18,58.9906
2010-04-19,65.6663
2010-04-20,70.347
2010-04-21,75.2225
2010-04-22,86.2906
2010-04-23,84.212
2010-04-24,79.6526
2010-04-25,67.0744
2010-04-26,57.9657
2010-04-27,44.8004
2010-04-28,39.8345
2010-04-29,31.3517
2010-04-30,22.0685
2010-05-01,16.0196
2010-05-02,15.3274
2010-05-03,8.88565
2010-05-04,6.2963
2010-05-05,3.39773
2010-05-06,-5.85652
2010-05-07,-3.5467
2010-05-08,-2.78545
2010-05-09,-3.46248
2010-05-10,-0.60512
2010-05-11,-0.864621
2010-05-12,-5.8886
2010-05-13,-3.74147
2010-05-14,-4.89815
2010-05-15,-5.33025
2010-05-16,-12.9994
2010-05-17,-15.848
2010-05-18,-13.9373
2010-05-19,-6.49968
2010-05-20,-2.38193
2010-05-21,1.2842
2010-05-22,4.27816
2010-05-23,13.5092
2010-05-24,20.4418
2010-05-25,24.3655
2010-05-26,30.3338
2010-05-27,37.4837
2010-05-28,39.5116
2010-05-29,45.632
2010-05-30,63.5361
2010-05-31,69.5212
2010-06-01,67.9334
2010-06-02,55.2761
2010-06-03,49.6646
2010-06-04,42.7705
2010-06-05,33.0558
2010-06-06,17.7269
2010-06-07,9.50684
2010-06-08,8.37124
2010-06-09,8.74784
2010-06-10,6.30038
2010-06-11,7.95102
2010-06-12,8.65696
2010-06-13,2.98474
2010-06-14,5.23407
2010-06-15,4.69563
2010-06-16,8.26584
2010-06-17,6.86313
2010-06-18,3.89983
2010-06-19,5.41586
2010-06-20,11.0553
2010-06-21,12.4748
2010-06-22,10.109
2010-06-23,4.73888
2010-06-24,6.91943
2010-06-25,10.1489
2010-06-26,7.46197
2010-06-27,10.9704
2010-06-28,9.83718
2010-06-29,10.8593
2010-06-30,11.406
2010-07-01,15.4504
2010-07-02,21.1457
2010-07-03,24.8894
2010-07-04,28.5547
2010-07-05,25.8603
2010-07-06,29.3694
2010-07-07,37.3038
2010-07-08,33.3177
2010-07-09,26.5009
2010-07-10,32.5563
2010-07-11,33.0383
2010-07-12,36.9913
2010-07-13,93.8536
2010-07-14,213.439
2010-07-15,310.581
2010-07-16,403.396
2010-07-17,772.889
2010-07-18,847.195
2010-07-19,969.128
2010-07-20,1011.56
2010-07-21,981.53
2010-07-22,1015.06
2010-07-23,1047.8
2010-07-24,767.767
2010-07-25,755.513
2010-07-26,758.892
2010-07-27,529.802
2010-07-28,290.597
2010-07-29,195.647
2010-07-30,143.052
2010-07-31,42.717
2010-08-01,32.6531
2010-08-02,25.0076
2010-08-03,23.1688
2010-08-04,27.801
2010-08-05,29.7617
2010-08-06,39.3418
2010-08-07,76.4334
2010-08-08,76.3868
2010-08-09,73.4573
2010-08-10,68.063
2010-08-11,67.7381
2010-08-12,75.5352
2010-08-13,67.9348
2010-08-14,70.9366
2010-08-15,77.0278
2010-08-16,79.2569
2010-08-17,73.8207
2010-08-18,66.0775
2010-08-19,53.1122
2010-08-20,38.8319
2010-08-21,41.9904
2010-08-22,37.7803
2010-08-23,34.5929
2010-08-24,39.9422
2010-08-25,46.0918
2010-08-26,48.0734
2010-08-27,61.3461
2010-08-28,55.0753
2010-08-29,45.4979
2010-08-30,35.0451
2010-08-31,30.3069
2010-09-01,31.3572
2010-09-02,32.329
2010-09-03,28.0311
2010-09-04,22.1946
2010-09-05,25.6013
2010-09-06,25.367
2010-09-07,19.3239
2010-09-08,8.97686
2010-09-09,5.16607
2010-09-10,-3.53605
2010-09-11,-1.36585
2010-09-12,-3.38496
2010-09-13,0.590366
2010-09-14,5.84494
2010-09-15,11.1242
2010-09-16,13.3998
2010-09-17,27.0961
2010-09-18,30.9818
2010-09-19,37.3752
2010-09-20,46.1359
2010-09-21,53.8842
2010-09-22,58.972
2010-09-23,60.0264
2010-09-24,68.2701
2010-09-25,70.9986
2010-09-26,73.4874
2010-09-27,67.7997
2010-09-28,65.8612
2010-09-29,71.4095
2010-09-30,77.4921
2010-10-01,63.3633
2010-10-02,58.8257
2010-10-03,44.0989
2010-10-04,32.5175
2010-10-05,24.1193
2010-10-06,12.6362
2010-10-07,9.64631
2010-10-08,5.91177
2010-10-09,0.899421
2010-10-10,5.11838
2010-10-11,11.0682
2010-10-12,9.67026
2010-10-13,3.73962
2010-10-14,0.973883
2010-10-15,7.29206
2010-10-16,10.4952
2010-10-17,25.3584
2010-10-18,37.6526
2010-10-19,48.1112
2010-10-20,72.2453
2010-10-21,80.4633
2010-10-22,86.9145
2010-10-23,93.6071
2010-10-24,84.3435
2010-10-25,79.679
2010-10-26,85.0878
2010-10-27,90.2277
2010-10-28,94.2748
2010-10-29,90.0173
2010-10-30,94.346
2010-10-31,100.92
2010-11-01,92.435
2010-11-02,85.3401
2010-11-03,74.7731
2010-11-04,71.2206
2010-11-05,69.1699
2010-11-06,71.1825
2010-11-07,65.6552
2010-11-08,68.657
2010-11-09,74.0625
2010-11-10,79.391
2010-11-11,84.9601
2010-11-12,92.9045
2010-11-13,86.7188
2010-11-14,75.1256
2010-11-15,81.0342
2010-11-16,77.2471
2010-11-17,73.6637
2010-11-18,73.0141
2010-11-19,85.4262
2010-11-20,83.0242
2010-11-21,82.488
2010-11-22,69.9865
2010-11-23,63.5402
2010-11-24,50.8555
2010-11-25,43.4052
2010-11-26,25.3527
2010-11-27,28.5549
2010-11-28,28.645
2010-11-29,23.928
2010-11-30,27.5658
2010-12-01,39.3792
2010-12-02,39.7443
2010-12-03,29.2228
2010-12-04,27.3732
2010-12-05,38.9397
2010-12-06,52.683
2010-12-07,55.1253
2010-12-08,57.6238
2010-12-09,60.8605
2010-12-10,88.8805
2010-12-11,84.9955
2010-12-12,78.5658
2010-12-13,75.8158
2010-12-14,66.8129
2010-12-15,56.5288
2010-12-16,56.5729
2010-12-17,45.9745
2010-12-18,45.465
2010-12-19,35.482
2010-12-20,27.9792
2010-12-21,24.3375
2010-12-22,27.3824
2010-12-23,22.2984
2010-12-24,11.4342
2010-12-25,10.0464
2010-12-26,10.9969
2010-12-27,8.68618
2010-12-28,13.5254
2010-12-29,9.54572
2010-12-30,6.82066
2010-12-31,13.7868
2011-01-01,13.3619
2011-01-02,16.0115
2011-01-03,17.7216
2011-01-04,16.9116
2011-01-05,10.3725
2011-01-06,12.0694
2011-01-07,11.2476
2011-01-08,12.5725
2011-01-09,10.2709
2011-01-10,12.1232
2011-01-11,9.584
2011-01-12,15.4574
2011-01-13,15.9456
2011-01-14,18.1658
2011-01-15,18.3928
2011-01-16,17.794
2011-01-17,18.0169
2011-01-18,21.0798
2011-01-19,20.9329
2011-01-20,22.354
2011-01-21,25.5333
2011-01-22,24.7521
2011-01-23,24.4187
2011-01-24,23.1393
2011-01-25,23.1873
2011-01-26,21.3021
2011-01-27,21.0096
2011-01-28,16.6921
2011-01-29,16.3238
2011-01-30,18.2363
2011-01-31,16.5059
2011-02-01,13.9582
2011-02-02,18.6131
2011-02-03,17.1641
2011-02-04,15.1852
2011-02-05,17.3656
2011-02-06,18.481
2011-02-07,20.9945
2011-02-08,23.5868
2011-02-09,25.4541
2011-02-10,31.0569
2011-02-11,36.341
2011-02-12,37.3171
2011-02-13,39.2078
2011-02-14,42.7387
2011-02-15,43.7157
2011-02-16,45.4502
2011-02-17,48.7096
2011-02-18,53.4255
2011-02-19,59.9806
2011-02-20,60.5214
2011-02-21,65.5461
2011-02-22,68.3974
2011-02-23,70.4286
2011-02-24,71.272
2011-02-25,68.97
2011-02-26,67.4343
2011-02-27,74.3848
2011-02-28,86.7209
2011-03-01,86.995
2011-03-02,77.9649
2011-03-03,74.2476
2011-03-04,76.2286
2011-03-05,73.743
2011-03-06,83.3044
2011-03-07,78.4428
2011-03-08,78.1415
2011-03-09,77.8991
2011-03-10,73.5787
2011-03-11,64.6647
2011-03-12,58.6403
2011-03-13,38.5498
2011-03-14,14.5704
2011-03-15,7.34222
2011-03-16,5.2089
2011-03-17,1.57967
2011-03-18,0.872022
2011-03-19,-5.98529
2011-03-20,-15.0333
2011-03-21,-14.8965
2011-03-22,-15.0718
2011-03-23,-17.6187
2011-03-24,-18.4743
2011-03-25,-15.6303
2011-03-26,-9.86532
2011-03-27,-3.46867
2011-03-28,4.18316
2011-03-29,9.46135
2011-03-30,15.7395
2011-03-31,17.1404
2011-04-01,16.4256
2011-04-02,18.061
2011-04-03,25.9787
2011-04-04,26.411
2011-04-05,22.4006
2011-04-06,28.2449
2011-04-07,27.4843
2011-04-08,23.4548
2011-04-09,20.902
2011-04-10,20.262
2011-04-11,24.0726
2011-04-12,25.0758
2011-04-13,18.2862
2011-04-14,24.9891
2011-04-15,22.8298
2011-04-16,19.3801
2011-04-17,16.8658
2011-04-18,14.4835
2011-04-19,13.8411
2011-04-20,8.71576
2011-04-21,3.972
2011-04-22,6.56812
2011-04-23,10.3436
2011-04-24,11.6204
2011-04-25,9.16688
2011-04-26,12.1463
2011-04-27,19.3816
2011-04-28,18.5216
2011-04-29,18.7319
2011-04-30,24.1935
2011-05-01,27.4387
2011-05-02,31.5275
2011-05-03,35.2078
2011-05-04,37.6813
2011-05-05,46.5485
2011-05-06,55.2687
2011-05-07,52.8616
2011-05-08,53.0955
2011-05-09,57.1946
2011-05-10,66.2862
2011-05-11,67.2121
2011-05-12,69.3648
2011-05-13,69.301
2011-05-14,73.5066
2011-05-15,78.6083
2011-05-16,80.4026
2011-05-17,76.0115
2011-05-18,80.1246
2011-05-19,103.028
2011-05-20,101.08
2011-05-21,107.737
2011-05-22,114.103
2011-05-23,125.028
2011-05-24,122.127
2011-05-25,131.008
2011-05-26,123.24
2011-05-27,164.993
2011-05-28,162.988
2011-05-29,151.619
2011-05-30,147.265
2011-05-31,144.671
2011-06-01,129.645
2011-06-02,99.2464
2011-06-03,73.5425
2011-06-04,66.7994
2011-06-05,67.9898
2011-06-06,58.8347
2011-06-07,62.9417
2011-06-08,57.796
2011-06-09,61.5002
2011-06-10,42.6475
2011-06-11,44.8311
2011-06-12,49.5199
2011-06-13,52.4693
2011-06-14,52.6356
2011-06-15,62.6542
2011-06-16,85.5853
2011-06-17,108.399
2011-06-18,109.322
2011-06-19,103.43
2011-06-20,110.178
2011-06-21,100.671
2011-06-22,103.532
2011-06-23,94.3031
2011-06-24,90.0145
2011-06-25,97.941
2011-06-26,89.9257
2011-06-27,81.8783
2011-06-28,85.8501
2011-06-29,76.7112
2011-06-30,53.8802
2011-07-01,54.2382
2011-07-02,43.8047
2011-07-03,43.1898
2011-07-04,37.4787
2011-07-05,29.3721
2011-07-06,19.4731
2011-07-07,21.5619
2011-07-08,12.7836
2011-07-09,4.11889
2011-07-10,2.46977
2011-07-11,0.961885
2011-07-12,-0.117848
2011-07-13,1.7578
2011-07-14,4.48976
2011-07-15,2.37409
2011-07-16,5.88498
2011-07-17,4.32422
2011-07-18,6.05123
2011-07-19,7.19059
2011-07-20,10.3126
2011-07-21,6.90966
2011-07-22,12.9178
2011-07-23,11.684
2011-07-24,11.79
2011-07-25,13.6866
2011-07-26,13.7402
2011-07-27,15.2746
2011-07-28,14.1403
2011-07-29,13.0709
2011-07-30,14.6856
2011-07-31,14.4392
2011-08-01,11.9411
2011-08-02,12.4995
2011-08-03,10.8878
2011-08-04,13.9781
2011-08-05,10.8956
2011-08-06,10.041
2011-08-07,8.4587
2011-08-08,4.33334
2011-08-09,0.543419
2011-08-10,-3.35894
2011-08-11,-5.99128
2011-08-12,-5.45147
2011-08-13,-7.40126
2011-08-14,-7.10783
2011-08-15,-7.25064
2011-08-16,-9.96758
2011-08-17,-10.1823
2011-08-18,-12.3721
2011-08-19,-11.4896
2011-08-20,-11.4634
2011-08-21,-8.75011
2011-08-22,-3.82126
2011-08-23,3.03894
2011-08-24,4.7012
2011-08-25,5.05062
2011-08-26,3.27709
2011-08-27,5.86563
2011-08-28,1.9878
2011-08-29,-3.01051
2011-08-30,-4.83358
2011-08-31,-5.42147
2011-09-01,-1.24611
2011-09-02,-2.14393
2011-09-03,-0.844752
2011-09-04,-0.345869
2011-09-05,-0.938749
2011-09-06,-3.25224
2011-09-07,-3.52131
2011-09-08,-5.12673
2011-09-09,-4.30254
2011-09-10,-5.94519
2011-09-11,-4.34029
2011-09-12,-0.942593
2011-09-13,-0.0911131
2011-09-14,-0.0238452
2011-09-15,-1.13037
2011-09-16,2.30984
2011-09-17,-2.168
2011-09-18,-4.32282
2011-09-19,-2.77728
2011-09-20,-5.0289
2011-09-21,-5.6842
2011-09-22,-3.90466
2011-09-23,-4.68911
2011-09-24,-3.12391
2011-09-25,-2.4504
2011-09-26,-3.6655
2011-09-27,-0.640633
2011-09-28,-0.760649
2011-09-29,-2.07328
2011-09-30,-7.34851
2011-10-01,-5.4036
2011-10-02,-4.43604
2011-10-03,-9.54579
2011-10-04,-8.27291
2011-10-05,-10.1479
2011-10-06,-10.3443
2011-10-07,-9.30936
2011-10-08,-9.03544
2011-10-09,-10.9262
2011-10-10,-8.37622
2011-10-11,-11.2289
2011-10-12,-12.0274
2011-10-13,-14.139
2011-10-14,-14.794
2011-10-15,-15.1535
2011-10-16,-16.2188
2011-10-17,-16.8296
2011-10-18,-19.5257
2011-10-19,-16.4447
2011-10-20,-16.7447
2011-10-21,-16.6957
2011-10-22,-19.8044
2011-10-23,-21.1304
2011-10-24,-22.6941
2011-10-25,-19.9106
2011-10-26,-17.2715
2011-10-27,-16.4724
2011-10-28,-14.8987
2011-10-29,-14.8077
2011-10-30,-12.901
2011-10-31,-9.90974
2011-11-01,-9.72813
2011-11-02,-11.7488
2011-11-03,-10.1812
2011-11-04,-10.2477
2011-11-05,-6.5675
2011-11-06,-1.67549
2011-11-07,0.520179
2011-11-08,-0.480688
2011-11-09,-1.65715
2011-11-10,0.97753
2011-11-11,4.51024
2011-11-12,3.71564
2011-11-13,1.46077
2011-11-14,1.08124
2011-11-15,4.63217
2011-11-16,6.97778
2011-11-17,2.8793
2011-11-18,2.21824
2011-11-19,1.55175
2011-11-20,-1.42165
2011-11-21,-2.50123
2011-11-22,-5.08111
2011-11-23,-7.47059
2011-11-24,-8.21441
2011-11-25,-12.18
2011-11-26,-9.50141
2011-11-27,-9.52747
2011-11-28,-12.433
2011-11-29,-12.3903
2011-11-30,-14.9914
2011-12-01,-11.2192
2011-12-02,-5.53299
2011-12-03,-6.892
2011-12-04,-2.93885
2011-12-05,-1.64958
2011-12-06,2.7544
2011-12-07,8.75568
2011-12-08,6.51224
2011-12-09,7.75445
2011-12-10,7.61753
2011-12-11,7.16475
2011-12-12,12.395
2011-12-13,8.81406
2011-12-14,7.25424
2011-12-15,8.02074
2011-12-16,-2.57581
2011-12-17,-4.57883
2011-12-18,-5.05834
2011-12-19,-6.03433
2011-12-20,-4.55445
2011-12-21,-7.20839
2011-12-22,-5.54319
2011-12-23,-0.367116
2011-12-24,1.9236
2011-12-25,2.19383
2011-12-26,3.62941
2011-12-27,7.83878
2011-12-28,12.348
2011-12-29,10.4368
2011-12-30,14.4614
2011-12-31,17.1119
2012-01-01,16.0667
2012-01-02,13.8347
2012-01-03,7.37425
2012-01-04,8.60227
2012-01-05,8.42822
2012-01-06,5.4346
2012-01-07,5.80677
2012-01-08,9.57074
2012-01-09,8.61821
2012-01-10,9.14041
2012-01-11,7.32197
2012-01-12,8.1404
2012-01-13,10.9593
2012-01-14,9.03295
2012-01-15,6.30812
2012-01-16,5.89958
2012-01-17,9.70588
2012-01-18,9.88644
2012-01-19,7.93395
2012-01-20,6.49806
2012-01-21,4.23954
2012-01-22,2.41
2012-01-23,0.662257
2012-01-24,-1.32081
2012-01-25,-1.81538
2012-01-26,-0.693482
2012-01-27,-2.8885
2012-01-28,-1.09695
2012-01-29,-0.251154
2012-01-30,5.15688
2012-01-31,4.25696
2012-02-01,3.77239
2012-02-02,5.55632
2012-02-03,8.17753
2012-02-04,9.2573
2012-02-05,9.95397
2012-02-06,7.92925
2012-02-07,5.88496
2012-02-08,6.51606
2012-02-09,5.03657
2012-02-10,5.0088
2012-02-11,3.66245
2012-02-12,4.04723
2012-02-13,2.58018
2012-02-14,1.48051
2012-02-15,0.527835
2012-02-16,0.0944385
2012-02-17,-2.54787
2012-02-18,-2.71242
2012-02-19,-2.56476
2012-02-20,-1.07262
2012-02-21,0.837854
2012-02-22,0.435478
2012-02-23,1.72164
2012-02-24,4.99122
2012-02-25,5.88128
2012-02-26,6.02347
2012-02-27,3.57555
2012-02-28,5.88128
2012-02-29,8.83538
2012-03-01,12.0277
2012-03-02,11.3105
2012-03-03,9.441
2012-03-04,3.16233
2012-03-05,3.10489
2012-03-06,3.19828
2012-03-07,3.06596
2012-03-08,-0.458672
2012-03-09,-1.28251
2012-03-10,2.47751
2012-03-11,8.36007
2012-03-12,8.87101
2012-03-13,9.57991
2012-03-14,8.76821
2012-03-15,5.18457
2012-03-16,3.17273
2012-03-17,2.01271
2012-03-18,6.5805
2012-03-19,9.35774
2012-03-20,6.64121
2012-03-21,7.76699
2012-03-22,11.1597
2012-03-23,13.009
2012-03-24,6.52914
2012-03-25,2.63245
2012-03-26,2.63966
2012-03-27,1.38528
2012-03-28,-1.0918
2012-03-29,-0.280804
2012-03-30,2.57052
2012-03-31,8.02028
2012-04-01,7.53922
2012-04-02,4.63895
2012-04-03,4.52823
2012-04-04,3.4014
2012-04-05,1.23114
2012-04-06,-4.54177
2012-04-07,-3.96197
2012-04-08,-9.28383
2012-04-09,-8.23353
2012-04-10,-5.92761
2012-04-11,-4.18803
2012-04-12,-3.0783
2012-04-13,-2.00953
2012-04-14,-7.23744
2012-04-15,-6.71625
2012-04-16,-10.9728
2012-04-17,-8.97515
2012-04-18,-9.60868
2012-04-19,-11.0012
2012-04-20,-5.79354
2012-04-21,-0.848204
2012-04-22,5.21813
2012-04-23,7.78847
2012-04-24,2.84248
2012-04-25,1.64834
2012-04-26,0.926165
2012-04-27,0.0827331
2012-04-28,-0.701498
2012-04-29,-2.18072
2012-04-30,6.05789
2012-05-01,9.9467
2012-05-02,14.557
2012-05-03,18.2881
2012-05-04,13.9965
2012-05-05,12.9182
2012-05-06,12.6551
2012-05-07,7.60436
2012-05-08,8.35422
2012-05-09,8.60083
2012-05-10,12.7984
2012-05-11,12.1852
2012-05-12,15.3665
2012-05-13,14.4325
2012-05-14,10.5699
2012-05-15,5.76542
2012-05-16,0.92002
2012-05-17,-5.20373
2012-05-18,-6.10209
2012-05-19,-8.02854
2012-05-20,-7.14023
2012-05-21,-6.12706
2012-05-22,-6.6966
2012-05-23,-8.69063
2012-05-24,-10.954
2012-05-25,-10.4109
2012-05-26,-13.963
2012-05-27,-14.3304
2012-05-28,-13.3064
2012-05-29,-12.0912
2012-05-30,-9.93176
2012-05-31,-6.62123
2012-06-01,-3.99602
2012-06-02,-1.10834
2012-06-03,-1.55976
2012-06-04,-1.93707
2012-06-05,0.731262
2012-06-06,4.51012
2012-06-07,5.68421
2012-06-08,5.85926
2012-06-09,8.7071
2012-06-10,12.1268
2012-06-11,12.3847
2012-06-12,10.185
2012-06-13,10.9611
2012-06-14,11.8101
2012-06-15,12.0584
2012-06-16,10.3586
2012-06-17,6.90722
2012-06-18,7.34877
2012-06-19,9.40502
2012-06-20,6.32294
2012-06-21,4.87693
2012-06-22,4.12389
2012-06-23,4.47963
2012-06-24,5.62787
2012-06-25,2.45727
2012-06-26,3.31779
2012-06-27,3.96966
2012-06-28,6.18441
2012-06-29,4.61397
2012-06-30,3.69358
2012-07-01,1.90741
2012-07-02,3.20569
2012-07-03,-0.226493
2012-07-04,1.66835
2012-07-05,-0.13303
2012-07-06,1.45349
2012-07-07,3.35318
2012-07-08,4.78562
2012-07-09,8.10617
2012-07-10,10.1345
2012-07-11,7.8252
2012-07-12,4.38181
2012-07-13,4.86855
2012-07-14,4.84229
2012-07-15,7.65627
2012-07-16,5.20958
2012-07-17,4.12406
2012-07-18,6.28621
2012-07-19,10.5108
2012-07-20,8.93262
2012-07-21,7.24253
2012-07-22,2.61017
2012-07-23,3.70856
2012-07-24,2.47822
2012-07-25,2.12633
2012-07-26,4.16091
2012-07-27,6.96031
2012-07-28,9.13008
2012-07-29,10.8288
2012-07-30,13.2915
2012-07-31,19.8884
2012-08-01,14.3115
2012-08-02,9.78896
2012-08-03,11.4631
2012-08-04,11.8803
2012-08-05,14.6674
2012-08-06,10.712
2012-08-07,6.93477
2012-08-08,11.6514
2012-08-09,14.4696
2012-08-10,11.3567
2012-08-11,7.74093
2012-08-12,7.75578
2012-08-13,9.80433
2012-08-14,8.02157
2012-08-15,10.2637
2012-08-16,12.8879
2012-08-17,11.4002
2012-08-18,10.8048
2012-08-19,8.6594
2012-08-20,12.3316
2012-08-21,17.7409
2012-08-22,15.588
2012-08-23,11.1172
2012-08-24,11.6894
2012-08-25,13.2896
2012-08-26,12.3237
2012-08-27,10.803
2012-08-28,6.60509
2012-08-29,5.7215
2012-08-30,7.33137
2012-08-31,8.32284
2012-09-01,9.74938
2012-09-02,12.6318
2012-09-03,8.78909
2012-09-04,8.62325
2012-09-05,7.29299
2012-09-06,9.5244
2012-09-07,11.8658
2012-09-08,15.2982
2012-09-09,14.9331
2012-09-10,14.3185
2012-09-11,16.3766
2012-09-12,17.5423
2012-09-13,13.6083
2012-09-14,8.74395
2012-09-15,7.40495
2012-09-16,5.05459
2012-09-17,6.71348
2012-09-18,7.35853
2012-09-19,9.37649
2012-09-20,7.68558
2012-09-21,7.46279
2012-09-22,4.99646
2012-09-23,7.20842
2012-09-24,6.82182
2012-09-25,5.57601
2012-09-26,3.21724
2012-09-27,3.88196
2012-09-28,8.84012
2012-09-29,8.34643
2012-09-30,9.5692
2012-10-01,9.46144
2012-10-02,5.41523
2012-10-03,3.96635
2012-10-04,4.63757
2012-10-05,-0.364108
2012-10-06,-3.13811
2012-10-07,-5.30907
2012-10-08,-8.22999
2012-10-09,-2.39346
2012-10-10,-0.233157
2012-10-11,1.45802
2012-10-12,1.30336
2012-10-13,3.64933
2012-10-14,1.89752
2012-10-15,2.00086
2012-10-16,3.21692
2012-10-17,3.9316
2012-10-18,3.13276
2012-10-19,7.27129
2012-10-20,7.25187
2012-10-21,8.66519
2012-10-22,15.1675
2012-10-23,7.6665
2012-10-24,4.60242
2012-10-25,4.93505
2012-10-26,2.84056
2012-10-27,4.46262
2012-10-28,6.83491
2012-10-29,7.11544
2012-10-30,9.3315
2012-10-31,10.1755
2012-11-01,10.1406
2012-11-02,8.46794
2012-11-03,8.76438
2012-11-04,5.90477
2012-11-05,2.75197
2012-11-06,4.01781
2012-11-07,5.69091
2012-11-08,5.01579
2012-11-09,8.16933
2012-11-10,6.05306
2012-11-11,4.20676
2012-11-12,2.7527
2012-11-13,-0.905134
2012-11-14,-2.25098
2012-11-15,-2.70284
2012-11-16,-4.53485
2012-11-17,-3.98135
2012-11-18,-2.54036
2012-11-19,-2.61266
2012-11-20,-1.41604
2012-11-21,0.0539367
2012-11-22,-0.316264
2012-11-23,-1.15184
2012-11-24,-0.260747
2012-11-25,0.986582
2012-11-26,1.94928
2012-11-27,5.90304
2012-11-28,5.51284
2012-11-29,9.02936
2012-11-30,13.278
2012-12-01,10.1438
2012-12-02,12.2709
2012-12-03,12.0616
2012-12-04,9.46156
2012-12-05,5.03365
2012-12-06,-0.944023
2012-12-07,-4.62327
2012-12-08,-5.88382
2012-12-09,-9.69284
2012-12-10,-11.3472
2012-12-11,-13.1953
2012-12-12,-10.742
2012-12-13,-12.1659
2012-12-14,-14.9567
2012-12-15,-14.544
2012-12-16,-18.3123
2012-12-17,-19.9079
2012-12-18,-19.9838
2012-12-19,-18.9968
2012-12-20,-13.6749
2012-12-21,-13.6188
2012-12-22,-11.9318
2012-12-23,-5.27227
2012-12-24,-2.32124
2012-12-25,-1.79713
2012-12-26,-4.96653
2012-12-27,-6.12378
2012-12-28,-1.89016
2012-12-29,3.36898
2012-12-30,3.36488
2012-12-31,8.23709
2013-01-01,10.2362
2013-01-02,14.9456
2013-01-03,13.2488
2013-01-04,17.2508
2013-01-05,12.8792
2013-01-06,7.92739
2013-01-07,4.57514
2013-01-08,5.78183
2013-01-09,4.24263
2013-01-10,3.81675
2013-01-11,0.0974575
2013-01-12,-4.71102
2013-01-13,-2.83231
2013-01-14,-5.35125
2013-01-15,-5.81215
2013-01-16,-8.83922
2013-01-17,-8.65851
2013-01-18,-12.6748
2013-01-19,-11.005
2013-01-20,-7.57409
2013-01-21,-6.07152
2013-01-22,-9.4532
2013-01-23,-5.66396
2013-01-24,-6.30213
2013-01-25,-2.89138
2013-01-26,-0.0523061
2013-01-27,-0.500443
2013-01-28,0.344519
2013-01-29,0.273596
2013-01-30,1.60919
2013-01-31,4.15779
2013-02-01,12.151
2013-02-02,12.67
2013-02-03,8.48949
2013-02-04,12.2982
2013-02-05,17.1433
2013-02-06,16.8227
2013-02-07,19.6827
2013-02-08,13.416
2013-02-09,14.8145
2013-02-10,16.6978
2013-02-11,14.8958
2013-02-12,15.724
2013-02-13,12.6848
2013-02-14,12.4162
2013-02-15,8.31535
2013-02-16,10.1308
2013-02-17,15.0361
2013-02-18,14.1149
2013-02-19,14.3899
2013-02-20,15.4194
2013-02-21,18.7314
2013-02-22,25.362
2013-02-23,24.2653
2013-02-24,23.192
2013-02-25,22.7464
2013-02-26,26.1075
2013-02-27,30.096
2013-02-28,27.0789
2013-03-01,26.604
2013-03-02,24.5871
2013-03-03,20.518
2013-03-04,21.2212
2013-03-05,20.0004
2013-03-06,16.4015
2013-03-07,11.7253
2013-03-08,9.88416
2013-03-09,9.8197
2013-03-10,12.7415
2013-03-11,16.1846
2013-03-12,10.5373
2013-03-13,9.60833
2013-03-14,9.80301
2013-03-15,14.3105
2013-03-16,16.2101
2013-03-17,17.7531
2013-03-18,18.9617
2013-03-19,22.4702
2013-03-20,27.3276
2013-03-21,35.2823
2013-03-22,36.8227
2013-03-23,41.583
2013-03-24,42.7079
2013-03-25,45.0118
2013-03-26,47.8109
2013-03-27,52.1375
2013-03-28,49.0465
2013-03-29,47.2835
2013-03-30,44.5348
2013-03-31,43.5464
2013-04-01,35.6096
2013-04-02,37.0672
2013-04-03,35.0575
2013-04-04,32.4141
2013-04-05,25.6991
2013-04-06,21.2841
2013-04-07,19.0753
2013-04-08,16.68
2013-04-09,14.1195
2013-04-10,13.119
2013-04-11,19.2607
2013-04-12,19.3073
2013-04-13,19.9623
2013-04-14,18.6971
2013-04-15,19.6868
2013-04-16,15.0798
2013-04-17,12.319
2013-04-18,9.28518
2013-04-19,12.9021
2013-04-20,11.0665
2013-04-21,11.0439
2013-04-22,14.1723
2013-04-23,17.4212
2013-04-24,17.2668
2013-04-25,12.4109
2013-04-26,12.4494
2013-04-27,14.3867
2013-04-28,13.3106
2013-04-29,14.4709
2013-04-30,15.6752
2013-05-01,15.5082
2013-05-02,15.3762
2013-05-03,12.1452
2013-05-04,11.6612
2013-05-05,13.5036
2013-05-06,9.50693
2013-05-07,9.35899
2013-05-08,9.64
2013-05-09,11.9724
2013-05-10,12.4796
2013-05-11,12.5709
2013-05-12,15.5042
2013-05-13,17.5052
2013-05-14,18.0044
2013-05-15,18.3612
2013-05-16,16.7974
2013-05-17,19.0046
2013-05-18,21.4645
2013-05-19,16.6041
2013-05-20,14.5181
2013-05-21,8.61875
2013-05-22,6.39946
2013-05-23,6.56015
2013-05-24,6.28422
2013-05-25,3.84096
2013-05-26,4.66173
2013-05-27,4.7344
2013-05-28,8.03219
2013-05-29,9.62926
2013-05-30,12.7878
2013-05-31,14.612
2013-06-01,15.8863
2013-06-02,22.2281
2013-06-03,27.1936
2013-06-04,36.5802
2013-06-05,42.749
2013-06-06,47.7728
2013-06-07,49.5948
2013-06-08,51.671
2013-06-09,49.4462
2013-06-10,47.166
2013-06-11,40.4679
2013-06-12,39.7041
2013-06-13,38.8581
2013-06-14,37.1639
2013-06-15,36.973
2013-06-16,30.8025
2013-06-17,34.204
2013-06-18,30.9589
2013-06-19,25.0486
2013-06-20,15.9735
2013-06-21,12.2125
2013-06-22,12.2518
2013-06-23,14.6088
2013-06-24,12.1546
2013-06-25,11.9133
2013-06-26,12.345
2013-06-27,14.4229
2013-06-28,15.2581
2013-06-29,13.6223
2013-06-30,15.3778
2013-07-01,9.6154
2013-07-02,11.3073
2013-07-03,12.9573
2013-07-04,18.7601
2013-07-05,19.7543
2013-07-06,20.5928
2013-07-07,18.4156
2013-07-08,23.9589
2013-07-09,26.9354
2013-07-10,28.1762
2013-07-11,29.2344
2013-07-12,32.3945
2013-07-13,32.5513
2013-07-14,31.8882
2013-07-15,33.8067
2013-07-16,32.05
2013-07-17,32.2322
2013-07-18,27.9274
2013-07-19,24.9852
2013-07-20,23.2575
2013-07-21,24.3862
2013-07-22,23.7345
2013-07-23,23.5202
2013-07-24,20.8692
2013-07-25,16.4428
2013-07-26,13.5721
2013-07-27,15.5372
2013-07-28,17.7351
2013-07-29,15.8192
2013-07-30,16.413
2013-07-31,20.7869
2013-08-01,25.0916
2013-08-02,29.7021
2013-08-03,30.6742
2013-08-04,29.7451
2013-08-05,31.3798
2013-08-06,32.4846
2013-08-07,34.8766
2013-08-08,37.2974
2013-08-09,42.2038
2013-08-10,43.2612
2013-08-11,44.2935
2013-08-12,48.0477
2013-08-13,49.1958
2013-08-14,48.0753
2013-08-15,48.4576
2013-08-16,47.269
2013-08-17,47.1584
2013-08-18,49.0516
2013-08-19,48.1778
2013-08-20,45.1805
2013-08-21,42.9001
2013-08-22,42.8356
2013-08-23,41.3527
2013-08-24,40.5363
2013-08-25,41.082
2013-08-26,37.4659
2013-08-27,38.4715
2013-08-28,35.6104
2013-08-29,34.9072
2013-08-30,35.1497
2013-08-31,38.2641
2013-09-01,38.493
2013-09-02,41.9066
2013-09-03,44.9313
2013-09-04,46.6978
2013-09-05,47.2791
2013-09-06,46.8236
2013-09-07,47.5694
2013-09-08,39.7762
2013-09-09,38.4034
2013-09-10,39.5642
2013-09-11,41.9869
2013-09-12,42.9518
2013-09-13,44.0795
2013-09-14,39.8884
2013-09-15,49.7056
2013-09-16,49.5335
2013-09-17,43.971
2013-09-18,45.2409
2013-09-19,42.7603
2013-09-20,41.1572
2013-09-21,42.2523
2013-09-22,41.9116
2013-09-23,45.6807
2013-09-24,46.8441
2013-09-25,45.0243
2013-09-26,51.7877
2013-09-27,50.2079
2013-09-28,51.5072
2013-09-29,41.1595
2013-09-30,35.8333
2013-10-01,36.6004
2013-10-02,35.9346
2013-10-03,33.1232
2013-10-04,34.3138
2013-10-05,30.0794
2013-10-06,37.4895
2013-10-07,41.8671
2013-10-08,39.4232
2013-10-09,37.9006
2013-10-10,31.0552
2013-10-11,32.935
2013-10-12,34.6466
2013-10-13,35.2699
2013-10-14,37.2205
2013-10-15,46.59
2013-10-16,53.486
2013-10-17,67.69
2013-10-18,67.2308
2013-10-19,75.6579
2013-10-20,79.8768
2013-10-21,76.9271
2013-10-22,76.8539
2013-10-23,82.2005
2013-10-24,79.1474
2013-10-25,79.5035
2013-10-26,78.1035
2013-10-27,77.0022
2013-10-28,78.875
2013-10-29,71.3742
2013-10-30,59.1051
2013-10-31,52.9749
2013-11-01,56.825
2013-11-02,54.62
2013-11-03,48.3801
2013-11-04,45.0905
2013-11-05,43.6115
2013-11-06,44.3415
2013-11-07,45.0586
2013-11-08,38.2249
2013-11-09,31.2897
2013-11-10,26.9777
2013-11-11,24.9698
2013-11-12,25.9406
2013-11-13,29.8435
2013-11-14,25.6626
2013-11-15,23.3549
2013-11-16,22.1163
2013-11-17,24.8003
2013-11-18,28.5435
2013-11-19,26.5701
2013-11-20,19.7879
2013-11-21,20.7898
2013-11-22,22.3486
2013-11-23,28.912
2013-11-24,30.5402
2013-11-25,25.6542
2013-11-26,23.2262
2013-11-27,20.1202
2013-11-28,20.5305
2013-11-29,19.6892
2013-11-30,19.3665
2013-12-01,18.2627
2013-12-02,18.9753
2013-12-03,20.1007
2013-12-04,27.5746
2013-12-05,27.2111
2013-12-06,29.0569
2013-12-07,28.9039
2013-12-08,29.987
2013-12-09,32.0377
2013-12-10,31.8032
2013-12-11,36.7039
2013-12-12,39.7195
2013-12-13,39.912
2013-12-14,38.0844
2013-12-15,39.7863
2013-12-16,36.4408
2013-12-17,42.4253
2013-12-18,36.1655
2013-12-19,37.2852
2013-12-20,42.2369
2013-12-21,38.7462
2013-12-22,37.8342
2013-12-23,42.0596
2013-12-24,42.3042
2013-12-25,39.0163
2013-12-26,36.0283
2013-12-27,33.0338
2013-12-28,37.0198
2013-12-29,30.4556
2013-12-30,27.6288
2013-12-31,21.4085
2014-01-01,21.8883
2014-01-02,22.988
2014-01-03,15.5684
2014-01-04,16.117
2014-01-05,16.9811
2014-01-06,19.2799
2014-01-07,22.0331
2014-01-08,23.1725
2014-01-09,24.5571
2014-01-10,31.5209
2014-01-11,28.9543
2014-01-12,37.1455
2014-01-13,38.6816
2014-01-14,41.2034
2014-01-15,42.1781
2014-01-16,41.0421
2014-01-17,45.8231
2014-01-18,45.1775
2014-01-19,43.847
2014-01-20,37.4448
2014-01-21,35.2594
2014-01-22,32.9229
2014-01-23,31.2696
2014-01-24,22.8499
2014-01-25,28.1932
2014-01-26,24.2923
2014-01-27,24.6197
2014-01-28,23.8446
2014-01-29,23.4822
2014-01-30,19.6852
2014-01-31,20.8493
2014-02-01,19.9452
2014-02-02,21.6572
2014-02-03,24.6441
2014-02-04,22.6928
2014-02-05,24.0935
2014-02-06,28.1345
2014-02-07,33.1214
2014-02-08,25.103
2014-02-09,25.0674
2014-02-10,21.5452
2014-02-11,20.403
2014-02-12,20.5419
2014-02-13,22.0913
2014-02-14,18.3578
2014-02-15,22.5871
2014-02-16,20.6018
2014-02-17,26.5502
2014-02-18,28.6656
2014-02-19,29.7463
2014-02-20,30.4737
2014-02-21,29.3985
2014-02-22,28.4254
2014-02-23,28.1877
2014-02-24,27.3316
2014-02-25,30.6403
2014-02-26,28.1438
2014-02-27,25.3805
2014-02-28,26.9572
2014-03-01,30.0148
2014-03-02,29.0259
2014-03-03,19.7703
2014-03-04,16.169
2014-03-05,15.3616
2014-03-06,10.9059
2014-03-07,10.2416
2014-03-08,9.45029
2014-03-09,9.75222
2014-03-10,16.2111
2014-03-11,12.9116
2014-03-12,14.9803
2014-03-13,19.1103
2014-03-14,18.7817
2014-03-15,10.7864
2014-03-16,12.6615
2014-03-17,13.5098
2014-03-18,17.3336
2014-03-19,14.966
2014-03-20,14.0679
2014-03-21,13.6331
2014-03-22,20.7037
2014-03-23,18.5765
2014-03-24,18.7215
2014-03-25,24.5256
2014-03-26,26.2275
2014-03-27,26.0246
2014-03-28,27.7408
2014-03-29,31.4822
2014-03-30,33.1213
2014-03-31,27.3023
2014-04-01,23.3166
2014-04-02,25.3542
2014-04-03,29.8187
2014-04-04,31.3503
2014-04-05,27.5014
2014-04-06,30.3782
2014-04-07,30.0844
2014-04-08,24.3341
2014-04-09,19.9997
2014-04-10,17.5369
2014-04-11,13.9804
2014-04-12,13.4028
2014-04-13,9.50881
2014-04-14,17.1952
2014-04-15,22.4379
2014-04-16,25.9812
2014-04-17,21.8228
2014-04-18,22.4952
2014-04-19,21.7606
2014-04-20,20.4821
2014-04-21,17.9348
2014-04-22,17.7171
2014-04-23,17.7691
2014-04-24,20.4527
2014-04-25,19.8809
2014-04-26,21.1398
2014-04-27,22.681
2014-04-28,18.6286
2014-04-29,12.4655
2014-04-30,11.9656
2014-05-01,11.4008
2014-05-02,12.6773
2014-05-03,11.7047
2014-05-04,9.90954
2014-05-05,8.20834
2014-05-06,7.27549
2014-05-07,10.1391
2014-05-08,9.88435
2014-05-09,10.7157
2014-05-10,9.50544
2014-05-11,12.7733
2014-05-12,12.9689
2014-05-13,20.5047
2014-05-14,14.8085
2014-05-15,16.2616
2014-05-16,13.6342
2014-05-17,16.1129
2014-05-18,17.2899
2014-05-19,21.2414
2014-05-20,22.5228
2014-05-21,21.4563
2014-05-22,21.5414
2014-05-23,22.5368
2014-05-24,20.0434
2014-05-25,17.0216
2014-05-26,18.6709
2014-05-27,14.8086
2014-05-28,14.7065
2014-05-29,16.3132
2014-05-30,13.5876
2014-05-31,13.789
2014-06-01,11.9396
2014-06-02,10.0437
2014-06-03,13.1816
2014-06-04,15.9185
2014-06-05,14.7017
2014-06-06,17.6043
2014-06-07,18.02
2014-06-08,19.8164
2014-06-09,15.9264
2014-06-10,12.5334
2014-06-11,14.9689
2014-06-12,11.1348
2014-06-13,13.7462
2014-06-14,13.3732
2014-06-15,16.5055
2014-06-16,20.5684
2014-06-17,20.0172
2014-06-18,17.3426
2014-06-19,19.474
2014-06-20,18.3098
2014-06-21,24.0438
2014-06-22,24.4915
2014-06-23,28.2724
2014-06-24,31.4512
2014-06-25,33.3135
2014-06-26,38.3724
2014-06-27,36.2161
2014-06-28,34.3808
2014-06-29,31.2066
2014-06-30,26.7378
2014-07-01,22.3141
2014-07-02,18.5622
2014-07-03,13.8199
2014-07-04,12.341
2014-07-05,8.99989
2014-07-06,6.86001
2014-07-07,4.04916
2014-07-08,4.88827
2014-07-09,4.29078
2014-07-10,4.76202
2014-07-11,5.41369
2014-07-12,3.53911
2014-07-13,4.82148
2014-07-14,5.72558
2014-07-15,5.58444
2014-07-16,8.78222
2014-07-17,8.40543
2014-07-18,11.0016
2014-07-19,12.1973
2014-07-20,13.529
2014-07-21,14.7154
2014-07-22,14.7122
2014-07-23,11.1384
2014-07-24,8.30564
2014-07-25,4.5174
2014-07-26,5.90184
2014-07-27,1.84697
2014-07-28,0.692394
2014-07-29,2.37161
2014-07-30,2.86165
2014-07-31,8.32561
2014-08-01,7.74149
2014-08-02,5.12604
2014-08-03,6.04801
2014-08-04,6.62101
2014-08-05,2.64385
2014-08-06,2.85144
2014-08-07,1.89495
2014-08-08,5.20083
2014-08-09,5.72651
2014-08-10,11.8454
2014-08-11,14.0289
2014-08-12,19.6498
2014-08-13,22.3212
2014-08-14,16.9607
2014-08-15,17.3493
2014-08-16,18.6975
2014-08-17,13.2608
2014-08-18,12.4871
2014-08-19,16.3492
2014-08-20,22.9132
2014-08-21,29.7589
2014-08-22,30.9519
2014-08-23,32.2393
2014-08-24,32.413
2014-08-25,29.2235
2014-08-26,19.484
2014-08-27,13.5188
2014-08-28,14.5613
2014-08-29,12.6856
2014-08-30,13.3348
2014-08-31,17.6847
2014-09-01,25.619
2014-09-02,25.9045
2014-09-03,20.37
2014-09-04,17.2456
2014-09-05,16.3218
2014-09-06,13.8922
2014-09-07,12.8685
2014-09-08,9.03978
2014-09-09,12.4674
2014-09-10,13.682
2014-09-11,12.4373
2014-09-12,12.8678
2014-09-13,12.4855
2014-09-14,12.3142
2014-09-15,7.43427
2014-09-16,8.33189
2014-09-17,12.3947
2014-09-18,14.261
2014-09-19,15.7085
2014-09-20,18.9044
2014-09-21,16.2175
2014-09-22,20.4383
2014-09-23,20.4522
2014-09-24,18.4784
2014-09-25,16.7801
2014-09-26,17.5714
2014-09-27,15.1084
2014-09-28,11.3134
2014-09-29,8.33891
2014-09-30,5.02886
2014-10-01,4.05451
2014-10-02,2.38604
2014-10-03,-2.95468
2014-10-04,-4.16596
2014-10-05,-1.82807
2014-10-06,1.35974
2014-10-07,2.90419
2014-10-08,2.86502
2014-10-09,4.41809
2014-10-10,3.70328
2014-10-11,6.10517
2014-10-12,7.11111
2014-10-13,6.42631
2014-10-14,6.70228
2014-10-15,4.06581
2014-10-16,2.77481
2014-10-17,6.33683
2014-10-18,3.72975
2014-10-19,3.67554
2014-10-20,-1.60783
2014-10-21,-5.49177
2014-10-22,-1.78665
2014-10-23,0.0185346
2014-10-24,-0.373521
2014-10-25,0.674383
2014-10-26,1.04714
2014-10-27,2.51034
2014-10-28,5.53471
2014-10-29,4.52055
2014-10-30,3.70455
2014-10-31,5.59551
2014-11-01,9.86433
2014-11-02,8.14697
2014-11-03,12.7387
2014-11-04,15.7748
2014-11-05,15.8099
2014-11-06,14.6055
2014-11-07,13.7591
2014-11-08,9.25248
2014-11-09,10.6413
2014-11-10,12.0937
2014-11-11,8.6659
2014-11-12,7.87172
2014-11-13,8.78666
2014-11-14,5.90501
2014-11-15,3.49122
2014-11-16,1.80506
2014-11-17,-0.912161
2014-11-18,-2.0771
2014-11-19,-1.47329
2014-11-20,-1.54216
2014-11-21,-1.93412
2014-11-22,-2.35672
2014-11-23,-1.548
2014-11-24,-2.93661
2014-11-25,-1.7864
2014-11-26,-2.22828
2014-11-27,-3.47778
2014-11-28,-2.32795
2014-11-29,-0.624302
2014-11-30,0.953919
2014-12-01,2.76385
2014-12-02,1.35493
2014-12-03,0.305952
2014-12-04,-1.50346
2014-12-05,-0.675735
2014-12-06,2.47094
2014-12-07,-1.29999
2014-12-08,-4.26506
2014-12-09,-1.61675
2014-12-10,-0.219971
2014-12-11,2.93204
2014-12-12,2.81955
2014-12-13,-0.82513
2014-12-14,-0.231562
2014-12-15,-0.531681
2014-12-16,-1.0223
2014-12-17,-2.56308
2014-12-18,-2.09862
2014-12-19,-4.53678
2014-12-20,-5.76304
2014-12-21,-5.1525
2014-12-22,-2.80894
2014-12-23,-3.85551
2014-12-24,-2.57455
2014-12-25,-2.73728
2014-12-26,-0.111054
2014-12-27,2.86667
2014-12-28,3.70855
2014-12-29,5.75301
2014-12-30,8.07493
2014-12-31,8.9159
2015-01-01,11.1225
2015-01-02,14.734
2015-01-03,17.282
2015-01-04,20.548
2015-01-05,22.8029
2015-01-06,19.7942
2015-01-07,19.4956
2015-01-08,15.268
2015-01-09,10.2128
2015-01-10,6.15895
2015-01-11,2.90179
2015-01-12,-2.16046
2015-01-13,-2.38207
2015-01-14,-5.14718
2015-01-15,-3.88598
2015-01-16,-3.40676
2015-01-17,-3.98807
2015-01-18,-5.01636
2015-01-19,-4.74953
2015-01-20,-4.28495
2015-01-21,-5.4008
2015-01-22,-3.99832
2015-01-23,-4.00113
2015-01-24,-3.2783
2015-01-25,-3.13446
2015-01-26,-4.46021
2015-01-27,-6.01081
2015-01-28,-1.79529
2015-01-29,-2.8794
2015-01-30,-2.44434
2015-01-31,-2.83489
2015-02-01,-0.0196525
2015-02-02,1.06054
2015-02-03,3.08864
2015-02-04,1.93765
2015-02-05,1.05351
2015-02-06,2.22927
2015-02-07,7.63414
2015-02-08,8.30281
2015-02-09,9.25139
2015-02-10,12.8026
2015-02-11,12.989
2015-02-12,13.5177
2015-02-13,8.2082
2015-02-14,5.64193
2015-02-15,3.7157
2015-02-16,3.35707
2015-02-17,0.726978
2015-02-18,3.29412
2015-02-19,4.68539
2015-02-20,9.94018
2015-02-21,7.22227
2015-02-22,6.13712
2015-02-23,10.2803
2015-02-24,8.03578
2015-02-25,4.00376
2015-02-26,2.96786
2015-02-27,5.03255
2015-02-28,7.1236
2015-03-01,6.51551
2015-03-02,3.58377
2015-03-03,5.62924
2015-03-04,8.07555
2015-03-05,5.21626
2015-03-06,-1.08366
2015-03-07,-2.54861
2015-03-08,-1.11757
2015-03-09,-1.0222
2015-03-10,-1.4347
2015-03-11,-0.544677
2015-03-12,1.06332
2015-03-13,1.97271
2015-03-14,1.84994
2015-03-15,0.501667
2015-03-16,0.289461
2015-03-17,-1.7616
2015-03-18,-6.75416
2015-03-19,-5.14831
2015-03-20,-2.7819
2015-03-21,-3.49765
2015-03-22,-1.30785
2015-03-23,-3.37818
2015-03-24,-1.89179
2015-03-25,2.68023
2015-03-26,1.69408
2015-03-27,2.35042
2015-03-28,5.59427
2015-03-29,5.78869
2015-03-30,8.24502
2015-03-31,8.49172
2015-04-01,8.8397
2015-04-02,5.90844
2015-04-03,6.96335
2015-04-04,5.63348
2015-04-05,3.99199
2015-04-06,4.68729
2015-04-07,3.41974
2015-04-08,0.202161
2015-04-09,-0.404692
2015-04-10,-3.5265
2015-04-11,-5.15975
2015-04-12,-5.14145
2015-04-13,-8.01442
2015-04-14,-4.86839
2015-04-15,-3.12677
2015-04-16,-0.647199
2015-04-17,-1.83283
2015-04-18,-2.1199
2015-04-19,-1.98013
2015-04-20,-1.14597
2015-04-21,-1.11003
2015-04-22,-2.30639
2015-04-23,0.124936
2015-04-24,1.26741
2015-04-25,-0.857854
2015-04-26,0.726712
2015-04-27,2.73325
2015-04-28,-2.05264
2015-04-29,-1.75371
2015-04-30,-3.90927
2015-05-01,-4.00602
2015-05-02,1.00622
2015-05-03,-1.21827
2015-05-04,-2.67944
2015-05-05,-2.78987
2015-05-06,-2.51085
2015-05-07,-1.59316
2015-05-08,0.39468
2015-05-09,1.285
2015-05-10,-1.59722
2015-05-11,-2.67803
2015-05-12,1.96459
2015-05-13,1.56551
2015-05-14,4.26408
2015-05-15,5.16412
2015-05-16,2.35682
2015-05-17,4.31431
2015-05-18,9.30247
2015-05-19,9.22599
2015-05-20,7.38348
2015-05-21,2.44013
2015-05-22,2.19712
2015-05-23,1.43615
2015-05-24,1.52502
2015-05-25,0.171409
2015-05-26,-3.06976
2015-05-27,-1.28004
2015-05-28,-2.08066
2015-05-29,-5.59727
2015-05-30,-3.72915
2015-05-31,-1.6266
2015-06-01,-6.00078
2015-06-02,-6.25755
2015-06-03,-4.53678
2015-06-04,-3.25335
2015-06-05,-3.15893
2015-06-06,-4.5547
2015-06-07,0.836513
2015-06-08,3.53591
2015-06-09,6.37792
2015-06-10,4.95918
2015-06-11,8.41641
2015-06-12,10.4233
2015-06-13,8.99956
2015-06-14,4.4904
2015-06-15,5.21519
2015-06-16,5.87673
2015-06-17,2.86608
2015-06-18,2.41819
2015-06-19,4.60888
2015-06-20,7.87553
2015-06-21,1.98318
2015-06-22,-0.548884
2015-06-23,-2.01477
2015-06-24,0.0678281
2015-06-25,-2.61977
2015-06-26,-2.46507
2015-06-27,-2.14982
2015-06-28,-0.890817
2015-06-29,0.17712
2015-06-30,-0.556187
2015-07-01,2.53811
2015-07-02,0.72769
2015-07-03,-1.82174
2015-07-04,-2.28586
2015-07-05,1.69085
2015-07-06,4.28004
2015-07-07,7.44925
2015-07-08,4.03279
2015-07-09,6.79801
2015-07-10,5.14738
2015-07-11,3.73382
2015-07-12,4.34858
2015-07-13,2.46513
2015-07-14,1.11296
2015-07-15,2.15727
2015-07-16,4.11763
2015-07-17,4.55672
2015-07-18,3.72248
2015-07-19,1.57892
2015-07-20,3.18829
2015-07-21,0.00734608
2015-07-22,-0.613557
2015-07-23,-2.89988
2015-07-24,-0.400406
2015-07-25,2.4111
2015-07-26,3.15548
2015-07-27,2.94075
2015-07-28,5.39254
2015-07-29,5.09814
2015-07-30,5.64125
2015-07-31,4.69833
2015-08-01,3.46906
2015-08-02,3.46796
2015-08-03,2.45288
2015-08-04,2.45211
2015-08-05,4.163
2015-08-06,2.05188
2015-08-07,2.45308
2015-08-08,-1.06833
2015-08-09,-1.16892
2015-08-10,-1.50026
2015-08-11,-0.0630671
2015-08-12,1.42376
2015-08-13,0.598931
2015-08-14,1.4682
2015-08-15,3.47474
2015-08-16,1.0038
2015-08-17,-0.0762121
2015-08-18,-2.79389
2015-08-19,-4.83726
2015-08-20,0.012583
2015-08-21,-0.667443
2015-08-22,2.99778
2015-08-23,4.79876
2015-08-24,5.6085
2015-08-25,5.67668
2015-08-26,2.73556
2015-08-27,4.26627
2015-08-28,2.89091
2015-08-29,1.77408
2015-08-30,4.36302
2015-08-31,6.38924
2015-09-01,8.72526
2015-09-02,13.06
2015-09-03,9.59297
2015-09-04,10.1843
2015-09-05,8.60619
2015-09-06,5.42347
2015-09-07,5.54115
2015-09-08,4.54944
2015-09-09,3.6657
2015-09-10,2.38768
2015-09-11,6.46514
2015-09-12,7.20965
2015-09-13,5.78809
2015-09-14,4.87853
2015-09-15,4.67971
2015-09-16,5.17372
2015-09-17,4.58688
2015-09-18,1.68056
2015-09-19,0.395324
2015-09-20,0.458411
2015-09-21,-1.35605
2015-09-22,-2.98562
2015-09-23,-1.6284
2015-09-24,0.908333
2015-09-25,-2.54006
2015-09-26,-1.049
2015-09-27,2.28043
2015-09-28,3.67938
2015-09-29,4.76866
2015-09-30,4.07769
2015-10-01,3.78471
2015-10-02,7.12674
2015-10-03,5.37295
2015-10-04,6.01989
2015-10-05,8.65104
2015-10-06,11.6455
2015-10-07,8.31608
2015-10-08,4.76599
2015-10-09,4.256
2015-10-10,1.26572
2015-10-11,0.592736
2015-10-12,-2.11011
2015-10-13,-4.19346
2015-10-14,-6.18525
2015-10-15,-3.47588
2015-10-16,-2.12341
2015-10-17,1.73419
2015-10-18,-0.733299
2015-10-19,-1.54169
2015-10-20,-0.598487
2015-10-21,1.23223
2015-10-22,1.59856
2015-10-23,0.714399
2015-10-24,2.43734
2015-10-25,1.80624
2015-10-26,3.52004
2015-10-27,4.5702
2015-10-28,7.03469
2015-10-29,4.50803
2015-10-30,2.47071
2015-10-31,3.1641
2015-11-01,6.08645
2015-11-02,6.314
2015-11-03,3.2332
2015-11-04,5.22342
2015-11-05,7.91997
2015-11-06,9.33711
2015-11-07,6.17928
2015-11-08,5.74533
2015-11-09,3.33822
2015-11-10,3.04232
2015-11-11,0.30652
2015-11-12,3.00239
2015-11-13,4.73506
2015-11-14,4.52296
2015-11-15,3.84155
2015-11-16,6.55054
2015-11-17,10.5197
2015-11-18,10.4433
2015-11-19,7.0409
2015-11-20,5.08799
2015-11-21,8.38278
2015-11-22,11.0672
2015-11-23,13.7698
2015-11-24,13.1909
2015-11-25,16.5648
2015-11-26,15.1041
2015-11-27,18.2348
2015-11-28,13.7087
2015-11-29,13.518
2015-11-30,9.789
2015-12-01,8.03171
2015-12-02,8.0585
2015-12-03,10.8423
2015-12-04,9.92532
2015-12-05,11.258
2015-12-06,10.142
2015-12-07,11.3192
2015-12-08,12.1098
2015-12-09,12.082
2015-12-10,13.1531
2015-12-11,16.1876
2015-12-12,20.1171
2015-12-13,20.6288
2015-12-14,19.6548
2015-12-15,22.8988
2015-12-16,22.4565
2015-12-17,20.5183
2015-12-18,18.1424
2015-12-19,19.9347
2015-12-20,19.966
2015-12-21,22.5114
2015-12-22,20.9141
2015-12-23,17.9215
2015-12-24,17.8205
2015-12-25,9.8781
2015-12-26,7.38888
2015-12-27,8.68147
2015-12-28,14.2994
2015-12-29,9.98902
2015-12-30,10.1385
2015-12-31,11.3636
2016-01-01,19.2415
2016-01-02,14.1255
2016-01-03,10.9874
2016-01-04,2.32787
2016-01-05,8.59075
2016-01-06,10.5595
2016-01-07,7.84273
2016-01-08,7.67955
2016-01-09,12.2973
2016-01-10,11.4684
2016-01-11,10.4756
2016-01-12,9.20245
2016-01-13,9.60691
2016-01-14,10.8247
2016-01-15,8.76817
2016-01-16,6.06319
2016-01-17,7.35116
2016-01-18,10.5778
2016-01-19,7.57982
2016-01-20,3.7926
2016-01-21,4.94722
2016-01-22,4.86324
2016-01-23,6.61502
2016-01-24,9.71799
2016-01-25,8.73209
2016-01-26,8.72826
2016-01-27,11.0011
2016-01-28,10.1721
2016-01-29,12.0286
2016-01-30,16.3602
2016-01-31,17.8161
2016-02-01,20.9631
2016-02-02,19.76
2016-02-03,24.5977
2016-02-04,26.6285
2016-02-05,28.4336
2016-02-06,23.8063
2016-02-07,20.896
2016-02-08,21.6024
2016-02-09,24.4001
2016-02-10,23.3395
2016-02-11,23.6843
2016-02-12,27.4622
2016-02-13,28.6969
2016-02-14,25.5316
2016-02-15,22.3601
2016-02-16,21.9283
2016-02-17,15.9903
2016-02-18,12.778
2016-02-19,8.49836
2016-02-20,6.21331
2016-02-21,6.46794
2016-02-22,2.0218
2016-02-23,-0.0140724
2016-02-24,-0.894497
2016-02-25,-4.08103
2016-02-26,-7.73707
2016-02-27,-9.32668
2016-02-28,-8.80358
2016-02-29,-7.44584
2016-03-01,-7.18207
2016-03-02,-3.58743
2016-03-03,1.09579
2016-03-04,1.14667
2016-03-05,2.79595
2016-03-06,1.32195
2016-03-07,4.22427
2016-03-08,4.55458
2016-03-09,3.85693
2016-03-10,6.49558
2016-03-11,7.41102
2016-03-12,8.48184
2016-03-13,8.21268
2016-03-14,6.01539
2016-03-15,7.26674
2016-03-16,7.41342
2016-03-17,1.71375
2016-03-18,2.40032
2016-03-19,-0.389403
2016-03-20,-0.412629
2016-03-21,0.536057
2016-03-22,0.291792
2016-03-23,-1.14032
2016-03-24,-1.3565
2016-03-25,-1.63044
2016-03-26,-1.11285
2016-03-27,1.11801
2016-03-28,2.06783
2016-03-29,3.28645
2016-03-30,3.48883
2016-03-31,4.8577
2016-04-01,3.96161
2016-04-02,6.62115
2016-04-03,5.50916
2016-04-04,3.75102
2016-04-05,4.16548
2016-04-06,4.73842
2016-04-07,5.50957
2016-04-08,5.85444
2016-04-09,3.90992
2016-04-10,4.44724
2016-04-11,8.01284
2016-04-12,3.5925
2016-04-13,2.05152
2016-04-14,2.90904
2016-04-15,8.74657
2016-04-16,8.35643
2016-04-17,8.31795
2016-04-18,7.72176
2016-04-19,7.06977
2016-04-20,8.37949
2016-04-21,8.43399
2016-04-22,5.45795
2016-04-23,6.7799
2016-04-24,5.07717
2016-04-25,-0.435318
2016-04-26,0.0676582
2016-04-27,0.81818
2016-04-28,-3.39318
2016-04-29,-8.08506
2016-04-30,-7.05481
2016-05-01,-5.67313
2016-05-02,-3.12467
2016-05-03,0.641515
2016-05-04,-0.505811
2016-05-05,1.99294
2016-05-06,5.20617
2016-05-07,5.18609
2016-05-08,4.96488
2016-05-09,8.91871
2016-05-10,11.0554
2016-05-11,11.6367
2016-05-12,13.4587
2016-05-13,14.9472
2016-05-14,13.5173
2016-05-15,13.9587
2016-05-16,9.65714
2016-05-17,4.75194
2016-05-18,4.29851
2016-05-19,2.62655
2016-05-20,-1.15525
2016-05-21,-1.81542
2016-05-22,-2.47078
2016-05-23,0.794927
2016-05-24,3.31211
2016-05-25,3.61741
2016-05-26,4.59133
2016-05-27,6.7796
2016-05-28,5.83842
2016-05-29,4.77191
2016-05-30,3.09593
2016-05-31,1.53792
2016-06-01,-0.0939507
2016-06-02,-1.56581
2016-06-03,0.634253
2016-06-04,1.252
2016-06-05,0.100887
2016-06-06,-1.98333
2016-06-07,-3.06476
2016-06-08,-2.71103
2016-06-09,-1.80009
2016-06-10,-1.17697
2016-06-11,-0.625436
2016-06-12,3.08604
2016-06-13,3.77094
2016-06-14,5.90648
2016-06-15,7.0517
2016-06-16,7.31171
2016-06-17,5.35925
2016-06-18,5.53971
2016-06-19,7.28377
2016-06-20,7.87574
2016-06-21,5.38847
2016-06-22,6.66376
2016-06-23,5.43719
2016-06-24,3.03736
2016-06-25,2.01811
2016-06-26,0.133926
2016-06-27,0.678417
2016-06-28,1.14514
2016-06-29,2.03932
2016-06-30,2.9861
2016-07-01,5.59772
2016-07-02,7.75045
2016-07-03,6.21817
2016-07-04,3.95646
2016-07-05,4.34438
2016-07-06,1.75953
2016-07-07,2.75097
2016-07-08,1.68123
2016-07-09,2.01464
2016-07-10,0.888478
2016-07-11,3.34723
2016-07-12,3.20569
2016-07-13,3.10523
2016-07-14,0.282524
2016-07-15,-0.296551
2016-07-16,-3.72267
2016-07-17,-1.73739
2016-07-18,-3.16664
2016-07-19,-3.30564
2016-07-20,-4.72342
2016-07-21,-2.37918
2016-07-22,-2.17953
2016-07-23,-2.07759
2016-07-24,-4.89056
2016-07-25,-7.77972
2016-07-26,-8.72847
2016-07-27,-8.44951
2016-07-28,-9.64103
2016-07-29,-9.70197
2016-07-30,-6.98734
2016-07-31,-8.92422
2016-08-01,-5.27443
2016-08-02,-3.55679
2016-08-03,-0.411007
2016-08-04,0.38394
2016-08-05,2.04986
2016-08-06,3.94958
2016-08-07,10.6583
2016-08-08,12.0954
2016-08-09,12.745
2016-08-10,9.56293
2016-08-11,10.6589
2016-08-12,9.98087
2016-08-13,5.80053
2016-08-14,6.87921
2016-08-15,4.98527
2016-08-16,3.49456
2016-08-17,3.79764
2016-08-18,-0.91172
2016-08-19,-0.290092
2016-08-20,0.0114632
2016-08-21,-3.19181
2016-08-22,-0.787646
2016-08-23,1.62194
2016-08-24,5.66354
2016-08-25,10.1086
2016-08-26,7.97442
2016-08-27,7.77247
2016-08-28,6.93894
2016-08-29,4.27822
2016-08-30,2.69054
2016-08-31,2.60919
2016-09-01,2.7899
2016-09-02,2.49805
2016-09-03,3.225
2016-09-04,1.28406
2016-09-05,3.03407
2016-09-06,0.970339
2016-09-07,-2.87709
2016-09-08,-3.7899
2016-09-09,-1.22591
2016-09-10,-0.207661
2016-09-11,3.7327
2016-09-12,3.35609
2016-09-13,6.73517
2016-09-14,7.9452
2016-09-15,10.4045
2016-09-16,10.4345
2016-09-17,7.98883
2016-09-18,10.8249
2016-09-19,6.21559
2016-09-20,4.17596
2016-09-21,5.64891
2016-09-22,4.79249
2016-09-23,3.09437
2016-09-24,3.90609
2016-09-25,1.32367
2016-09-26,8.00512
2016-09-27,8.21643
2016-09-28,7.53219
2016-09-29,6.05487
2016-09-30,5.84443
2016-10-01,7.26579
2016-10-02,6.3009
2016-10-03,3.46944
2016-10-04,6.2092
2016-10-05,6.71408
2016-10-06,7.62976
2016-10-07,10.83
2016-10-08,11.2545
2016-10-09,13.4147
2016-10-10,10.9281
2016-10-11,6.19152
2016-10-12,2.81915
2016-10-13,2.34523
2016-10-14,-0.906636
2016-10-15,-1.98538
2016-10-16,-4.77056
2016-10-17,-3.84288
2016-10-18,-3.55738
2016-10-19,-1.07402
2016-10-20,-4.77167
2016-10-21,-5.76619
2016-10-22,-3.06997
2016-10-23,-4.78522
2016-10-24,-6.28069
2016-10-25,-3.2878
2016-10-26,-4.30425
2016-10-27,-2.17606
2016-10-28,2.50313
2016-10-29,0.751652
2016-10-30,3.54743
2016-10-31,9.33841
2016-11-01,9.63828
2016-11-02,8.32192
2016-11-03,9.98781
2016-11-04,8.5658
2016-11-05,1.82575
2016-11-06,1.24957
2016-11-07,-1.32821
2016-11-08,-2.86931
2016-11-09,1.51559
2016-11-10,1.89303
2016-11-11,0.7199
2016-11-12,6.84693
2016-11-13,8.8998
2016-11-14,5.36227
2016-11-15,7.43699
2016-11-16,5.69895
2016-11-17,8.48376
2016-11-18,8.34619
2016-11-19,12.2797
2016-11-20,11.3603
2016-11-21,12.9357
2016-11-22,11.1526
2016-11-23,7.60304
2016-11-24,5.28357
2016-11-25,5.85404
2016-11-26,1.66305
2016-11-27,0.839439
2016-11-28,3.45053
2016-11-29,3.51888
2016-11-30,6.21231
2016-12-01,3.49084
2016-12-02,2.74868
2016-12-03,2.04243
2016-12-04,5.20446
2016-12-05,5.88857
2016-12-06,6.69713
2016-12-07,7.81541
2016-12-08,12.2119
2016-12-09,11.531
2016-12-10,10.2758
2016-12-11,5.07034
2016-12-12,7.28914
2016-12-13,5.13462
2016-12-14,6.32258
2016-12-15,3.48013
2016-12-16,3.15334
2016-12-17,4.65672
2016-12-18,4.76056
2016-12-19,0.840405
2016-12-20,2.42527
2016-12-21,-0.667384
2016-12-22,-0.783855
2016-12-23,1.14937
2016-12-24,3.78187
2016-12-25,7.02059
2016-12-26,5.56883
2016-12-27,4.28957
2016-12-28,3.41977
2016-12-29,7.65535
2016-12-30,9.09781
2016-12-31,9.08669
2017-01-01,8.16448
2017-01-02,11.1464
2017-01-03,12.4957
2017-01-04,16.847
2017-01-05,12.1255
2017-01-06,7.62571
2017-01-07,6.05945
2017-01-08,5.78763
2017-01-09,4.45664
2017-01-10,3.11086
2017-01-11,1.9196
2017-01-12,1.94932
2017-01-13,6.50321
2017-01-14,5.45344
2017-01-15,8.19616
2017-01-16,9.65992
2017-01-17,11.5825
2017-01-18,10.2003
2017-01-19,11.0228
2017-01-20,12.2506
2017-01-21,15.6612
2017-01-22,17.6323
2017-01-23,19.9604
2017-01-24,21.7611
2017-01-25,22.6853
2017-01-26,23.978
2017-01-27,19.9143
2017-01-28,21.0059
2017-01-29,16.0302
2017-01-30,14.287
2017-01-31,10.8242
2017-02-01,10.6096
2017-02-02,15.3085
2017-02-03,15.3108
2017-02-04,9.4189
2017-02-05,8.85535
2017-02-06,6.02141
2017-02-07,5.79067
2017-02-08,6.06506
2017-02-09,0.78946
2017-02-10,2.51655
2017-02-11,2.58638
2017-02-12,2.39204
2017-02-13,1.16568
2017-02-14,4.3659
2017-02-15,6.53896
2017-02-16,1.79834
2017-02-17,-0.0981875
2017-02-18,2.18723
2017-02-19,3.74587
2017-02-20,3.38084
2017-02-21,3.4653
2017-02-22,-0.515735
2017-02-23,3.21074
2017-02-24,1.46929
2017-02-25,2.50239
2017-02-26,4.60957
2017-02-27,11.0811
2017-02-28,6.68421
2017-03-01,6.35411
2017-03-02,7.64016
2017-03-03,10.1863
2017-03-04,9.25603
2017-03-05,4.52289
2017-03-06,2.15884
2017-03-07,3.41058
2017-03-08,6.59339
2017-03-09,6.51829
2017-03-10,5.71982
2017-03-11,4.33045
2017-03-12,4.43431
2017-03-13,0.960347
2017-03-14,1.62588
2017-03-15,0.518121
2017-03-16,-0.030659
2017-03-17,-0.190795
2017-03-18,0.560434
2017-03-19,4.55911
2017-03-20,8.51972
2017-03-21,7.60543
2017-03-22,5.97262
2017-03-23,7.70811
2017-03-24,7.92043
2017-03-25,9.61818
2017-03-26,5.53133
2017-03-27,4.72344
2017-03-28,4.0296
2017-03-29,5.00967
2017-03-30,2.94681
2017-03-31,4.83022
2017-04-01,1.19903
2017-04-02,0.410349
2017-04-03,-0.916855
2017-04-04,4.54255
2017-04-05,3.17718
2017-04-06,4.12039
2017-04-07,2.45678
2017-04-08,2.99397
2017-04-09,5.72418
2017-04-10,5.82326
2017-04-11,3.33975
2017-04-12,6.20959
2017-04-13,6.33344
2017-04-14,2.49669
2017-04-15,4.14329
2017-04-16,5.62961
2017-04-17,4.84797
2017-04-18,-0.50795
2017-04-19,0.240869
2017-04-20,-2.00472
2017-04-21,0.712705
2017-04-22,0.900474
2017-04-23,-0.0608102
2017-04-24,0.528819
2017-04-25,1.93018
2017-04-26,-1.83726
2017-04-27,0.995574
2017-04-28,3.33584
2017-04-29,1.94496
2017-04-30,2.88497
2017-05-01,3.39151
2017-05-02,6.34826
2017-05-03,8.941
2017-05-04,6.10148
2017-05-05,7.03906
2017-05-06,3.44114
2017-05-07,3.45687
2017-05-08,4.31064
2017-05-09,8.70735
2017-05-10,8.19843
2017-05-11,9.75616
2017-05-12,6.53019
2017-05-13,13.3839
2017-05-14,10.4195
2017-05-15,11.464
2017-05-16,8.91847
2017-05-17,6.61032
2017-05-18,9.43109
2017-05-19,7.9825
2017-05-20,9.70603
2017-05-21,10.9366
2017-05-22,7.57958
2017-05-23,2.31452
2017-05-24,7.16084
2017-05-25,5.45919
2017-05-26,10.737
2017-05-27,7.10506
2017-05-28,8.261
2017-05-29,10.0881
2017-05-30,11.23
2017-05-31,13.6419
2017-06-01,13.8935
2017-06-02,13.8448
2017-06-03,12.109
2017-06-04,13.7292
2017-06-05,17.3473
2017-06-06,23.6517
2017-06-07,17.7023
2017-06-08,19.0589
2017-06-09,17.4445
2017-06-10,19.9988
2017-06-11,15.6574
2017-06-12,11.3116
2017-06-13,8.21596
2017-06-14,6.16001
2017-06-15,2.83961
2017-06-16,0.926055
2017-06-17,1.2452
2017-06-18,0.24018
2017-06-19,-0.734127
2017-06-20,-2.48968
2017-06-21,-1.67832
2017-06-22,-3.0462
2017-06-23,-4.99792
2017-06-24,-5.16796
2017-06-25,-2.6915
2017-06-26,-3.57052
2017-06-27,-3.01632
2017-06-28,-2.69367
2017-06-29,1.29649
2017-06-30,0.63374
2017-07-01,0.311679
2017-07-02,0.999962
2017-07-03,7.02711
2017-07-04,8.4956
2017-07-05,10.3571
2017-07-06,8.89119
2017-07-07,11.6825
2017-07-08,8.96317
2017-07-09,8.95396
2017-07-10,6.47131
2017-07-11,10.2778
2017-07-12,12.9851
2017-07-13,13.855
2017-07-14,17.5941
2017-07-15,19.3243
2017-07-16,15.1421
2017-07-17,12.4659
2017-07-18,6.96295
2017-07-19,6.18573
2017-07-20,6.30999
2017-07-21,6.67349
2017-07-22,8.8399
2017-07-23,12.1023
2017-07-24,18.3247
2017-07-25,18.518
2017-07-26,14.6508
2017-07-27,11.6356
2017-07-28,10.4474
2017-07-29,10.1401
2017-07-30,12.9255
2017-07-31,7.05156
2017-08-01,7.47791
2017-08-02,7.2615
2017-08-03,9.48959
2017-08-04,5.39982
2017-08-05,6.82282
2017-08-06,5.56334
2017-08-07,4.03313
2017-08-08,2.04575
2017-08-09,5.0187
2017-08-10,4.83489
2017-08-11,5.13997
2017-08-12,2.23235
2017-08-13,-1.49192
2017-08-14,1.60199
2017-08-15,2.41272
2017-08-16,1.28678
2017-08-17,-0.922955
2017-08-18,5.25706
2017-08-19,2.89921
2017-08-20,2.5857
2017-08-21,1.46186
2017-08-22,-0.763852
2017-08-23,-8.24347
2017-08-24,-5.08682
2017-08-25,-13.5353
2017-08-26,-16.7275
2017-08-27,-19.2943
2017-08-28,-18.7969
2017-08-29,-16.8313
2017-08-30,-11.2235
2017-08-31,-10.2243
2017-09-01,-8.33372
2017-09-02,-1.91687
2017-09-03,2.0356
2017-09-04,3.74024
2017-09-05,9.68597
2017-09-06,21.9107
2017-09-07,18.3034
2017-09-08,31.3243
2017-09-09,40.3404
2017-09-10,50.6516
2017-09-11,45.8188
2017-09-12,44.8733
2017-09-13,35.6473
2017-09-14,38.4442
2017-09-15,29.381
2017-09-16,20.8236
2017-09-17,14.3548
2017-09-18,18.0443
2017-09-19,11.3055
2017-09-20,6.70828
2017-09-21,2.32764
2017-09-22,3.77369
2017-09-23,1.94029
2017-09-24,3.46739
2017-09-25,4.14478
2017-09-26,3.45411
2017-09-27,1.77514
2017-09-28,2.38482
2017-09-29,2.65333
2017-09-30,5.18767
2017-10-01,2.42735
2017-10-02,-1.88733
2017-10-03,2.58316
2017-10-04,7.41944
2017-10-05,10.9217
2017-10-06,2.69502
2017-10-07,3.17187
2017-10-08,2.92625
2017-10-09,8.30725
2017-10-10,9.61293
2017-10-11,9.24551
2017-10-12,6.57361
2017-10-13,9.221
2017-10-14,3.95457
2017-10-15,5.08951
2017-10-16,8.92419
2017-10-17,8.40062
2017-10-18,4.99542
2017-10-19,8.03947
2017-10-20,16.7603
2017-10-21,22.9285
2017-10-22,22.3754
2017-10-23,15.2738
2017-10-24,13.8333
2017-10-25,16.5558
2017-10-26,19.3582
2017-10-27,20.2322
2017-10-28,17.6133
2017-10-29,14.53
2017-10-30,12.3333
2017-10-31,10.6083
2017-11-01,9.23245
2017-11-02,7.57912
2017-11-03,1.043
2017-11-04,-1.82158
2017-11-05,1.06036
2017-11-06,0.836532
2017-11-07,-0.349387
2017-11-08,1.24769
2017-11-09,-2.78454
2017-11-10,-5.6312
2017-11-11,-2.1286
2017-11-12,-3.67709
2017-11-13,-10.9944
2017-11-14,-11.7217
2017-11-15,-15.488
2017-11-16,-15.9337
2017-11-17,-14.331
2017-11-18,-11.0339
2017-11-19,-9.77061
2017-11-20,-0.916267
2017-11-21,3.91741
2017-11-22,6.30891
2017-11-23,7.23393
2017-11-24,7.38544
2017-11-25,6.15592
2017-11-26,14.3715
2017-11-27,22.2549
2017-11-28,21.6795
2017-11-29,24.8475
2017-11-30,27.6814
2017-12-01,30.2405
2017-12-02,27.1652
2017-12-03,20.2252
2017-12-04,13.1263
2017-12-05,10.4408
2017-12-06,7.93149
2017-12-07,12.6778
2017-12-08,13.2807
2017-12-09,15.4498
2017-12-10,17.5274
2017-12-11,20.0602
2017-12-12,22.7291
2017-12-13,25.4608
2017-12-14,22.6539
2017-12-15,25.2518
2017-12-16,22.9002
2017-12-17,22.0671
2017-12-18,21.7912
2017-12-19,24.9428
2017-12-20,23.5439
2017-12-21,16.3559
2017-12-22,12.4895
2017-12-23,13.6236
2017-12-24,9.15702
2017-12-25,7.18941
2017-12-26,0.755113
2017-12-27,0.498973
2017-12-28,2.70413
2017-12-29,1.53997
2017-12-30,1.42161
2017-12-31,2.45836
2018-01-01,1.75804
2018-01-02,0.681637
2018-01-03,3.15098
2018-01-04,5.84017
2018-01-05,10.7441
2018-01-06,7.8546
2018-01-07,11.0176
2018-01-08,11.955
2018-01-09,18.3179
2018-01-10,17.3508
2018-01-11,15.9471
2018-01-12,16.537
2018-01-13,18.8906
2018-01-14,18.365
2018-01-15,18.7734
2018-01-16,16.6107
2018-01-17,14.8237
2018-01-18,16.6716
2018-01-19,14.8013
2018-01-20,17.7142
2018-01-21,18.0296
2018-01-22,20.9021
2018-01-23,21.5648
2018-01-24,24.1601
2018-01-25,24.0905
2018-01-26,22.5735
2018-01-27,20.5418
2018-01-28,20.6739
2018-01-29,18.7812
2018-01-30,18.6561
2018-01-31,18.484
2018-02-01,12.4314
2018-02-02,12.0633
2018-02-03,12.3487
2018-02-04,9.61006
2018-02-05,8.61713
2018-02-06,10.6879
2018-02-07,11.0426
2018-02-08,13.9239
2018-02-09,11.4015
2018-02-10,8.19987
2018-02-11,7.72361
2018-02-12,6.88087
2018-02-13,6.22213
2018-02-14,4.10938
2018-02-15,11.3713
2018-02-16,11.1616
2018-02-17,12.0774
2018-02-18,12.589
2018-02-19,11.6428
2018-02-20,7.60705
2018-02-21,4.09446
2018-02-22,0.511585
2018-02-23,4.15478
2018-02-24,5.64905
2018-02-25,5.91321
2018-02-26,8.57845
2018-02-27,7.34037
2018-02-28,9.893
2018-03-01,4.61651
2018-03-02,6.18233
2018-03-03,4.80829
2018-03-04,7.57286
2018-03-05,4.33325
2018-03-06,6.79907
2018-03-07,9.44704
2018-03-08,11.2867
2018-03-09,9.94782
2018-03-10,10.5169
2018-03-11,7.72318
2018-03-12,7.90994
2018-03-13,10.5488
2018-03-14,8.81137
2018-03-15,8.90578
2018-03-16,5.48458
2018-03-17,5.71358
2018-03-18,3.30647
2018-03-19,6.03996
2018-03-20,4.17077
2018-03-21,0.848696
2018-03-22,0.893342
2018-03-23,0.440415
2018-03-24,-1.38172
2018-03-25,2.38001
2018-03-26,-0.912236
2018-03-27,-2.50775
2018-03-28,-0.246245
2018-03-29,-0.708676
2018-03-30,1.90535
2018-03-31,3.83004
2018-04-01,0.186121
2018-04-02,2.51116
2018-04-03,3.11341
2018-04-04,6.84218
2018-04-05,6.63191
2018-04-06,6.59532
2018-04-07,6.01616
2018-04-08,9.87626
2018-04-09,11.5312
2018-04-10,11.1748
2018-04-11,8.55195
2018-04-12,11.8039
2018-04-13,10.6104
2018-04-14,10.1595
2018-04-15,10.1822
2018-04-16,8.76648
2018-04-17,8.61236
2018-04-18,8.50922
2018-04-19,8.40708
2018-04-20,11.5873
2018-04-21,12.4546
2018-04-22,9.15075
2018-04-23,8.95194
2018-04-24,11.0515
2018-04-25,10.6498
2018-04-26,5.59558
2018-04-27,2.12523
2018-04-28,0.825269
2018-04-29,1.11612
2018-04-30,0.097833
2018-05-01,0.369976
2018-05-02,-0.162274
2018-05-03,0.872981
2018-05-04,-0.986543
2018-05-05,-0.0992263
2018-05-06,1.04555
2018-05-07,-0.683545
2018-05-08,-2.23052
2018-05-09,-3.76499
2018-05-10,1.52583
2018-05-11,5.47034
2018-05-12,3.56415
2018-05-13,7.02108
2018-05-14,8.0277
2018-05-15,5.62877
2018-05-16,6.11693
2018-05-17,6.16137
2018-05-18,2.72928
2018-05-19,5.23368
2018-05-20,0.892461
2018-05-21,2.53345
2018-05-22,5.5174
2018-05-23,7.99769
2018-05-24,4.22216
2018-05-25,5.57003
2018-05-26,9.78923
2018-05-27,10.2631
2018-05-28,11.2271
2018-05-29,13.2293
2018-05-30,11.3635
2018-05-31,10.642
2018-06-01,15.2479
2018-06-02,11.9531
2018-06-03,12.138
2018-06-04,12.471
2018-06-05,12.4658
2018-06-06,17.9641
2018-06-07,19.3452
2018-06-08,16.8996
2018-06-09,13.2182
2018-06-10,12.8807
2018-06-11,8.68432
2018-06-12,6.16441
2018-06-13,3.63268
2018-06-14,1.53385
2018-06-15,0.136595
2018-06-16,1.8334
2018-06-17,5.09546
2018-06-18,8.26201
2018-06-19,8.11387
2018-06-20,3.94703
2018-06-21,5.96385
2018-06-22,8.57063
2018-06-23,8.74901
2018-06-24,7.51768
2018-06-25,10.8808
2018-06-26,12.7433
2018-06-27,15.3293
2018-06-28,12.1492
2018-06-29,9.68187
2018-06-30,8.80791
2018-07-01,4.46985
2018-07-02,-0.828674
2018-07-03,-3.79602
2018-07-04,-7.34651
2018-07-05,-6.71187
2018-07-06,-9.61211
2018-07-07,-8.15495
2018-07-08,-5.87139
2018-07-09,-5.62657
2018-07-10,-5.88086
2018-07-11,-2.06542
2018-07-12,1.21836
2018-07-13,2.85371
2018-07-14,1.16433
2018-07-15,0.678206
2018-07-16,0.457982
2018-07-17,-0.412815
2018-07-18,2.53722
2018-07-19,3.80167
2018-07-20,7.63463
2018-07-21,6.31563
2018-07-22,3.80626
2018-07-23,6.11783
2018-07-24,10.6896
2018-07-25,7.1432
2018-07-26,7.32022
2018-07-27,6.34574
2018-07-28,9.35462
2018-07-29,12.6587
2018-07-30,16.8863
2018-07-31,17.6265
2018-08-01,18.0674
2018-08-02,13.6828
2018-08-03,12.009
2018-08-04,13.6264
2018-08-05,19.118
2018-08-06,13.2888
2018-08-07,8.85285
2018-08-08,9.25489
2018-08-09,9.67061
2018-08-10,9.84473
2018-08-11,9.60262
2018-08-12,9.49743
2018-08-13,8.8891
2018-08-14,12.9929
2018-08-15,11.556
2018-08-16,13.5677
2018-08-17,14.546
2018-08-18,11.067
2018-08-19,5.04195
2018-08-20,5.02029
2018-08-21,5.31121
2018-08-22,6.10926
2018-08-23,5.33215
2018-08-24,4.83195
2018-08-25,3.55462
2018-08-26,1.69596
2018-08-27,4.69016
2018-08-28,6.14175
2018-08-29,7.83814
2018-08-30,5.08199
2018-08-31,4.43363
2018-09-01,6.45636
2018-09-02,9.0209
2018-09-03,7.17234
2018-09-04,3.10753
2018-09-05,-0.691432
2018-09-06,-1.28576
2018-09-07,-0.846591
2018-09-08,-0.771586
2018-09-09,1.59565
2018-09-10,0.647393
2018-09-11,-3.63487
2018-09-12,-2.79307
2018-09-13,2.41829
2018-09-14,1.64753
2018-09-15,-1.09619
2018-09-16,-3.46183
2018-09-17,-3.18853
2018-09-18,0.628078
2018-09-19,3.41317
2018-09-20,2.88813
2018-09-21,4.2285
2018-09-22,5.38482
2018-09-23,6.66247
2018-09-24,5.37446
2018-09-25,7.29018
2018-09-26,8.1303
2018-09-27,2.50493