Date,Miner Revenue Value
2009-01-10,0
2009-01-11,0
2009-01-12,0
2009-01-13,0
2009-01-14,0
2009-01-15,0
2009-01-16,0
2009-01-17,0
2009-01-18,0
2009-01-19,0
2009-01-20,0
2009-01-21,0
2009-01-22,0
2009-01-23,0
2009-01-24,0
2009-01-25,0
2009-01-26,0
2009-01-27,0
2009-01-28,0
2009-01-29,0
2009-01-30,0
2009-01-31,0
2009-02-01,0
2009-02-02,0
2009-02-03,0
2009-02-04,0
2009-02-05,0
2009-02-06,0
2009-02-07,0
2009-02-08,0
2009-02-09,0
2009-02-10,0
2009-02-11,0
2009-02-12,0
2009-02-13,0
2009-02-14,0
2009-02-15,0
2009-02-16,0
2009-02-17,0
2009-02-18,0
2009-02-19,0
2009-02-20,0
2009-02-21,0
2009-02-22,0
2009-02-23,0
2009-02-24,0
2009-02-25,0
2009-02-26,0
2009-02-27,0
2009-02-28,0
2009-03-01,0
2009-03-02,0
2009-03-03,0
2009-03-04,0
2009-03-05,0
2009-03-06,0
2009-03-07,0
2009-03-08,0
2009-03-09,0
2009-03-10,0
2009-03-11,0
2009-03-12,0
2009-03-13,0
2009-03-14,0
2009-03-15,0
2009-03-16,0
2009-03-17,0
2009-03-18,0
2009-03-19,0
2009-03-20,0
2009-03-21,0
2009-03-22,0
2009-03-23,0
2009-03-24,0
2009-03-25,0
2009-03-26,0
2009-03-27,0
2009-03-28,0
2009-03-29,0
2009-03-30,0
2009-03-31,0
2009-04-01,0
2009-04-02,0
2009-04-03,0
2009-04-04,0
2009-04-05,0
2009-04-06,0
2009-04-07,0
2009-04-08,0
2009-04-09,0
2009-04-10,0
2009-04-11,0
2009-04-12,0
2009-04-13,0
2009-04-14,0
2009-04-15,0
2009-04-16,0
2009-04-17,0
2009-04-18,0
2009-04-19,0
2009-04-20,0
2009-04-21,0
2009-04-22,0
2009-04-23,0
2009-04-24,0
2009-04-25,0
2009-04-26,0
2009-04-27,0
2009-04-28,0
2009-04-29,0
2009-04-30,0
2009-05-01,0
2009-05-02,0
2009-05-03,0
2009-05-04,0
2009-05-05,0
2009-05-06,0
2009-05-07,0
2009-05-08,0
2009-05-09,0
2009-05-10,0
2009-05-11,0
2009-05-12,0
2009-05-13,0
2009-05-14,0
2009-05-15,0
2009-05-16,0
2009-05-17,0
2009-05-18,0
2009-05-19,0
2009-05-20,0
2009-05-21,0
2009-05-22,0
2009-05-23,0
2009-05-24,0
2009-05-25,0
2009-05-26,0
2009-05-27,0
2009-05-28,0
2009-05-29,0
2009-05-30,0
2009-05-31,0
2009-06-01,0
2009-06-02,0
2009-06-03,0
2009-06-04,0
2009-06-05,0
2009-06-06,0
2009-06-07,0
2009-06-08,0
2009-06-09,0
2009-06-10,0
2009-06-11,0
2009-06-12,0
2009-06-13,0
2009-06-14,0
2009-06-15,0
2009-06-16,0
2009-06-17,0
2009-06-18,0
2009-06-19,0
2009-06-20,0
2009-06-21,0
2009-06-22,0
2009-06-23,0
2009-06-24,0
2009-06-25,0
2009-06-26,0
2009-06-27,0
2009-06-28,0
2009-06-29,0
2009-06-30,0
2009-07-01,0
2009-07-02,0
2009-07-03,0
2009-07-04,0
2009-07-05,0
2009-07-06,0
2009-07-07,0
2009-07-08,0
2009-07-09,0
2009-07-10,0
2009-07-11,0
2009-07-12,0
2009-07-13,0
2009-07-14,0
2009-07-15,0
2009-07-16,0
2009-07-17,0
2009-07-18,0
2009-07-19,0
2009-07-20,0
2009-07-21,0
2009-07-22,0
2009-07-23,0
2009-07-24,0
2009-07-25,0
2009-07-26,0
2009-07-27,0
2009-07-28,0
2009-07-29,0
2009-07-30,0
2009-07-31,0
2009-08-01,0
2009-08-02,0
2009-08-03,0
2009-08-04,0
2009-08-05,0
2009-08-06,0
2009-08-07,0
2009-08-08,0
2009-08-09,0
2009-08-10,0
2009-08-11,0
2009-08-12,0
2009-08-13,0
2009-08-14,0
2009-08-15,0
2009-08-16,0
2009-08-17,0
2009-08-18,0
2009-08-19,0
2009-08-20,0
2009-08-21,0
2009-08-22,0
2009-08-23,0
2009-08-24,0
2009-08-25,0
2009-08-26,0
2009-08-27,0
2009-08-28,0
2009-08-29,0
2009-08-30,0
2009-08-31,0
2009-09-01,0
2009-09-02,0
2009-09-03,0
2009-09-04,0
2009-09-05,0
2009-09-06,0
2009-09-07,0
2009-09-08,0
2009-09-09,0
2009-09-10,0
2009-09-11,0
2009-09-12,0
2009-09-13,0
2009-09-14,0
2009-09-15,0
2009-09-16,0
2009-09-17,0
2009-09-18,0
2009-09-19,0
2009-09-20,0
2009-09-21,0
2009-09-22,0
2009-09-23,0
2009-09-24,0
2009-09-25,0
2009-09-26,0
2009-09-27,0
2009-09-28,0
2009-09-29,0
2009-09-30,0
2009-10-01,0
2009-10-02,0
2009-10-03,0
2009-10-04,0
2009-10-05,0
2009-10-06,0
2009-10-07,0
2009-10-08,0
2009-10-09,0
2009-10-10,0
2009-10-11,0
2009-10-12,0
2009-10-13,0
2009-10-14,0
2009-10-15,0
2009-10-16,0
2009-10-17,0
2009-10-18,0
2009-10-19,0
2009-10-20,0
2009-10-21,0
2009-10-22,0
2009-10-23,0
2009-10-24,0
2009-10-25,0
2009-10-26,0
2009-10-27,0
2009-10-28,0
2009-10-29,0
2009-10-30,0
2009-10-31,0
2009-11-01,0
2009-11-02,0
2009-11-03,0
2009-11-04,0
2009-11-05,0
2009-11-06,0
2009-11-07,0
2009-11-08,0
2009-11-09,0
2009-11-10,0
2009-11-11,0
2009-11-12,0
2009-11-13,0
2009-11-14,0
2009-11-15,0
2009-11-16,0
2009-11-17,0
2009-11-18,0
2009-11-19,0
2009-11-20,0
2009-11-21,0
2009-11-22,0
2009-11-23,0
2009-11-24,0
2009-11-25,0
2009-11-26,0
2009-11-27,0
2009-11-28,0
2009-11-29,0
2009-11-30,0
2009-12-01,0
2009-12-02,0
2009-12-03,0
2009-12-04,0
2009-12-05,0
2009-12-06,0
2009-12-07,0
2009-12-08,0
2009-12-09,0
2009-12-10,0
2009-12-11,0
2009-12-12,0
2009-12-13,0
2009-12-14,0
2009-12-15,0
2009-12-16,0
2009-12-17,0
2009-12-18,0
2009-12-19,0
2009-12-20,0
2009-12-21,0
2009-12-22,0
2009-12-23,0
2009-12-24,0
2009-12-25,0
2009-12-26,0
2009-12-27,0
2009-12-28,0
2009-12-29,0
2009-12-30,0
2009-12-31,0
2010-01-01,0
2010-01-02,0
2010-01-03,0
2010-01-04,0
2010-01-05,0
2010-01-06,0
2010-01-07,0
2010-01-08,0
2010-01-09,0
2010-01-10,0
2010-01-11,0
2010-01-12,0
2010-01-13,0
2010-01-14,0
2010-01-15,0
2010-01-16,0
2010-01-17,0
2010-01-18,0
2010-01-19,0
2010-01-20,0
2010-01-21,0
2010-01-22,0
2010-01-23,0
2010-01-24,0
2010-01-25,0
2010-01-26,0
2010-01-27,0
2010-01-28,0
2010-01-29,0
2010-01-30,0
2010-01-31,0
2010-02-01,0
2010-02-02,0
2010-02-03,0
2010-02-04,0
2010-02-05,0
2010-02-06,0
2010-02-07,0
2010-02-08,0
2010-02-09,0
2010-02-10,0
2010-02-11,0
2010-02-12,0
2010-02-13,0
2010-02-14,0
2010-02-15,0
2010-02-16,0
2010-02-17,0
2010-02-18,0
2010-02-19,0
2010-02-20,0
2010-02-21,0
2010-02-22,0
2010-02-23,0
2010-02-24,0
2010-02-25,0
2010-02-26,0
2010-02-27,0
2010-02-28,0
2010-03-01,0
2010-03-02,0
2010-03-03,0
2010-03-04,0
2010-03-05,0
2010-03-06,0
2010-03-07,0
2010-03-08,0
2010-03-09,0
2010-03-10,0
2010-03-11,0
2010-03-12,0
2010-03-13,0
2010-03-14,0
2010-03-15,0
2010-03-16,0
2010-03-17,0
2010-03-18,0
2010-03-19,0
2010-03-20,0
2010-03-21,0
2010-03-22,0
2010-03-23,0
2010-03-24,0
2010-03-25,0
2010-03-26,0
2010-03-27,0
2010-03-28,0
2010-03-29,0
2010-03-30,0
2010-03-31,0
2010-04-01,0
2010-04-02,0
2010-04-03,0
2010-04-04,0
2010-04-05,0
2010-04-06,0
2010-04-07,0
2010-04-08,0
2010-04-09,0
2010-04-10,0
2010-04-11,0
2010-04-12,0
2010-04-13,0
2010-04-14,0
2010-04-15,0
2010-04-16,0
2010-04-17,0
2010-04-18,0
2010-04-19,0
2010-04-20,0
2010-04-21,0
2010-04-22,0
2010-04-23,0
2010-04-24,0
2010-04-25,0
2010-04-26,0
2010-04-27,0
2010-04-28,0
2010-04-29,0
2010-04-30,0
2010-05-01,0
2010-05-02,0
2010-05-03,0
2010-05-04,0
2010-05-05,0
2010-05-06,0
2010-05-07,0
2010-05-08,0
2010-05-09,0
2010-05-10,0
2010-05-11,0
2010-05-12,0
2010-05-13,0
2010-05-14,0
2010-05-15,0
2010-05-16,0
2010-05-17,0
2010-05-18,0
2010-05-19,0
2010-05-20,0
2010-05-21,0
2010-05-22,0
2010-05-23,0
2010-05-24,0
2010-05-25,0
2010-05-26,0
2010-05-27,0
2010-05-28,0
2010-05-29,0
2010-05-30,0
2010-05-31,0
2010-06-01,0
2010-06-02,0
2010-06-03,0
2010-06-04,0
2010-06-05,0
2010-06-06,0
2010-06-07,0
2010-06-08,0
2010-06-09,0
2010-06-10,0
2010-06-11,0
2010-06-12,0
2010-06-13,0
2010-06-14,0
2010-06-15,0
2010-06-16,0
2010-06-17,0
2010-06-18,0
2010-06-19,0
2010-06-20,0
2010-06-21,0
2010-06-22,0
2010-06-23,0
2010-06-24,0
2010-06-25,0
2010-06-26,0
2010-06-27,0
2010-06-28,0
2010-06-29,0
2010-06-30,0
2010-07-01,0
2010-07-02,0
2010-07-03,0
2010-07-04,0
2010-07-05,0
2010-07-06,0
2010-07-07,0
2010-07-08,0
2010-07-09,0
2010-07-10,0
2010-07-11,0
2010-07-12,0
2010-07-13,0
2010-07-14,0
2010-07-15,0
2010-07-16,0
2010-07-17,0
2010-07-18,432.51
2010-07-19,688.06
2010-07-20,783
2010-07-21,724
2010-07-22,828
2010-07-23,528
2010-07-24,582
2010-07-25,472.5
2010-07-26,577.65
2010-07-27,729.09
2010-07-28,498.04
2010-07-29,477.06
2010-07-30,630.06
2010-07-31,637.02
2010-08-01,710.52
2010-08-02,717.02
2010-08-03,726.01
2010-08-04,681
2010-08-05,729
2010-08-06,654
2010-08-07,441.14
2010-08-08,465
2010-08-09,597
2010-08-10,665.3
2010-08-11,668.5
2010-08-12,815.5
2010-08-13,759.5
2010-08-14,752.5
2010-08-15,983.5
2010-08-16,724.5
2010-08-17,514.55
2010-08-18,451.5
2010-08-19,465.61
2010-08-20,472.5
2010-08-21,675.5
2010-08-22,605.5
2010-08-23,742
2010-08-24,745.5
2010-08-25,752.56
2010-08-26,756
2010-08-27,735
2010-08-28,598.5
2010-08-29,510
2010-08-30,486.01
2010-08-31,521.52
2010-09-01,552.01
2010-09-02,471
2010-09-03,468
2010-09-04,492
2010-09-05,543
2010-09-06,495
2010-09-07,474
2010-09-08,480
2010-09-09,495
2010-09-10,405.01
2010-09-11,531
2010-09-12,480
2010-09-13,531.01
2010-09-14,513
2010-09-15,609
2010-09-16,507
2010-09-17,657
2010-09-18,624
2010-09-19,711.01
2010-09-20,627
2010-09-21,609
2010-09-22,516
2010-09-23,522
2010-09-24,702
2010-09-25,684
2010-09-26,621
2010-09-27,615
2010-09-28,687
2010-09-29,636.09
2010-09-30,492
2010-10-01,438
2010-10-02,462.03
2010-10-03,300
2010-10-04,366
2010-10-05,459
2010-10-06,378
2010-10-07,513
2010-10-08,560
2010-10-09,693
2010-10-10,711
2010-10-11,890
2010-10-12,795
2010-10-13,697.5
2010-10-14,968.04
2010-10-15,1025
2010-10-16,973.5
2010-10-17,1290
2010-10-18,1350
2010-10-19,1245
2010-10-20,1280
2010-10-21,1320
2010-10-22,1023
2010-10-23,847
2010-10-24,962.51
2010-10-25,1230
2010-10-26,1421
2010-10-27,1928
2010-10-28,2023.5
2010-10-29,1971
2010-10-30,2118.5
2010-10-31,2520
2010-11-01,1700.5
2010-11-02,1770
2010-11-03,1672
2010-11-04,1805
2010-11-05,2211
2010-11-06,2737.5
2010-11-07,3706
2010-11-08,4217.5
2010-11-09,3850.23
2010-11-10,2604
2010-11-11,2233
2010-11-12,2409
2010-11-13,2281.5
2010-11-14,3122
2010-11-15,3584
2010-11-16,2700.13
2010-11-17,2364
2010-11-18,3087.5
2010-11-19,3469.5
2010-11-20,2100.03
2010-11-21,1624.29
2010-11-22,1960.27
2010-11-23,2282.16
2010-11-24,1960.15
2010-11-25,2478.03
2010-11-26,2534
2010-11-27,2716.1
2010-11-28,2520.01
2010-11-29,2408
2010-11-30,2508.01
2010-12-01,2121
2010-12-02,2068.01
2010-12-03,2350.02
2010-12-04,2362.5
2010-12-05,2519
2010-12-06,2390.01
2010-12-07,2410.01
2010-12-08,2629.02
2010-12-09,2856.01
2010-12-10,2341.51
2010-12-11,1470.01
2010-12-12,1925.03
2010-12-13,1881.03
2010-12-14,1551.07
2010-12-15,2052.01
2010-12-16,2352.02
2010-12-17,2162.53
2010-12-18,2075.06
2010-12-19,2012.52
2010-12-20,2208.03
2010-12-21,2146.52
2010-12-22,2450.04
2010-12-23,1962.53
2010-12-24,1812.52
2010-12-25,1850.02
2010-12-26,2100.02
2010-12-27,1885.02
2010-12-28,2241.02
2010-12-29,2366.03
2010-12-30,2475.04
2010-12-31,2535.02
2011-01-01,2430.01
2011-01-02,2715.03
2011-01-03,2625.03
2011-01-04,2340.22
2011-01-05,2115.01
2011-01-06,2310.03
2011-01-07,2115.03
2011-01-08,2624.01
2011-01-09,2720.01
2011-01-10,2608.05
2011-01-11,2673.02
2011-01-12,2838.02
2011-01-13,2755.59
2011-01-14,3196.01
2011-01-15,3620.03
2011-01-16,3061.54
2011-01-17,3393.03
2011-01-18,3167.56
2011-01-19,2256.02
2011-01-20,2619.52
2011-01-21,3441.04
2011-01-22,3587.52
2011-01-23,3608.21
2011-01-24,3740.16
2011-01-25,3948.1
2011-01-26,3276.05
2011-01-27,3780.21
2011-01-28,3440.08
2011-01-29,3476.05
2011-01-30,3542.17
2011-01-31,3667.33
2011-02-01,4420.41
2011-02-02,5904.55
2011-02-03,5688.04
2011-02-04,5600.11
2011-02-05,7857.1
2011-02-06,7965.66
2011-02-07,7876.59
2011-02-08,8932.28
2011-02-09,7644.16
2011-02-10,9888.07
2011-02-11,9021.86
2011-02-12,9579.5
2011-02-13,10486.79
2011-02-14,10395.26
2011-02-15,10488.92
2011-02-16,11812.76
2011-02-17,12180.62
2011-02-18,12012.14
2011-02-19,9540.47
2011-02-20,7487
2011-02-21,8415.43
2011-02-22,8148.09
2011-02-23,9178.72
2011-02-24,10935.37
2011-02-25,10143.13
2011-02-26,10575.43
2011-02-27,13110.48
2011-02-28,11102.99
2011-03-01,6525.53
2011-03-02,6110.31
2011-03-03,7812.43
2011-03-04,8655.53
2011-03-05,10056.15
2011-03-06,12467.23
2011-03-07,11923.53
2011-03-08,9394.78
2011-03-09,8138.02
2011-03-10,6882.73
2011-03-11,5007.9
2011-03-12,5789.99
2011-03-13,6371.4
2011-03-14,5266.71
2011-03-15,4985.61
2011-03-16,4873.45
2011-03-17,5849.55
2011-03-18,5923.15
2011-03-19,4801.12
2011-03-20,4428.41
2011-03-21,5207.91
2011-03-22,5556.94
2011-03-23,4768.84
2011-03-24,6608.27
2011-03-25,6619.32
2011-03-26,7616.56
2011-03-27,6006.87
2011-03-28,5939.81
2011-03-29,6807.48
2011-03-30,6441.25
2011-03-31,6165.2
2011-04-01,7842.05
2011-04-02,6866.66
2011-04-03,7022.22
2011-04-04,6828.24
2011-04-05,6145.15
2011-04-06,6696.47
2011-04-07,5441.95
2011-04-08,5477.27
2011-04-09,6228.19
2011-04-10,5775.11
2011-04-11,6404.94
2011-04-12,6278.85
2011-04-13,7012.87
2011-04-14,9025.19
2011-04-15,7853.43
2011-04-16,6802.53
2011-04-17,9086.38
2011-04-18,9902.37
2011-04-19,8588.09
2011-04-20,9169.57
2011-04-21,8288.17
2011-04-22,8824.05
2011-04-23,11887.17
2011-04-24,13943.6
2011-04-25,13372.79
2011-04-26,15086.02
2011-04-27,16876.13
2011-04-28,17402.43
2011-04-29,17398.01
2011-04-30,27421.23
2011-05-01,32164.69
2011-05-02,27689.65
2011-05-03,31732.73
2011-05-04,33042.4
2011-05-05,33807.26
2011-05-06,36933.99
2011-05-07,37849.5
2011-05-08,38864.41
2011-05-09,41858.94
2011-05-10,45449.74
2011-05-11,48354.81
2011-05-12,51900.6
2011-05-13,51335.74
2011-05-14,81235.07
2011-05-15,91222.11
2011-05-16,75673.39
2011-05-17,97679.5
2011-05-18,94547.86
2011-05-19,101085.9
2011-05-20,58931.49
2011-05-21,65444.32
2011-05-22,66677.42
2011-05-23,83031.06
2011-05-24,102087.98
2011-05-25,109737.06
2011-05-26,125892.75
2011-05-27,128642.35
2011-05-28,71845.36
2011-05-29,65061.56
2011-05-30,75451.92
2011-05-31,67611.81
2011-06-01,66253.23
2011-06-02,88490.2
2011-06-03,98663.03
2011-06-04,138627.38
2011-06-05,198255
2011-06-06,177301.41
2011-06-07,216188.35
2011-06-08,186887.67
2011-06-09,264257.08
2011-06-10,325917.58
2011-06-11,271985.32
2011-06-12,203807.66
2011-06-13,203271.77
2011-06-14,227473.95
2011-06-15,238559.51
2011-06-16,274065.56
2011-06-17,161945.23
2011-06-18,145571.33
2011-06-19,162584.26
2011-06-20,197133.03
2011-06-21,205220.16
2011-06-22,221819.09
2011-06-23,227938.28
2011-06-24,210374.49
2011-06-25,189398.92
2011-06-26,125610.17
2011-06-27,119761.72
2011-06-28,143079.75
2011-06-29,135851.73
2011-06-30,145333.34
2011-07-01,156047.08
2011-07-02,135667.37
2011-07-03,130944.66
2011-07-04,127750.16
2011-07-05,120678.25
2011-07-06,89617.34
2011-07-07,116352.98
2011-07-08,98258.58
2011-07-09,118414.45
2011-07-10,107389.34
2011-07-11,102879.35
2011-07-12,112378.71
2011-07-13,99440.83
2011-07-14,133817.76
2011-07-15,100698.82
2011-07-16,112417.54
2011-07-17,107456.51
2011-07-18,112784.71
2011-07-19,112881.68
2011-07-20,99251.9
2011-07-21,102133.4
2011-07-22,103784.86
2011-07-23,103473.75
2011-07-24,99819
2011-07-25,115699.57
2011-07-26,116723.56
2011-07-27,122426.17
2011-07-28,121490.98
2011-07-29,105114.89
2011-07-30,110880.42
2011-07-31,102901.84
2011-08-01,117693.25
2011-08-02,108426.69
2011-08-03,94182.55
2011-08-04,77480.8
2011-08-05,68905.62
2011-08-06,70346.52
2011-08-07,44029.43
2011-08-08,49254.89
2011-08-09,52897.85
2011-08-10,72092.87
2011-08-11,76030.71
2011-08-12,64936.7
2011-08-13,61563.56
2011-08-14,64878.55
2011-08-15,70791.46
2011-08-16,72541.13
2011-08-17,81030.85
2011-08-18,74331.39
2011-08-19,78329.99
2011-08-20,75610.66
2011-08-21,87233.9
2011-08-22,90861.59
2011-08-23,92779.73
2011-08-24,85249.02
2011-08-25,73126.12
2011-08-26,66478.73
2011-08-27,61926.49
2011-08-28,52565.29
2011-08-29,52354.95
2011-08-30,61804.34
2011-08-31,64253.84
2011-09-01,64140.67
2011-09-02,53064.24
2011-09-03,66670.58
2011-09-04,61729.72
2011-09-05,54888.59
2011-09-06,59488.92
2011-09-07,51385.12
2011-09-08,48405.64
2011-09-09,43051.96
2011-09-10,39849.16
2011-09-11,32611.14
2011-09-12,37281.14
2011-09-13,40330.04
2011-09-14,41204.37
2011-09-15,40828.77
2011-09-16,38333.63
2011-09-17,28702.9
2011-09-18,31983.86
2011-09-19,40791.94
2011-09-20,34067.54
2011-09-21,42809.84
2011-09-22,41055.6
2011-09-23,40424.71
2011-09-24,37063.34
2011-09-25,35125.08
2011-09-26,36528.19
2011-09-27,32911.36
2011-09-28,32474.97
2011-09-29,35006.92
2011-09-30,29640.66
2011-10-01,31007.39
2011-10-02,36054.04
2011-10-03,30326.46
2011-10-04,36150.18
2011-10-05,27625.59
2011-10-06,35326.4
2011-10-07,30183.34
2011-10-08,29549.4
2011-10-09,23932.47
2011-10-10,26364.54
2011-10-11,25229.01
2011-10-12,18342.28
2011-10-13,24679.7
2011-10-14,19754.84
2011-10-15,27813.5
2011-10-16,25942
2011-10-17,21431.57
2011-10-18,16001.14
2011-10-19,15127.37
2011-10-20,15169.07
2011-10-21,13411.35
2011-10-22,15494.85
2011-10-23,15150.11
2011-10-24,16911.69
2011-10-25,17027.35
2011-10-26,17809.38
2011-10-27,16154.66
2011-10-28,14908.47
2011-10-29,16546.32
2011-10-30,20127.02
2011-10-31,18491.78
2011-11-01,21101.22
2011-11-02,23791.06
2011-11-03,24958.44
2011-11-04,19884.2
2011-11-05,22941.66
2011-11-06,21838.22
2011-11-07,21318.53
2011-11-08,19876.61
2011-11-09,22884.06
2011-11-10,23999.02
2011-11-11,20172.38
2011-11-12,18035.06
2011-11-13,21814.65
2011-11-14,21608.68
2011-11-15,16951.92
2011-11-16,19147.18
2011-11-17,16951.51
2011-11-18,15574.83
2011-11-19,13905.23
2011-11-20,13475.38
2011-11-21,16025.17
2011-11-22,13339.84
2011-11-23,16246.84
2011-11-24,15619.22
2011-11-25,13739.07
2011-11-26,16818.44
2011-11-27,14886.77
2011-11-28,14085.31
2011-11-29,16073.28
2011-11-30,19126.95
2011-12-01,23822.75
2011-12-02,27859.89
2011-12-03,22717.12
2011-12-04,21749.29
2011-12-05,18979.95
2011-12-06,22761.09
2011-12-07,25747.88
2011-12-08,20711.65
2011-12-09,24362.3
2011-12-10,21911.88
2011-12-11,21968.79
2011-12-12,25259.47
2011-12-13,20626.11
2011-12-14,21331.88
2011-12-15,23955.79
2011-12-16,17889.17
2011-12-17,18829.57
2011-12-18,24011.19
2011-12-19,23050.28
2011-12-20,27600.88
2011-12-21,26555.29
2011-12-22,29146.24
2011-12-23,28429.38
2011-12-24,27912.99
2011-12-25,28501.39
2011-12-26,36378.36
2011-12-27,35678.43
2011-12-28,29375.08
2011-12-29,32332.49
2011-12-30,28926.36
2011-12-31,29975.74
2012-01-01,35202.14
2012-01-02,39874.44
2012-01-03,39439.96
2012-01-04,38902.22
2012-01-05,40381.28
2012-01-06,47666.58
2012-01-07,57497.22
2012-01-08,62223.56
2012-01-09,57727.44
2012-01-10,51947.31
2012-01-11,45150.47
2012-01-12,52441.47
2012-01-13,52669.34
2012-01-14,45722.4
2012-01-15,50318.19
2012-01-16,48462.55
2012-01-17,58907.58
2012-01-18,47068.25
2012-01-19,38015.27
2012-01-20,46896
2012-01-21,47387.95
2012-01-22,50965.3
2012-01-23,42993.94
2012-01-24,53751.18
2012-01-25,43915.68
2012-01-26,42977.43
2012-01-27,38044.06
2012-01-28,37408.23
2012-01-29,40783.66
2012-01-30,46447.58
2012-01-31,47456.09
2012-02-01,41445.33
2012-02-02,41263.49
2012-02-03,48324.75
2012-02-04,47047.49
2012-02-05,45814.59
2012-02-06,40138.91
2012-02-07,40539.72
2012-02-08,38875.77
2012-02-09,40701.3
2012-02-10,41366.96
2012-02-11,40665.88
2012-02-12,42396.81
2012-02-13,43865.91
2012-02-14,36608.27
2012-02-15,31466.73
2012-02-16,29911.99
2012-02-17,29223.89
2012-02-18,33684.33
2012-02-19,36265.64
2012-02-20,35087.74
2012-02-21,30538.98
2012-02-22,27748.75
2012-02-23,35392.78
2012-02-24,41110.77
2012-02-25,36973.36
2012-02-26,39779.69
2012-02-27,37216.75
2012-02-28,38144.93
2012-02-29,38897.01
2012-03-01,42887.99
2012-03-02,37253.33
2012-03-03,31511.95
2012-03-04,26231.41
2012-03-05,33035.19
2012-03-06,35841.82
2012-03-07,34067.37
2012-03-08,37903.78
2012-03-09,38240
2012-03-10,41012.41
2012-03-11,40363.97
2012-03-12,32776.54
2012-03-13,40523.18
2012-03-14,41819.83
2012-03-15,36812.08
2012-03-16,31841.31
2012-03-17,40897.62
2012-03-18,44984.3
2012-03-19,41937.12
2012-03-20,34412.02
2012-03-21,38182.28
2012-03-22,37936.1
2012-03-23,37462.01
2012-03-24,29567.08
2012-03-25,42941.38
2012-03-26,35984.97
2012-03-27,34972.83
2012-03-28,36836.27
2012-03-29,35947.54
2012-03-30,33650.8
2012-03-31,37211.54
2012-04-01,41587.84
2012-04-02,34027.16
2012-04-03,28672.94
2012-04-04,32675.93
2012-04-05,33520.57
2012-04-06,28748.48
2012-04-07,33682.53
2012-04-08,30591.16
2012-04-09,35717.82
2012-04-10,35205.87
2012-04-11,35386.03
2012-04-12,34574.36
2012-04-13,31014.98
2012-04-14,30095.91
2012-04-15,34570.84
2012-04-16,26392.42
2012-04-17,36853.94
2012-04-18,33513.79
2012-04-19,33181.39
2012-04-20,40379.53
2012-04-21,40616.8
2012-04-22,40527.75
2012-04-23,36285.08
2012-04-24,34244.88
2012-04-25,35015.85
2012-04-26,32540.58
2012-04-27,39438.2
2012-04-28,34386.86
2012-04-29,37731.13
2012-04-30,44322.01
2012-05-01,44327.43
2012-05-02,42280.39
2012-05-03,37985.38
2012-05-04,40090.33
2012-05-05,40948.57
2012-05-06,42122.8
2012-05-07,41365.33
2012-05-08,42996.42
2012-05-09,44327.08
2012-05-10,41650.39
2012-05-11,31782.5
2012-05-12,35303.88
2012-05-13,31670.64
2012-05-14,34641.21
2012-05-15,34957.46
2012-05-16,32606.92
2012-05-17,30794.66
2012-05-18,29524.92
2012-05-19,37134.75
2012-05-20,38087.26
2012-05-21,35285.75
2012-05-22,32103.81
2012-05-23,29276.64
2012-05-24,33310.96
2012-05-25,32099.95
2012-05-26,31017.11
2012-05-27,36213.49
2012-05-28,40635.31
2012-05-29,36457.05
2012-05-30,32465.37
2012-05-31,33764.81
2012-06-01,35666.52
2012-06-02,39985.3
2012-06-03,41798.17
2012-06-04,40343.6
2012-06-05,40760.99
2012-06-06,39921.12
2012-06-07,41682.61
2012-06-08,38552.19
2012-06-09,39642.76
2012-06-10,47666.4
2012-06-11,45451.24
2012-06-12,38742.15
2012-06-13,44294.94
2012-06-14,44995.4
2012-06-15,46327.5
2012-06-16,49900.16
2012-06-17,50253.76
2012-06-18,51330.93
2012-06-19,55822.89
2012-06-20,47647.41
2012-06-21,48213.97
2012-06-22,45500.32
2012-06-23,45460.19
2012-06-24,52840.84
2012-06-25,41684.6
2012-06-26,48612.7
2012-06-27,47722.64
2012-06-28,53744.4
2012-06-29,45248.25
2012-06-30,48332.17
2012-07-01,44112.55
2012-07-02,46927.16
2012-07-03,51198.16
2012-07-04,52313.21
2012-07-05,48836.88
2012-07-06,48040.36
2012-07-07,51648.74
2012-07-08,56395.03
2012-07-09,52711.38
2012-07-10,56180.99
2012-07-11,53571.09
2012-07-12,47840.1
2012-07-13,55824.08
2012-07-14,63193.6
2012-07-15,61059.63
2012-07-16,53119.01
2012-07-17,61822.94
2012-07-18,73702.23
2012-07-19,69757.85
2012-07-20,61132.03
2012-07-21,62485.89
2012-07-22,62641.71
2012-07-23,66138.67
2012-07-24,60642.03
2012-07-25,69453.25
2012-07-26,69244.17
2012-07-27,74688.17
2012-07-28,79188.34
2012-07-29,68804.97
2012-07-30,72699.71
2012-07-31,79469.93
2012-08-01,60592.01
2012-08-02,63499.41
2012-08-03,85667.36
2012-08-04,88475.47
2012-08-05,85907.62
2012-08-06,74222.25
2012-08-07,76292.51
2012-08-08,90650.67
2012-08-09,92207.65
2012-08-10,95904.42
2012-08-11,89012.32
2012-08-12,96814.87
2012-08-13,95055.05
2012-08-14,94860.87
2012-08-15,95012.38
2012-08-16,107974.33
2012-08-17,103187.18
2012-08-18,82951.36
2012-08-19,88768.61
2012-08-20,76714.06
2012-08-21,85091.96
2012-08-22,86932.97
2012-08-23,78686.05
2012-08-24,83121.09
2012-08-25,77239.2
2012-08-26,72556.24
2012-08-27,94819.22
2012-08-28,79342.14
2012-08-29,82870.05
2012-08-30,91485.79
2012-08-31,83168.33
2012-09-01,71364.21
2012-09-02,81664.02
2012-09-03,83363.55
2012-09-04,82160.48
2012-09-05,79396.31
2012-09-06,97393.75
2012-09-07,94674.22
2012-09-08,93294.59
2012-09-09,80072.13
2012-09-10,87855.21
2012-09-11,83510.54
2012-09-12,82060.55
2012-09-13,87723.48
2012-09-14,74061.19
2012-09-15,94439.38
2012-09-16,84487.5
2012-09-17,96286.95
2012-09-18,99969.05
2012-09-19,101468.97
2012-09-20,88393.04
2012-09-21,94553.1
2012-09-22,103941.96
2012-09-23,96037.18
2012-09-24,95729
2012-09-25,92828.54
2012-09-26,84491.91
2012-09-27,85979.59
2012-09-28,99210.03
2012-09-29,98308.76
2012-09-30,104163.91
2012-10-01,98562.6
2012-10-02,81494.03
2012-10-03,92799.71
2012-10-04,85361.98
2012-10-05,85794.52
2012-10-06,86766.41
2012-10-07,96155.17
2012-10-08,74557.28
2012-10-09,102577.52
2012-10-10,85009.25
2012-10-11,90206.39
2012-10-12,82855.82
2012-10-13,89717.99
2012-10-14,87942.18
2012-10-15,75261.99
2012-10-16,99629.05
2012-10-17,91580.81
2012-10-18,84859.7
2012-10-19,93463.51
2012-10-20,79292.51
2012-10-21,92638.48
2012-10-22,93100.8
2012-10-23,91907.12
2012-10-24,76225.62
2012-10-25,94536.96
2012-10-26,78182.18
2012-10-27,84916.24
2012-10-28,90691.08
2012-10-29,87951.62
2012-10-30,83848.86
2012-10-31,77118.48
2012-11-01,79083.25
2012-11-02,74342.43
2012-11-03,75354.07
2012-11-04,77145.19
2012-11-05,83413.88
2012-11-06,85876.9
2012-11-07,73319.86
2012-11-08,86036.16
2012-11-09,84199.8
2012-11-10,82367.53
2012-11-11,78423.59
2012-11-12,79200.26
2012-11-13,72533.12
2012-11-14,76798.78
2012-11-15,78413.73
2012-11-16,76716.66
2012-11-17,84474.77
2012-11-18,82189.87
2012-11-19,85519.97
2012-11-20,86020.87
2012-11-21,87147.35
2012-11-22,89423.83
2012-11-23,87752.85
2012-11-24,100566.65
2012-11-25,93736.44
2012-11-26,91097.79
2012-11-27,97211.42
2012-11-28,90751.27
2012-11-29,86501.1
2012-11-30,51902.46
2012-12-01,39638.16
2012-12-02,52676.37
2012-12-03,44947.68
2012-12-04,46467.02
2012-12-05,37202.13
2012-12-06,40988.02
2012-12-07,46334.12
2012-12-08,43612.34
2012-12-09,46635.67
2012-12-10,42220.42
2012-12-11,48467.36
2012-12-12,49100.23
2012-12-13,44724.24
2012-12-14,45372.89
2012-12-15,36204.19
2012-12-16,39403.42
2012-12-17,37367.21
2012-12-18,44792.03
2012-12-19,41899.26
2012-12-20,48161.95
2012-12-21,35969.02
2012-12-22,42897.16
2012-12-23,51559.63
2012-12-24,40812.09
2012-12-25,44485.36
2012-12-26,41651.16
2012-12-27,51817.92
2012-12-28,52559.08
2012-12-29,57072.97
2012-12-30,48792.36
2012-12-31,56097.61
2013-01-01,53502.06
2013-01-02,54012.61
2013-01-03,51206.82
2013-01-04,54502.46
2013-01-05,51991.59
2013-01-06,47657.69
2013-01-07,49226.33
2013-01-08,57188.7
2013-01-09,46033.17
2013-01-10,45329.82
2013-01-11,53914.04
2013-01-12,41968.35
2013-01-13,43790.54
2013-01-14,47374.74
2013-01-15,57176.19
2013-01-16,43526.04
2013-01-17,48468.38
2013-01-18,43162.88
2013-01-19,47926.79
2013-01-20,62230.7
2013-01-21,51396.62
2013-01-22,55211.26
2013-01-23,62621.32
2013-01-24,55431.75
2013-01-25,68346.14
2013-01-26,59252.5
2013-01-27,68778.32
2013-01-28,67639.37
2013-01-29,68841.43
2013-01-30,78054.33
2013-01-31,75606.81
2013-02-01,100546.7
2013-02-02,77021.11
2013-02-03,76382.14
2013-02-04,97040.24
2013-02-05,84447.54
2013-02-06,86718.07
2013-02-07,77757.48
2013-02-08,85336.98
2013-02-09,87896.93
2013-02-10,85073.92
2013-02-11,96219.46
2013-02-12,97874.8
2013-02-13,88927.64
2013-02-14,110436.89
2013-02-15,101194.85
2013-02-16,122391.66
2013-02-17,129810.9
2013-02-18,125954.21
2013-02-19,111975.26
2013-02-20,116425.96
2013-02-21,144320.35
2013-02-22,132437.89
2013-02-23,130908.75
2013-02-24,123315.37
2013-02-25,117587.23
2013-02-26,157083.08
2013-02-27,129696.73
2013-02-28,151994.22
2013-03-01,142900.56
2013-03-02,132916.04
2013-03-03,124940.63
2013-03-04,139164.64
2013-03-05,161781.5
2013-03-06,144917.87
2013-03-07,177592.48
2013-03-08,169768.67
2013-03-09,176380.26
2013-03-10,196956.94
2013-03-11,214634.02
2013-03-12,199118.1
2013-03-13,151672.86
2013-03-14,185315.34
2013-03-15,212811.08
2013-03-16,209319.73
2013-03-17,206108.65
2013-03-18,247526.38
2013-03-19,237666.62
2013-03-20,245625.06
2013-03-21,344486.52
2013-03-22,386758.4
2013-03-23,407521.13
2013-03-24,345498.74
2013-03-25,335180.45
2013-03-26,282844.91
2013-03-27,297127.61
2013-03-28,292609.56
2013-03-29,407033.61
2013-03-30,394664.38
2013-03-31,427564.49
2013-04-01,395798.34
2013-04-02,508707.89
2013-04-03,513790.87
2013-04-04,580661.56
2013-04-05,549684.72
2013-04-06,564073.03
2013-04-07,582384.84
2013-04-08,655532.32
2013-04-09,723447.09
2013-04-10,883299.94
2013-04-11,799009.47
2013-04-12,457514.04
2013-04-13,419933.57
2013-04-14,423576.25
2013-04-15,362339.95
2013-04-16,359805.45
2013-04-17,301259.15
2013-04-18,387038.78
2013-04-19,375428.38
2013-04-20,418658.52
2013-04-21,485160.52
2013-04-22,524252.17
2013-04-23,481674.01
2013-04-24,585658.01
2013-04-25,604341.13
2013-04-26,624634.67
2013-04-27,577958.05
2013-04-28,477797.46
2013-04-29,594032.26
2013-04-30,592678.5
2013-05-01,520904.84
2013-05-02,448783.67
2013-05-03,359163.29
2013-05-04,325621.64
2013-05-05,445706.03
2013-05-06,480611.32
2013-05-07,484985.79
2013-05-08,456989.89
2013-05-09,472702.15
2013-05-10,470268.68
2013-05-11,513255.66
2013-05-12,531066.31
2013-05-13,486557.46
2013-05-14,516343.3
2013-05-15,445792.21
2013-05-16,397932.5
2013-05-17,436893.52
2013-05-18,496187.02
2013-05-19,458754.74
2013-05-20,475231.01
2013-05-21,395025.93
2013-05-22,463779.31
2013-05-23,480142.92
2013-05-24,549421.29
2013-05-25,557142.18
2013-05-26,546207.42
2013-05-27,547786.44
2013-05-28,573077.52
2013-05-29,512689.48
2013-05-30,549579
2013-05-31,582723.73
2013-06-01,566418.39
2013-06-02,689730.99
2013-06-03,612118.67
2013-06-04,641562
2013-06-05,649966.43
2013-06-06,566943.52
2013-06-07,545128.64
2013-06-08,454199.06
2013-06-09,491365.35
2013-06-10,398951.01
2013-06-11,461335.44
2013-06-12,489949.82
2013-06-13,556143.05
2013-06-14,489887.04
2013-06-15,455117.06
2013-06-16,436680.46
2013-06-17,464956.24
2013-06-18,370678.73
2013-06-19,376230.48
2013-06-20,368951.57
2013-06-21,434208.88
2013-06-22,458953.72
2013-06-23,473816.18
2013-06-24,430288.24
2013-06-25,384393.85
2013-06-26,407632.2
2013-06-27,450932.61
2013-06-28,424433.99
2013-06-29,397844.76
2013-06-30,402635.05
2013-07-01,367282.95
2013-07-02,345033.41
2013-07-03,339892.37
2013-07-04,362136.76
2013-07-05,325158.77
2013-07-06,318581.12
2013-07-07,320101.13
2013-07-08,332127.88
2013-07-09,375944.83
2013-07-10,348268.84
2013-07-11,402866.3
2013-07-12,387056.98
2013-07-13,357090.98
2013-07-14,363116.96
2013-07-15,399297.5
2013-07-16,392819.66
2013-07-17,387300.44
2013-07-18,429143.95
2013-07-19,354685.66
2013-07-20,382310.44
2013-07-21,410691.69
2013-07-22,433886.52
2013-07-23,362812.14
2013-07-24,316975.8
2013-07-25,360499.88
2013-07-26,337247.19
2013-07-27,380243.5
2013-07-28,415669.19
2013-07-29,402832.29
2013-07-30,431040.05
2013-07-31,485053.74
2013-08-01,486016.32
2013-08-02,442199.72
2013-08-03,478162.77
2013-08-04,422243.25
2013-08-05,448813.62
2013-08-06,472386.72
2013-08-07,482113.7
2013-08-08,458952.05
2013-08-09,500856.45
2013-08-10,469166.29
2013-08-11,504036.91
2013-08-12,532608.27
2013-08-13,540028.71
2013-08-14,466064.64
2013-08-15,441375.41
2013-08-16,441275.8
2013-08-17,429793.36
2013-08-18,498120.25
2013-08-19,511726.96
2013-08-20,483576.32
2013-08-21,533073.57
2013-08-22,561565.29
2013-08-23,614075.92
2013-08-24,548695.77
2013-08-25,518037.16
2013-08-26,430530.61
2013-08-27,479511.2
2013-08-28,520553.17
2013-08-29,573347.03
2013-08-30,573018.29
2013-08-31,660631.33
2013-09-01,752946.48
2013-09-02,731992.81
2013-09-03,716409.36
2013-09-04,646686.77
2013-09-05,519809.19
2013-09-06,551101.56
2013-09-07,562792.17
2013-09-08,441424.61
2013-09-09,478344.57
2013-09-10,637857.83
2013-09-11,607573.98
2013-09-12,647880.26
2013-09-13,699484.53
2013-09-14,664155.17
2013-09-15,696661.36
2013-09-16,584085.69
2013-09-17,497642.41
2013-09-18,619819.8
2013-09-19,547599.68
2013-09-20,615753.2
2013-09-21,634876.05
2013-09-22,597966.57
2013-09-23,643470.3
2013-09-24,662029.65
2013-09-25,671219.13
2013-09-26,659224.11
2013-09-27,520515.17
2013-09-28,588544.39
2013-09-29,591834.7
2013-09-30,554697.03
2013-10-01,532438.65
2013-10-02,602014.85
2013-10-03,535933.8
2013-10-04,615655.41
2013-10-05,570578.36
2013-10-06,683062.13
2013-10-07,582907.41
2013-10-08,490701.48
2013-10-09,517292.17
2013-10-10,573092.54
2013-10-11,624500.1
2013-10-12,618462.18
2013-10-13,711425.68
2013-10-14,752102.98
2013-10-15,869129.69
2013-10-16,925898.99
2013-10-17,776204.88
2013-10-18,623474.45
2013-10-19,766081.16
2013-10-20,940107.03
2013-10-21,857327.76
2013-10-22,976075.17
2013-10-23,1205718.94
2013-10-24,1113282.86
2013-10-25,1006222.33
2013-10-26,1052352.71
2013-10-27,854882.44
2013-10-28,855449.46
2013-10-29,860822.86
2013-10-30,812955.76
2013-10-31,974394.7
2013-11-01,1090315.58
2013-11-02,1063974.72
2013-11-03,1035874.58
2013-11-04,1026333.62
2013-11-05,1121684.66
2013-11-06,1147287.8
2013-11-07,1130740.72
2013-11-08,1098822.8
2013-11-09,1153852.97
2013-11-10,1270045.45
2013-11-11,1449243.87
2013-11-12,1610723.4
2013-11-13,1810367.04
2013-11-14,1715561.91
2013-11-15,1902688.14
2013-11-16,1904155.19
2013-11-17,2164445.87
2013-11-18,2355007.82
2013-11-19,2568716.48
2013-11-20,2209945.14
2013-11-21,2657120.42
2013-11-22,2623581.23
2013-11-23,3338889.05
2013-11-24,3283873.56
2013-11-25,3261060.04
2013-11-26,3706415.18
2013-11-27,3607940.99
2013-11-28,4197255.66
2013-11-29,4780608.55
2013-11-30,4797094.14
2013-12-01,4840065.02
2013-12-02,4656783.34
2013-12-03,4122989.84
2013-12-04,5424772.22
2013-12-05,4688937.05
2013-12-06,4239742.88
2013-12-07,4051655.38
2013-12-08,3586277.41
2013-12-09,3995265
2013-12-10,3964504.16
2013-12-11,4561822.45
2013-12-12,3616498
2013-12-13,3657195.7
2013-12-14,3848490.07
2013-12-15,4263188.19
2013-12-16,3585434.41
2013-12-17,3563198.97
2013-12-18,3172965.34
2013-12-19,2808098.56
2013-12-20,3933096.03
2013-12-21,2797090.86
2013-12-22,2519478.41
2013-12-23,2666594.7
2013-12-24,2844058.09
2013-12-25,2835018.74
2013-12-26,2852134.13
2013-12-27,3434099.72
2013-12-28,3388472.07
2013-12-29,2728884.12
2013-12-30,3128849.69
2013-12-31,3285955.17
2014-01-01,3508569.22
2014-01-02,3960032.15
2014-01-03,2729782.94
2014-01-04,3308819.05
2014-01-05,3058457.85
2014-01-06,4632340.93
2014-01-07,4395585.74
2014-01-08,3741754.63
2014-01-09,4083293.81
2014-01-10,4373274.85
2014-01-11,4162806.05
2014-01-12,4723065.97
2014-01-13,4448779.61
2014-01-14,3582604.21
2014-01-15,3391901.89
2014-01-16,3999607.36
2014-01-17,3919976.1
2014-01-18,3119117.03
2014-01-19,3653740.86
2014-01-20,3623537.98
2014-01-21,4278342.47
2014-01-22,3626722.65
2014-01-23,4109759.27
2014-01-24,3703980.52
2014-01-25,3816705.42
2014-01-26,3536418.16
2014-01-27,3384653.93
2014-01-28,3434847.88
2014-01-29,3190343.64
2014-01-30,3134258.27
2014-01-31,3629128.18
2014-02-01,3818468.3
2014-02-02,4009259.35
2014-02-03,3873803.61
2014-02-04,3673387.43
2014-02-05,3630295.44
2014-02-06,3435914.19
2014-02-07,3586325.86
2014-02-08,2784771.63
2014-02-09,3104837.37
2014-02-10,2380617.71
2014-02-11,2636624.76
2014-02-12,2724379.44
2014-02-13,2919390.87
2014-02-14,2744792.19
2014-02-15,3159218.87
2014-02-16,3039127.87
2014-02-17,2974075.11
2014-02-18,2435967.77
2014-02-19,2513867.85
2014-02-20,3121025.51
2014-02-21,2497686.21
2014-02-22,2167025.16
2014-02-23,2710151.41
2014-02-24,2503842.77
2014-02-25,2621022.73
2014-02-26,2139298.91
2014-02-27,2681186.95
2014-02-28,2729944.61
2014-03-01,2579420.28
2014-03-02,2043096.21
2014-03-03,1956708.91
2014-03-04,2461898.54
2014-03-05,2488498.03
2014-03-06,2565953.52
2014-03-07,2858391.21
2014-03-08,2612298
2014-03-09,2594587.92
2014-03-10,2858515.9
2014-03-11,2343803.41
2014-03-12,2651891.23
2014-03-13,2893256.79
2014-03-14,2597784.2
2014-03-15,2096472.1
2014-03-16,2602964.34
2014-03-17,2703386.39
2014-03-18,2515196.74
2014-03-19,2246630.56
2014-03-20,2448280.46
2014-03-21,2591050.9
2014-03-22,2697509.15
2014-03-23,2399383.14
2014-03-24,3025116.27
2014-03-25,2709157.35
2014-03-26,2221642
2014-03-27,2318635.24
2014-03-28,2225489.57
2014-03-29,2186674.27
2014-03-30,2179587.3
2014-03-31,1622599.23
2014-04-01,2065049.37
2014-04-02,2052269.45
2014-04-03,2217649.06
2014-04-04,2263372.63
2014-04-05,2189778.17
2014-04-06,1960969.82
2014-04-07,1742750.93
2014-04-08,1703842.25
2014-04-09,1516748.99
2014-04-10,1769639.82
2014-04-11,1503963.81
2014-04-12,1757036.93
2014-04-13,1702522.05
2014-04-14,1937806.04
2014-04-15,2252941.34
2014-04-16,2287916
2014-04-17,2069421.56
2014-04-18,2113540.84
2014-04-19,1930431.64
2014-04-20,1979743.39
2014-04-21,2224832.37
2014-04-22,2120907.99
2014-04-23,1890564.47
2014-04-24,2015004.27
2014-04-25,1824226.34
2014-04-26,2104965.4
2014-04-27,1870143.19
2014-04-28,1954010.66
2014-04-29,1674974.4
2014-04-30,1900698.08
2014-05-01,1534149.34
2014-05-02,2007496.84
2014-05-03,1808947.04
2014-05-04,1552633.26
2014-05-05,1645222.96
2014-05-06,1351486.16
2014-05-07,2079926.47
2014-05-08,1747726.01
2014-05-09,1835588.67
2014-05-10,1903515.99
2014-05-11,2024672.95
2014-05-12,1673932.6
2014-05-13,1805471.9
2014-05-14,1778565.47
2014-05-15,1667550.25
2014-05-16,1918893.99
2014-05-17,2013659.74
2014-05-18,1934953.74
2014-05-19,1917065.91
2014-05-20,1939087.36
2014-05-21,2123738.47
2014-05-22,2152010.11
2014-05-23,2232489.15
2014-05-24,2169117.22
2014-05-25,2067016.51
2014-05-26,2285468.05
2014-05-27,2304307.8
2014-05-28,1956413.37
2014-05-29,2424029.36
2014-05-30,2063752.42
2014-05-31,2543689.45
2014-06-01,2283520.63
2014-06-02,2796714.99
2014-06-03,3116367.39
2014-06-04,2948929.78
2014-06-05,2901108.9
2014-06-06,2494106.67
2014-06-07,2268047.26
2014-06-08,2535031.23
2014-06-09,2208750.24
2014-06-10,2538696.22
2014-06-11,2727521.21
2014-06-12,2332946.01
2014-06-13,2611060.46
2014-06-14,2423854.84
2014-06-15,2545474.47
2014-06-16,2743353.12
2014-06-17,2800112.95
2014-06-18,2776491.32
2014-06-19,2391460.11
2014-06-20,2511081.73
2014-06-21,2755023.32
2014-06-22,2757281.83
2014-06-23,2701426.99
2014-06-24,2591922.56
2014-06-25,2752582.04
2014-06-26,2656578.63
2014-06-27,2482060.6
2014-06-28,2941761.99
2014-06-29,2764513.33
2014-06-30,2345409.19
2014-07-01,2090094.26
2014-07-02,2158025.6
2014-07-03,2231564.41
2014-07-04,2226085.73
2014-07-05,2631900.71
2014-07-06,2397811.92
2014-07-07,2255775.89
2014-07-08,2345155.14
2014-07-09,2341973.56
2014-07-10,2595002.38
2014-07-11,2307785.22
2014-07-12,2456358.52
2014-07-13,2488497.28
2014-07-14,2509608.58
2014-07-15,2103217.57
2014-07-16,2478549.92
2014-07-17,2231893.88
2014-07-18,2679508.7
2014-07-19,2693103.56
2014-07-20,2782806.31
2014-07-21,2420855.96
2014-07-22,2409854.16
2014-07-23,2210641.58
2014-07-24,2243874.91
2014-07-25,2161568.91
2014-07-26,2451998.09
2014-07-27,1998747.57
2014-07-28,2270417.89
2014-07-29,2195063.69
2014-07-30,2177298.39
2014-07-31,2461435.25
2014-08-01,2233602.77
2014-08-02,2338419.53
2014-08-03,2399653.76
2014-08-04,2258861.72
2014-08-05,1885636.49
2014-08-06,1978296.01
2014-08-07,2398405.55
2014-08-08,2352129.43
2014-08-09,2340769.02
2014-08-10,2682079.41
2014-08-11,2614390.02
2014-08-12,2641020.55
2014-08-13,2422202.84
2014-08-14,1993911.27
2014-08-15,2325940.14
2014-08-16,2066223.71
2014-08-17,2021371.79
2014-08-18,2128982.56
2014-08-19,2310125.08
2014-08-20,2245341.85
2014-08-21,2135594.43
2014-08-22,2150109.43
2014-08-23,2015735.29
2014-08-24,2032343.7
2014-08-25,1860878.23
2014-08-26,1729320
2014-08-27,2215848.1
2014-08-28,2156292.25
2014-08-29,2207220.54
2014-08-30,2168099.55
2014-08-31,2291568.26
2014-09-01,2271783.07
2014-09-02,1631992.23
2014-09-03,1761377.41
2014-09-04,2020350.15
2014-09-05,1931615.71
2014-09-06,1757584.34
2014-09-07,2166349.33
2014-09-08,1876245.41
2014-09-09,1707189.2
2014-09-10,1725694.17
2014-09-11,1893197.37
2014-09-12,2025722.47
2014-09-13,1831611.28
2014-09-14,2168179.88
2014-09-15,1890565.65
2014-09-16,1877644.5
2014-09-17,1953322.35
2014-09-18,2120715.56
2014-09-19,1914784.39
2014-09-20,1708284.79
2014-09-21,1799580.34
2014-09-22,1664646.83
2014-09-23,1674544.67
2014-09-24,1599898.02
2014-09-25,1663664.48
2014-09-26,1770097.74
2014-09-27,1357884.93
2014-09-28,1346965.9
2014-09-29,1252608
2014-09-30,1294782.18
2014-10-01,1476097.85
2014-10-02,1450773.8
2014-10-03,1301352.74
2014-10-04,1326085.45
2014-10-05,1293685.17
2014-10-06,1334972.78
2014-10-07,1347388.5
2014-10-08,1113139.73
2014-10-09,1248490.36
2014-10-10,1360451.37
2014-10-11,1398320.11
2014-10-12,1322600.97
2014-10-13,1372239.58
2014-10-14,1490223.35
2014-10-15,1333621.72
2014-10-16,1486632.68
2014-10-17,1417377.64
2014-10-18,1355753.86
2014-10-19,1593361.35
2014-10-20,1295862.71
2014-10-21,1310863.8
2014-10-22,1451889.04
2014-10-23,1522941.07
2014-10-24,1372652.64
2014-10-25,1422450.38
2014-10-26,1353829.89
2014-10-27,1098698.91
2014-10-28,1405295.67
2014-10-29,1225554.77
2014-10-30,1323174.8
2014-10-31,1458703.04
2014-11-01,1584569.96
2014-11-02,1301342.82
2014-11-03,1261332.32
2014-11-04,1384655.15
2014-11-05,1332906.39
2014-11-06,1181124.93
2014-11-07,1340225.61
2014-11-08,1290821.01
2014-11-09,1320494.11
2014-11-10,1346217.64
2014-11-11,1382344.27
2014-11-12,1187575.36
2014-11-13,1526978.31
2014-11-14,1524042.01
2014-11-15,1532846.44
2014-11-16,1333290.15
2014-11-17,1455299.65
2014-11-18,1405366.64
2014-11-19,1454723.71
2014-11-20,1333956.92
2014-11-21,1252436.24
2014-11-22,1118831.89
2014-11-23,1371648.3
2014-11-24,1293270.07
2014-11-25,1395213.02
2014-11-26,1251609.73
2014-11-27,1270529.42
2014-11-28,1307904.06
2014-11-29,1391940.53
2014-11-30,1481115.96
2014-12-01,1515269.93
2014-12-02,1237892.25
2014-12-03,1435620.41
2014-12-04,1099941.2
2014-12-05,1364072
2014-12-06,1457589.01
2014-12-07,1288903.98
2014-12-08,1186434.64
2014-12-09,1495979.85
2014-12-10,1255347.89
2014-12-11,1248533.48
2014-12-12,1299108.73
2014-12-13,1245324.93
2014-12-14,1271666.76
2014-12-15,1242037.41
2014-12-16,1204276.81
2014-12-17,1187097.96
2014-12-18,1031361.78
2014-12-19,1011863.76
2014-12-20,1083481.92
2014-12-21,1099257.67
2014-12-22,1068166.06
2014-12-23,1357942.25
2014-12-24,1260048.42
2014-12-25,1247358.35
2014-12-26,1260959.35
2014-12-27,1245598.27
2014-12-28,1208236.06
2014-12-29,1341704.74
2014-12-30,1294103.68
2014-12-31,1204395.62
2015-01-01,1207768.67
2015-01-02,1302907.72
2015-01-03,1303386.15
2015-01-04,1190521.05
2015-01-05,1174085.03
2015-01-06,1062763.18
2015-01-07,1120937.7
2015-01-08,1031016.45
2015-01-09,1059950.76
2015-01-10,977664
2015-01-11,1022760.39
2015-01-12,1045648.79
2015-01-13,963535.76
2015-01-14,748496.91
2015-01-15,699472.84
2015-01-16,791756.23
2015-01-17,728657.55
2015-01-18,693357.15
2015-01-19,802564.29
2015-01-20,779712.14
2015-01-21,627078.98
2015-01-22,822319.73
2015-01-23,787404.06
2015-01-24,723619.17
2015-01-25,778558.58
2015-01-26,786287.02
2015-01-27,874243.75
2015-01-28,979091.61
2015-01-29,989660.98
2015-01-30,954182.69
2015-01-31,792533.93
2015-02-01,930960.45
2015-02-02,868704.77
2015-02-03,919555.01
2015-02-04,730346.27
2015-02-05,903607.01
2015-02-06,872648.77
2015-02-07,985279.04
2015-02-08,905801.12
2015-02-09,740430.42
2015-02-10,891175.45
2015-02-11,794325.99
2015-02-12,873301.73
2015-02-13,661318.96
2015-02-14,867894.52
2015-02-15,1010656.35
2015-02-16,841939.95
2015-02-17,925383.9
2015-02-18,903299.09
2015-02-19,996267.62
2015-02-20,998076.05
2015-02-21,963547.44
2015-02-22,870828.37
2015-02-23,900646.56
2015-02-24,852461.56
2015-02-25,772228.26
2015-02-26,947573.89
2015-02-27,889290.19
2015-02-28,963695.5
2015-03-01,916670.87
2015-03-02,890730.89
2015-03-03,1062656.18
2015-03-04,1109771.55
2015-03-05,969817.48
2015-03-06,907092.43
2015-03-07,1015380.89
2015-03-08,969561.67
2015-03-09,1076276.72
2015-03-10,1036109.5
2015-03-11,1115501.94
2015-03-12,1140758.62
2015-03-13,969885.81
2015-03-14,1054573.01
2015-03-15,929785.75
2015-03-16,1011984.24
2015-03-17,1015067.03
2015-03-18,923751.89
2015-03-19,1017764.66
2015-03-20,895053.69
2015-03-21,882779.92
2015-03-22,985031.84
2015-03-23,945804.73
2015-03-24,968621.42
2015-03-25,1085355.34
2015-03-26,1000926.92
2015-03-27,927156.15
2015-03-28,1061482.74
2015-03-29,936097.2
2015-03-30,935972.83
2015-03-31,882703.6
2015-04-01,921487.49
2015-04-02,813714.1
2015-04-03,1047136.6
2015-04-04,929893.56
2015-04-05,971244.09
2015-04-06,958087.49
2015-04-07,810152.54
2015-04-08,970374.12
2015-04-09,775145.29
2015-04-10,805311.7
2015-04-11,905440.91
2015-04-12,831295.49
2015-04-13,759831.43
2015-04-14,892348.95
2015-04-15,824475.98
2015-04-16,680630.07
2015-04-17,790704.31
2015-04-18,707761.56
2015-04-19,817018.96
2015-04-20,820881.68
2015-04-21,867713.16
2015-04-22,883007.27
2015-04-23,898194.45
2015-04-24,768396.01
2015-04-25,714998.32
2015-04-26,951240.25
2015-04-27,790825.15
2015-04-28,773112.35
2015-04-29,866902.77
2015-04-30,730467.98
2015-05-01,791386.19
2015-05-02,869784.11
2015-05-03,868205.47
2015-05-04,851502.04
2015-05-05,767614.79
2015-05-06,912821.3
2015-05-07,942797.25
2015-05-08,835574.23
2015-05-09,915247.1
2015-05-10,782531.23
2015-05-11,780438.62
2015-05-12,961427.35
2015-05-13,910767.02
2015-05-14,978063.74
2015-05-15,921714.81
2015-05-16,877786.21
2015-05-17,784969.92
2015-05-18,1016558.24
2015-05-19,849763.07
2015-05-20,765178.67
2015-05-21,853231.2
2015-05-22,917282.77
2015-05-23,830461.16
2015-05-24,674496.8
2015-05-25,881203.47
2015-05-26,842659.6
2015-05-27,859781.81
2015-05-28,823548.3
2015-05-29,788843.93
2015-05-30,910042.89
2015-05-31,798916.77
2015-06-01,866634.84
2015-06-02,746304.4
2015-06-03,850175.84
2015-06-04,806763.72
2015-06-05,798413.4
2015-06-06,781401.33
2015-06-07,1009292.57
2015-06-08,838678.21
2015-06-09,901244.73
2015-06-10,873002.37
2015-06-11,975008.1
2015-06-12,781652.93
2015-06-13,824284.58
2015-06-14,937842.33
2015-06-15,870152.13
2015-06-16,857819.28
2015-06-17,733172.85
2015-06-18,995075.39
2015-06-19,974655.26
2015-06-20,911725.31
2015-06-21,823744.33
2015-06-22,760424.58
2015-06-23,950435.15
2015-06-24,861730.59
2015-06-25,948549.02
2015-06-26,927672.24
2015-06-27,939923.06
2015-06-28,807109.11
2015-06-29,889797.6
2015-06-30,897121.24
2015-07-01,958976.07
2015-07-02,879590.76
2015-07-03,992039.7
2015-07-04,1046683.66
2015-07-05,988894.98
2015-07-06,959580.63
2015-07-07,1237180.39
2015-07-08,904348.72
2015-07-09,1119238.49
2015-07-10,906761.94
2015-07-11,1108171.02
2015-07-12,1092346.03
2015-07-13,1050321.19
2015-07-14,1079511.85
2015-07-15,1049577.67
2015-07-16,1109334.2
2015-07-17,942813.19
2015-07-18,1028383.89
2015-07-19,1039754.53
2015-07-20,1045637.19
2015-07-21,1093449.67
2015-07-22,889002.58
2015-07-23,1072694.33
2015-07-24,988106.53
2015-07-25,1214954.54
2015-07-26,1115962.67
2015-07-27,1055567.11
2015-07-28,1099468.25
2015-07-29,1000759.22
2015-07-30,1123688.3
2015-07-31,967045.94
2015-08-01,1086573.18
2015-08-02,1098842.98
2015-08-03,1068077.97
2015-08-04,1116987.91
2015-08-05,978201.6
2015-08-06,949215.32
2015-08-07,1009344.53
2015-08-08,952168.75
2015-08-09,1084207.12
2015-08-10,942180.38
2015-08-11,1111124.49
2015-08-12,1092479.73
2015-08-13,844804.98
2015-08-14,980003.08
2015-08-15,950018.05
2015-08-16,909144.27
2015-08-17,897575.72
2015-08-18,932765.59
2015-08-19,858080.36
2015-08-20,902944.66
2015-08-21,883624.86
2015-08-22,966891.73
2015-08-23,903305.53
2015-08-24,769998.04
2015-08-25,839794.6
2015-08-26,744734.85
2015-08-27,916686.64
2015-08-28,781380.2
2015-08-29,898379.04
2015-08-30,925312.37
2015-08-31,862433.67
2015-09-01,910885.3
2015-09-02,888881.57
2015-09-03,928649.65
2015-09-04,839117.67
2015-09-05,904736.02
2015-09-06,867146.89
2015-09-07,869879.75
2015-09-08,920678.86
2015-09-09,834590.25
2015-09-10,901429.11
2015-09-11,1028322.04
2015-09-12,950689.4
2015-09-13,805686.91
2015-09-14,880340.37
2015-09-15,882185.29
2015-09-16,928172.8
2015-09-17,821759.69
2015-09-18,845084.54
2015-09-19,862486.94
2015-09-20,730275.51
2015-09-21,746286.11
2015-09-22,762918.1
2015-09-23,911034.7
2015-09-24,917936.43
2015-09-25,825950.75
2015-09-26,971325.16
2015-09-27,872247.86
2015-09-28,875135.32
2015-09-29,858358.52
2015-09-30,1041625.71
2015-10-01,884049.72
2015-10-02,896870.91
2015-10-03,827003.45
2015-10-04,872590.96
2015-10-05,920851.14
2015-10-06,923823.02
2015-10-07,879215.94
2015-10-08,820250.09
2015-10-09,859993.26
2015-10-10,776914.97
2015-10-11,989239.26
2015-10-12,915246.5
2015-10-13,880529.53
2015-10-14,860697.86
2015-10-15,968904.73
2015-10-16,1066517.1
2015-10-17,960570.72
2015-10-18,924384.67
2015-10-19,965407.16
2015-10-20,1098377.16
2015-10-21,873167.21
2015-10-22,987936.18
2015-10-23,1021681.74
2015-10-24,1041694.26
2015-10-25,1029139.91
2015-10-26,1125218.93
2015-10-27,1210057.84
2015-10-28,1090129.4
2015-10-29,1059093.66
2015-10-30,1187209.45
2015-10-31,1404979.94
2015-11-01,1237877.65
2015-11-02,1236572.51
2015-11-03,1341801.36
2015-11-04,1534074.26
2015-11-05,1718750.31
2015-11-06,1448838.67
2015-11-07,1362181.4
2015-11-08,1470799.81
2015-11-09,1327358.87
2015-11-10,1420585.82
2015-11-11,1273359.35
2015-11-12,1328060.55
2015-11-13,1340476.95
2015-11-14,1347888.47
2015-11-15,1193442.57
2015-11-16,1307888.49
2015-11-17,1426726.27
2015-11-18,1258499.88
2015-11-19,1290554.9
2015-11-20,1127437.55
2015-11-21,1351767
2015-11-22,1426446.48
2015-11-23,1400618.07
2015-11-24,1325614.02
2015-11-25,1261029.93
2015-11-26,1251421.1
2015-11-27,1536995.77
2015-11-28,1197789.3
2015-11-29,1383038.16
2015-11-30,1373958.03
2015-12-01,1527550.94
2015-12-02,1533336.15
2015-12-03,1453569.43
2015-12-04,1296646.89
2015-12-05,1395295.43
2015-12-06,1710515
2015-12-07,1573667.19
2015-12-08,1463208.46
2015-12-09,1783755.78
2015-12-10,1766147.07
2015-12-11,2301034.9
2015-12-12,1799307.56
2015-12-13,1765001.3
2015-12-14,1562706.96
2015-12-15,2176179.54
2015-12-16,2128566.86
2015-12-17,1872158.87
2015-12-18,1779041.82
2015-12-19,1969587.83
2015-12-20,1829074.69
2015-12-21,1860633.5
2015-12-22,1646228.89
2015-12-23,1655834.6
2015-12-24,1755013.28
2015-12-25,1584626.6
2015-12-26,1822176.6
2015-12-27,1820389.89
2015-12-28,2167389.87
2015-12-29,1607128.17
2015-12-30,1719904.93
2015-12-31,1781850.52
2016-01-01,1533178.72
2016-01-02,1471202.03
2016-01-03,1584466.23
2016-01-04,1564967.04
2016-01-05,1985691.29
2016-01-06,1712098.52
2016-01-07,1530746.49
2016-01-08,1686227.48
2016-01-09,1976899.07
2016-01-10,1703094.07
2016-01-11,1969072.08
2016-01-12,1920616.27
2016-01-13,1895542.82
2016-01-14,1606954.48
2016-01-15,1399022.28
2016-01-16,1175425.15
2016-01-17,1368930.51
2016-01-18,1463003.35
2016-01-19,1680705.25
2016-01-20,1293610.04
2016-01-21,1577064.95
2016-01-22,1413554
2016-01-23,1718247.61
2016-01-24,1764601.44
2016-01-25,1728288.18
2016-01-26,1612006.77
2016-01-27,1594224.39
2016-01-28,1541377.11
2016-01-29,1409182.05
2016-01-30,1616295.31
2016-01-31,1784261.18
2016-02-01,1709445.51
2016-02-02,1523506.42
2016-02-03,1706372.46
2016-02-04,1688236.59
2016-02-05,1638094.98
2016-02-06,1825778.05
2016-02-07,1901436.33
2016-02-08,1671231.24
2016-02-09,1400928.65
2016-02-10,1670232.6
2016-02-11,1578768.57
2016-02-12,1837069.2
2016-02-13,1663575.09
2016-02-14,1552193.6
2016-02-15,1694965.95
2016-02-16,1550960.48
2016-02-17,1429832.22
2016-02-18,1640561.39
2016-02-19,1799757.94
2016-02-20,1555421.55
2016-02-21,1660269.9
2016-02-22,1424808.92
2016-02-23,1405598.3
2016-02-24,1460227.86
2016-02-25,1272278.56
2016-02-26,1665629.01
2016-02-27,1522452.05
2016-02-28,1606304.8
2016-02-29,1477460.53
2016-03-01,1478873.3
2016-03-02,1557824.94
2016-03-03,1715611.07
2016-03-04,1444568.11
2016-03-05,1618754.53
2016-03-06,1535072.16
2016-03-07,1524482.65
2016-03-08,1392862.58
2016-03-09,1609123.06
2016-03-10,1760980.45
2016-03-11,1635917.57
2016-03-12,1694293.29
2016-03-13,1501931.58
2016-03-14,1391738.68
2016-03-15,1596541.96
2016-03-16,1695587.57
2016-03-17,1608146.55
2016-03-18,1493350.37
2016-03-19,1411176.35
2016-03-20,1405961.07
2016-03-21,1516981.53
2016-03-22,1451980.77
2016-03-23,1562701.66
2016-03-24,1573304.05
2016-03-25,1547158.81
2016-03-26,1537321.73
2016-03-27,1617418.69
2016-03-28,1510957.52
2016-03-29,1814441.03
2016-03-30,1657545.55
2016-03-31,1540645.21
2016-04-01,1309751.27
2016-04-02,1618811.78
2016-04-03,1479807.43
2016-04-04,1507232.11
2016-04-05,1762372.51
2016-04-06,1657336.69
2016-04-07,1681175.48
2016-04-08,1484796.77
2016-04-09,1527301.1
2016-04-10,1711112.75
2016-04-11,1835403.06
2016-04-12,1640406.86
2016-04-13,1595901.27
2016-04-14,1759004.72
2016-04-15,1764094.66
2016-04-16,1513674.28
2016-04-17,1501330.01
2016-04-18,1707946.47
2016-04-19,1457740.98
2016-04-20,1650657.35
2016-04-21,1841556.63
2016-04-22,1712237.42
2016-04-23,1618309.73
2016-04-24,1639718.18
2016-04-25,1531399.39
2016-04-26,1488063.08
2016-04-27,1915038.72
2016-04-28,1470969.97
2016-04-29,1535595.89
2016-04-30,1815799.06
2016-05-01,1660780.33
2016-05-02,1761792.9
2016-05-03,1767172.92
2016-05-04,1715707.03
2016-05-05,1889218.86
2016-05-06,1760528.28
2016-05-07,1871826.12
2016-05-08,1739815.81
2016-05-09,1944055.65
2016-05-10,1987378.86
2016-05-11,1812146.77
2016-05-12,1526662.37
2016-05-13,1599354.16
2016-05-14,1754505.14
2016-05-15,1664801.49
2016-05-16,1614765.51
2016-05-17,1630240.31
2016-05-18,1629205.66
2016-05-19,1763197.46
2016-05-20,1352421.6
2016-05-21,1674414.85
2016-05-22,1587037.96
2016-05-23,2047111.43
2016-05-24,2024039.46
2016-05-25,1670575.41
2016-05-26,1581252.15
2016-05-27,1574443.9
2016-05-28,1704671.95
2016-05-29,1753689.94
2016-05-30,1987178.51
2016-05-31,1960173.28
2016-06-01,1720313.73
2016-06-02,1947397.29
2016-06-03,1901326.5
2016-06-04,2050115.56
2016-06-05,1734495.56
2016-06-06,2479601.45
2016-06-07,2513142.24
2016-06-08,2055967.75
2016-06-09,2120759.44
2016-06-10,2411712.55
2016-06-11,2121041.21
2016-06-12,2404295.08
2016-06-13,2466923.16
2016-06-14,2845589.53
2016-06-15,2310257.18
2016-06-16,2731692.28
2016-06-17,2882010.73
2016-06-18,2850005.05
2016-06-19,3048875.69
2016-06-20,3413077.43
2016-06-21,3033488.39
2016-06-22,2528171.56
2016-06-23,2032313.49
2016-06-24,2228686.01
2016-06-25,2189489.46
2016-06-26,2712987.06
2016-06-27,2346092.7
2016-06-28,2428570.56
2016-06-29,2424029.9
2016-06-30,2382860.03
2016-07-01,2555762.06
2016-07-02,2670414.6
2016-07-03,2617851.36
2016-07-04,2594498.64
2016-07-05,2588974.12
2016-07-06,2468700.58
2016-07-07,2377679.44
2016-07-08,2225809.72
2016-07-09,2415577.77
2016-07-10,2016055.85
2016-07-11,1289688.6
2016-07-12,1200933.56
2016-07-13,1220103.97
2016-07-14,1096391.44
2016-07-15,1203565.89
2016-07-16,1156373.58
2016-07-17,1340902.38
2016-07-18,1294426.22
2016-07-19,1285992.35
2016-07-20,1116419.94
2016-07-21,1291255.31
2016-07-22,1143794.06
2016-07-23,1098040.14
2016-07-24,1110718.67
2016-07-25,1055648.6
2016-07-26,1116623.7
2016-07-27,1097785.35
2016-07-28,1095880.03
2016-07-29,1162402.42
2016-07-30,1254138.46
2016-07-31,1010965.94
2016-08-01,1253700.3
2016-08-02,1207368.45
2016-08-03,1126376.46
2016-08-04,1210770.74
2016-08-05,1137103.9
2016-08-06,1255172.15
2016-08-07,1249257.47
2016-08-08,1132975.59
2016-08-09,1141359.61
2016-08-10,952841.65
2016-08-11,1165104.21
2016-08-12,1151214.01
2016-08-13,1134563.58
2016-08-14,1226446.84
2016-08-15,1198606.83
2016-08-16,1077592.58
2016-08-17,1018012.25
2016-08-18,922604.66
2016-08-19,1148113.24
2016-08-20,1153313.07
2016-08-21,1161201.17
2016-08-22,1214169.68
2016-08-23,1191627.21
2016-08-24,1108878.98
2016-08-25,1137194.62
2016-08-26,973160.63
2016-08-27,987472.3
2016-08-28,1058176.03
2016-08-29,1116629.01
2016-08-30,1107570.04
2016-08-31,1219384.18
2016-09-01,996313.9
2016-09-02,1038018.33
2016-09-03,1134259.87
2016-09-04,967003.88
2016-09-05,1388243.53
2016-09-06,1102189.96
2016-09-07,1073844.72
2016-09-08,1208807.07
2016-09-09,1159878.13
2016-09-10,1143286.84
2016-09-11,1237898.4
2016-09-12,1278629.49
2016-09-13,1271341.26
2016-09-14,1298073.26
2016-09-15,1225003.58
2016-09-16,1204783.2
2016-09-17,1094613.85
2016-09-18,1270602.12
2016-09-19,1136970.42
2016-09-20,1052805.12
2016-09-21,1178281.26
2016-09-22,1275977.55
2016-09-23,1088221.09
2016-09-24,1059001.72
2016-09-25,1281314.22
2016-09-26,1419998.61
2016-09-27,1195818.24
2016-09-28,1301936.71
2016-09-29,1156967.69
2016-09-30,1122895.12
2016-10-01,1120845.81
2016-10-02,1239509.96
2016-10-03,1108970.17
2016-10-04,1200447.4
2016-10-05,1248381.2
2016-10-06,1321703.83
2016-10-07,1279376.57
2016-10-08,1146701.68
2016-10-09,1345421.35
2016-10-10,1268389.28
2016-10-11,1005067.27
2016-10-12,1160898.15
2016-10-13,1190728.48
2016-10-14,1062092.36
2016-10-15,1130216.04
2016-10-16,1175214.62
2016-10-17,1078924.85
2016-10-18,1043942.95
2016-10-19,1280853.98
2016-10-20,1025442.99
2016-10-21,1110300.39
2016-10-22,1348467.13
2016-10-23,1261936.64
2016-10-24,1223424.55
2016-10-25,1221668.57
2016-10-26,1209046.18
2016-10-27,1251733.28
2016-10-28,1465933.14
2016-10-29,1373344.49
2016-10-30,1379698.99
2016-10-31,1519929.37
2016-11-01,1353200.08
2016-11-02,1370430.55
2016-11-03,1278510.46
2016-11-04,1411281.84
2016-11-05,1074862.24
2016-11-06,1348918.24
2016-11-07,1406462.83
2016-11-08,1353988.66
2016-11-09,1570600.83
2016-11-10,1389988.29
2016-11-11,1561450.33
2016-11-12,1510987.29
2016-11-13,1525610.7
2016-11-14,1290291.53
2016-11-15,1578774.1
2016-11-16,1459462.99
2016-11-17,1650461.6
2016-11-18,1548537.11
2016-11-19,1453312.82
2016-11-20,1388377.65
2016-11-21,1225998.78
2016-11-22,1353605.78
2016-11-23,1325197.51
2016-11-24,1444562.44
2016-11-25,1590646.88
2016-11-26,1503144.1
2016-11-27,1474308.48
2016-11-28,1376903.27
2016-11-29,1581626.39
2016-11-30,1441250.11
2016-12-01,1393752.7
2016-12-02,1460657.09
2016-12-03,1468320.69
2016-12-04,1723339.36
2016-12-05,1485305.8
2016-12-06,1514005.42
2016-12-07,1513637.97
2016-12-08,1747382.35
2016-12-09,1583261.11
2016-12-10,1376193.04
2016-12-11,1339097.64
2016-12-12,1858624.33
2016-12-13,1589822.07
2016-12-14,1808141.32
2016-12-15,1424880.21
2016-12-16,1311677.19
2016-12-17,1378542.66
2016-12-18,1481677.2
2016-12-19,1455062.09
2016-12-20,1575264.17
2016-12-21,1460768.19
2016-12-22,1750535.62
2016-12-23,1817253.31
2016-12-24,1816594.88
2016-12-25,1602329.77
2016-12-26,1894761.95
2016-12-27,1690270.04
2016-12-28,1915019.68
2016-12-29,2092466.7
2016-12-30,1916594.89
2016-12-31,1978119.93
2017-01-01,1868386.97
2017-01-02,2014837.71
2017-01-03,2136306.76
2017-01-04,2263962.28
2017-01-05,2248858.47
2017-01-06,1852917.4
2017-01-07,1922112.54
2017-01-08,1647219.72
2017-01-09,1972540.78
2017-01-10,1619399.61
2017-01-11,1918009.78
2017-01-12,1615137.21
2017-01-13,1804528.32
2017-01-14,1621281.51
2017-01-15,1840773.65
2017-01-16,1774740.01
2017-01-17,1841407.81
2017-01-18,1866942.67
2017-01-19,1749256.46
2017-01-20,2056817.75
2017-01-21,2207406.39
2017-01-22,2170857.7
2017-01-23,2089375.92
2017-01-24,1678545.89
2017-01-25,1797216.96
2017-01-26,1786339.07
2017-01-27,1878756.71
2017-01-28,2055922.95
2017-01-29,1858635.19
2017-01-30,2016148.48
2017-01-31,1782520.54
2017-02-01,1872135.26
2017-02-02,2501965.25
2017-02-03,2124052.17
2017-02-04,2054560.87
2017-02-05,1995523.83
2017-02-06,2155773.44
2017-02-07,1766386.65
2017-02-08,2163927.95
2017-02-09,2086909.67
2017-02-10,2238719.56
2017-02-11,1955920.41
2017-02-12,1863656.66
2017-02-13,1849969.81
2017-02-14,2168061.09
2017-02-15,2270469.44
2017-02-16,1885419.46
2017-02-17,2126905.82
2017-02-18,2163383.78
2017-02-19,2157860.62
2017-02-20,1894223.1
2017-02-21,2163005.93
2017-02-22,2119864.29
2017-02-23,2143419.66
2017-02-24,2435395.61
2017-02-25,2668562.7
2017-02-26,2629716.96
2017-02-27,2801053.52
2017-02-28,2377285.21
2017-03-01,2544680.78
2017-03-02,2479255.69
2017-03-03,2778142.58
2017-03-04,2754618.64
2017-03-05,2369192.96
2017-03-06,2609542.58
2017-03-07,2571058.95
2017-03-08,2707637.77
2017-03-09,2337703.07
2017-03-10,2481908.66
2017-03-11,2576915.91
2017-03-12,2444835.87
2017-03-13,2590330.42
2017-03-14,2514682.23
2017-03-15,2742067.83
2017-03-16,2523993.6
2017-03-17,2584239.11
2017-03-18,2383379.63
2017-03-19,2163167.54
2017-03-20,2324218.06
2017-03-21,2021630.97
2017-03-22,2240684.61
2017-03-23,2338596.04
2017-03-24,2160701.76
2017-03-25,2328194.21
2017-03-26,1771235.82
2017-03-27,2142275.8
2017-03-28,1900228.49
2017-03-29,2256533.42
2017-03-30,2009813.16
2017-03-31,2338353.94
2017-04-01,2037469.74
2017-04-02,2000224.36
2017-04-03,2359124.67
2017-04-04,2772090.64
2017-04-05,2013421.19
2017-04-06,2559279.42
2017-04-07,2432364.19
2017-04-08,2683734.85
2017-04-09,2231614.51
2017-04-10,2594808.81
2017-04-11,2466038.47
2017-04-12,2825606.12
2017-04-13,2420154.48
2017-04-14,2131405.13
2017-04-15,2330644.23
2017-04-16,2458288.48
2017-04-17,2360932.87
2017-04-18,2293858.27
2017-04-19,2506237.92
2017-04-20,2439369.92
2017-04-21,2436366.97
2017-04-22,2916935.35
2017-04-23,2509451.17
2017-04-24,2613667.17
2017-04-25,2193410.54
2017-04-26,2706079.25
2017-04-27,2816118.27
2017-04-28,2792295.25
2017-04-29,2597134.06
2017-04-30,3250854.53
2017-05-01,2825399.8
2017-05-02,2990277.17
2017-05-03,3276928.39
2017-05-04,2855435.95
2017-05-05,3711272.25
2017-05-06,2859929.93
2017-05-07,3732382.9
2017-05-08,3692669.42
2017-05-09,4215262.01
2017-05-10,3874478.16
2017-05-11,3790826.07
2017-05-12,3580704.76
2017-05-13,3799046.2
2017-05-14,4007447.93
2017-05-15,4171625.1
2017-05-16,4210068.06
2017-05-17,3488846.22
2017-05-18,4381817.76
2017-05-19,4094699.54
2017-05-20,4868206.46
2017-05-21,4994639.15
2017-05-22,4461780.12
2017-05-23,4797842.8
2017-05-24,5827477.07
2017-05-25,5865300.4
2017-05-26,6017728.97
2017-05-27,5221903.27
2017-05-28,5403294.77
2017-05-29,5369062.03
2017-05-30,5413614.31
2017-05-31,6217741.56
2017-06-01,6052283.56
2017-06-02,6495539.08
2017-06-03,5691321.48
2017-06-04,7458434.59
2017-06-05,6208214.22
2017-06-06,6790813.21
2017-06-07,6896363.43
2017-06-08,7396368.91
2017-06-09,7151084.98
2017-06-10,6602591.67
2017-06-11,6225876.9
2017-06-12,6497829.35
2017-06-13,5847733.91
2017-06-14,6094946.5
2017-06-15,5513769.13
2017-06-16,5566469.99
2017-06-17,5567176.2
2017-06-18,5604390.91
2017-06-19,5304483.62
2017-06-20,5960790.71
2017-06-21,5787729.54
2017-06-22,5908586.52
2017-06-23,5915360.39
2017-06-24,6375702.66
2017-06-25,5457533.83
2017-06-26,4543847.59
2017-06-27,5184835.25
2017-06-28,5041241.69
2017-06-29,5987469.9
2017-06-30,4699139.22
2017-07-01,5662367.83
2017-07-02,5567754.5
2017-07-03,6369285.85
2017-07-04,6143340.23
2017-07-05,5721928.53
2017-07-06,5458638.24
2017-07-07,5261541.29
2017-07-08,5229406.55
2017-07-09,5743954.53
2017-07-10,4737577.05
2017-07-11,6289978.17
2017-07-12,5477940.2
2017-07-13,5811521.07
2017-07-14,5072261.54
2017-07-15,4311829.12
2017-07-16,3963629.57
2017-07-17,4216565.61
2017-07-18,4481307.27
2017-07-19,5310993.5
2017-07-20,4674915.49
2017-07-21,6225243.44
2017-07-22,5767997.22
2017-07-23,6119590.46
2017-07-24,6275692.55
2017-07-25,6597141.47
2017-07-26,5123955.63
2017-07-27,5033377.39
2017-07-28,5619073.34
2017-07-29,5750935.7
2017-07-30,5764864.97
2017-07-31,5439559.63
2017-08-01,5683632.79
2017-08-02,5305338.45
2017-08-03,5509290.9
2017-08-04,5172399.52
2017-08-05,6735154.59
2017-08-06,7608868.71
2017-08-07,5973488.91
2017-08-08,6917820.96
2017-08-09,7547196.47
2017-08-10,6323002.05
2017-08-11,6403702.41
2017-08-12,7380043.22
2017-08-13,7393885.37
2017-08-14,8305849.56
2017-08-15,8072639.78
2017-08-16,9315384.75
2017-08-17,8640005.57
2017-08-18,11126035.56
2017-08-19,9019222.9
2017-08-20,8925473.82
2017-08-21,7560131.48
2017-08-22,6973999.63
2017-08-23,5959602.2
2017-08-24,10515714.15
2017-08-25,7107413.18
2017-08-26,7417338.03
2017-08-27,7522186.12
2017-08-28,9983337.58
2017-08-29,8781114.63
2017-08-30,10676598.17
2017-08-31,11441096.57
2017-09-01,11641976.25
2017-09-02,12498979.69
2017-09-03,10777428.51
2017-09-04,9928370.27
2017-09-05,10689968.82
2017-09-06,12115285.75
2017-09-07,10578678.07
2017-09-08,11351205.36
2017-09-09,10318789.58
2017-09-10,9671230.93
2017-09-11,7923476.82
2017-09-12,9802901.26
2017-09-13,10354410.91
2017-09-14,9620362.18
2017-09-15,7702014.91
2017-09-16,8938016.46
2017-09-17,8230038.65
2017-09-18,8509041.06
2017-09-19,7156612.44
2017-09-20,8290430.21
2017-09-21,6272696.82
2017-09-22,8449044.67
2017-09-23,6668009.2
2017-09-24,8204018.28
2017-09-25,6968480.38
2017-09-26,6704534.07
2017-09-27,7285541.81
2017-09-28,8328912
2017-09-29,9796760.89
2017-09-30,9276735.29
2017-10-01,7944416.58
2017-10-02,7628096.22
2017-10-03,9029691.9
2017-10-04,10493193.82
2017-10-05,7647832.69
2017-10-06,7447423.49
2017-10-07,9315093.58
2017-10-08,9171753.84
2017-10-09,10975224.07
2017-10-10,10314995.97
2017-10-11,10399725.98
2017-10-12,9253678.89
2017-10-13,11403511.12
2017-10-14,11155749.4
2017-10-15,11481629.03
2017-10-16,14658290.32
2017-10-17,13607737.67
2017-10-18,12644832.24
2017-10-19,11433220.63
2017-10-20,13716863.54
2017-10-21,14391442.47
2017-10-22,12502939.37
2017-10-23,14449349.02
2017-10-24,13660797.09
2017-10-25,12739113.72
2017-10-26,13968438.1
2017-10-27,13937838.4
2017-10-28,8459175.23
2017-10-29,7124287.79
2017-10-30,13458176.21
2017-10-31,12832055.61
2017-11-01,12574297.06
2017-11-02,15054215.2
2017-11-03,15026052.24
2017-11-04,12700977.28
2017-11-05,13946908.4
2017-11-06,14543275.01
2017-11-07,13392277.78
2017-11-08,15842141.32
2017-11-09,15238950.24
2017-11-10,16301394.38
2017-11-11,11936258.26
2017-11-12,8343683.18
2017-11-13,9463649.69
2017-11-14,16363767.01
2017-11-15,14673112.15
2017-11-16,18081729.61
2017-11-17,18802822.59
2017-11-18,19136094.08
2017-11-19,15401188.71
2017-11-20,18104019.1
2017-11-21,20676556.64
2017-11-22,20068566.18
2017-11-23,17330767.08
2017-11-24,17955606.65
2017-11-25,17196388.22
2017-11-26,18716280.17
2017-11-27,19573492
2017-11-28,22810456.14
2017-11-29,21753165.58
2017-11-30,23973023.34
2017-12-01,23244481.76
2017-12-02,27263352.33
2017-12-03,24020316.77
2017-12-04,27144217.48
2017-12-05,28640381.09
2017-12-06,28651166.94
2017-12-07,35065332.79
2017-12-08,36814847.49
2017-12-09,40637231.44
2017-12-10,39647427.49
2017-12-11,38133365.82
2017-12-12,44202108.57
2017-12-13,43059547.25
2017-12-14,47618332.35
2017-12-15,48998323.6
2017-12-16,47568414.32
2017-12-17,51237819.19
2017-12-18,54016357.79
2017-12-19,54283145.4
2017-12-20,42496985.08
2017-12-21,43234561.27
2017-12-22,43763127.49
2017-12-23,48232306.39
2017-12-24,40315793.08
2017-12-25,38599972.75
2017-12-26,33165077.69
2017-12-27,39107106.19
2017-12-28,42348203.73
2017-12-29,38078803.57
2017-12-30,41231780.2
2017-12-31,32838158.17
2018-01-01,35634613.98
2018-01-02,32667513.84
2018-01-03,41130496.05
2018-01-04,41066501.69
2018-01-05,43542543.39
2018-01-06,42063011.94
2018-01-07,47596529.67
2018-01-08,43760178.92
2018-01-09,41434870.6
2018-01-10,40238936.59
2018-01-11,41580367.92
2018-01-12,40813593.94
2018-01-13,39528325.88
2018-01-14,33906584.02
2018-01-15,33097492.41
2018-01-16,32351373.91
2018-01-17,29928980.43
2018-01-18,30473184.44
2018-01-19,31714637.78
2018-01-20,29509210.21
2018-01-21,33719157.18
2018-01-22,30984415.19
2018-01-23,25941059.89
2018-01-24,27162581.05
2018-01-25,28200580.92
2018-01-26,24505225.87
2018-01-27,23820921.3
2018-01-28,24323511.94
2018-01-29,24860991.09
2018-01-30,22253114.88
2018-01-31,22448743.93
2018-02-01,16554171.3
2018-02-02,19927245.34
2018-02-03,20935671.5
2018-02-04,19447466.54
2018-02-05,19257921.91
2018-02-06,17435557.61
2018-02-07,17719124.8
2018-02-08,14414350.99
2018-02-09,14196032.82
2018-02-10,15570441.96
2018-02-11,15914627.17
2018-02-12,15782760.38
2018-02-13,19079841.12
2018-02-14,18087108.21
2018-02-15,21729791.88
2018-02-16,17067529.71
2018-02-17,20499376.28
2018-02-18,21172452.59
2018-02-19,21553888.07
2018-02-20,23196350.71
2018-02-21,20248165.79
2018-02-22,22407592.77
2018-02-23,18523560.07
2018-02-24,19579400.94
2018-02-25,18374899.7
2018-02-26,20892562.41
2018-02-27,18672639.33
2018-02-28,21669616.88
2018-03-01,20468882.64
2018-03-02,23073376.05
2018-03-03,21981158.69
2018-03-04,26145944.82
2018-03-05,21579612.97
2018-03-06,21738708.74
2018-03-07,21309668.14
2018-03-08,19792719.93
2018-03-09,19203107.91
2018-03-10,17260429.6
2018-03-11,15730173.42
2018-03-12,18593799.17
2018-03-13,18621112
2018-03-14,18673374.25
2018-03-15,15096447.25
2018-03-16,15212250.65
2018-03-17,16378497
2018-03-18,14804180.85
2018-03-19,15792365.67
2018-03-20,16875039.76
2018-03-21,14431219.79
2018-03-22,17182131.7
2018-03-23,15796187.57
2018-03-24,15054368.72
2018-03-25,16816625.14
2018-03-26,14447474.87
2018-03-27,15513858.05
2018-03-28,15021144.2
2018-03-29,13591824.28
2018-03-30,13658565.22
2018-03-31,14058562.48
2018-04-01,11254098.25
2018-04-02,13901381.8
2018-04-03,13913290.22
2018-04-04,15297681.1
2018-04-05,12638261.78
2018-04-06,13382948.34
2018-04-07,11643524.49
2018-04-08,15710355.19
2018-04-09,14288235.97
2018-04-10,12600073.85
2018-04-11,14163567.98
2018-04-12,14126841.11
2018-04-13,15569044.07
2018-04-14,16519489.7
2018-04-15,13931480.54
2018-04-16,17222427.88
2018-04-17,14392299.27
2018-04-18,16190819.23
2018-04-19,16527899.32
2018-04-20,18657583.46
2018-04-21,15437457.92
2018-04-22,17955245.04
2018-04-23,17771580.86
2018-04-24,17348032.15
2018-04-25,19813146.62
2018-04-26,14415166.8
2018-04-27,16967487.02
2018-04-28,16353151.45
2018-04-29,15327482.43
2018-04-30,18893883.2
2018-05-01,18227152.14
2018-05-02,18205678.16
2018-05-03,16491181.72
2018-05-04,18631957.23
2018-05-05,17111527.84
2018-05-06,20074549.7
2018-05-07,16775280.98
2018-05-08,17896957.3
2018-05-09,16264542.26
2018-05-10,18895975.77
2018-05-11,17551753.89
2018-05-12,13694185.62
2018-05-13,17729037.46
2018-05-14,16262211.2
2018-05-15,14640257.77
2018-05-16,15775956.72
2018-05-17,18950775.4
2018-05-18,13766304.09
2018-05-19,15805408.96
2018-05-20,16097336.83
2018-05-21,15552263.44
2018-05-22,16740929.48
2018-05-23,15299990.99
2018-05-24,15450353.37
2018-05-25,13766983.03
2018-05-26,16637422.84
2018-05-27,15004122.01
2018-05-28,15194634.46
2018-05-29,14089915.65
2018-05-30,13160373.91
2018-05-31,16203364.32
2018-06-01,16079868.02
2018-06-02,15748891.02
2018-06-03,14634081.46
2018-06-04,15833351.44
2018-06-05,17293420.85
2018-06-06,16807234.75
2018-06-07,14224666.3
2018-06-08,13896277.93
2018-06-09,13960099.86
2018-06-10,13514373.82
2018-06-11,10840043.49
2018-06-12,12201200.74
2018-06-13,12015365.47
2018-06-14,11512386.02
2018-06-15,12886290.57
2018-06-16,12385464.66
2018-06-17,13569937.54
2018-06-18,12802502.59
2018-06-19,13874233.74
2018-06-20,13683450.79
2018-06-21,14417319.95
2018-06-22,14773717.01
2018-06-23,11848498.09
2018-06-24,12543043.94
2018-06-25,13312690.69
2018-06-26,12482667.73
2018-06-27,11341138.65
2018-06-28,9397509.37
2018-06-29,11663638.3
2018-06-30,11878682.24
2018-07-01,11415398.09
2018-07-02,11766090.47
2018-07-03,11815580.58
2018-07-04,9615031.66
2018-07-05,11168648.65
2018-07-06,11319432.81
2018-07-07,13348153.14
2018-07-08,13293785.1
2018-07-09,13342025.56
2018-07-10,11452440.72
2018-07-11,11881182.48
2018-07-12,10897188.05
2018-07-13,11117324.46
2018-07-14,11237780.46
2018-07-15,10481359.99
2018-07-16,10653340.49
2018-07-17,10249359.69
2018-07-18,14725776.7
2018-07-19,16273314.56
2018-07-20,16165685.32
2018-07-21,14273615.69
2018-07-22,12795593.08
2018-07-23,16931696.81
2018-07-24,16221368.5
2018-07-25,16955818.84
2018-07-26,18301427.27
2018-07-27,16546302.22
2018-07-28,17265008.63
2018-07-29,15053253.88
2018-07-30,17559570.22
2018-07-31,13877349.31
2018-08-01,14397133.16
2018-08-02,14417139.85
2018-08-03,14586530.96
2018-08-04,15547104.22
2018-08-05,15540898.1
2018-08-06,14154622.85
2018-08-07,11494724.53
2018-08-08,12794666.79
2018-08-09,12461516.4
2018-08-10,12314417.78
2018-08-11,13643180.55
2018-08-12,13341632.92
2018-08-13,12322275.53
2018-08-14,11846929.98
2018-08-15,10703613.61
2018-08-16,12760433.83
2018-08-17,12623563.69
2018-08-18,12668563.81
2018-08-19,12897457.47
2018-08-20,11865516.99
2018-08-21,11917442.63
2018-08-22,12145262.32
2018-08-23,12862257.47
2018-08-24,12283126.98
2018-08-25,12341322.14
2018-08-26,11506274.15
2018-08-27,14681902.37
2018-08-28,16203353.94
2018-08-29,13852519.67
2018-08-30,12388952.1
2018-08-31,13609428.51
2018-09-01,13777809.64
2018-09-02,13709802.17
2018-09-03,13253784.94
2018-09-04,13211960.31
2018-09-05,11773847.15
2018-09-06,11241894.66
2018-09-07,12372186.77
2018-09-08,12342384.86
2018-09-09,11711743.03
2018-09-10,12834978.41
2018-09-11,10766331.98
2018-09-12,11214484.24
2018-09-13,13443406.52
2018-09-14,12138240.73
2018-09-15,10837473.94
2018-09-16,11507329.86
2018-09-17,11383010.03
2018-09-18,10662290.4
2018-09-19,11360985.6
2018-09-20,12573729.39
2018-09-21,12629944.92
2018-09-22,12347568.74
2018-09-23,13128079.98
2018-09-24,12658579.95
2018-09-25,12263861.89
2018-09-26,13717352.33
2018-09-27,11353797.1
2018-09-28,12116031.11