Date,Money Supply
2009-01-10,950
2009-01-11,4000
2009-01-12,8650
2009-01-13,13350
2009-01-14,19500
2009-01-15,25950
2009-01-16,32250
2009-01-17,37650
2009-01-18,43100
2009-01-19,48450
2009-01-20,54200
2009-01-21,59900
2009-01-22,65000
2009-01-23,69550
2009-01-24,73750
2009-01-25,83800
2009-01-26,93350
2009-01-27,98150
2009-01-28,103000
2009-01-29,108600
2009-01-30,114650
2009-01-31,120500
2009-02-01,127400
2009-02-02,133050
2009-02-03,139450
2009-02-04,146400
2009-02-05,152350
2009-02-06,158650
2009-02-07,164750
2009-02-08,171200
2009-02-09,177800
2009-02-10,184500
2009-02-11,190500
2009-02-12,197150
2009-02-13,203100
2009-02-14,209300
2009-02-15,216100
2009-02-16,222500
2009-02-17,228600
2009-02-18,234450
2009-02-19,240350
2009-02-20,246550
2009-02-21,252650
2009-02-22,258350
2009-02-23,264400
2009-02-24,269800
2009-02-25,275100
2009-02-26,280350
2009-02-27,285700
2009-02-28,291450
2009-03-01,296400
2009-03-02,301650
2009-03-03,307050
2009-03-04,312300
2009-03-05,317500
2009-03-06,323100
2009-03-07,328950
2009-03-08,334400
2009-03-09,340150
2009-03-10,345550
2009-03-11,350900
2009-03-12,356600
2009-03-13,362500
2009-03-14,368150
2009-03-15,373650
2009-03-16,379800
2009-03-17,385850
2009-03-18,391550
2009-03-19,397250
2009-03-20,403350
2009-03-21,409250
2009-03-22,411750
2009-03-23,417700
2009-03-24,424200
2009-03-25,429450
2009-03-26,435300
2009-03-27,441150
2009-03-28,446450
2009-03-29,452400
2009-03-30,458200
2009-03-31,464200
2009-04-01,469700
2009-04-02,475400
2009-04-03,481150
2009-04-04,486950
2009-04-05,492600
2009-04-06,499100
2009-04-07,504550
2009-04-08,509550
2009-04-09,514800
2009-04-10,519750
2009-04-11,525150
2009-04-12,531150
2009-04-13,537050
2009-04-14,542800
2009-04-15,549000
2009-04-16,554650
2009-04-17,560800
2009-04-18,566400
2009-04-19,572700
2009-04-20,578650
2009-04-21,584600
2009-04-22,590750
2009-04-23,596800
2009-04-24,600550
2009-04-25,606300
2009-04-26,612200
2009-04-27,617800
2009-04-28,623000
2009-04-29,628850
2009-04-30,635250
2009-05-01,641800
2009-05-02,647850
2009-05-03,654150
2009-05-04,659450
2009-05-05,665850
2009-05-06,672600
2009-05-07,679350
2009-05-08,685450
2009-05-09,690800
2009-05-10,694700
2009-05-11,698950
2009-05-12,704950
2009-05-13,711450
2009-05-14,717000
2009-05-15,723950
2009-05-16,730750
2009-05-17,736700
2009-05-18,743050
2009-05-19,748950
2009-05-20,753250
2009-05-21,759250
2009-05-22,763350
2009-05-23,766400
2009-05-24,768000
2009-05-25,773000
2009-05-26,778450
2009-05-27,784700
2009-05-28,790650
2009-05-29,795400
2009-05-30,800700
2009-05-31,806150
2009-06-01,810950
2009-06-02,814500
2009-06-03,820050
2009-06-04,823600
2009-06-05,826900
2009-06-06,828400
2009-06-07,829800
2009-06-08,830600
2009-06-09,834700
2009-06-10,839250
2009-06-11,843350
2009-06-12,847800
2009-06-13,852100
2009-06-14,856000
2009-06-15,859600
2009-06-16,863800
2009-06-17,867350
2009-06-18,871300
2009-06-19,875300
2009-06-20,879650
2009-06-21,883550
2009-06-22,887600
2009-06-23,891400
2009-06-24,895200
2009-06-25,899950
2009-06-26,903350
2009-06-27,907850
2009-06-28,912050
2009-06-29,914350
2009-06-30,918500
2009-07-01,922750
2009-07-02,926450
2009-07-03,930600
2009-07-04,934700
2009-07-05,939150
2009-07-06,943100
2009-07-07,947300
2009-07-08,950750
2009-07-09,954450
2009-07-10,958750
2009-07-11,962800
2009-07-12,966950
2009-07-13,970800
2009-07-14,974700
2009-07-15,978150
2009-07-16,980400
2009-07-17,983950
2009-07-18,986300
2009-07-19,986500
2009-07-20,990000
2009-07-21,993500
2009-07-22,997600
2009-07-23,1000600
2009-07-24,1004400
2009-07-25,1008050
2009-07-26,1009650
2009-07-27,1010700
2009-07-28,1014400
2009-07-29,1016450
2009-07-30,1017400
2009-07-31,1018150
2009-08-01,1019000
2009-08-02,1020400
2009-08-03,1021550
2009-08-04,1022150
2009-08-05,1026200
2009-08-06,1030550
2009-08-07,1035050
2009-08-08,1039050
2009-08-09,1043050
2009-08-10,1048100
2009-08-11,1051850
2009-08-12,1055350
2009-08-13,1058500
2009-08-14,1062750
2009-08-15,1065900
2009-08-16,1067200
2009-08-17,1068150
2009-08-18,1069000
2009-08-19,1069500
2009-08-20,1070400
2009-08-21,1071500
2009-08-22,1072200
2009-08-23,1072550
2009-08-24,1073300
2009-08-25,1074050
2009-08-26,1076550
2009-08-27,1078950
2009-08-28,1080400
2009-08-29,1084150
2009-08-30,1088100
2009-08-31,1092900
2009-09-01,1097200
2009-09-02,1101100
2009-09-03,1104400
2009-09-04,1107450
2009-09-05,1110650
2009-09-06,1114450
2009-09-07,1117850
2009-09-08,1121750
2009-09-09,1125200
2009-09-10,1127900
2009-09-11,1131250
2009-09-12,1134600
2009-09-13,1138050
2009-09-14,1141800
2009-09-15,1145500
2009-09-16,1147700
2009-09-17,1151300
2009-09-18,1155500
2009-09-19,1159400
2009-09-20,1163100
2009-09-21,1167000
2009-09-22,1170450
2009-09-23,1171700
2009-09-24,1173500
2009-09-25,1178350
2009-09-26,1182900
2009-09-27,1187900
2009-09-28,1192250
2009-09-29,1196500
2009-09-30,1200900
2009-10-01,1205150
2009-10-02,1209250
2009-10-03,1212850
2009-10-04,1215750
2009-10-05,1218400
2009-10-06,1221150
2009-10-07,1223300
2009-10-08,1226300
2009-10-09,1229800
2009-10-10,1233750
2009-10-11,1237600
2009-10-12,1241300
2009-10-13,1244200
2009-10-14,1247050
2009-10-15,1250500
2009-10-16,1254050
2009-10-17,1257050
2009-10-18,1259900
2009-10-19,1263600
2009-10-20,1269200
2009-10-21,1273950
2009-10-22,1277950
2009-10-23,1282450
2009-10-24,1286900
2009-10-25,1290000
2009-10-26,1293800
2009-10-27,1297350
2009-10-28,1300550
2009-10-29,1303850
2009-10-30,1306150
2009-10-31,1309150
2009-11-01,1311450
2009-11-02,1312700
2009-11-03,1314350
2009-11-04,1317450
2009-11-05,1320600
2009-11-06,1323450
2009-11-07,1326550
2009-11-08,1330000
2009-11-09,1333650
2009-11-10,1336850
2009-11-11,1340750
2009-11-12,1343950
2009-11-13,1347250
2009-11-14,1351250
2009-11-15,1355200
2009-11-16,1360000
2009-11-17,1364850
2009-11-18,1369450
2009-11-19,1373400
2009-11-20,1376900
2009-11-21,1381200
2009-11-22,1384850
2009-11-23,1390150
2009-11-24,1394950
2009-11-25,1399600
2009-11-26,1404100
2009-11-27,1408300
2009-11-28,1412000
2009-11-29,1415550
2009-11-30,1418550
2009-12-01,1422300
2009-12-02,1425950
2009-12-03,1430650
2009-12-04,1435050
2009-12-05,1436850
2009-12-06,1440050
2009-12-07,1445200
2009-12-08,1450800
2009-12-09,1456050
2009-12-10,1460850
2009-12-11,1466050
2009-12-12,1471650
2009-12-13,1477150
2009-12-14,1482850
2009-12-15,1487950
2009-12-16,1493450
2009-12-17,1500250
2009-12-18,1508700
2009-12-19,1519950
2009-12-20,1529850
2009-12-21,1538600
2009-12-22,1547350
2009-12-23,1555450
2009-12-24,1563150
2009-12-25,1570850
2009-12-26,1578300
2009-12-27,1587000
2009-12-28,1595350
2009-12-29,1602200
2009-12-30,1610750
2009-12-31,1617800
2010-01-01,1624700
2010-01-02,1631300
2010-01-03,1637600
2010-01-04,1646900
2010-01-05,1655950
2010-01-06,1665850
2010-01-07,1674000
2010-01-08,1681700
2010-01-09,1689350
2010-01-10,1696900
2010-01-11,1706400
2010-01-12,1714350
2010-01-13,1722300
2010-01-14,1730500
2010-01-15,1737650
2010-01-16,1744700
2010-01-17,1750950
2010-01-18,1757500
2010-01-19,1763750
2010-01-20,1769950
2010-01-21,1777850
2010-01-22,1786600
2010-01-23,1793250
2010-01-24,1801250
2010-01-25,1808950
2010-01-26,1819500
2010-01-27,1829250
2010-01-28,1837450
2010-01-29,1846300
2010-01-30,1856150
2010-01-31,1866650
2010-02-01,1874900
2010-02-02,1884100
2010-02-03,1891350
2010-02-04,1904850
2010-02-05,1916300
2010-02-06,1927450
2010-02-07,1937050
2010-02-08,1947900
2010-02-09,1957900
2010-02-10,1968250
2010-02-11,1976650
2010-02-12,1985100
2010-02-13,1994250
2010-02-14,2005850
2010-02-15,2016250
2010-02-16,2025050
2010-02-17,2034800
2010-02-18,2046750
2010-02-19,2057150
2010-02-20,2066750
2010-02-21,2077150
2010-02-22,2088300
2010-02-23,2101300
2010-02-24,2113800
2010-02-25,2122350
2010-02-26,2130050
2010-02-27,2138650
2010-02-28,2147250
2010-03-01,2155050
2010-03-02,2164800
2010-03-03,2174200
2010-03-04,2181800
2010-03-05,2191050
2010-03-06,2199600
2010-03-07,2208450
2010-03-08,2217400
2010-03-09,2223650
2010-03-10,2230950
2010-03-11,2239050
2010-03-12,2245700
2010-03-13,2251750
2010-03-14,2259400
2010-03-15,2265650
2010-03-16,2272400
2010-03-17,2278700
2010-03-18,2285500
2010-03-19,2292500
2010-03-20,2300150
2010-03-21,2309750
2010-03-22,2318900
2010-03-23,2327850
2010-03-24,2338200
2010-03-25,2346750
2010-03-26,2356100
2010-03-27,2365950
2010-03-28,2374850
2010-03-29,2384150
2010-03-30,2393900
2010-03-31,2404650
2010-04-01,2415100
2010-04-02,2423500
2010-04-03,2431300
2010-04-04,2439350
2010-04-05,2447900
2010-04-06,2455550
2010-04-07,2463500
2010-04-08,2473150
2010-04-09,2482300
2010-04-10,2491750
2010-04-11,2504750
2010-04-12,2515900
2010-04-13,2526050
2010-04-14,2535500
2010-04-15,2544500
2010-04-16,2555300
2010-04-17,2565400
2010-04-18,2576450
2010-04-19,2588700
2010-04-20,2600300
2010-04-21,2610550
2010-04-22,2621500
2010-04-23,2629450
2010-04-24,2636950
2010-04-25,2645350
2010-04-26,2653250
2010-04-27,2661450
2010-04-28,2670450
2010-04-29,2679450
2010-04-30,2686800
2010-05-01,2694000
2010-05-02,2703150
2010-05-03,2710900
2010-05-04,2718850
2010-05-05,2725650
2010-05-06,2732500
2010-05-07,2739950
2010-05-08,2746550
2010-05-09,2754250
2010-05-10,2761400
2010-05-11,2767800
2010-05-12,2773350
2010-05-13,2779700
2010-05-14,2786100
2010-05-15,2792250
2010-05-16,2796800
2010-05-17,2802450
2010-05-18,2809600
2010-05-19,2818000
2010-05-20,2826200
2010-05-21,2836350
2010-05-22,2845150
2010-05-23,2854900
2010-05-24,2865450
2010-05-25,2874850
2010-05-26,2885350
2010-05-27,2896500
2010-05-28,2906100
2010-05-29,2917250
2010-05-30,2926450
2010-05-31,2933900
2010-06-01,2941000
2010-06-02,2947750
2010-06-03,2955100
2010-06-04,2962700
2010-06-05,2968950
2010-06-06,2976200
2010-06-07,2983600
2010-06-08,2991450
2010-06-09,2999450
2010-06-10,3007850
2010-06-11,3015850
2010-06-12,3024250
2010-06-13,3031000
2010-06-14,3039600
2010-06-15,3047650
2010-06-16,3056850
2010-06-17,3063950
2010-06-18,3071250
2010-06-19,3078750
2010-06-20,3086250
2010-06-21,3095500
2010-06-22,3103200
2010-06-23,3111000
2010-06-24,3120350
2010-06-25,3128800
2010-06-26,3136300
2010-06-27,3144250
2010-06-28,3153150
2010-06-29,3160750
2010-06-30,3169200
2010-07-01,3178300
2010-07-02,3188850
2010-07-03,3197200
2010-07-04,3207800
2010-07-05,3216100
2010-07-06,3225050
2010-07-07,3233500
2010-07-08,3241300
2010-07-09,3248850
2010-07-10,3258800
2010-07-11,3268700
2010-07-12,3277650
2010-07-13,3310600
2010-07-14,3345200
2010-07-15,3374100
2010-07-16,3405300
2010-07-17,3430550
2010-07-18,3439200
2010-07-19,3447800
2010-07-20,3456500
2010-07-21,3465550
2010-07-22,3475900
2010-07-23,3484700
2010-07-24,3494400
2010-07-25,3503850
2010-07-26,3515400
2010-07-27,3527550
2010-07-28,3535850
2010-07-29,3543800
2010-07-30,3552800
2010-07-31,3561900
2010-08-01,3572050
2010-08-02,3584000
2010-08-03,3596100
2010-08-04,3607450
2010-08-05,3619600
2010-08-06,3630500
2010-08-07,3637850
2010-08-08,3645600
2010-08-09,3655550
2010-08-10,3665050
2010-08-11,3674600
2010-08-12,3686250
2010-08-13,3697100
2010-08-14,3707850
2010-08-15,3721900
2010-08-16,3732250
2010-08-17,3739600
2010-08-18,3746050
2010-08-19,3752700
2010-08-20,3759450
2010-08-21,3769100
2010-08-22,3777750
2010-08-23,3788350
2010-08-24,3799000
2010-08-25,3809750
2010-08-26,3820550
2010-08-27,3831050
2010-08-28,3839600
2010-08-29,3848100
2010-08-30,3856200
2010-08-31,3863650
2010-09-01,3872850
2010-09-02,3880700
2010-09-03,3888500
2010-09-04,3896700
2010-09-05,3905750
2010-09-06,3914000
2010-09-07,3921900
2010-09-08,3929900
2010-09-09,3938150
2010-09-10,3944900
2010-09-11,3953750
2010-09-12,3961750
2010-09-13,3970600
2010-09-14,3979150
2010-09-15,3989300
2010-09-16,3997750
2010-09-17,4008700
2010-09-18,4019100
2010-09-19,4030950
2010-09-20,4041400
2010-09-21,4051550
2010-09-22,4060150
2010-09-23,4068850
2010-09-24,4080550
2010-09-25,4091950
2010-09-26,4102300
2010-09-27,4112550
2010-09-28,4124000
2010-09-29,4134600
2010-09-30,4142800
2010-10-01,4150100
2010-10-02,4157800
2010-10-03,4162800
2010-10-04,4168900
2010-10-05,4176550
2010-10-06,4182850
2010-10-07,4191400
2010-10-08,4199400
2010-10-09,4207100
2010-10-10,4215000
2010-10-11,4223900
2010-10-12,4231850
2010-10-13,4239600
2010-10-14,4248400
2010-10-15,4258650
2010-10-16,4267500
2010-10-17,4280400
2010-10-18,4293900
2010-10-19,4306350
2010-10-20,4319150
2010-10-21,4332350
2010-10-22,4341650
2010-10-23,4349350
2010-10-24,4358100
2010-10-25,4368350
2010-10-26,4378500
2010-10-27,4390550
2010-10-28,4401200
2010-10-29,4412150
2010-10-30,4423300
2010-10-31,4435900
2010-11-01,4444850
2010-11-02,4453700
2010-11-03,4462500
2010-11-04,4472000
2010-11-05,4482050
2010-11-06,4493000
2010-11-07,4503900
2010-11-08,4515950
2010-11-09,4529700
2010-11-10,4540550
2010-11-11,4550700
2010-11-12,4561650
2010-11-13,4570100
2010-11-14,4581250
2010-11-15,4594050
2010-11-16,4604050
2010-11-17,4613900
2010-11-18,4626250
2010-11-19,4639100
2010-11-20,4646600
2010-11-21,4652400
2010-11-22,4659400
2010-11-23,4667550
2010-11-24,4674550
2010-11-25,4683400
2010-11-26,4692450
2010-11-27,4702150
2010-11-28,4711150
2010-11-29,4719750
2010-11-30,4730200
2010-12-01,4740300
2010-12-02,4749700
2010-12-03,4759100
2010-12-04,4768550
2010-12-05,4780000
2010-12-06,4791950
2010-12-07,4804000
2010-12-08,4815950
2010-12-09,4827850
2010-12-10,4839000
2010-12-11,4846350
2010-12-12,4855100
2010-12-13,4863650
2010-12-14,4870700
2010-12-15,4879250
2010-12-16,4889050
2010-12-17,4897700
2010-12-18,4906000
2010-12-19,4914050
2010-12-20,4923250
2010-12-21,4931200
2010-12-22,4941000
2010-12-23,4948850
2010-12-24,4956100
2010-12-25,4963500
2010-12-26,4971900
2010-12-27,4979150
2010-12-28,4987450
2010-12-29,4995900
2010-12-30,5004150
2010-12-31,5012600
2011-01-01,5020700
2011-01-02,5029750
2011-01-03,5038500
2011-01-04,5046300
2011-01-05,5053350
2011-01-06,5061050
2011-01-07,5068100
2011-01-08,5076300
2011-01-09,5084800
2011-01-10,5092950
2011-01-11,5101050
2011-01-12,5109650
2011-01-13,5118000
2011-01-14,5127400
2011-01-15,5136450
2011-01-16,5144300
2011-01-17,5153000
2011-01-18,5162050
2011-01-19,5169100
2011-01-20,5177550
2011-01-21,5186850
2011-01-22,5195600
2011-01-23,5203800
2011-01-24,5212300
2011-01-25,5221700
2011-01-26,5229500
2011-01-27,5238500
2011-01-28,5246500
2011-01-29,5254400
2011-01-30,5262450
2011-01-31,5270250
2011-02-01,5278750
2011-02-02,5286950
2011-02-03,5294850
2011-02-04,5302850
2011-02-05,5312550
2011-02-06,5321500
2011-02-07,5330350
2011-02-08,5340500
2011-02-09,5348900
2011-02-10,5358500
2011-02-11,5367800
2011-02-12,5377100
2011-02-13,5386900
2011-02-14,5396800
2011-02-15,5406600
2011-02-16,5417850
2011-02-17,5429450
2011-02-18,5441000
2011-02-19,5451600
2011-02-20,5459650
2011-02-21,5469550
2011-02-22,5479250
2011-02-23,5489800
2011-02-24,5501950
2011-02-25,5512300
2011-02-26,5523550
2011-02-27,5537350
2011-02-28,5549550
2011-03-01,5557050
2011-03-02,5563550
2011-03-03,5571950
2011-03-04,5581250
2011-03-05,5592300
2011-03-06,5606150
2011-03-07,5619850
2011-03-08,5630400
2011-03-09,5639750
2011-03-10,5647750
2011-03-11,5653250
2011-03-12,5659750
2011-03-13,5666750
2011-03-14,5672600
2011-03-15,5678200
2011-03-16,5683800
2011-03-17,5690600
2011-03-18,5697650
2011-03-19,5703650
2011-03-20,5709400
2011-03-21,5716250
2011-03-22,5723650
2011-03-23,5729600
2011-03-24,5737450
2011-03-25,5745050
2011-03-26,5753700
2011-03-27,5760600
2011-03-28,5767750
2011-03-29,5776150
2011-03-30,5784300
2011-03-31,5792100
2011-04-01,5802150
2011-04-02,5810950
2011-04-03,5819950
2011-04-04,5828700
2011-04-05,5837600
2011-04-06,5847300
2011-04-07,5854750
2011-04-08,5862050
2011-04-09,5870350
2011-04-10,5878150
2011-04-11,5886800
2011-04-12,5894950
2011-04-13,5903100
2011-04-14,5912800
2011-04-15,5920800
2011-04-16,5927600
2011-04-17,5936250
2011-04-18,5945250
2011-04-19,5952650
2011-04-20,5960350
2011-04-21,5967550
2011-04-22,5974900
2011-04-23,5983700
2011-04-24,5992300
2011-04-25,6000400
2011-04-26,6010000
2011-04-27,6019750
2011-04-28,6028900
2011-04-29,6037100
2011-04-30,6047100
2011-05-01,6056550
2011-05-02,6065500
2011-05-03,6075350
2011-05-04,6085150
2011-05-05,6095000
2011-05-06,6105950
2011-05-07,6116850
2011-05-08,6127550
2011-05-09,6138500
2011-05-10,6150450
2011-05-11,6159600
2011-05-12,6169150
2011-05-13,6177600
2011-05-14,6187950
2011-05-15,6200050
2011-05-16,6211050
2011-05-17,6223400
2011-05-18,6236250
2011-05-19,6250650
2011-05-20,6259200
2011-05-21,6270200
2011-05-22,6281200
2011-05-23,6293800
2011-05-24,6308100
2011-05-25,6323050
2011-05-26,6338400
2011-05-27,6353200
2011-05-28,6361550
2011-05-29,6369300
2011-05-30,6378300
2011-05-31,6386000
2011-06-01,6393500
2011-06-02,6402900
2011-06-03,6412400
2011-06-04,6422500
2011-06-05,6433700
2011-06-06,6444100
2011-06-07,6455750
2011-06-08,6464250
2011-06-09,6473500
2011-06-10,6484600
2011-06-11,6495750
2011-06-12,6508350
2011-06-13,6520000
2011-06-14,6531350
2011-06-15,6543700
2011-06-16,6557650
2011-06-17,6566650
2011-06-18,6575950
2011-06-19,6585800
2011-06-20,6596950
2011-06-21,6608650
2011-06-22,6621300
2011-06-23,6634300
2011-06-24,6646300
2011-06-25,6657100
2011-06-26,6664250
2011-06-27,6671700
2011-06-28,6680150
2011-06-29,6688150
2011-06-30,6696750
2011-07-01,6706300
2011-07-02,6714950
2011-07-03,6723400
2011-07-04,6731650
2011-07-05,6740150
2011-07-06,6747100
2011-07-07,6754950
2011-07-08,6761500
2011-07-09,6769750
2011-07-10,6777200
2011-07-11,6784050
2011-07-12,6791900
2011-07-13,6798950
2011-07-14,6808500
2011-07-15,6815700
2011-07-16,6823800
2011-07-17,6831650
2011-07-18,6840150
2011-07-19,6848650
2011-07-20,6855750
2011-07-21,6863200
2011-07-22,6870800
2011-07-23,6878350
2011-07-24,6885650
2011-07-25,6893950
2011-07-26,6902200
2011-07-27,6911000
2011-07-28,6919700
2011-07-29,6927450
2011-07-30,6935650
2011-07-31,6943250
2011-08-01,6952000
2011-08-02,6960250
2011-08-03,6967950
2011-08-04,6975800
2011-08-05,6982250
2011-08-06,6989250
2011-08-07,6995350
2011-08-08,7001650
2011-08-09,7008450
2011-08-10,7015750
2011-08-11,7023350
2011-08-12,7030200
2011-08-13,7036750
2011-08-14,7043250
2011-08-15,7049850
2011-08-16,7056300
2011-08-17,7063650
2011-08-18,7070450
2011-08-19,7077650
2011-08-20,7084200
2011-08-21,7091800
2011-08-22,7099800
2011-08-23,7108250
2011-08-24,7116000
2011-08-25,7122700
2011-08-26,7129450
2011-08-27,7136800
2011-08-28,7142900
2011-08-29,7148700
2011-08-30,7155600
2011-08-31,7162900
2011-09-01,7170650
2011-09-02,7177100
2011-09-03,7184900
2011-09-04,7192150
2011-09-05,7198850
2011-09-06,7206650
2011-09-07,7214200
2011-09-08,7221000
2011-09-09,7227450
2011-09-10,7235150
2011-09-11,7241800
2011-09-12,7248050
2011-09-13,7254700
2011-09-14,7261800
2011-09-15,7269100
2011-09-16,7276900
2011-09-17,7282850
2011-09-18,7289550
2011-09-19,7297450
2011-09-20,7303800
2011-09-21,7310800
2011-09-22,7318100
2011-09-23,7325500
2011-09-24,7332150
2011-09-25,7338600
2011-09-26,7345450
2011-09-27,7352150
2011-09-28,7358800
2011-09-29,7366150
2011-09-30,7372400
2011-10-01,7378500
2011-10-02,7385650
2011-10-03,7391700
2011-10-04,7398950
2011-10-05,7404550
2011-10-06,7411800
2011-10-07,7418200
2011-10-08,7425100
2011-10-09,7431050
2011-10-10,7437400
2011-10-11,7443550
2011-10-12,7448200
2011-10-13,7454200
2011-10-14,7459050
2011-10-15,7466000
2011-10-16,7472700
2011-10-17,7478650
2011-10-18,7484550
2011-10-19,7490550
2011-10-20,7497200
2011-10-21,7502950
2011-10-22,7509000
2011-10-23,7513900
2011-10-24,7519300
2011-10-25,7525650
2011-10-26,7532100
2011-10-27,7537950
2011-10-28,7542950
2011-10-29,7548200
2011-10-30,7553850
2011-10-31,7559400
2011-11-01,7565950
2011-11-02,7573450
2011-11-03,7581150
2011-11-04,7587400
2011-11-05,7594750
2011-11-06,7602050
2011-11-07,7609250
2011-11-08,7615850
2011-11-09,7623300
2011-11-10,7631350
2011-11-11,7638400
2011-11-12,7644350
2011-11-13,7651500
2011-11-14,7658700
2011-11-15,7665850
2011-11-16,7674100
2011-11-17,7680850
2011-11-18,7687800
2011-11-19,7694450
2011-11-20,7700600
2011-11-21,7707750
2011-11-22,7713650
2011-11-23,7720650
2011-11-24,7727350
2011-11-25,7733000
2011-11-26,7739750
2011-11-27,7745750
2011-11-28,7751450
2011-11-29,7757800
2011-11-30,7764700
2011-12-01,7772800
2011-12-02,7781900
2011-12-03,7789200
2011-12-04,7796800
2011-12-05,7803600
2011-12-06,7811500
2011-12-07,7820050
2011-12-08,7826950
2011-12-09,7835150
2011-12-10,7842500
2011-12-11,7849700
2011-12-12,7857300
2011-12-13,7863650
2011-12-14,7870250
2011-12-15,7877900
2011-12-16,7883500
2011-12-17,7889400
2011-12-18,7896900
2011-12-19,7904100
2011-12-20,7912050
2011-12-21,7918750
2011-12-22,7926200
2011-12-23,7933600
2011-12-24,7940700
2011-12-25,7947950
2011-12-26,7956650
2011-12-27,7965500
2011-12-28,7972750
2011-12-29,7980500
2011-12-30,7987400
2011-12-31,7994500
2012-01-01,8002050
2012-01-02,8009700
2012-01-03,8017250
2012-01-04,8025200
2012-01-05,8032650
2012-01-06,8040000
2012-01-07,8048550
2012-01-08,8057750
2012-01-09,8065900
2012-01-10,8074100
2012-01-11,8081150
2012-01-12,8088800
2012-01-13,8096550
2012-01-14,8103550
2012-01-15,8111050
2012-01-16,8118000
2012-01-17,8126750
2012-01-18,8134600
2012-01-19,8141000
2012-01-20,8148500
2012-01-21,8155800
2012-01-22,8163950
2012-01-23,8170750
2012-01-24,8179250
2012-01-25,8186200
2012-01-26,8193600
2012-01-27,8200500
2012-01-28,8207550
2012-01-29,8214800
2012-01-30,8223150
2012-01-31,8231750
2012-02-01,8239250
2012-02-02,8246300
2012-02-03,8254250
2012-02-04,8262150
2012-02-05,8270000
2012-02-06,8277100
2012-02-07,8284400
2012-02-08,8291250
2012-02-09,8298500
2012-02-10,8305750
2012-02-11,8312650
2012-02-12,8320150
2012-02-13,8328050
2012-02-14,8334900
2012-02-15,8341800
2012-02-16,8348500
2012-02-17,8355400
2012-02-18,8363000
2012-02-19,8371550
2012-02-20,8379450
2012-02-21,8386450
2012-02-22,8392900
2012-02-23,8400850
2012-02-24,8409150
2012-02-25,8416600
2012-02-26,8424850
2012-02-27,8432350
2012-02-28,8440050
2012-02-29,8448050
2012-03-01,8457000
2012-03-02,8464550
2012-03-03,8471250
2012-03-04,8476900
2012-03-05,8483750
2012-03-06,8491000
2012-03-07,8497850
2012-03-08,8505550
2012-03-09,8513350
2012-03-10,8521750
2012-03-11,8530000
2012-03-12,8536700
2012-03-13,8545000
2012-03-14,8553000
2012-03-15,8559850
2012-03-16,8565900
2012-03-17,8573550
2012-03-18,8582050
2012-03-19,8590050
2012-03-20,8597200
2012-03-21,8605200
2012-03-22,8613100
2012-03-23,8621000
2012-03-24,8627300
2012-03-25,8636500
2012-03-26,8644350
2012-03-27,8651900
2012-03-28,8659700
2012-03-29,8667200
2012-03-30,8674250
2012-03-31,8681950
2012-04-01,8690450
2012-04-02,8697550
2012-04-03,8703350
2012-04-04,8710000
2012-04-05,8716850
2012-04-06,8722700
2012-04-07,8729500
2012-04-08,8735950
2012-04-09,8743450
2012-04-10,8750750
2012-04-11,8758100
2012-04-12,8765150
2012-04-13,8771500
2012-04-14,8777650
2012-04-15,8784600
2012-04-16,8789950
2012-04-17,8797450
2012-04-18,8804200
2012-04-19,8810700
2012-04-20,8818550
2012-04-21,8826250
2012-04-22,8833950
2012-04-23,8840950
2012-04-24,8847700
2012-04-25,8854600
2012-04-26,8860950
2012-04-27,8868700
2012-04-28,8875450
2012-04-29,8883050
2012-04-30,8892000
2012-05-01,8900950
2012-05-02,8909450
2012-05-03,8916950
2012-05-04,8924800
2012-05-05,8932850
2012-05-06,8941200
2012-05-07,8949400
2012-05-08,8957900
2012-05-09,8966700
2012-05-10,8975000
2012-05-11,8981450
2012-05-12,8988600
2012-05-13,8995000
2012-05-14,9002000
2012-05-15,9008950
2012-05-16,9015450
2012-05-17,9021500
2012-05-18,9027300
2012-05-19,9034550
2012-05-20,9042000
2012-05-21,9048900
2012-05-22,9055200
2012-05-23,9060950
2012-05-24,9067450
2012-05-25,9073700
2012-05-26,9079750
2012-05-27,9086850
2012-05-28,9094800
2012-05-29,9101900
2012-05-30,9108200
2012-05-31,9114750
2012-06-01,9121650
2012-06-02,9129250
2012-06-03,9137250
2012-06-04,9144900
2012-06-05,9152650
2012-06-06,9160000
2012-06-07,9167650
2012-06-08,9174600
2012-06-09,9181650
2012-06-10,9190200
2012-06-11,9198500
2012-06-12,9205500
2012-06-13,9213300
2012-06-14,9220800
2012-06-15,9228600
2012-06-16,9236550
2012-06-17,9244350
2012-06-18,9252550
2012-06-19,9261300
2012-06-20,9268650
2012-06-21,9275900
2012-06-22,9282700
2012-06-23,9289600
2012-06-24,9297800
2012-06-25,9304350
2012-06-26,9312050
2012-06-27,9319500
2012-06-28,9327650
2012-06-29,9334500
2012-06-30,9341800
2012-07-01,9348400
2012-07-02,9355500
2012-07-03,9363100
2012-07-04,9371100
2012-07-05,9378600
2012-07-06,9385800
2012-07-07,9393550
2012-07-08,9401850
2012-07-09,9409500
2012-07-10,9417650
2012-07-11,9425150
2012-07-12,9431850
2012-07-13,9439350
2012-07-14,9447500
2012-07-15,9455550
2012-07-16,9462550
2012-07-17,9470050
2012-07-18,9478650
2012-07-19,9486400
2012-07-20,9493150
2012-07-21,9500550
2012-07-22,9507600
2012-07-23,9515350
2012-07-24,9522400
2012-07-25,9530450
2012-07-26,9538450
2012-07-27,9546900
2012-07-28,9555800
2012-07-29,9563450
2012-07-30,9571750
2012-07-31,9580550
2012-08-01,9587050
2012-08-02,9593750
2012-08-03,9602000
2012-08-04,9610100
2012-08-05,9617900
2012-08-06,9624850
2012-08-07,9631850
2012-08-08,9640050
2012-08-09,9648350
2012-08-10,9656850
2012-08-11,9664650
2012-08-12,9673050
2012-08-13,9681000
2012-08-14,9689000
2012-08-15,9696850
2012-08-16,9705200
2012-08-17,9712900
2012-08-18,9719800
2012-08-19,9727350
2012-08-20,9736450
2012-08-21,9745150
2012-08-22,9753800
2012-08-23,9761600
2012-08-24,9769850
2012-08-25,9777250
2012-08-26,9784150
2012-08-27,9793100
2012-08-28,9800350
2012-08-29,9807900
2012-08-30,9816300
2012-08-31,9824000
2012-09-01,9831000
2012-09-02,9839050
2012-09-03,9847250
2012-09-04,9855100
2012-09-05,9862750
2012-09-06,9871750
2012-09-07,9880300
2012-09-08,9888700
2012-09-09,9895950
2012-09-10,9903900
2012-09-11,9911400
2012-09-12,9918650
2012-09-13,9926400
2012-09-14,9932900
2012-09-15,9941000
2012-09-16,9948200
2012-09-17,9956250
2012-09-18,9964650
2012-09-19,9973000
2012-09-20,9980050
2012-09-21,9987650
2012-09-22,9996100
2012-09-23,10003950
2012-09-24,10011850
2012-09-25,10019500
2012-09-26,10026450
2012-09-27,10033450
2012-09-28,10041500
2012-09-29,10049400
2012-09-30,10057800
2012-10-01,10065750
2012-10-02,10072300
2012-10-03,10079600
2012-10-04,10086250
2012-10-05,10092800
2012-10-06,10099600
2012-10-07,10107350
2012-10-08,10113600
2012-10-09,10122500
2012-10-10,10129600
2012-10-11,10137050
2012-10-12,10143950
2012-10-13,10151400
2012-10-14,10158800
2012-10-15,10165150
2012-10-16,10173600
2012-10-17,10181350
2012-10-18,10188450
2012-10-19,10196300
2012-10-20,10203050
2012-10-21,10210950
2012-10-22,10219000
2012-10-23,10226850
2012-10-24,10233350
2012-10-25,10241450
2012-10-26,10248600
2012-10-27,10256850
2012-10-28,10265600
2012-10-29,10273900
2012-10-30,10281800
2012-10-31,10288950
2012-11-01,10296150
2012-11-02,10303000
2012-11-03,10310150
2012-11-04,10317450
2012-11-05,10325300
2012-11-06,10333300
2012-11-07,10340050
2012-11-08,10347900
2012-11-09,10355600
2012-11-10,10363200
2012-11-11,10370400
2012-11-12,10377750
2012-11-13,10384350
2012-11-14,10391350
2012-11-15,10398500
2012-11-16,10405300
2012-11-17,10412550
2012-11-18,10419550
2012-11-19,10426850
2012-11-20,10434150
2012-11-21,10441500
2012-11-22,10449100
2012-11-23,10456300
2012-11-24,10464450
2012-11-25,10472000
2012-11-26,10479300
2012-11-27,10487150
2012-11-28,10494550
2012-11-29,10501575
2012-11-30,10505725
2012-12-01,10508850
2012-12-02,10513025
2012-12-03,10516600
2012-12-04,10520275
2012-12-05,10523075
2012-12-06,10526125
2012-12-07,10529550
2012-12-08,10532775
2012-12-09,10536225
2012-12-10,10539375
2012-12-11,10542950
2012-12-12,10546550
2012-12-13,10549800
2012-12-14,10553075
2012-12-15,10555725
2012-12-16,10558625
2012-12-17,10561400
2012-12-18,10564750
2012-12-19,10567875
2012-12-20,10571425
2012-12-21,10574075
2012-12-22,10577225
2012-12-23,10581050
2012-12-24,10584100
2012-12-25,10587400
2012-12-26,10590500
2012-12-27,10594350
2012-12-28,10598250
2012-12-29,10602475
2012-12-30,10606075
2012-12-31,10610225
2013-01-01,10614175
2013-01-02,10618225
2013-01-03,10622050
2013-01-04,10626100
2013-01-05,10629925
2013-01-06,10633450
2013-01-07,10637075
2013-01-08,10641275
2013-01-09,10644600
2013-01-10,10647850
2013-01-11,10651525
2013-01-12,10654450
2013-01-13,10657500
2013-01-14,10660825
2013-01-15,10664750
2013-01-16,10667775
2013-01-17,10671050
2013-01-18,10673825
2013-01-19,10676850
2013-01-20,10680700
2013-01-21,10683950
2013-01-22,10687250
2013-01-23,10690850
2013-01-24,10694000
2013-01-25,10697900
2013-01-26,10701325
2013-01-27,10705225
2013-01-28,10709000
2013-01-29,10712675
2013-01-30,10716625
2013-01-31,10720450
2013-02-01,10725275
2013-02-02,10728950
2013-02-03,10732775
2013-02-04,10737425
2013-02-05,10741525
2013-02-06,10745700
2013-02-07,10749350
2013-02-08,10753200
2013-02-09,10756975
2013-02-10,10760550
2013-02-11,10764575
2013-02-12,10768550
2013-02-13,10772025
2013-02-14,10776300
2013-02-15,10780075
2013-02-16,10784550
2013-02-17,10789275
2013-02-18,10793975
2013-02-19,10798000
2013-02-20,10801975
2013-02-21,10806800
2013-02-22,10811200
2013-02-23,10815450
2013-02-24,10819550
2013-02-25,10823450
2013-02-26,10828575
2013-02-27,10832700
2013-02-28,10837525
2013-03-01,10841725
2013-03-02,10845525
2013-03-03,10849150
2013-03-04,10853175
2013-03-05,10857650
2013-03-06,10861125
2013-03-07,10865000
2013-03-08,10869000
2013-03-09,10873000
2013-03-10,10877225
2013-03-11,10881800
2013-03-12,10885900
2013-03-13,10889275
2013-03-14,10893200
2013-03-15,10897675
2013-03-16,10901975
2013-03-17,10906350
2013-03-18,10911575
2013-03-19,10916325
2013-03-20,10920575
2013-03-21,10925850
2013-03-22,10931300
2013-03-23,10937025
2013-03-24,10942450
2013-03-25,10947175
2013-03-26,10950775
2013-03-27,10954550
2013-03-28,10957850
2013-03-29,10962400
2013-03-30,10966750
2013-03-31,10971075
2013-04-01,10975300
2013-04-02,10980250
2013-04-03,10984775
2013-04-04,10989150
2013-04-05,10993000
2013-04-06,10996950
2013-04-07,11001025
2013-04-08,11005125
2013-04-09,11009000
2013-04-10,11013400
2013-04-11,11018175
2013-04-12,11022175
2013-04-13,11026500
2013-04-14,11030675
2013-04-15,11034500
2013-04-16,11038600
2013-04-17,11043025
2013-04-18,11047300
2013-04-19,11050975
2013-04-20,11054400
2013-04-21,11058250
2013-04-22,11062650
2013-04-23,11066475
2013-04-24,11070675
2013-04-25,11074725
2013-04-26,11079025
2013-04-27,11083300
2013-04-28,11086975
2013-04-29,11091400
2013-04-30,11095750
2013-05-01,11099475
2013-05-02,11103250
2013-05-03,11106600
2013-05-04,11110025
2013-05-05,11114000
2013-05-06,11118125
2013-05-07,11122275
2013-05-08,11126475
2013-05-09,11130600
2013-05-10,11134700
2013-05-11,11139000
2013-05-12,11143550
2013-05-13,11147750
2013-05-14,11152100
2013-05-15,11155950
2013-05-16,11159475
2013-05-17,11163175
2013-05-18,11167200
2013-05-19,11170925
2013-05-20,11174825
2013-05-21,11178050
2013-05-22,11181825
2013-05-23,11185725
2013-05-24,11190075
2013-05-25,11194300
2013-05-26,11198425
2013-05-27,11202500
2013-05-28,11206900
2013-05-29,11210850
2013-05-30,11215050
2013-05-31,11219525
2013-06-01,11223900
2013-06-02,11229225
2013-06-03,11234200
2013-06-04,11239525
2013-06-05,11244850
2013-06-06,11249450
2013-06-07,11253975
2013-06-08,11258000
2013-06-09,11262525
2013-06-10,11266500
2013-06-11,11270850
2013-06-12,11275350
2013-06-13,11280425
2013-06-14,11285075
2013-06-15,11289575
2013-06-16,11293900
2013-06-17,11298525
2013-06-18,11302150
2013-06-19,11305650
2013-06-20,11309050
2013-06-21,11312900
2013-06-22,11317100
2013-06-23,11321500
2013-06-24,11325625
2013-06-25,11329375
2013-06-26,11333300
2013-06-27,11337650
2013-06-28,11341825
2013-06-29,11346050
2013-06-30,11350275
2013-07-01,11354100
2013-07-02,11358025
2013-07-03,11361850
2013-07-04,11366450
2013-07-05,11370575
2013-07-06,11375225
2013-07-07,11379900
2013-07-08,11384550
2013-07-09,11389350
2013-07-10,11393975
2013-07-11,11398850
2013-07-12,11403200
2013-07-13,11407050
2013-07-14,11410975
2013-07-15,11415275
2013-07-16,11419375
2013-07-17,11423475
2013-07-18,11428075
2013-07-19,11432100
2013-07-20,11436375
2013-07-21,11441025
2013-07-22,11446000
2013-07-23,11450125
2013-07-24,11453650
2013-07-25,11457625
2013-07-26,11461275
2013-07-27,11465375
2013-07-28,11469900
2013-07-29,11474100
2013-07-30,11478550
2013-07-31,11483475
2013-08-01,11488225
2013-08-02,11492650
2013-08-03,11497450
2013-08-04,11501700
2013-08-05,11506175
2013-08-06,11510900
2013-08-07,11515650
2013-08-08,11520300
2013-08-09,11525425
2013-08-10,11530300
2013-08-11,11535550
2013-08-12,11540950
2013-08-13,11546350
2013-08-14,11550925
2013-08-15,11555125
2013-08-16,11559375
2013-08-17,11563575
2013-08-18,11568325
2013-08-19,11573175
2013-08-20,11577600
2013-08-21,11582350
2013-08-22,11587250
2013-08-23,11592650
2013-08-24,11597550
2013-08-25,11602125
2013-08-26,11605900
2013-08-27,11610050
2013-08-28,11614275
2013-08-29,11618725
2013-08-30,11623450
2013-08-31,11628575
2013-09-01,11634150
2013-09-02,11639675
2013-09-03,11645050
2013-09-04,11649900
2013-09-05,11653975
2013-09-06,11658450
2013-09-07,11663075
2013-09-08,11666700
2013-09-09,11670625
2013-09-10,11675700
2013-09-11,11680475
2013-09-12,11685475
2013-09-13,11690800
2013-09-14,11695900
2013-09-15,11701350
2013-09-16,11705875
2013-09-17,11709725
2013-09-18,11714200
2013-09-19,11718325
2013-09-20,11723075
2013-09-21,11728075
2013-09-22,11732800
2013-09-23,11737875
2013-09-24,11743125
2013-09-25,11748425
2013-09-26,11753575
2013-09-27,11757625
2013-09-28,11762075
2013-09-29,11766500
2013-09-30,11770750
2013-10-01,11774825
2013-10-02,11779500
2013-10-03,11784275
2013-10-04,11789250
2013-10-05,11793750
2013-10-06,11799225
2013-10-07,11803850
2013-10-08,11807750
2013-10-09,11811800
2013-10-10,11816250
2013-10-11,11821050
2013-10-12,11825675
2013-10-13,11831025
2013-10-14,11836550
2013-10-15,11842800
2013-10-16,11849300
2013-10-17,11854550
2013-10-18,11858725
2013-10-19,11863525
2013-10-20,11869100
2013-10-21,11874075
2013-10-22,11879350
2013-10-23,11885475
2013-10-24,11891000
2013-10-25,11896375
2013-10-26,11902250
2013-10-27,11906800
2013-10-28,11911275
2013-10-29,11915650
2013-10-30,11919650
2013-10-31,11924525
2013-11-01,11929800
2013-11-02,11935000
2013-11-03,11940050
2013-11-04,11944850
2013-11-05,11949725
2013-11-06,11954075
2013-11-07,11958150
2013-11-08,11961750
2013-11-09,11965100
2013-11-10,11968800
2013-11-11,11973075
2013-11-12,11977750
2013-11-13,11982775
2013-11-14,11986975
2013-11-15,11991550
2013-11-16,11995700
2013-11-17,12000550
2013-11-18,12005200
2013-11-19,12009100
2013-11-20,12013125
2013-11-21,12017225
2013-11-22,12020975
2013-11-23,12025275
2013-11-24,12029525
2013-11-25,12033725
2013-11-26,12038050
2013-11-27,12042025
2013-11-28,12046350
2013-11-29,12050875
2013-11-30,12055200
2013-12-01,12059600
2013-12-02,12064475
2013-12-03,12068450
2013-12-04,12073450
2013-12-05,12077725
2013-12-06,12081975
2013-12-07,12087175
2013-12-08,12092050
2013-12-09,12096925
2013-12-10,12101325
2013-12-11,12106125
2013-12-12,12110250
2013-12-13,12114325
2013-12-14,12118675
2013-12-15,12123625
2013-12-16,12128050
2013-12-17,12133075
2013-12-18,12138150
2013-12-19,12143125
2013-12-20,12148775
2013-12-21,12153225
2013-12-22,12157250
2013-12-23,12161475
2013-12-24,12165750
2013-12-25,12169975
2013-12-26,12174025
2013-12-27,12178525
2013-12-28,12183125
2013-12-29,12186875
2013-12-30,12191075
2013-12-31,12195400
2014-01-01,12200000
2014-01-02,12205125
2014-01-03,12208475
2014-01-04,12212500
2014-01-05,12216025
2014-01-06,12220850
2014-01-07,12225500
2014-01-08,12229925
2014-01-09,12234750
2014-01-10,12239925
2014-01-11,12244600
2014-01-12,12249850
2014-01-13,12255025
2014-01-14,12259250
2014-01-15,12263300
2014-01-16,12267900
2014-01-17,12272525
2014-01-18,12276325
2014-01-19,12280675
2014-01-20,12284900
2014-01-21,12289775
2014-01-22,12293925
2014-01-23,12298725
2014-01-24,12303150
2014-01-25,12307875
2014-01-26,12312000
2014-01-27,12315800
2014-01-28,12320150
2014-01-29,12324000
2014-01-30,12327800
2014-01-31,12332200
2014-02-01,12336800
2014-02-02,12341525
2014-02-03,12346175
2014-02-04,12350700
2014-02-05,12355000
2014-02-06,12359200
2014-02-07,12363750
2014-02-08,12367625
2014-02-09,12372175
2014-02-10,12375625
2014-02-11,12379525
2014-02-12,12383625
2014-02-13,12388075
2014-02-14,12392525
2014-02-15,12397300
2014-02-16,12401975
2014-02-17,12406850
2014-02-18,12410725
2014-02-19,12414800
2014-02-20,12419800
2014-02-21,12424225
2014-02-22,12428025
2014-02-23,12432525
2014-02-24,12436725
2014-02-25,12441500
2014-02-26,12445525
2014-02-27,12450125
2014-02-28,12454825
2014-03-01,12459350
2014-03-02,12462950
2014-03-03,12466450
2014-03-04,12470150
2014-03-05,12473875
2014-03-06,12477775
2014-03-07,12482100
2014-03-08,12486250
2014-03-09,12490450
2014-03-10,12494925
2014-03-11,12498650
2014-03-12,12502850
2014-03-13,12507400
2014-03-14,12511450
2014-03-15,12514775
2014-03-16,12518900
2014-03-17,12523175
2014-03-18,12527200
2014-03-19,12530850
2014-03-20,12534850
2014-03-21,12539275
2014-03-22,12543925
2014-03-23,12548175
2014-03-24,12553525
2014-03-25,12558225
2014-03-26,12562150
2014-03-27,12566125
2014-03-28,12570450
2014-03-29,12574800
2014-03-30,12579175
2014-03-31,12582675
2014-04-01,12587175
2014-04-02,12591450
2014-04-03,12596375
2014-04-04,12601475
2014-04-05,12606350
2014-04-06,12610625
2014-04-07,12614400
2014-04-08,12618175
2014-04-09,12621525
2014-04-10,12625550
2014-04-11,12629425
2014-04-12,12633650
2014-04-13,12637675
2014-04-14,12642350
2014-04-15,12647175
2014-04-16,12651725
2014-04-17,12655700
2014-04-18,12659925
2014-04-19,12663925
2014-04-20,12667900
2014-04-21,12672350
2014-04-22,12676625
2014-04-23,12680475
2014-04-24,12684600
2014-04-25,12688375
2014-04-26,12692925
2014-04-27,12697000
2014-04-28,12701425
2014-04-29,12705225
2014-04-30,12709500
2014-05-01,12712925
2014-05-02,12717325
2014-05-03,12721350
2014-05-04,12724900
2014-05-05,12728675
2014-05-06,12731800
2014-05-07,12736650
2014-05-08,12740625
2014-05-09,12744800
2014-05-10,12749050
2014-05-11,12753525
2014-05-12,12757325
2014-05-13,12761425
2014-05-14,12765475
2014-05-15,12769225
2014-05-16,12773525
2014-05-17,12778025
2014-05-18,12782350
2014-05-19,12786650
2014-05-20,12790850
2014-05-21,12795275
2014-05-22,12799650
2014-05-23,12803950
2014-05-24,12808075
2014-05-25,12811925
2014-05-26,12815950
2014-05-27,12819900
2014-05-28,12823300
2014-05-29,12827525
2014-05-30,12831050
2014-05-31,12835225
2014-06-01,12838900
2014-06-02,12843275
2014-06-03,12848100
2014-06-04,12852550
2014-06-05,12857075
2014-06-06,12860875
2014-06-07,12864350
2014-06-08,12868225
2014-06-09,12871625
2014-06-10,12875525
2014-06-11,12879700
2014-06-12,12883350
2014-06-13,12887650
2014-06-14,12891725
2014-06-15,12896175
2014-06-16,12900925
2014-06-17,12905625
2014-06-18,12910225
2014-06-19,12914175
2014-06-20,12918350
2014-06-21,12923000
2014-06-22,12927650
2014-06-23,12932150
2014-06-24,12936550
2014-06-25,12941250
2014-06-26,12945925
2014-06-27,12950200
2014-06-28,12955125
2014-06-29,12959675
2014-06-30,12963600
2014-07-01,12966900
2014-07-02,12970225
2014-07-03,12973650
2014-07-04,12977125
2014-07-05,12981275
2014-07-06,12985075
2014-07-07,12988625
2014-07-08,12992375
2014-07-09,12996125
2014-07-10,13000275
2014-07-11,13004000
2014-07-12,13007900
2014-07-13,13011825
2014-07-14,13015825
2014-07-15,13019200
2014-07-16,13023175
2014-07-17,13026775
2014-07-18,13031075
2014-07-19,13035375
2014-07-20,13039800
2014-07-21,13043675
2014-07-22,13047550
2014-07-23,13051100
2014-07-24,13054750
2014-07-25,13058325
2014-07-26,13062400
2014-07-27,13065750
2014-07-28,13069575
2014-07-29,13073325
2014-07-30,13077050
2014-07-31,13081350
2014-08-01,13085200
2014-08-02,13089125
2014-08-03,13093200
2014-08-04,13097050
2014-08-05,13100250
2014-08-06,13103625
2014-08-07,13107725
2014-08-08,13111725
2014-08-09,13115675
2014-08-10,13120225
2014-08-11,13124650
2014-08-12,13129200
2014-08-13,13133550
2014-08-14,13137175
2014-08-15,13141675
2014-08-16,13145800
2014-08-17,13149750
2014-08-18,13154000
2014-08-19,13158950
2014-08-20,13163600
2014-08-21,13167825
2014-08-22,13171950
2014-08-23,13175875
2014-08-24,13179925
2014-08-25,13183575
2014-08-26,13187000
2014-08-27,13191325
2014-08-28,13195550
2014-08-29,13199875
2014-08-30,13204125
2014-08-31,13208675
2014-09-01,13213375
2014-09-02,13216775
2014-09-03,13220450
2014-09-04,13224675
2014-09-05,13228625
2014-09-06,13232250
2014-09-07,13236725
2014-09-08,13240600
2014-09-09,13244200
2014-09-10,13247850
2014-09-11,13251775
2014-09-12,13256025
2014-09-13,13259875
2014-09-14,13264400
2014-09-15,13268350
2014-09-16,13272300
2014-09-17,13276575
2014-09-18,13281225
2014-09-19,13285700
2014-09-20,13289975
2014-09-21,13294375
2014-09-22,13298500
2014-09-23,13302675
2014-09-24,13306425
2014-09-25,13310325
2014-09-26,13314625
2014-09-27,13317975
2014-09-28,13321325
2014-09-29,13324575
2014-09-30,13328000
2014-10-01,13331825
2014-10-02,13335700
2014-10-03,13339150
2014-10-04,13342800
2014-10-05,13346650
2014-10-06,13350875
2014-10-07,13354900
2014-10-08,13358250
2014-10-09,13361850
2014-10-10,13365550
2014-10-11,13369425
2014-10-12,13373025
2014-10-13,13376725
2014-10-14,13380600
2014-10-15,13383900
2014-10-16,13387675
2014-10-17,13391375
2014-10-18,13394925
2014-10-19,13399025
2014-10-20,13402350
2014-10-21,13405775
2014-10-22,13409600
2014-10-23,13413575
2014-10-24,13417350
2014-10-25,13421325
2014-10-26,13425200
2014-10-27,13428325
2014-10-28,13432300
2014-10-29,13435750
2014-10-30,13439625
2014-10-31,13443875
2014-11-01,13448575
2014-11-02,13452550
2014-11-03,13456425
2014-11-04,13460650
2014-11-05,13464700
2014-11-06,13468150
2014-11-07,13472000
2014-11-08,13475750
2014-11-09,13479575
2014-11-10,13483325
2014-11-11,13487000
2014-11-12,13490225
2014-11-13,13493900
2014-11-14,13497525
2014-11-15,13501375
2014-11-16,13504875
2014-11-17,13508625
2014-11-18,13512225
2014-11-19,13516075
2014-11-20,13519600
2014-11-21,13523050
2014-11-22,13526225
2014-11-23,13530075
2014-11-24,13533625
2014-11-25,13537300
2014-11-26,13540600
2014-11-27,13544025
2014-11-28,13547550
2014-11-29,13551250
2014-11-30,13555175
2014-12-01,13559175
2014-12-02,13562425
2014-12-03,13566175
2014-12-04,13569075
2014-12-05,13572725
2014-12-06,13576625
2014-12-07,13580050
2014-12-08,13583200
2014-12-09,13587275
2014-12-10,13590825
2014-12-11,13594400
2014-12-12,13598100
2014-12-13,13601625
2014-12-14,13605275
2014-12-15,13608800
2014-12-16,13612325
2014-12-17,13615900
2014-12-18,13619100
2014-12-19,13622325
2014-12-20,13625750
2014-12-21,13629100
2014-12-22,13632400
2014-12-23,13636500
2014-12-24,13640250
2014-12-25,13644075
2014-12-26,13648025
2014-12-27,13651825
2014-12-28,13655625
2014-12-29,13659850
2014-12-30,13663950
2014-12-31,13667825
2015-01-01,13671625
2015-01-02,13675750
2015-01-03,13679875
2015-01-04,13683925
2015-01-05,13688225
2015-01-06,13692125
2015-01-07,13696075
2015-01-08,13699575
2015-01-09,13703250
2015-01-10,13706750
2015-01-11,13710425
2015-01-12,13714300
2015-01-13,13717850
2015-01-14,13721025
2015-01-15,13724650
2015-01-16,13728425
2015-01-17,13731900
2015-01-18,13735350
2015-01-19,13739175
2015-01-20,13742775
2015-01-21,13745725
2015-01-22,13749450
2015-01-23,13752825
2015-01-24,13755925
2015-01-25,13759075
2015-01-26,13762200
2015-01-27,13765375
2015-01-28,13769100
2015-01-29,13773200
2015-01-30,13777300
2015-01-31,13780750
2015-02-01,13784900
2015-02-02,13788775
2015-02-03,13792750
2015-02-04,13795925
2015-02-05,13799900
2015-02-06,13803875
2015-02-07,13808300
2015-02-08,13812275
2015-02-09,13815575
2015-02-10,13819600
2015-02-11,13823200
2015-02-12,13827150
2015-02-13,13830125
2015-02-14,13833775
2015-02-15,13837775
2015-02-16,13841275
2015-02-17,13845200
2015-02-18,13848925
2015-02-19,13853100
2015-02-20,13857250
2015-02-21,13861200
2015-02-22,13864750
2015-02-23,13868525
2015-02-24,13872075
2015-02-25,13875300
2015-02-26,13879275
2015-02-27,13883025
2015-02-28,13886825
2015-03-01,13890375
2015-03-02,13893875
2015-03-03,13897825
2015-03-04,13901775
2015-03-05,13905275
2015-03-06,13908575
2015-03-07,13912275
2015-03-08,13915775
2015-03-09,13919675
2015-03-10,13923275
2015-03-11,13927075
2015-03-12,13930925
2015-03-13,13934200
2015-03-14,13937850
2015-03-15,13941125
2015-03-16,13944700
2015-03-17,13948175
2015-03-18,13951375
2015-03-19,13955200
2015-03-20,13958650
2015-03-21,13962025
2015-03-22,13965800
2015-03-23,13969350
2015-03-24,13972975
2015-03-25,13977300
2015-03-26,13981350
2015-03-27,13985050
2015-03-28,13989325
2015-03-29,13993025
2015-03-30,13996850
2015-03-31,14000400
2015-04-01,14004150
2015-04-02,14007450
2015-04-03,14011600
2015-04-04,14015250
2015-04-05,14019075
2015-04-06,14022775
2015-04-07,14025925
2015-04-08,14029725
2015-04-09,14032850
2015-04-10,14036175
2015-04-11,14039975
2015-04-12,14043475
2015-04-13,14046675
2015-04-14,14050575
2015-04-15,14054300
2015-04-16,14057350
2015-04-17,14060800
2015-04-18,14063950
2015-04-19,14067600
2015-04-20,14071225
2015-04-21,14075075
2015-04-22,14078900
2015-04-23,14082700
2015-04-24,14085950
2015-04-25,14089050
2015-04-26,14093125
2015-04-27,14096725
2015-04-28,14100150
2015-04-29,14103975
2015-04-30,14107150
2015-05-01,14110500
2015-05-02,14114200
2015-05-03,14117875
2015-05-04,14121400
2015-05-05,14124600
2015-05-06,14128450
2015-05-07,14132475
2015-05-08,14136000
2015-05-09,14139750
2015-05-10,14142975
2015-05-11,14146200
2015-05-12,14150150
2015-05-13,14153900
2015-05-14,14157950
2015-05-15,14161800
2015-05-16,14165475
2015-05-17,14168775
2015-05-18,14173050
2015-05-19,14176650
2015-05-20,14179900
2015-05-21,14183525
2015-05-22,14187400
2015-05-23,14190850
2015-05-24,14193650
2015-05-25,14197300
2015-05-26,14200825
2015-05-27,14204425
2015-05-28,14207875
2015-05-29,14211175
2015-05-30,14215025
2015-05-31,14218425
2015-06-01,14222125
2015-06-02,14225425
2015-06-03,14229175
2015-06-04,14232725
2015-06-05,14236250
2015-06-06,14239700
2015-06-07,14244150
2015-06-08,14247875
2015-06-09,14251800
2015-06-10,14255575
2015-06-11,14259800
2015-06-12,14263175
2015-06-13,14266725
2015-06-14,14270700
2015-06-15,14274400
2015-06-16,14278000
2015-06-17,14280950
2015-06-18,14284900
2015-06-19,14288800
2015-06-20,14292475
2015-06-21,14295825
2015-06-22,14298925
2015-06-23,14302750
2015-06-24,14306250
2015-06-25,14310150
2015-06-26,14313950
2015-06-27,14317800
2015-06-28,14321025
2015-06-29,14324550
2015-06-30,14328050
2015-07-01,14331675
2015-07-02,14335050
2015-07-03,14338900
2015-07-04,14342925
2015-07-05,14346725
2015-07-06,14350275
2015-07-07,14354800
2015-07-08,14358150
2015-07-09,14362175
2015-07-10,14365500
2015-07-11,14369350
2015-07-12,14373050
2015-07-13,14376425
2015-07-14,14380125
2015-07-15,14383725
2015-07-16,14387550
2015-07-17,14390900
2015-07-18,14394575
2015-07-19,14398300
2015-07-20,14402100
2015-07-21,14406000
2015-07-22,14409175
2015-07-23,14413025
2015-07-24,14416525
2015-07-25,14420750
2015-07-26,14424600
2015-07-27,14428200
2015-07-28,14431925
2015-07-29,14435325
2015-07-30,14439150
2015-07-31,14442475
2015-08-01,14446250
2015-08-02,14450125
2015-08-03,14453900
2015-08-04,14457825
2015-08-05,14461225
2015-08-06,14464550
2015-08-07,14468125
2015-08-08,14471550
2015-08-09,14475575
2015-08-10,14479125
2015-08-11,14483300
2015-08-12,14487350
2015-08-13,14490500
2015-08-14,14494175
2015-08-15,14497725
2015-08-16,14501150
2015-08-17,14504600
2015-08-18,14508275
2015-08-19,14511800
2015-08-20,14515700
2015-08-21,14519450
2015-08-22,14523575
2015-08-23,14527525
2015-08-24,14530875
2015-08-25,14534750
2015-08-26,14538125
2015-08-27,14542150
2015-08-28,14545575
2015-08-29,14549450
2015-08-30,14553450
2015-08-31,14557200
2015-09-01,14561125
2015-09-02,14564975
2015-09-03,14568975
2015-09-04,14572625
2015-09-05,14576525
2015-09-06,14580200
2015-09-07,14583800
2015-09-08,14587600
2015-09-09,14591000
2015-09-10,14594725
2015-09-11,14599000
2015-09-12,14602950
2015-09-13,14606325
2015-09-14,14610100
2015-09-15,14613900
2015-09-16,14617900
2015-09-17,14621450
2015-09-18,14625050
2015-09-19,14628725
2015-09-20,14631850
2015-09-21,14635050
2015-09-22,14638350
2015-09-23,14642275
2015-09-24,14646225
2015-09-25,14649725
2015-09-26,14653825
2015-09-27,14657500
2015-09-28,14661225
2015-09-29,14664800
2015-09-30,14669150
2015-10-01,14672850
2015-10-02,14676575
2015-10-03,14680025
2015-10-04,14683650
2015-10-05,14687475
2015-10-06,14691300
2015-10-07,14694850
2015-10-08,14698175
2015-10-09,14701675
2015-10-10,14704825
2015-10-11,14708825
2015-10-12,14712475
2015-10-13,14716025
2015-10-14,14719450
2015-10-15,14723250
2015-10-16,14727400
2015-10-17,14731000
2015-10-18,14734400
2015-10-19,14738025
2015-10-20,14742150
2015-10-21,14745350
2015-10-22,14748950
2015-10-23,14752650
2015-10-24,14756375
2015-10-25,14760000
2015-10-26,14763875
2015-10-27,14767975
2015-10-28,14771650
2015-10-29,14775125
2015-10-30,14778900
2015-10-31,14783175
2015-11-01,14786850
2015-11-02,14790675
2015-11-03,14794500
2015-11-04,14798375
2015-11-05,14802250
2015-11-06,14805900
2015-11-07,14809525
2015-11-08,14813325
2015-11-09,14816800
2015-11-10,14820525
2015-11-11,14824175
2015-11-12,14828375
2015-11-13,14832400
2015-11-14,14836400
2015-11-15,14839950
2015-11-16,14843950
2015-11-17,14848275
2015-11-18,14852000
2015-11-19,14855825
2015-11-20,14859225
2015-11-21,14863400
2015-11-22,14867750
2015-11-23,14872050
2015-11-24,14876125
2015-11-25,14880025
2015-11-26,14883725
2015-11-27,14888125
2015-11-28,14891450
2015-11-29,14895300
2015-11-30,14899025
2015-12-01,14903075
2015-12-02,14907250
2015-12-03,14911275
2015-12-04,14914825
2015-12-05,14918650
2015-12-06,14923025
2015-12-07,14927000
2015-12-08,14930675
2015-12-09,14935050
2015-12-10,14939250
2015-12-11,14944650
2015-12-12,14948650
2015-12-13,14952700
2015-12-14,14956250
2015-12-15,14961125
2015-12-16,14965700
2015-12-17,14969775
2015-12-18,14973650
2015-12-19,14977875
2015-12-20,14981800
2015-12-21,14985925
2015-12-22,14989650
2015-12-23,14993400
2015-12-24,14997325
2015-12-25,15000775
2015-12-26,15004825
2015-12-27,15009100
2015-12-28,15014225
2015-12-29,15018000
2015-12-30,15021975
2015-12-31,15026100
2016-01-01,15029650
2016-01-02,15033025
2016-01-03,15036650
2016-01-04,15040275
2016-01-05,15044800
2016-01-06,15048725
2016-01-07,15052250
2016-01-08,15055925
2016-01-09,15060250
2016-01-10,15064025
2016-01-11,15068400
2016-01-12,15072650
2016-01-13,15076900
2016-01-14,15080600
2016-01-15,15083925
2016-01-16,15086975
2016-01-17,15090525
2016-01-18,15094300
2016-01-19,15098625
2016-01-20,15101950
2016-01-21,15105750
2016-01-22,15109175
2016-01-23,15113575
2016-01-24,15118050
2016-01-25,15122325
2016-01-26,15126375
2016-01-27,15130375
2016-01-28,15134250
2016-01-29,15137900
2016-01-30,15142125
2016-01-31,15146800
2016-02-01,15151325
2016-02-02,15155350
2016-02-03,15159850
2016-02-04,15164325
2016-02-05,15168525
2016-02-06,15173225
2016-02-07,15178225
2016-02-08,15182625
2016-02-09,15186325
2016-02-10,15190725
2016-02-11,15194825
2016-02-12,15199625
2016-02-13,15203900
2016-02-14,15207800
2016-02-15,15211950
2016-02-16,15215750
2016-02-17,15219200
2016-02-18,15223075
2016-02-19,15227300
2016-02-20,15230925
2016-02-21,15234675
2016-02-22,15237875
2016-02-23,15241050
2016-02-24,15244450
2016-02-25,15247400
2016-02-26,15251275
2016-02-27,15254775
2016-02-28,15258450
2016-02-29,15261800
2016-03-01,15265125
2016-03-02,15268650
2016-03-03,15272575
2016-03-04,15275950
2016-03-05,15279825
2016-03-06,15283575
2016-03-07,15287275
2016-03-08,15290600
2016-03-09,15294450
2016-03-10,15298650
2016-03-11,15302525
2016-03-12,15306525
2016-03-13,15310125
2016-03-14,15313450
2016-03-15,15317250
2016-03-16,15321275
2016-03-17,15325075
2016-03-18,15328600
2016-03-19,15332000
2016-03-20,15335400
2016-03-21,15339050
2016-03-22,15342525
2016-03-23,15346225
2016-03-24,15349950
2016-03-25,15353625
2016-03-26,15357275
2016-03-27,15361100
2016-03-28,15364625
2016-03-29,15368875
2016-03-30,15372800
2016-03-31,15376475
2016-04-01,15379575
2016-04-02,15383400
2016-04-03,15386875
2016-04-04,15390425
2016-04-05,15394575
2016-04-06,15398450
2016-04-07,15402375
2016-04-08,15405850
2016-04-09,15409450
2016-04-10,15413500
2016-04-11,15417825
2016-04-12,15421650
2016-04-13,15425350
2016-04-14,15429450
2016-04-15,15433550
2016-04-16,15437025
2016-04-17,15440475
2016-04-18,15444425
2016-04-19,15447775
2016-04-20,15451525
2016-04-21,15455650
2016-04-22,15459425
2016-04-23,15463000
2016-04-24,15466600
2016-04-25,15469900
2016-04-26,15473075
2016-04-27,15476850
2016-04-28,15480075
2016-04-29,15483450
2016-04-30,15487400
2016-05-01,15491050
2016-05-02,15494925
2016-05-03,15498850
2016-05-04,15502625
2016-05-05,15506800
2016-05-06,15510675
2016-05-07,15514725
2016-05-08,15518475
2016-05-09,15522675
2016-05-10,15526950
2016-05-11,15530900
2016-05-12,15534225
2016-05-13,15537700
2016-05-14,15541500
2016-05-15,15545100
2016-05-16,15548575
2016-05-17,15552100
2016-05-18,15555625
2016-05-19,15559450
2016-05-20,15562450
2016-05-21,15566175
2016-05-22,15569700
2016-05-23,15574300
2016-05-24,15578800
2016-05-25,15582475
2016-05-26,15585925
2016-05-27,15589300
2016-05-28,15592775
2016-05-29,15596100
2016-05-30,15599775
2016-05-31,15603375
2016-06-01,15606550
2016-06-02,15610125
2016-06-03,15613575
2016-06-04,15617125
2016-06-05,15620100
2016-06-06,15624350
2016-06-07,15628600
2016-06-08,15632100
2016-06-09,15635700
2016-06-10,15639825
2016-06-11,15643425
2016-06-12,15647325
2016-06-13,15650975
2016-06-14,15655000
2016-06-15,15658300
2016-06-16,15662100
2016-06-17,15665825
2016-06-18,15669550
2016-06-19,15673500
2016-06-20,15677925
2016-06-21,15682025
2016-06-22,15685750
2016-06-23,15688975
2016-06-24,15692475
2016-06-25,15695700
2016-06-26,15699750
2016-06-27,15703400
2016-06-28,15707075
2016-06-29,15710775
2016-06-30,15714425
2016-07-01,15718175
2016-07-02,15722050
2016-07-03,15725775
2016-07-04,15729625
2016-07-05,15733400
2016-07-06,15737025
2016-07-07,15740525
2016-07-08,15743950
2016-07-09,15747575
2016-07-10,15750650
2016-07-11,15752600
2016-07-12,15754387.5
2016-07-13,15756175
2016-07-14,15757787.5
2016-07-15,15759550
2016-07-16,15761237.5
2016-07-17,15763200
2016-07-18,15765062.5
2016-07-19,15766912.5
2016-07-20,15768512.5
2016-07-21,15770387.5
2016-07-22,15772050
2016-07-23,15773662.5
2016-07-24,15775300
2016-07-25,15776850
2016-07-26,15778487.5
2016-07-27,15780100
2016-07-28,15781700
2016-07-29,15783400
2016-07-30,15785237.5
2016-07-31,15786725
2016-08-01,15788650
2016-08-02,15790562.5
2016-08-03,15792487.5
2016-08-04,15794562.5
2016-08-05,15796475
2016-08-06,15798587.5
2016-08-07,15800662.5
2016-08-08,15802512.5
2016-08-09,15804362.5
2016-08-10,15805912.5
2016-08-11,15807800
2016-08-12,15809675
2016-08-13,15811537.5
2016-08-14,15813575
2016-08-15,15815612.5
2016-08-16,15817437.5
2016-08-17,15819125
2016-08-18,15820662.5
2016-08-19,15822587.5
2016-08-20,15824512.5
2016-08-21,15826450
2016-08-22,15828487.5
2016-08-23,15830462.5
2016-08-24,15832300
2016-08-25,15834200
2016-08-26,15835825
2016-08-27,15837475
2016-08-28,15839275
2016-08-29,15841175
2016-08-30,15843037.5
2016-08-31,15845087.5
2016-09-01,15846762.5
2016-09-02,15848512.5
2016-09-03,15850425
2016-09-04,15852000
2016-09-05,15854237.5
2016-09-06,15855987.5
2016-09-07,15857687.5
2016-09-08,15859587.5
2016-09-09,15861387.5
2016-09-10,15863162.5
2016-09-11,15865100
2016-09-12,15867150
2016-09-13,15869187.5
2016-09-14,15871250
2016-09-15,15873200
2016-09-16,15875125
2016-09-17,15876862.5
2016-09-18,15878900
2016-09-19,15880712.5
2016-09-20,15882375
2016-09-21,15884262.5
2016-09-22,15886337.5
2016-09-23,15888100
2016-09-24,15889800
2016-09-25,15891875
2016-09-26,15894187.5
2016-09-27,15896100
2016-09-28,15898187.5
2016-09-29,15900037.5
2016-09-30,15901825
2016-10-01,15903600
2016-10-02,15905562.5
2016-10-03,15907325
2016-10-04,15909212.5
2016-10-05,15911187.5
2016-10-06,15913275
2016-10-07,15915287.5
2016-10-08,15917075
2016-10-09,15919187.5
2016-10-10,15921187.5
2016-10-11,15922737.5
2016-10-12,15924475
2016-10-13,15926275
2016-10-14,15927875
2016-10-15,15929575
2016-10-16,15931350
2016-10-17,15932975
2016-10-18,15934537.5
2016-10-19,15936475
2016-10-20,15938037.5
2016-10-21,15939712.5
2016-10-22,15941762.5
2016-10-23,15943625
2016-10-24,15945425
2016-10-25,15947212.5
2016-10-26,15948950
2016-10-27,15950675
2016-10-28,15952700
2016-10-29,15954600
2016-10-30,15956462.5
2016-10-31,15958562.5
2016-11-01,15960400
2016-11-02,15962200
2016-11-03,15963862.5
2016-11-04,15965800
2016-11-05,15967250
2016-11-06,15969087.5
2016-11-07,15971000
2016-11-08,15972825
2016-11-09,15974937.5
2016-11-10,15976775
2016-11-11,15978875
2016-11-12,15980912.5
2016-11-13,15983012.5
2016-11-14,15984787.5
2016-11-15,15986937.5
2016-11-16,15988887.5
2016-11-17,15991025
2016-11-18,15993012.5
2016-11-19,15994862.5
2016-11-20,15996637.5
2016-11-21,15998237.5
2016-11-22,15999975
2016-11-23,16001650
2016-11-24,16003487.5
2016-11-25,16005512.5
2016-11-26,16007412.5
2016-11-27,16009325
2016-11-28,16011125
2016-11-29,16013175
2016-11-30,16015037.5
2016-12-01,16016812.5
2016-12-02,16018637.5
2016-12-03,16020425
2016-12-04,16022575
2016-12-05,16024425
2016-12-06,16026325
2016-12-07,16028200
2016-12-08,16030375
2016-12-09,16032337.5
2016-12-10,16034025
2016-12-11,16035675
2016-12-12,16038012.5
2016-12-13,16039962.5
2016-12-14,16042187.5
2016-12-15,16043925
2016-12-16,16045512.5
2016-12-17,16047175
2016-12-18,16048975
2016-12-19,16050737.5
2016-12-20,16052625
2016-12-21,16054350
2016-12-22,16056337.5
2016-12-23,16058325
2016-12-24,16060225
2016-12-25,16061937.5
2016-12-26,16064000
2016-12-27,16065775
2016-12-28,16067725
2016-12-29,16069775
2016-12-30,16071650
2016-12-31,16073612.5
2017-01-01,16075462.5
2017-01-02,16077412.5
2017-01-03,16079400
2017-01-04,16081450
2017-01-05,16083362.5
2017-01-06,16085112.5
2017-01-07,16087125
2017-01-08,16088850
2017-01-09,16090937.5
2017-01-10,16092637.5
2017-01-11,16094637.5
2017-01-12,16096550
2017-01-13,16098700
2017-01-14,16100575
2017-01-15,16102725
2017-01-16,16104812.5
2017-01-17,16106925
2017-01-18,16108900
2017-01-19,16110775
2017-01-20,16112950
2017-01-21,16115312.5
2017-01-22,16117575
2017-01-23,16119750
2017-01-24,16121475
2017-01-25,16123337.5
2017-01-26,16125200
2017-01-27,16127137.5
2017-01-28,16129262.5
2017-01-29,16131162.5
2017-01-30,16133250
2017-01-31,16135050
2017-02-01,16136862.5
2017-02-02,16139262.5
2017-02-03,16141225
2017-02-04,16143087.5
2017-02-05,16144887.5
2017-02-06,16146875
2017-02-07,16148437.5
2017-02-08,16150325
2017-02-09,16152150
2017-02-10,16154262.5
2017-02-11,16156100
2017-02-12,16157837.5
2017-02-13,16159587.5
2017-02-14,16161625
2017-02-15,16163737.5
2017-02-16,16165475
2017-02-17,16167362.5
2017-02-18,16169250
2017-02-19,16171137.5
2017-02-20,16172812.5
2017-02-21,16174662.5
2017-02-22,16176387.5
2017-02-23,16178112.5
2017-02-24,16179987.5
2017-02-25,16182025
2017-02-26,16184112.5
2017-02-27,16186337.5
2017-02-28,16188137.5
2017-03-01,16190050
2017-03-02,16191850
2017-03-03,16193812.5
2017-03-04,16195700
2017-03-05,16197350
2017-03-06,16199187.5
2017-03-07,16200962.5
2017-03-08,16202875
2017-03-09,16204650
2017-03-10,16206500
2017-03-11,16208450
2017-03-12,16210312.5
2017-03-13,16212250
2017-03-14,16214062.5
2017-03-15,16216012.5
2017-03-16,16217787.5
2017-03-17,16219700
2017-03-18,16221625
2017-03-19,16223587.5
2017-03-20,16225650
2017-03-21,16227350
2017-03-22,16229125
2017-03-23,16231112.5
2017-03-24,16232962.5
2017-03-25,16235162.5
2017-03-26,16236837.5
2017-03-27,16238900
2017-03-28,16240550
2017-03-29,16242487.5
2017-03-30,16244212.5
2017-03-31,16246262.5
2017-04-01,16247950
2017-04-02,16249600
2017-04-03,16251575
2017-04-04,16253775
2017-04-05,16255337.5
2017-04-06,16257362.5
2017-04-07,16259200
2017-04-08,16261225
2017-04-09,16262937.5
2017-04-10,16264925
2017-04-11,16266762.5
2017-04-12,16268850
2017-04-13,16270625
2017-04-14,16272212.5
2017-04-15,16273950
2017-04-16,16275825
2017-04-17,16277650
2017-04-18,16279375
2017-04-19,16281200
2017-04-20,16282987.5
2017-04-21,16284712.5
2017-04-22,16286800
2017-04-23,16288612.5
2017-04-24,16290525
2017-04-25,16292075
2017-04-26,16293925
2017-04-27,16295837.5
2017-04-28,16297675
2017-04-29,16299375
2017-04-30,16301537.5
2017-05-01,16303425
2017-05-02,16305300
2017-05-03,16307275
2017-05-04,16308925
2017-05-05,16311025
2017-05-06,16312637.5
2017-05-07,16314737.5
2017-05-08,16316825
2017-05-09,16319075
2017-05-10,16321012.5
2017-05-11,16322862.5
2017-05-12,16324550
2017-05-13,16326475
2017-05-14,16328450
2017-05-15,16330500
2017-05-16,16332625
2017-05-17,16334275
2017-05-18,16336212.5
2017-05-19,16337987.5
2017-05-20,16340037.5
2017-05-21,16342100
2017-05-22,16343937.5
2017-05-23,16345762.5
2017-05-24,16347862.5
2017-05-25,16349787.5
2017-05-26,16351825
2017-05-27,16353737.5
2017-05-28,16355837.5
2017-05-29,16357900
2017-05-30,16359787.5
2017-05-31,16362025
2017-06-01,16364075
2017-06-02,16366200
2017-06-03,16368025
2017-06-04,16370425
2017-06-05,16372437.5
2017-06-06,16374487.5
2017-06-07,16376375
2017-06-08,16378437.5
2017-06-09,16380500
2017-06-10,16382387.5
2017-06-11,16384150
2017-06-12,16385975
2017-06-13,16387812.5
2017-06-14,16389575
2017-06-15,16391337.5
2017-06-16,16393237.5
2017-06-17,16395087.5
2017-06-18,16396900
2017-06-19,16398712.5
2017-06-20,16400612.5
2017-06-21,16402325
2017-06-22,16404075
2017-06-23,16405812.5
2017-06-24,16407812.5
2017-06-25,16409637.5
2017-06-26,16411162.5
2017-06-27,16412937.5
2017-06-28,16414575
2017-06-29,16416537.5
2017-06-30,16418037.5
2017-07-01,16419962.5
2017-07-02,16422012.5
2017-07-03,16424362.5
2017-07-04,16426487.5
2017-07-05,16428400
2017-07-06,16430262.5
2017-07-07,16432037.5
2017-07-08,16433887.5
2017-07-09,16435950
2017-07-10,16437675
2017-07-11,16440137.5
2017-07-12,16442300
2017-07-13,16444512.5
2017-07-14,16446475
2017-07-15,16448212.5
2017-07-16,16449800
2017-07-17,16451837.5
2017-07-18,16453687.5
2017-07-19,16455750
2017-07-20,16457612.5
2017-07-21,16459637.5
2017-07-22,16461562.5
2017-07-23,16463562.5
2017-07-24,16465712.5
2017-07-25,16467937.5
2017-07-26,16469787.5
2017-07-27,16471625
2017-07-28,16473550
2017-07-29,16475425
2017-07-30,16477387.5
2017-07-31,16479225
2017-08-01,16481037.5
2017-08-02,16482900
2017-08-03,16484800
2017-08-04,16486525
2017-08-05,16488762.5
2017-08-06,16490975
2017-08-07,16492725
2017-08-08,16494637.5
2017-08-09,16496687.5
2017-08-10,16498412.5
2017-08-11,16500087.5
2017-08-12,16501887.5
2017-08-13,16503575
2017-08-14,16505425
2017-08-15,16507050
2017-08-16,16508950
2017-08-17,16510575
2017-08-18,16512812.5
2017-08-19,16514675
2017-08-20,16516562.5
2017-08-21,16518187.5
2017-08-22,16519625
2017-08-23,16520737.5
2017-08-24,16522725
2017-08-25,16523987.5
2017-08-26,16525250
2017-08-27,16526562.5
2017-08-28,16528500
2017-08-29,16530112.5
2017-08-30,16531975
2017-08-31,16534075
2017-09-01,16536112.5
2017-09-02,16538287.5
2017-09-03,16540337.5
2017-09-04,16542262.5
2017-09-05,16544450
2017-09-06,16546912.5
2017-09-07,16548937.5
2017-09-08,16551137.5
2017-09-09,16553325
2017-09-10,16555437.5
2017-09-11,16557162.5
2017-09-12,16559337.5
2017-09-13,16561687.5
2017-09-14,16564062.5
2017-09-15,16566237.5
2017-09-16,16568487.5
2017-09-17,16570600
2017-09-18,16572800
2017-09-19,16574387.5
2017-09-20,16576337.5
2017-09-21,16577800
2017-09-22,16580000
2017-09-23,16581737.5
2017-09-24,16583812.5
2017-09-25,16585625
2017-09-26,16587187.5
2017-09-27,16588912.5
2017-09-28,16590750
2017-09-29,16592962.5
2017-09-30,16595075
2017-10-01,16596800
2017-10-02,16598425
2017-10-03,16600300
2017-10-04,16602587.5
2017-10-05,16604262.5
2017-10-06,16605825
2017-10-07,16607812.5
2017-10-08,16609787.5
2017-10-09,16612062.5
2017-10-10,16614075
2017-10-11,16616075
2017-10-12,16617812.5
2017-10-13,16619725
2017-10-14,16621425
2017-10-15,16623187.5
2017-10-16,16625625
2017-10-17,16627800
2017-10-18,16629850
2017-10-19,16631737.5
2017-10-20,16633962.5
2017-10-21,16636200
2017-10-22,16638112.5
2017-10-23,16640387.5
2017-10-24,16642525
2017-10-25,16644612.5
2017-10-26,16646925
2017-10-27,16649175
2017-10-28,16650475
2017-10-29,16651537.5
2017-10-30,16653462.5
2017-10-31,16655300
2017-11-01,16657025
2017-11-02,16658975
2017-11-03,16660850
2017-11-04,16662337.5
2017-11-05,16663962.5
2017-11-06,16665725
2017-11-07,16667387.5
2017-11-08,16669337.5
2017-11-09,16671137.5
2017-11-10,16673050
2017-11-11,16674550
2017-11-12,16675550
2017-11-13,16676550
2017-11-14,16678300
2017-11-15,16679900
2017-11-16,16681800
2017-11-17,16683700
2017-11-18,16685787.5
2017-11-19,16687487.5
2017-11-20,16689487.5
2017-11-21,16691675
2017-11-22,16693837.5
2017-11-23,16695687.5
2017-11-24,16697650
2017-11-25,16699512.5
2017-11-26,16701462.5
2017-11-27,16703375
2017-11-28,16705500
2017-11-29,16707450
2017-11-30,16709612.5
2017-12-01,16711700
2017-12-02,16713987.5
2017-12-03,16716000
2017-12-04,16718200
2017-12-05,16720462.5
2017-12-06,16722687.5
2017-12-07,16725037.5
2017-12-08,16726937.5
2017-12-09,16728887.5
2017-12-10,16731062.5
2017-12-11,16733112.5
2017-12-12,16735250
2017-12-13,16737200
2017-12-14,16739525
2017-12-15,16741837.5
2017-12-16,16743950
2017-12-17,16746087.5
2017-12-18,16748400
2017-12-19,16750675
2017-12-20,16752425
2017-12-21,16754125
2017-12-22,16755775
2017-12-23,16757712.5
2017-12-24,16759450
2017-12-25,16761350
2017-12-26,16763037.5
2017-12-27,16764812.5
2017-12-28,16766762.5
2017-12-29,16768625
2017-12-30,16770687.5
2017-12-31,16772525
2018-01-01,16774562.5
2018-01-02,16776512.5
2018-01-03,16778650
2018-01-04,16780612.5
2018-01-05,16782712.5
2018-01-06,16784500
2018-01-07,16786600
2018-01-08,16788625
2018-01-09,16790700
2018-01-10,16792750
2018-01-11,16794825
2018-01-12,16797237.5
2018-01-13,16799462.5
2018-01-14,16801325
2018-01-15,16803262.5
2018-01-16,16805137.5
2018-01-17,16807125
2018-01-18,16809212.5
2018-01-19,16811375
2018-01-20,16813437.5
2018-01-21,16815662.5
2018-01-22,16818000
2018-01-23,16820087.5
2018-01-24,16822300
2018-01-25,16824500
2018-01-26,16826475
2018-01-27,16828412.5
2018-01-28,16830375
2018-01-29,16832350
2018-01-30,16834200
2018-01-31,16836287.5
2018-02-01,16837750
2018-02-02,16839750
2018-02-03,16841850
2018-02-04,16843825
2018-02-05,16846050
2018-02-06,16848362.5
2018-02-07,16850487.5
2018-02-08,16852250
2018-02-09,16853887.5
2018-02-10,16855575
2018-02-11,16857362.5
2018-02-12,16859250
2018-02-13,16861325
2018-02-14,16863375
2018-02-15,16865612.5
2018-02-16,16867250
2018-02-17,16869212.5
2018-02-18,16871075
2018-02-19,16873100
2018-02-20,16875125
2018-02-21,16876887.5
2018-02-22,16879000
2018-02-23,16880862.5
2018-02-24,16882712.5
2018-02-25,16884525
2018-02-26,16886662.5
2018-02-27,16888425
2018-02-28,16890425
2018-03-01,16892362.5
2018-03-02,16894425
2018-03-03,16896375
2018-03-04,16898625
2018-03-05,16900475
2018-03-06,16902337.5
2018-03-07,16904287.5
2018-03-08,16906250
2018-03-09,16908275
2018-03-10,16910100
2018-03-11,16911850
2018-03-12,16913762.5
2018-03-13,16915775
2018-03-14,16917750
2018-03-15,16919550
2018-03-16,16921350
2018-03-17,16923300
2018-03-18,16925162.5
2018-03-19,16927050
2018-03-20,16928987.5
2018-03-21,16930575
2018-03-22,16932475
2018-03-23,16934262.5
2018-03-24,16935925
2018-03-25,16937875
2018-03-26,16939562.5
2018-03-27,16941437.5
2018-03-28,16943337.5
2018-03-29,16945025
2018-03-30,16946925
2018-03-31,16948950
2018-04-01,16950550
2018-04-02,16952575
2018-04-03,16954525
2018-04-04,16956562.5
2018-04-05,16958400
2018-04-06,16960350
2018-04-07,16962075
2018-04-08,16964325
2018-04-09,16966337.5
2018-04-10,16968175
2018-04-11,16970225
2018-04-12,16972237.5
2018-04-13,16974162.5
2018-04-14,16976225
2018-04-15,16977937.5
2018-04-16,16979975
2018-04-17,16981737.5
2018-04-18,16983762.5
2018-04-19,16985762.5
2018-04-20,16987987.5
2018-04-21,16989700
2018-04-22,16991687.5
2018-04-23,16993687.5
2018-04-24,16995600
2018-04-25,16997587.5
2018-04-26,16999125
2018-04-27,17000887.5
2018-04-28,17002662.5
2018-04-29,17004262.5
2018-04-30,17006237.5
2018-05-01,17008175
2018-05-02,17010150
2018-05-03,17011900
2018-05-04,17013787.5
2018-05-05,17015512.5
2018-05-06,17017525
2018-05-07,17019237.5
2018-05-08,17021112.5
2018-05-09,17022850
2018-05-10,17024850
2018-05-11,17026775
2018-05-12,17028362.5
2018-05-13,17030425
2018-05-14,17032275
2018-05-15,17033925
2018-05-16,17035750
2018-05-17,17037987.5
2018-05-18,17039637.5
2018-05-19,17041487.5
2018-05-20,17043412.5
2018-05-21,17045212.5
2018-05-22,17047175
2018-05-23,17049062.5
2018-05-24,17051087.5
2018-05-25,17052875
2018-05-26,17055075
2018-05-27,17057100
2018-05-28,17059150
2018-05-29,17061100
2018-05-30,17062837.5
2018-05-31,17065012.5
2018-06-01,17067137.5
2018-06-02,17069212.5
2018-06-03,17071112.5
2018-06-04,17073150
2018-06-05,17075437.5
2018-06-06,17077625
2018-06-07,17079462.5
2018-06-08,17081250
2018-06-09,17083062.5
2018-06-10,17084850
2018-06-11,17086437.5
2018-06-12,17088187.5
2018-06-13,17090000
2018-06-14,17091787.5
2018-06-15,17093700
2018-06-16,17095612.5
2018-06-17,17097687.5
2018-06-18,17099650
2018-06-19,17101700
2018-06-20,17103637.5
2018-06-21,17105575
2018-06-22,17107700
2018-06-23,17109587.5
2018-06-24,17111587.5
2018-06-25,17113725
2018-06-26,17115687.5
2018-06-27,17117525
2018-06-28,17119025
2018-06-29,17120987.5
2018-06-30,17122875
2018-07-01,17124637.5
2018-07-02,17126475
2018-07-03,17128237.5
2018-07-04,17129687.5
2018-07-05,17131362.5
2018-07-06,17133075
2018-07-07,17135075
2018-07-08,17137025
2018-07-09,17139000
2018-07-10,17140700
2018-07-11,17142562.5
2018-07-12,17144250
2018-07-13,17146012.5
2018-07-14,17147800
2018-07-15,17149462.5
2018-07-16,17151125
2018-07-17,17152625
2018-07-18,17154612.5
2018-07-19,17156787.5
2018-07-20,17158925
2018-07-21,17160850
2018-07-22,17162562.5
2018-07-23,17164837.5
2018-07-24,17166912.5
2018-07-25,17168900
2018-07-26,17171112.5
2018-07-27,17173175
2018-07-28,17175262.5
2018-07-29,17177075
2018-07-30,17179200
2018-07-31,17180875
2018-08-01,17182712.5
2018-08-02,17184587.5
2018-08-03,17186500
2018-08-04,17188575
2018-08-05,17190775
2018-08-06,17192775
2018-08-07,17194412.5
2018-08-08,17196300
2018-08-09,17198262.5
2018-08-10,17200125
2018-08-11,17202325
2018-08-12,17204450
2018-08-13,17206387.5
2018-08-14,17208262.5
2018-08-15,17209962.5
2018-08-16,17211975
2018-08-17,17213950
2018-08-18,17215850
2018-08-19,17217850
2018-08-20,17219662.5
2018-08-21,17221537.5
2018-08-22,17223387.5
2018-08-23,17225387.5
2018-08-24,17227250
2018-08-25,17229075
2018-08-26,17230762.5
2018-08-27,17232925
2018-08-28,17235237.5
2018-08-29,17237150
2018-08-30,17238887.5
2018-08-31,17240812.5
2018-09-01,17242750
2018-09-02,17244637.5
2018-09-03,17246437.5
2018-09-04,17248237.5
2018-09-05,17249812.5
2018-09-06,17251462.5
2018-09-07,17253337.5
2018-09-08,17255237.5
2018-09-09,17257112.5
2018-09-10,17259150
2018-09-11,17260837.5
2018-09-12,17262600
2018-09-13,17264700
2018-09-14,17266550
2018-09-15,17268200
2018-09-16,17269950
2018-09-17,17271687.5
2018-09-18,17273375
2018-09-19,17275150
2018-09-20,17277100
2018-09-21,17279025
2018-09-22,17280825
2018-09-23,17282762.5
2018-09-24,17284637.5
2018-09-25,17286487.5
2018-09-26,17288600
2018-09-27,17290337.5
2018-09-28,17292125