Date,Output Value
2009-01-10,0
2009-01-11,0
2009-01-12,0
2009-01-13,0
2009-01-14,0
2009-01-15,0
2009-01-16,0
2009-01-17,0
2009-01-18,0
2009-01-19,0
2009-01-20,0
2009-01-21,0
2009-01-22,0
2009-01-23,0
2009-01-24,0
2009-01-25,0
2009-01-26,0
2009-01-27,0
2009-01-28,0
2009-01-29,0
2009-01-30,0
2009-01-31,0
2009-02-01,0
2009-02-02,0
2009-02-03,0
2009-02-04,0
2009-02-05,0
2009-02-06,0
2009-02-07,0
2009-02-08,0
2009-02-09,0
2009-02-10,0
2009-02-11,0
2009-02-12,0
2009-02-13,0
2009-02-14,0
2009-02-15,0
2009-02-16,0
2009-02-17,0
2009-02-18,0
2009-02-19,0
2009-02-20,0
2009-02-21,0
2009-02-22,0
2009-02-23,0
2009-02-24,0
2009-02-25,0
2009-02-26,0
2009-02-27,0
2009-02-28,0
2009-03-01,0
2009-03-02,0
2009-03-03,0
2009-03-04,0
2009-03-05,0
2009-03-06,0
2009-03-07,0
2009-03-08,0
2009-03-09,0
2009-03-10,0
2009-03-11,0
2009-03-12,0
2009-03-13,0
2009-03-14,0
2009-03-15,0
2009-03-16,0
2009-03-17,0
2009-03-18,0
2009-03-19,0
2009-03-20,0
2009-03-21,0
2009-03-22,0
2009-03-23,0
2009-03-24,0
2009-03-25,0
2009-03-26,0
2009-03-27,0
2009-03-28,0
2009-03-29,0
2009-03-30,0
2009-03-31,0
2009-04-01,0
2009-04-02,0
2009-04-03,0
2009-04-04,0
2009-04-05,0
2009-04-06,0
2009-04-07,0
2009-04-08,0
2009-04-09,0
2009-04-10,0
2009-04-11,0
2009-04-12,0
2009-04-13,0
2009-04-14,0
2009-04-15,0
2009-04-16,0
2009-04-17,0
2009-04-18,0
2009-04-19,0
2009-04-20,0
2009-04-21,0
2009-04-22,0
2009-04-23,0
2009-04-24,0
2009-04-25,0
2009-04-26,0
2009-04-27,0
2009-04-28,0
2009-04-29,0
2009-04-30,0
2009-05-01,0
2009-05-02,0
2009-05-03,0
2009-05-04,0
2009-05-05,0
2009-05-06,0
2009-05-07,0
2009-05-08,0
2009-05-09,0
2009-05-10,0
2009-05-11,0
2009-05-12,0
2009-05-13,0
2009-05-14,0
2009-05-15,0
2009-05-16,0
2009-05-17,0
2009-05-18,0
2009-05-19,0
2009-05-20,0
2009-05-21,0
2009-05-22,0
2009-05-23,0
2009-05-24,0
2009-05-25,0
2009-05-26,0
2009-05-27,0
2009-05-28,0
2009-05-29,0
2009-05-30,0
2009-05-31,0
2009-06-01,0
2009-06-02,0
2009-06-03,0
2009-06-04,0
2009-06-05,0
2009-06-06,0
2009-06-07,0
2009-06-08,0
2009-06-09,0
2009-06-10,0
2009-06-11,0
2009-06-12,0
2009-06-13,0
2009-06-14,0
2009-06-15,0
2009-06-16,0
2009-06-17,0
2009-06-18,0
2009-06-19,0
2009-06-20,0
2009-06-21,0
2009-06-22,0
2009-06-23,0
2009-06-24,0
2009-06-25,0
2009-06-26,0
2009-06-27,0
2009-06-28,0
2009-06-29,0
2009-06-30,0
2009-07-01,0
2009-07-02,0
2009-07-03,0
2009-07-04,0
2009-07-05,0
2009-07-06,0
2009-07-07,0
2009-07-08,0
2009-07-09,0
2009-07-10,0
2009-07-11,0
2009-07-12,0
2009-07-13,0
2009-07-14,0
2009-07-15,0
2009-07-16,0
2009-07-17,0
2009-07-18,0
2009-07-19,0
2009-07-20,0
2009-07-21,0
2009-07-22,0
2009-07-23,0
2009-07-24,0
2009-07-25,0
2009-07-26,0
2009-07-27,0
2009-07-28,0
2009-07-29,0
2009-07-30,0
2009-07-31,0
2009-08-01,0
2009-08-02,0
2009-08-03,0
2009-08-04,0
2009-08-05,0
2009-08-06,0
2009-08-07,0
2009-08-08,0
2009-08-09,0
2009-08-10,0
2009-08-11,0
2009-08-12,0
2009-08-13,0
2009-08-14,0
2009-08-15,0
2009-08-16,0
2009-08-17,0
2009-08-18,0
2009-08-19,0
2009-08-20,0
2009-08-21,0
2009-08-22,0
2009-08-23,0
2009-08-24,0
2009-08-25,0
2009-08-26,0
2009-08-27,0
2009-08-28,0
2009-08-29,0
2009-08-30,0
2009-08-31,0
2009-09-01,0
2009-09-02,0
2009-09-03,0
2009-09-04,0
2009-09-05,0
2009-09-06,0
2009-09-07,0
2009-09-08,0
2009-09-09,0
2009-09-10,0
2009-09-11,0
2009-09-12,0
2009-09-13,0
2009-09-14,0
2009-09-15,0
2009-09-16,0
2009-09-17,0
2009-09-18,0
2009-09-19,0
2009-09-20,0
2009-09-21,0
2009-09-22,0
2009-09-23,0
2009-09-24,0
2009-09-25,0
2009-09-26,0
2009-09-27,0
2009-09-28,0
2009-09-29,0
2009-09-30,0
2009-10-01,0
2009-10-02,0
2009-10-03,0
2009-10-04,0
2009-10-05,0
2009-10-06,0
2009-10-07,0
2009-10-08,0
2009-10-09,0
2009-10-10,0
2009-10-11,0
2009-10-12,0
2009-10-13,0
2009-10-14,0
2009-10-15,0
2009-10-16,0
2009-10-17,0
2009-10-18,0
2009-10-19,0
2009-10-20,0
2009-10-21,0
2009-10-22,0
2009-10-23,0
2009-10-24,0
2009-10-25,0
2009-10-26,0
2009-10-27,0
2009-10-28,0
2009-10-29,0
2009-10-30,0
2009-10-31,0
2009-11-01,0
2009-11-02,0
2009-11-03,0
2009-11-04,0
2009-11-05,0
2009-11-06,0
2009-11-07,0
2009-11-08,0
2009-11-09,0
2009-11-10,0
2009-11-11,0
2009-11-12,0
2009-11-13,0
2009-11-14,0
2009-11-15,0
2009-11-16,0
2009-11-17,0
2009-11-18,0
2009-11-19,0
2009-11-20,0
2009-11-21,0
2009-11-22,0
2009-11-23,0
2009-11-24,0
2009-11-25,0
2009-11-26,0
2009-11-27,0
2009-11-28,0
2009-11-29,0
2009-11-30,0
2009-12-01,0
2009-12-02,0
2009-12-03,0
2009-12-04,0
2009-12-05,0
2009-12-06,0
2009-12-07,0
2009-12-08,0
2009-12-09,0
2009-12-10,0
2009-12-11,0
2009-12-12,0
2009-12-13,0
2009-12-14,0
2009-12-15,0
2009-12-16,0
2009-12-17,0
2009-12-18,0
2009-12-19,0
2009-12-20,0
2009-12-21,0
2009-12-22,0
2009-12-23,0
2009-12-24,0
2009-12-25,0
2009-12-26,0
2009-12-27,0
2009-12-28,0
2009-12-29,0
2009-12-30,0
2009-12-31,0
2010-01-01,0
2010-01-02,0
2010-01-03,0
2010-01-04,0
2010-01-05,0
2010-01-06,0
2010-01-07,0
2010-01-08,0
2010-01-09,0
2010-01-10,0
2010-01-11,0
2010-01-12,0
2010-01-13,0
2010-01-14,0
2010-01-15,0
2010-01-16,0
2010-01-17,0
2010-01-18,0
2010-01-19,0
2010-01-20,0
2010-01-21,0
2010-01-22,0
2010-01-23,0
2010-01-24,0
2010-01-25,0
2010-01-26,0
2010-01-27,0
2010-01-28,0
2010-01-29,0
2010-01-30,0
2010-01-31,0
2010-02-01,0
2010-02-02,0
2010-02-03,0
2010-02-04,0
2010-02-05,0
2010-02-06,0
2010-02-07,0
2010-02-08,0
2010-02-09,0
2010-02-10,0
2010-02-11,0
2010-02-12,0
2010-02-13,0
2010-02-14,0
2010-02-15,0
2010-02-16,0
2010-02-17,0
2010-02-18,0
2010-02-19,0
2010-02-20,0
2010-02-21,0
2010-02-22,0
2010-02-23,0
2010-02-24,0
2010-02-25,0
2010-02-26,0
2010-02-27,0
2010-02-28,0
2010-03-01,0
2010-03-02,0
2010-03-03,0
2010-03-04,0
2010-03-05,0
2010-03-06,0
2010-03-07,0
2010-03-08,0
2010-03-09,0
2010-03-10,0
2010-03-11,0
2010-03-12,0
2010-03-13,0
2010-03-14,0
2010-03-15,0
2010-03-16,0
2010-03-17,0
2010-03-18,0
2010-03-19,0
2010-03-20,0
2010-03-21,0
2010-03-22,0
2010-03-23,0
2010-03-24,0
2010-03-25,0
2010-03-26,0
2010-03-27,0
2010-03-28,0
2010-03-29,0
2010-03-30,0
2010-03-31,0
2010-04-01,0
2010-04-02,0
2010-04-03,0
2010-04-04,0
2010-04-05,0
2010-04-06,0
2010-04-07,0
2010-04-08,0
2010-04-09,0
2010-04-10,0
2010-04-11,0
2010-04-12,0
2010-04-13,0
2010-04-14,0
2010-04-15,0
2010-04-16,0
2010-04-17,0
2010-04-18,0
2010-04-19,0
2010-04-20,0
2010-04-21,0
2010-04-22,0
2010-04-23,0
2010-04-24,0
2010-04-25,0
2010-04-26,0
2010-04-27,0
2010-04-28,0
2010-04-29,0
2010-04-30,0
2010-05-01,0
2010-05-02,0
2010-05-03,0
2010-05-04,0
2010-05-05,0
2010-05-06,0
2010-05-07,0
2010-05-08,0
2010-05-09,0
2010-05-10,0
2010-05-11,0
2010-05-12,0
2010-05-13,0
2010-05-14,0
2010-05-15,0
2010-05-16,0
2010-05-17,0
2010-05-18,0
2010-05-19,0
2010-05-20,0
2010-05-21,0
2010-05-22,0
2010-05-23,0
2010-05-24,0
2010-05-25,0
2010-05-26,0
2010-05-27,0
2010-05-28,0
2010-05-29,0
2010-05-30,0
2010-05-31,0
2010-06-01,0
2010-06-02,0
2010-06-03,0
2010-06-04,0
2010-06-05,0
2010-06-06,0
2010-06-07,0
2010-06-08,0
2010-06-09,0
2010-06-10,0
2010-06-11,0
2010-06-12,0
2010-06-13,0
2010-06-14,0
2010-06-15,0
2010-06-16,0
2010-06-17,0
2010-06-18,0
2010-06-19,0
2010-06-20,0
2010-06-21,0
2010-06-22,0
2010-06-23,0
2010-06-24,0
2010-06-25,0
2010-06-26,0
2010-06-27,0
2010-06-28,0
2010-06-29,0
2010-06-30,0
2010-07-01,0
2010-07-02,0
2010-07-03,0
2010-07-04,0
2010-07-05,0
2010-07-06,0
2010-07-07,0
2010-07-08,0
2010-07-09,0
2010-07-10,0
2010-07-11,0
2010-07-12,0
2010-07-13,0
2010-07-14,0
2010-07-15,0
2010-07-16,0
2010-07-17,0
2010-07-18,2121.67
2010-07-19,1553.87
2010-07-20,4007.25
2010-07-21,2510.9
2010-07-22,2166.56
2010-07-23,2326.44
2010-07-24,1269.48
2010-07-25,2171.57
2010-07-26,2341.32
2010-07-27,5220.46
2010-07-28,2008.65
2010-07-29,3958.56
2010-07-30,1380.37
2010-07-31,1362.11
2010-08-01,1080.91
2010-08-02,16213.83
2010-08-03,3811.31
2010-08-04,2541.59
2010-08-05,1905.09
2010-08-06,2455.68
2010-08-07,1215.2
2010-08-08,1418.61
2010-08-09,612.89
2010-08-10,5412.34
2010-08-11,2370.71
2010-08-12,3892.74
2010-08-13,1385.41
2010-08-14,2106.66
2010-08-15,1144.62
2010-08-16,1494.47
2010-08-17,4690.16
2010-08-18,3376.91
2010-08-19,2583.18
2010-08-20,1419.67
2010-08-21,2078.59
2010-08-22,2727.3
2010-08-23,1401.27
2010-08-24,1258.33
2010-08-25,1481.42
2010-08-26,1106
2010-08-27,994.76
2010-08-28,2003.77
2010-08-29,994.56
2010-08-30,550.76
2010-08-31,935.94
2010-09-01,2429.96
2010-09-02,1733.1
2010-09-03,2052.77
2010-09-04,1791.23
2010-09-05,2027.99
2010-09-06,8001.9
2010-09-07,4540.42
2010-09-08,1109.63
2010-09-09,1049.01
2010-09-10,2056.51
2010-09-11,847.72
2010-09-12,604.27
2010-09-13,1107.71
2010-09-14,7038.72
2010-09-15,1827.76
2010-09-16,2395.8
2010-09-17,2055.87
2010-09-18,4526.01
2010-09-19,2619.7
2010-09-20,3090.57
2010-09-21,2482.03
2010-09-22,1675.04
2010-09-23,2673.8
2010-09-24,7634.38
2010-09-25,1116.18
2010-09-26,1790.98
2010-09-27,1344.31
2010-09-28,2079.93
2010-09-29,4823.95
2010-09-30,5670.47
2010-10-01,4167.81
2010-10-02,1788.64
2010-10-03,23354.59
2010-10-04,3024.96
2010-10-05,33561.47
2010-10-06,11452.91
2010-10-07,7255.6
2010-10-08,8927.67
2010-10-09,13788.35
2010-10-10,16708.11
2010-10-11,12062.14
2010-10-12,7254.68
2010-10-13,5246.09
2010-10-14,12864.9
2010-10-15,17493.01
2010-10-16,16116.81
2010-10-17,19936.69
2010-10-18,10731.88
2010-10-19,21749.31
2010-10-20,26669.75
2010-10-21,20423.95
2010-10-22,20600.94
2010-10-23,13744.29
2010-10-24,4614.07
2010-10-25,12462.54
2010-10-26,21103.77
2010-10-27,28978.06
2010-10-28,38477.84
2010-10-29,33786.94
2010-10-30,16496.28
2010-10-31,11318.11
2010-11-01,12712.16
2010-11-02,8470.71
2010-11-03,11462.66
2010-11-04,10826.2
2010-11-05,35003.67
2010-11-06,10560.46
2010-11-07,42642.79
2010-11-08,30967.4
2010-11-09,139992.65
2010-11-10,12519.06
2010-11-11,12692.38
2010-11-12,9231
2010-11-13,9094.49
2010-11-14,10652.97
2010-11-15,10458.19
2010-11-16,71243.28
2010-11-17,89877.2
2010-11-18,15332.72
2010-11-19,17188.21
2010-11-20,14940.98
2010-11-21,43923.06
2010-11-22,35343.55
2010-11-23,10191.43
2010-11-24,10529.23
2010-11-25,10574.08
2010-11-26,14537.12
2010-11-27,24736.68
2010-11-28,6580.73
2010-11-29,6813.2
2010-11-30,8432.67
2010-12-01,13685.71
2010-12-02,12259.8
2010-12-03,14647
2010-12-04,7062.25
2010-12-05,14420.77
2010-12-06,3864.52
2010-12-07,18715.78
2010-12-08,19035.43
2010-12-09,7132.72
2010-12-10,10527.82
2010-12-11,7709.29
2010-12-12,13257.17
2010-12-13,10788.56
2010-12-14,42048.29
2010-12-15,25171.81
2010-12-16,26842.49
2010-12-17,21108.97
2010-12-18,15546.37
2010-12-19,21547.41
2010-12-20,23305.97
2010-12-21,23074.12
2010-12-22,25145.18
2010-12-23,21366.22
2010-12-24,14868.12
2010-12-25,16119.44
2010-12-26,27050.94
2010-12-27,17955.25
2010-12-28,24714.18
2010-12-29,16623.9
2010-12-30,32717.44
2010-12-31,19275.74
2011-01-01,17228.13
2011-01-02,16541
2011-01-03,14688.36
2011-01-04,20136.87
2011-01-05,11902.34
2011-01-06,15224.08
2011-01-07,9604.42
2011-01-08,17771.72
2011-01-09,18440.32
2011-01-10,13079.83
2011-01-11,26400.69
2011-01-12,34924.68
2011-01-13,19535.95
2011-01-14,42087.33
2011-01-15,32267.61
2011-01-16,22362.02
2011-01-17,25244.97
2011-01-18,21121.21
2011-01-19,33270.34
2011-01-20,18399.42
2011-01-21,19503.64
2011-01-22,25585.17
2011-01-23,29232.6
2011-01-24,35317.29
2011-01-25,31426.12
2011-01-26,20420.46
2011-01-27,205061.6
2011-01-28,263472.89
2011-01-29,21336.12
2011-01-30,28628.47
2011-01-31,203192.78
2011-02-01,79493.93
2011-02-02,92107.73
2011-02-03,77243.02
2011-02-04,42231.54
2011-02-05,44536.11
2011-02-06,73059.27
2011-02-07,55232.49
2011-02-08,136356.58
2011-02-09,61662.56
2011-02-10,135355.47
2011-02-11,211970.19
2011-02-12,259619.51
2011-02-13,138999.2
2011-02-14,108450.42
2011-02-15,140011.32
2011-02-16,93095.29
2011-02-17,65564.66
2011-02-18,99013.32
2011-02-19,107984.91
2011-02-20,180797.5
2011-02-21,167297.72
2011-02-22,194128.75
2011-02-23,319308.24
2011-02-24,307530.95
2011-02-25,215544.75
2011-02-26,164117.55
2011-02-27,153337.63
2011-02-28,174365.31
2011-03-01,106634.84
2011-03-02,973247.53
2011-03-03,2264283.32
2011-03-04,279651.23
2011-03-05,208518.77
2011-03-06,115544.63
2011-03-07,161146.13
2011-03-08,181149.65
2011-03-09,165950.1
2011-03-10,209605.39
2011-03-11,381869.51
2011-03-12,149355.46
2011-03-13,141909.9
2011-03-14,217683.06
2011-03-15,153842.59
2011-03-16,104295.77
2011-03-17,130502.79
2011-03-18,135100.67
2011-03-19,144587.32
2011-03-20,83364.62
2011-03-21,105643.97
2011-03-22,130835.76
2011-03-23,158771.09
2011-03-24,198992.57
2011-03-25,225440.16
2011-03-26,257001.16
2011-03-27,268559.73
2011-03-28,123118.34
2011-03-29,109018.18
2011-03-30,86729.52
2011-03-31,95219.13
2011-04-01,105727.62
2011-04-02,59805.1
2011-04-03,75535.34
2011-04-04,61661.73
2011-04-05,108684.65
2011-04-06,74958.9
2011-04-07,60627.66
2011-04-08,82989
2011-04-09,99994.64
2011-04-10,101024.29
2011-04-11,62937.01
2011-04-12,72918.3
2011-04-13,113515.71
2011-04-14,167543.08
2011-04-15,144364.07
2011-04-16,126392.15
2011-04-17,332317.18
2011-04-18,1430344.17
2011-04-19,148417.81
2011-04-20,3153539.93
2011-04-21,5502229.46
2011-04-22,519828.91
2011-04-23,212947.33
2011-04-24,280077.13
2011-04-25,161869.41
2011-04-26,148153.4
2011-04-27,321330
2011-04-28,456204.82
2011-04-29,313282.62
2011-04-30,2127652.46
2011-05-01,1379543.94
2011-05-02,495596.12
2011-05-03,378453.57
2011-05-04,658403.23
2011-05-05,946696.6
2011-05-06,536692.82
2011-05-07,989236.68
2011-05-08,784335.79
2011-05-09,2030027.24
2011-05-10,579611.44
2011-05-11,2989886.13
2011-05-12,956919.91
2011-05-13,1259623.75
2011-05-14,3548897.64
2011-05-15,13607621.64
2011-05-16,2299743.18
2011-05-17,1864519.55
2011-05-18,1565137.38
2011-05-19,1311688.49
2011-05-20,1229348.25
2011-05-21,2102481.06
2011-05-22,3904986.81
2011-05-23,5764198.8
2011-05-24,3299613.49
2011-05-25,2598993.38
2011-05-26,3134611.1
2011-05-27,3568163.77
2011-05-28,4598386.64
2011-05-29,1881868.77
2011-05-30,2226284.57
2011-05-31,2365291.03
2011-06-01,2458499.42
2011-06-02,2564605.28
2011-06-03,3680828.86
2011-06-04,8331987.6
2011-06-05,8499505.37
2011-06-06,9336902.6
2011-06-07,15440013.23
2011-06-08,11509080.25
2011-06-09,22275161.95
2011-06-10,23048510.4
2011-06-11,22364943.9
2011-06-12,23902378.94
2011-06-13,31955014.65
2011-06-14,24943194.06
2011-06-15,29779059.54
2011-06-16,88186790.81
2011-06-17,151904863.94
2011-06-18,24660147.72
2011-06-19,20576856.24
2011-06-20,80461786.78
2011-06-21,23083681.9
2011-06-22,58727850.43
2011-06-23,22826932.29
2011-06-24,28308118.43
2011-06-25,83698586.92
2011-06-26,189879365.55
2011-06-27,63405374.14
2011-06-28,34176665.9
2011-06-29,121686084.87
2011-06-30,38288571.4
2011-07-01,24687037.24
2011-07-02,17353036.35
2011-07-03,13441088.17
2011-07-04,8047607.65
2011-07-05,19352574.68
2011-07-06,5202579.26
2011-07-07,8350573.41
2011-07-08,6922035.84
2011-07-09,4389309.77
2011-07-10,29819564.04
2011-07-11,36532439.79
2011-07-12,14285893.74
2011-07-13,14991154.76
2011-07-14,19976281.13
2011-07-15,26878054.24
2011-07-16,8403219.96
2011-07-17,16926153.94
2011-07-18,7500053.78
2011-07-19,43734196.11
2011-07-20,38163732.2
2011-07-21,7411822.06
2011-07-22,18135255.26
2011-07-23,21296607.98
2011-07-24,8770646.71
2011-07-25,7000533.69
2011-07-26,20259860.52
2011-07-27,16331813.37
2011-07-28,17681479.78
2011-07-29,46847112.81
2011-07-30,8798738.42
2011-07-31,4028607.54
2011-08-01,8112589.08
2011-08-02,7203201.21
2011-08-03,4735264.98
2011-08-04,4249872.8
2011-08-05,3146840.25
2011-08-06,5183172.12
2011-08-07,2718034.17
2011-08-08,2666684.26
2011-08-09,9632356.45
2011-08-10,22609114.66
2011-08-11,11197554.12
2011-08-12,4619739.17
2011-08-13,3225854.74
2011-08-14,4063709.72
2011-08-15,3868383.73
2011-08-16,3884614
2011-08-17,3577525.37
2011-08-18,3585157.17
2011-08-19,4402522.27
2011-08-20,6364052.77
2011-08-21,2529479.35
2011-08-22,2722341.75
2011-08-23,3028182.75
2011-08-24,4813623.56
2011-08-25,6135642.64
2011-08-26,3666639.36
2011-08-27,2349930.56
2011-08-28,23326014.71
2011-08-29,1599905.66
2011-08-30,2239774.5
2011-08-31,2020568.08
2011-09-01,2183492.73
2011-09-02,2646666.14
2011-09-03,2189486.12
2011-09-04,1898414.41
2011-09-05,14406689.96
2011-09-06,17447700.72
2011-09-07,21746811.87
2011-09-08,3826391.72
2011-09-09,2557376.34
2011-09-10,2060485.82
2011-09-11,1316281.87
2011-09-12,6098667.13
2011-09-13,3671417.26
2011-09-14,2078131.11
2011-09-15,1663385.2
2011-09-16,1440171.46
2011-09-17,3292740.48
2011-09-18,1575126.45
2011-09-19,1516595.74
2011-09-20,1745921.92
2011-09-21,2095262.89
2011-09-22,2242745.77
2011-09-23,1610663.55
2011-09-24,1895276.14
2011-09-25,1214643.67
2011-09-26,1565810.3
2011-09-27,1363690.61
2011-09-28,2096733.74
2011-09-29,1685553.7
2011-09-30,1487476.67
2011-10-01,1463271
2011-10-02,2103019.59
2011-10-03,1619074.78
2011-10-04,2018177.03
2011-10-05,1954098.05
2011-10-06,1926887.41
2011-10-07,2502645.32
2011-10-08,1622308.76
2011-10-09,1148124.65
2011-10-10,1277254.25
2011-10-11,1233999.89
2011-10-12,1272109.03
2011-10-13,1306618.82
2011-10-14,1174876.9
2011-10-15,1439049.92
2011-10-16,1122251.71
2011-10-17,914735.41
2011-10-18,1338452.05
2011-10-19,843024.69
2011-10-20,688346.42
2011-10-21,717717.25
2011-10-22,1379867.98
2011-10-23,1889743.11
2011-10-24,1682063.18
2011-10-25,943238.36
2011-10-26,995708.23
2011-10-27,1395185.04
2011-10-28,1603158.66
2011-10-29,1067569.5
2011-10-30,1578678.59
2011-10-31,633869.52
2011-11-01,1398985.73
2011-11-02,1548214.85
2011-11-03,1398818.57
2011-11-04,1026331.07
2011-11-05,1217283.46
2011-11-06,826787.51
2011-11-07,653709.44
2011-11-08,806656.69
2011-11-09,3552614.12
2011-11-10,2828241.51
2011-11-11,996379.39
2011-11-12,915991.16
2011-11-13,715463.61
2011-11-14,762995.33
2011-11-15,800890.95
2011-11-16,867597.92
2011-11-17,5119027.18
2011-11-18,8496524.26
2011-11-19,9528488.56
2011-11-20,8978620.63
2011-11-21,3446063.23
2011-11-22,4936250.56
2011-11-23,7162192.12
2011-11-24,3612412.15
2011-11-25,3798380.44
2011-11-26,2571014.6
2011-11-27,3961413.26
2011-11-28,4450479.04
2011-11-29,10135685.96
2011-11-30,10948627.51
2011-12-01,20648587.8
2011-12-02,5207346.84
2011-12-03,18289527.46
2011-12-04,10003760.84
2011-12-05,6924564.44
2011-12-06,8550339.09
2011-12-07,22066361.3
2011-12-08,16818845.26
2011-12-09,13657185.14
2011-12-10,4714831.26
2011-12-11,3479269.7
2011-12-12,2649123.76
2011-12-13,2316774.48
2011-12-14,1106235.58
2011-12-15,1364635.6
2011-12-16,1447149.05
2011-12-17,1537238.21
2011-12-18,1067267.45
2011-12-19,1077659.1
2011-12-20,1632853.95
2011-12-21,2141439.64
2011-12-22,2186685.41
2011-12-23,1699047.12
2011-12-24,967445.26
2011-12-25,1221205.25
2011-12-26,1233579.99
2011-12-27,2843713.18
2011-12-28,2671296.43
2011-12-29,1171270.52
2011-12-30,2091020.46
2011-12-31,1151498.42
2012-01-01,1237715.7
2012-01-02,1769829.32
2012-01-03,1352252.94
2012-01-04,1282731.24
2012-01-05,2283297.12
2012-01-06,4285643.86
2012-01-07,3981894.67
2012-01-08,2157657.62
2012-01-09,2480496
2012-01-10,2794336
2012-01-11,2438045.01
2012-01-12,2619499.73
2012-01-13,2657682.55
2012-01-14,2371924.71
2012-01-15,2277413.51
2012-01-16,1867893.02
2012-01-17,2871326.29
2012-01-18,2739784.59
2012-01-19,2074350.3
2012-01-20,2459997.07
2012-01-21,2321656.25
2012-01-22,1846664.57
2012-01-23,1756984.04
2012-01-24,1785930.18
2012-01-25,2406904.85
2012-01-26,2504279.44
2012-01-27,2153146.68
2012-01-28,1849081.62
2012-01-29,1487822.93
2012-01-30,1784803.46
2012-01-31,1754262.32
2012-02-01,1908092.98
2012-02-02,2525377.65
2012-02-03,2167081.75
2012-02-04,2280506.04
2012-02-05,2064937.35
2012-02-06,1906345.56
2012-02-07,1805771.73
2012-02-08,1746515.76
2012-02-09,1727679.59
2012-02-10,1505933.58
2012-02-11,1904631.29
2012-02-12,2568555.18
2012-02-13,1714576.84
2012-02-14,2744428.33
2012-02-15,5911688.68
2012-02-16,6378194.45
2012-02-17,6243557.8
2012-02-18,4283261.28
2012-02-19,2919904.48
2012-02-20,1711483.64
2012-02-21,1938541.07
2012-02-22,1652243.3
2012-02-23,3545686.76
2012-02-24,3429547.32
2012-02-25,2734714.51
2012-02-26,1935692.79
2012-02-27,1664469.37
2012-02-28,1886346.99
2012-02-29,1766063.25
2012-03-01,1596839.36
2012-03-02,3221676.79
2012-03-03,2800938.95
2012-03-04,2114722.24
2012-03-05,2790445.39
2012-03-06,1841678.4
2012-03-07,1797889.73
2012-03-08,1804919.27
2012-03-09,2580568.97
2012-03-10,2919480.61
2012-03-11,1888435.42
2012-03-12,1975997.26
2012-03-13,3115744.32
2012-03-14,2566186.32
2012-03-15,3411444.97
2012-03-16,2382049.16
2012-03-17,2644317.14
2012-03-18,2548030.22
2012-03-19,1845460.14
2012-03-20,2249882.49
2012-03-21,2300593.21
2012-03-22,2419511.34
2012-03-23,4114468.18
2012-03-24,3678173.42
2012-03-25,3755787.49
2012-03-26,1889576.69
2012-03-27,2474653.26
2012-03-28,2714966.21
2012-03-29,3173762.55
2012-03-30,5975848.99
2012-03-31,4589747.52
2012-04-01,4288534.36
2012-04-02,2928771.62
2012-04-03,3477532.47
2012-04-04,4020218.93
2012-04-05,3704221.07
2012-04-06,4806746.12
2012-04-07,2649049.16
2012-04-08,1933472.14
2012-04-09,5827470.23
2012-04-10,8149320.64
2012-04-11,3705395.43
2012-04-12,8155566.54
2012-04-13,5290913.14
2012-04-14,4186345.34
2012-04-15,4918898.94
2012-04-16,6485108.19
2012-04-17,7699307.09
2012-04-18,5633204.3
2012-04-19,5177741.03
2012-04-20,3485282.87
2012-04-21,15213612.76
2012-04-22,6795156.73
2012-04-23,4387467.76
2012-04-24,4170047.18
2012-04-25,3609149.82
2012-04-26,5207233.6
2012-04-27,9461636.96
2012-04-28,7397185.84
2012-04-29,4387374.39
2012-04-30,4905618.91
2012-05-01,5238872.67
2012-05-02,5433670.92
2012-05-03,5383352.44
2012-05-04,6282998.43
2012-05-05,5805597.8
2012-05-06,5956297.86
2012-05-07,3108083.24
2012-05-08,11673487.63
2012-05-09,19465645.27
2012-05-10,11606806.6
2012-05-11,6295107.35
2012-05-12,8073242.71
2012-05-13,15824863.13
2012-05-14,6064505.67
2012-05-15,11749964.09
2012-05-16,20619821.85
2012-05-17,15944593.93
2012-05-18,17511868.13
2012-05-19,8896304.08
2012-05-20,6671073.02
2012-05-21,10504247.72
2012-05-22,20391688.06
2012-05-23,19550532.78
2012-05-24,8778808.53
2012-05-25,5795639.14
2012-05-26,14003070.42
2012-05-27,22702328.18
2012-05-28,10804321.96
2012-05-29,11428792.47
2012-05-30,15681386.72
2012-05-31,13466007.82
2012-06-01,24230739.82
2012-06-02,14535736.23
2012-06-03,10635780.99
2012-06-04,9729810.08
2012-06-05,25253105.51
2012-06-06,22696320.56
2012-06-07,13438232.02
2012-06-08,27428818.35
2012-06-09,29754350.18
2012-06-10,7695689.29
2012-06-11,19272221.49
2012-06-12,15821110.96
2012-06-13,14903228.88
2012-06-14,13831152.06
2012-06-15,28598569.47
2012-06-16,21702282.39
2012-06-17,24861621.34
2012-06-18,9209624.54
2012-06-19,15394992.32
2012-06-20,14295805.8
2012-06-21,10987542.67
2012-06-22,6591494.12
2012-06-23,15024814.15
2012-06-24,19756125.31
2012-06-25,11632594.14
2012-06-26,11843889.53
2012-06-27,10534020.66
2012-06-28,13880861.65
2012-06-29,22836546.16
2012-06-30,16562351.67
2012-07-01,8318874.61
2012-07-02,9179367.96
2012-07-03,7805505.96
2012-07-04,9835382.25
2012-07-05,14356352.13
2012-07-06,13288654.44
2012-07-07,9362195.48
2012-07-08,27672273.4
2012-07-09,5588866.89
2012-07-10,14915916.01
2012-07-11,15259360.81
2012-07-12,7939661.85
2012-07-13,10491135.54
2012-07-14,19631810.37
2012-07-15,18059991.54
2012-07-16,10368294.4
2012-07-17,17729676.27
2012-07-18,21054755.43
2012-07-19,14113037.66
2012-07-20,11135725.27
2012-07-21,14216034.42
2012-07-22,20917510.13
2012-07-23,14961947.25
2012-07-24,18130549.14
2012-07-25,15008805.61
2012-07-26,8248435.66
2012-07-27,21371601.48
2012-07-28,18415192.78
2012-07-29,15507107.23
2012-07-30,9598200.43
2012-07-31,8825301.73
2012-08-01,28733383.97
2012-08-02,20741157.78
2012-08-03,18129213.78
2012-08-04,15009368.79
2012-08-05,15986015.86
2012-08-06,20910887.59
2012-08-07,21666983.8
2012-08-08,21470046.65
2012-08-09,19470713.96
2012-08-10,14723619.01
2012-08-11,19408801.62
2012-08-12,18429995.48
2012-08-13,18657678.36
2012-08-14,22079091.63
2012-08-15,19458432.07
2012-08-16,21573112.25
2012-08-17,28532398.35
2012-08-18,33392295.65
2012-08-19,25663009.74
2012-08-20,50514200.22
2012-08-21,93353790.96
2012-08-22,58066177.67
2012-08-23,75410242.78
2012-08-24,80928651.08
2012-08-25,108822946.77
2012-08-26,45173531.66
2012-08-27,35507553.38
2012-08-28,73494723.34
2012-08-29,85194997.18
2012-08-30,146548801.91
2012-08-31,123061578.19
2012-09-01,100241318.17
2012-09-02,84330274.51
2012-09-03,54345079.63
2012-09-04,40868129.84
2012-09-05,64818081.7
2012-09-06,100381631.69
2012-09-07,250249050.85
2012-09-08,196616929.83
2012-09-09,82791249.1
2012-09-10,41293505.58
2012-09-11,233225116.06
2012-09-12,207220137.94
2012-09-13,128038342.54
2012-09-14,253237293.56
2012-09-15,206652524
2012-09-16,86132813.05
2012-09-17,160397069.57
2012-09-18,159466257.91
2012-09-19,157947244.13
2012-09-20,392411079.85
2012-09-21,197740696.7
2012-09-22,315257537.92
2012-09-23,181073624.77
2012-09-24,90137541.19
2012-09-25,96114038.71
2012-09-26,22929357.59
2012-09-27,20135412.26
2012-09-28,16344586.41
2012-09-29,32192986.77
2012-09-30,16890310.95
2012-10-01,17276094.87
2012-10-02,20483138.35
2012-10-03,24674615.3
2012-10-04,16458074.02
2012-10-05,16104118.56
2012-10-06,33038655.62
2012-10-07,23982783.71
2012-10-08,21259857.11
2012-10-09,20029810.05
2012-10-10,15655611.24
2012-10-11,10405526.01
2012-10-12,14981206.69
2012-10-13,32448015.39
2012-10-14,31199371.03
2012-10-15,15991592.37
2012-10-16,14949258.95
2012-10-17,27476187.73
2012-10-18,42592375.96
2012-10-19,39613347.03
2012-10-20,29939521.2
2012-10-21,30615897.74
2012-10-22,27094914.84
2012-10-23,26485012.16
2012-10-24,30433346.2
2012-10-25,22249110.12
2012-10-26,15271580.64
2012-10-27,11004886.38
2012-10-28,17308397.22
2012-10-29,9633154.54
2012-10-30,11085096.42
2012-10-31,45479155.68
2012-11-01,41269805.83
2012-11-02,27535538.54
2012-11-03,8662075.83
2012-11-04,20495033.83
2012-11-05,25149757.51
2012-11-06,23038131.07
2012-11-07,21734018.73
2012-11-08,18983700.94
2012-11-09,14115177.86
2012-11-10,9150280.64
2012-11-11,4521657.24
2012-11-12,4530026.98
2012-11-13,5305389.12
2012-11-14,9302983.59
2012-11-15,16831229.35
2012-11-16,28394900.28
2012-11-17,44272051.08
2012-11-18,28261856.86
2012-11-19,24952984.78
2012-11-20,15299890.97
2012-11-21,18983520.09
2012-11-22,10247182.26
2012-11-23,18417630.63
2012-11-24,13970850.71
2012-11-25,13596982.91
2012-11-26,10160919.03
2012-11-27,14270564.3
2012-11-28,17084339.03
2012-11-29,23208705.2
2012-11-30,14761085.19
2012-12-01,9514714.83
2012-12-02,7844088.44
2012-12-03,13198433.37
2012-12-04,21912170.74
2012-12-05,33329995.08
2012-12-06,38675256.55
2012-12-07,42649567.81
2012-12-08,26715450.59
2012-12-09,13263209.35
2012-12-10,18386994.42
2012-12-11,15553046.71
2012-12-12,21612858.34
2012-12-13,48198507.28
2012-12-14,53463166.53
2012-12-15,38288635.94
2012-12-16,22048246.16
2012-12-17,24859089.48
2012-12-18,23420359.33
2012-12-19,30603242.36
2012-12-20,15966690.33
2012-12-21,12597674.13
2012-12-22,21815582.69
2012-12-23,17797198.44
2012-12-24,12034002.77
2012-12-25,13634032.08
2012-12-26,8151341.97
2012-12-27,8606234
2012-12-28,11223104.85
2012-12-29,13856784.01
2012-12-30,13450328.29
2012-12-31,9777344.06
2013-01-01,19455648.94
2013-01-02,20917327.47
2013-01-03,23574140.58
2013-01-04,24149997.32
2013-01-05,30862251.26
2013-01-06,27627316.87
2013-01-07,15040290.43
2013-01-08,22580640.46
2013-01-09,29028690.28
2013-01-10,21563010.74
2013-01-11,20380945.86
2013-01-12,17785749.85
2013-01-13,13006578.38
2013-01-14,12972059.56
2013-01-15,16636313.77
2013-01-16,32012806.27
2013-01-17,29415826.56
2013-01-18,28398926.25
2013-01-19,25541680.03
2013-01-20,25156683.08
2013-01-21,17870109.6
2013-01-22,19981968.21
2013-01-23,24796201.54
2013-01-24,41546494.33
2013-01-25,28491543.15
2013-01-26,25995470.13
2013-01-27,23425804.47
2013-01-28,26028228.4
2013-01-29,32164102.21
2013-01-30,47389193.69
2013-01-31,51342229.99
2013-02-01,33669812.51
2013-02-02,35802053.47
2013-02-03,27268816.13
2013-02-04,27499999.36
2013-02-05,42801445.4
2013-02-06,40366333.49
2013-02-07,38548020.82
2013-02-08,39323671.33
2013-02-09,51054813.62
2013-02-10,41275828.97
2013-02-11,31826538.38
2013-02-12,31774281.18
2013-02-13,33109392.44
2013-02-14,29984296.9
2013-02-15,40896536.61
2013-02-16,32661732.93
2013-02-17,35161939.66
2013-02-18,30960147.69
2013-02-19,32806046.82
2013-02-20,42158051.45
2013-02-21,36427384.89
2013-02-22,33482833.07
2013-02-23,45896815.12
2013-02-24,36556283.2
2013-02-25,52496786.95
2013-02-26,56557742.81
2013-02-27,48763507
2013-02-28,47870553.96
2013-03-01,51187933.65
2013-03-02,57120393.37
2013-03-03,48939948.55
2013-03-04,30647201.94
2013-03-05,36909106.1
2013-03-06,76996429.13
2013-03-07,105471904.65
2013-03-08,66809403.09
2013-03-09,52863578.03
2013-03-10,46506829.63
2013-03-11,56925212.53
2013-03-12,48338406.69
2013-03-13,65676636.59
2013-03-14,70330653.45
2013-03-15,56054724.09
2013-03-16,259276258.86
2013-03-17,104100013.04
2013-03-18,43975854.4
2013-03-19,186553156.53
2013-03-20,112954668.23
2013-03-21,117806523.57
2013-03-22,148354158.67
2013-03-23,100503123.11
2013-03-24,91193108.73
2013-03-25,69568644.75
2013-03-26,119383702.23
2013-03-27,178776725.27
2013-03-28,202175940.85
2013-03-29,158793683.78
2013-03-30,129580875.91
2013-03-31,177477402.6
2013-04-01,144096635.22
2013-04-02,150864008.13
2013-04-03,284318439.55
2013-04-04,314757907.12
2013-04-05,321815165.82
2013-04-06,277262796.55
2013-04-07,189116209.68
2013-04-08,170928568.15
2013-04-09,284338719.61
2013-04-10,442860234.29
2013-04-11,460831757.59
2013-04-12,264005506.03
2013-04-13,168489307.35
2013-04-14,128953665.85
2013-04-15,79852159.16
2013-04-16,89812646.95
2013-04-17,117040964.19
2013-04-18,159045283.21
2013-04-19,591707917.15
2013-04-20,214881820.92
2013-04-21,134876779.14
2013-04-22,118026087.04
2013-04-23,204049544.14
2013-04-24,218982661.12
2013-04-25,321329444.64
2013-04-26,226313024.4
2013-04-27,161412772.41
2013-04-28,96536192.8
2013-04-29,82103084.72
2013-04-30,256576049.25
2013-05-01,135939239.88
2013-05-02,157946426.25
2013-05-03,93558074.44
2013-05-04,74865448.38
2013-05-05,56137388.04
2013-05-06,72324513.73
2013-05-07,98038784.9
2013-05-08,105358378.61
2013-05-09,93871152.88
2013-05-10,79594455.96
2013-05-11,105317869.3
2013-05-12,78688713.97
2013-05-13,62306949.55
2013-05-14,131873333.95
2013-05-15,88741869.03
2013-05-16,81561960.71
2013-05-17,84045791.56
2013-05-18,105399472.97
2013-05-19,88099623.82
2013-05-20,49499812.25
2013-05-21,65530831.8
2013-05-22,82069164.42
2013-05-23,89312823.36
2013-05-24,87783257.88
2013-05-25,96817234.82
2013-05-26,95645336.08
2013-05-27,51776873.86
2013-05-28,87079225.9
2013-05-29,92268731.51
2013-05-30,99851181.61
2013-05-31,78862048.13
2013-06-01,86406454.87
2013-06-02,60559340.17
2013-06-03,52664380.11
2013-06-04,94851502.53
2013-06-05,77242504.13
2013-06-06,82219647.44
2013-06-07,90269987.24
2013-06-08,74717639.9
2013-06-09,42918807.19
2013-06-10,66678964.92
2013-06-11,50355521.82
2013-06-12,63597251.11
2013-06-13,61226812.01
2013-06-14,64454570.92
2013-06-15,69882684.79
2013-06-16,41855874.69
2013-06-17,52328441.19
2013-06-18,57554854.95
2013-06-19,67849131.99
2013-06-20,62326363.6
2013-06-21,84262475.65
2013-06-22,72931613.29
2013-06-23,45617663.46
2013-06-24,33824031.96
2013-06-25,63015362.37
2013-06-26,72269047.25
2013-06-27,65845665.7
2013-06-28,54990842.77
2013-06-29,63690063.25
2013-06-30,48921400.68
2013-07-01,38254952.78
2013-07-02,75035100.24
2013-07-03,64868828.65
2013-07-04,63657865.52
2013-07-05,66348851.36
2013-07-06,72514951.62
2013-07-07,47321049.13
2013-07-08,46088053.51
2013-07-09,64586941.12
2013-07-10,86326909.22
2013-07-11,91198762.53
2013-07-12,91611973.21
2013-07-13,95632571.49
2013-07-14,79269647.32
2013-07-15,50241188.49
2013-07-16,67162791.64
2013-07-17,92735325.89
2013-07-18,97885542.2
2013-07-19,86905748.2
2013-07-20,71811429.65
2013-07-21,42711589.73
2013-07-22,42863726.94
2013-07-23,78278329.84
2013-07-24,89913810.53
2013-07-25,80998044.54
2013-07-26,74960044.63
2013-07-27,72357166.79
2013-07-28,40408350.73
2013-07-29,61787693.7
2013-07-30,69086642.83
2013-07-31,100351151.8
2013-08-01,88244622.51
2013-08-02,110062241.05
2013-08-03,91969537.19
2013-08-04,62958879.49
2013-08-05,54378707.74
2013-08-06,80723648.2
2013-08-07,76396137.2
2013-08-08,80182223.7
2013-08-09,68322064.24
2013-08-10,59997236.44
2013-08-11,47681930.43
2013-08-12,42354492.19
2013-08-13,84049747.52
2013-08-14,134302226.16
2013-08-15,137135241.97
2013-08-16,82091788.12
2013-08-17,109973198.36
2013-08-18,102720719.86
2013-08-19,83458858.18
2013-08-20,118029294.06
2013-08-21,107090426.11
2013-08-22,149090523.72
2013-08-23,88535048.5
2013-08-24,92967813.43
2013-08-25,62494093.81
2013-08-26,62032873.98
2013-08-27,81202603.69
2013-08-28,109425673.82
2013-08-29,98922550.2
2013-08-30,315446247.69
2013-08-31,104506297.45
2013-09-01,116617222.77
2013-09-02,107699967.22
2013-09-03,111852827.79
2013-09-04,122963050.11
2013-09-05,112284363.83
2013-09-06,107568788.67
2013-09-07,90397592.83
2013-09-08,70272709.33
2013-09-09,47048432.96
2013-09-10,129863554.55
2013-09-11,80023419.24
2013-09-12,105965816.26
2013-09-13,94932813.07
2013-09-14,82585780.89
2013-09-15,71431514.45
2013-09-16,50391600.83
2013-09-17,86763385.29
2013-09-18,82802419.91
2013-09-19,101017406.05
2013-09-20,107340512.79
2013-09-21,89673051.14
2013-09-22,56251455.21
2013-09-23,62110791.23
2013-09-24,125420399.05
2013-09-25,118630280
2013-09-26,107224144.44
2013-09-27,91947337.85
2013-09-28,89481834.01
2013-09-29,69689788.31
2013-09-30,71016898.74
2013-10-01,107539447.14
2013-10-02,138602943.39
2013-10-03,130961645.65
2013-10-04,115148733.78
2013-10-05,97954220.64
2013-10-06,54569094.48
2013-10-07,52946010.16
2013-10-08,88932505.48
2013-10-09,89324615.23
2013-10-10,116175702.48
2013-10-11,96846021.54
2013-10-12,106831134.74
2013-10-13,91969899.93
2013-10-14,95105934.4
2013-10-15,126369133.54
2013-10-16,133632808.83
2013-10-17,145961321.54
2013-10-18,129837525.64
2013-10-19,143739038.82
2013-10-20,171831210.29
2013-10-21,117351703.74
2013-10-22,194395563.52
2013-10-23,235399942.6
2013-10-24,217342608.99
2013-10-25,189177255
2013-10-26,499832806.07
2013-10-27,124783575.17
2013-10-28,97328716.18
2013-10-29,123478284.09
2013-10-30,342650316.82
2013-10-31,143907788.42
2013-11-01,133889898.15
2013-11-02,127431351.58
2013-11-03,132527956.79
2013-11-04,123090982.56
2013-11-05,225224794.07
2013-11-06,290647130.99
2013-11-07,247592361.18
2013-11-08,362440903.29
2013-11-09,354358566.34
2013-11-10,296425198.96
2013-11-11,260378018.46
2013-11-12,255988880.84
2013-11-13,395280295.95
2013-11-14,519702238.23
2013-11-15,474738289.99
2013-11-16,1184400663.63
2013-11-17,647215743.77
2013-11-18,583360944.7
2013-11-19,1508622648.59
2013-11-20,1156603692.25
2013-11-21,1068245806.27
2013-11-22,1560652166.3
2013-11-23,1818958347.03
2013-11-24,1155405548.42
2013-11-25,1162524995.57
2013-11-26,1239751984.6
2013-11-27,3793330424.05
2013-11-28,3053983819.61
2013-11-29,3590267201.88
2013-11-30,2842330537.07
2013-12-01,2013191617.23
2013-12-02,1417537014.5
2013-12-03,1506333142.88
2013-12-04,1233032464.97
2013-12-05,1568627453.62
2013-12-06,1478201216.67
2013-12-07,889823562.52
2013-12-08,1693624259.24
2013-12-09,998492204.45
2013-12-10,1082654149.21
2013-12-11,806415994.77
2013-12-12,969618817.77
2013-12-13,798490025.76
2013-12-14,807080642.09
2013-12-15,526032413.51
2013-12-16,366419359.38
2013-12-17,1499169441.77
2013-12-18,961661933.98
2013-12-19,1121892024.69
2013-12-20,944328323.21
2013-12-21,605996512.26
2013-12-22,592068077.26
2013-12-23,579852048.7
2013-12-24,472551020.18
2013-12-25,662612254.15
2013-12-26,527663455.02
2013-12-27,476464840.14
2013-12-28,470970858.1
2013-12-29,410388102.21
2013-12-30,625933132.44
2013-12-31,607741364.81
2014-01-01,382669368.56
2014-01-02,403923094.02
2014-01-03,602295962.5
2014-01-04,712004797.99
2014-01-05,558789522.81
2014-01-06,876063502.47
2014-01-07,937591476.32
2014-01-08,786216594.1
2014-01-09,648771842.56
2014-01-10,508118950.83
2014-01-11,495253274.93
2014-01-12,386021203.37
2014-01-13,346244064.08
2014-01-14,457215772.05
2014-01-15,606230311.71
2014-01-16,533390774.77
2014-01-17,497296150.48
2014-01-18,348814843.56
2014-01-19,293552197.71
2014-01-20,489810582.03
2014-01-21,676631470.02
2014-01-22,538815932.01
2014-01-23,417127743.51
2014-01-24,419736406.01
2014-01-25,615244429.37
2014-01-26,375701906.11
2014-01-27,356240509.74
2014-01-28,723140928.41
2014-01-29,513169465.94
2014-01-30,397709716.01
2014-01-31,433778130
2014-02-01,328367982.9
2014-02-02,395622268
2014-02-03,392480144.32
2014-02-04,396862070.45
2014-02-05,652976963.61
2014-02-06,701294061.44
2014-02-07,468989129.09
2014-02-08,640318409.17
2014-02-09,370292712.39
2014-02-10,336488648.52
2014-02-11,539884957.73
2014-02-12,453913627.81
2014-02-13,398436623.21
2014-02-14,403545934.45
2014-02-15,476481715.38
2014-02-16,620187898.75
2014-02-17,379995212.84
2014-02-18,311396771.99
2014-02-19,303040574.37
2014-02-20,294331121.6
2014-02-21,310868502.12
2014-02-22,290231384.77
2014-02-23,235410382.15
2014-02-24,245280673.35
2014-02-25,426852720.81
2014-02-26,571188529.78
2014-02-27,405556273.54
2014-02-28,337894862.46
2014-03-01,341061083.62
2014-03-02,452291158.64
2014-03-03,312577871.54
2014-03-04,713062528.05
2014-03-05,666066978.22
2014-03-06,450123622.39
2014-03-07,404882722.44
2014-03-08,1555613320.65
2014-03-09,992516833.36
2014-03-10,581443400.47
2014-03-11,956746714.8
2014-03-12,617045895.05
2014-03-13,666130368.73
2014-03-14,503343708.2
2014-03-15,372120273.58
2014-03-16,369801977.9
2014-03-17,244283347.24
2014-03-18,335459979.04
2014-03-19,1648314028.8
2014-03-20,652277038.23
2014-03-21,407529275.93
2014-03-22,329400121.03
2014-03-23,234877098.81
2014-03-24,195916055.47
2014-03-25,375190095.31
2014-03-26,314192345.62
2014-03-27,295799109.97
2014-03-28,420990755.43
2014-03-29,394971552.62
2014-03-30,204163238.95
2014-03-31,271489366.55
2014-04-01,342651957.6
2014-04-02,330352864.85
2014-04-03,333077379.91
2014-04-04,351924796.03
2014-04-05,296408784.02
2014-04-06,328431085.84
2014-04-07,203171278.95
2014-04-08,212848292.76
2014-04-09,203249193.35
2014-04-10,261741875.43
2014-04-11,333724469.62
2014-04-12,309690500.09
2014-04-13,169443185.31
2014-04-14,170059621.41
2014-04-15,284748817.87
2014-04-16,346398242.62
2014-04-17,404978298.3
2014-04-18,414142589.17
2014-04-19,367951993.42
2014-04-20,224586492.21
2014-04-21,208928622.22
2014-04-22,362006648.77
2014-04-23,432864069.07
2014-04-24,323307246.4
2014-04-25,206575632.99
2014-04-26,258190753.74
2014-04-27,149993810.29
2014-04-28,134543866.77
2014-04-29,254469582.6
2014-04-30,249399260.33
2014-05-01,219045452.95
2014-05-02,197723452.78
2014-05-03,301135329.73
2014-05-04,241064233.17
2014-05-05,195353158.81
2014-05-06,255744800.16
2014-05-07,289090271.7
2014-05-08,373017400.26
2014-05-09,599689729.5
2014-05-10,551303943.45
2014-05-11,299396006.51
2014-05-12,196897297.62
2014-05-13,237440774.56
2014-05-14,295005515.74
2014-05-15,322355127.52
2014-05-16,367218388.04
2014-05-17,285018271.55
2014-05-18,215725506.45
2014-05-19,124560885.36
2014-05-20,237197449.88
2014-05-21,717764680.25
2014-05-22,359504934.66
2014-05-23,400473963.07
2014-05-24,659800816.13
2014-05-25,486198208.7
2014-05-26,461803168.92
2014-05-27,436810510.58
2014-05-28,549562177.69
2014-05-29,501902397.09
2014-05-30,373126630.29
2014-05-31,565077966.28
2014-06-01,359886267.7
2014-06-02,471879794.84
2014-06-03,624599220.89
2014-06-04,572597175.56
2014-06-05,683758516.6
2014-06-06,608033686.65
2014-06-07,668447365.71
2014-06-08,408772712.57
2014-06-09,479928174.62
2014-06-10,245980242.07
2014-06-11,396243399.38
2014-06-12,335769045.09
2014-06-13,672471124.34
2014-06-14,430758724.38
2014-06-15,261394643.72
2014-06-16,275101941.51
2014-06-17,420850638.9
2014-06-18,287898812.39
2014-06-19,330448714.96
2014-06-20,432698395.71
2014-06-21,327321110.36
2014-06-22,270574501.97
2014-06-23,316584317.16
2014-06-24,375428913.82
2014-06-25,495083648.7
2014-06-26,283269533.83
2014-06-27,297478976.25
2014-06-28,284009511.46
2014-06-29,207004856.74
2014-06-30,221942787.4
2014-07-01,435713909.25
2014-07-02,570859729.61
2014-07-03,599385922.13
2014-07-04,373967113.81
2014-07-05,247573239.09
2014-07-06,258456228.95
2014-07-07,236844536.91
2014-07-08,293873158.01
2014-07-09,227820838.16
2014-07-10,298648597.5
2014-07-11,305442334.88
2014-07-12,266152468.98
2014-07-13,294804948.4
2014-07-14,293876463.63
2014-07-15,321402455.42
2014-07-16,352712126.08
2014-07-17,360653563.77
2014-07-18,292064471.37
2014-07-19,313789018.06
2014-07-20,188895426.99
2014-07-21,183565917.12
2014-07-22,269652791.89
2014-07-23,235660722.75
2014-07-24,250498951.55
2014-07-25,321670674.52
2014-07-26,295277298.08
2014-07-27,184673445.08
2014-07-28,150792995.42
2014-07-29,284620398.74
2014-07-30,296249595.16
2014-07-31,229109063.55
2014-08-01,249664838.29
2014-08-02,267443648.15
2014-08-03,232884753.92
2014-08-04,240509494.71
2014-08-05,252954826.89
2014-08-06,363548667.36
2014-08-07,260018759.41
2014-08-08,249769786.73
2014-08-09,198795277.1
2014-08-10,210639675.34
2014-08-11,218678435.05
2014-08-12,313795148.56
2014-08-13,418975700.48
2014-08-14,375814454.35
2014-08-15,397973803.79
2014-08-16,372329242.55
2014-08-17,338933904.53
2014-08-18,256316225.5
2014-08-19,463736794.5
2014-08-20,300308313.24
2014-08-21,280603933.92
2014-08-22,398716454.9
2014-08-23,1622793113.59
2014-08-24,351501430.9
2014-08-25,209996527.08
2014-08-26,491373338.48
2014-08-27,904018261.39
2014-08-28,726985625.57
2014-08-29,367759780.12
2014-08-30,307020986.34
2014-08-31,290284035.53
2014-09-01,262004641.81
2014-09-02,326939762.19
2014-09-03,275735462.8
2014-09-04,231085554.72
2014-09-05,216536574.5
2014-09-06,250810141.87
2014-09-07,136355666.56
2014-09-08,179060686.23
2014-09-09,238870259.74
2014-09-10,242295767.12
2014-09-11,231186766.96
2014-09-12,211066959.44
2014-09-13,213527960.63
2014-09-14,152033747.05
2014-09-15,179876226.66
2014-09-16,213282740.35
2014-09-17,206902821.64
2014-09-18,206485597.72
2014-09-19,298666431.91
2014-09-20,285434376.28
2014-09-21,306370181.63
2014-09-22,314818128.36
2014-09-23,214730227.28
2014-09-24,350605489.81
2014-09-25,370495924.64
2014-09-26,278090297.37
2014-09-27,222027679.26
2014-09-28,205322907.18
2014-09-29,181188774.19
2014-09-30,267694475.96
2014-10-01,251337335.49
2014-10-02,262671196.21
2014-10-03,224840063.25
2014-10-04,263683465.49
2014-10-05,215372708.56
2014-10-06,291451471.62
2014-10-07,381781188.42
2014-10-08,274635562.8
2014-10-09,314148762.44
2014-10-10,352898389.21
2014-10-11,353996725.99
2014-10-12,213824355.68
2014-10-13,176790824.87
2014-10-14,294705341.72
2014-10-15,363138939.36
2014-10-16,465316722.2
2014-10-17,402217210.76
2014-10-18,341383596.91
2014-10-19,232354727.88
2014-10-20,178100546.49
2014-10-21,316067878.56
2014-10-22,218218298.06
2014-10-23,327368907.25
2014-10-24,392957530.29
2014-10-25,287470846.91
2014-10-26,280679277.71
2014-10-27,305670768.9
2014-10-28,381407762.56
2014-10-29,297002408.05
2014-10-30,273163272.46
2014-10-31,241217508.56
2014-11-01,429721664.4
2014-11-02,246947064.14
2014-11-03,157411936.5
2014-11-04,349760374.58
2014-11-05,379561791.9
2014-11-06,322857815.67
2014-11-07,267729556.41
2014-11-08,281165043.28
2014-11-09,197071237.92
2014-11-10,193917969.59
2014-11-11,353574092.39
2014-11-12,251251003.89
2014-11-13,490605669.44
2014-11-14,658933416.43
2014-11-15,382641192.33
2014-11-16,298459847.07
2014-11-17,284276085.24
2014-11-18,321097499.22
2014-11-19,372005640.08
2014-11-20,369929229.8
2014-11-21,360626229.7
2014-11-22,458471537.7
2014-11-23,276698709.66
2014-11-24,223643153.73
2014-11-25,305424518.93
2014-11-26,352684499.57
2014-11-27,393270122.39
2014-11-28,363469170.88
2014-11-29,505490623.77
2014-11-30,368425611.19
2014-12-01,377900488.44
2014-12-02,494497340.2
2014-12-03,530031633.6
2014-12-04,443406908.41
2014-12-05,409103778.44
2014-12-06,417710653.59
2014-12-07,226436779.24
2014-12-08,309363051.32
2014-12-09,605724709.13
2014-12-10,405327106.04
2014-12-11,460214633.8
2014-12-12,286138117.13
2014-12-13,338110896.37
2014-12-14,239756857.85
2014-12-15,221835834.44
2014-12-16,299921926.2
2014-12-17,328571756.17
2014-12-18,357206950.79
2014-12-19,356965600.7
2014-12-20,277574697.86
2014-12-21,232654074.52
2014-12-22,312169243.04
2014-12-23,328236592.25
2014-12-24,431239369.74
2014-12-25,240766341.7
2014-12-26,275830330.83
2014-12-27,235805204.45
2014-12-28,209894325.91
2014-12-29,216162000.99
2014-12-30,252991917.72
2014-12-31,332230321.98
2015-01-01,298995070.37
2015-01-02,151252351.08
2015-01-03,235246920.34
2015-01-04,260452608.34
2015-01-05,288782104
2015-01-06,309700491.27
2015-01-07,336256231.65
2015-01-08,373568488.94
2015-01-09,399966026.31
2015-01-10,351250184.08
2015-01-11,268438197.88
2015-01-12,330459103.41
2015-01-13,277990471.24
2015-01-14,415639772.18
2015-01-15,469268439.1
2015-01-16,530787015.9
2015-01-17,408407571.79
2015-01-18,217401028.78
2015-01-19,205767212.81
2015-01-20,219501247.55
2015-01-21,301552883.27
2015-01-22,306281285.32
2015-01-23,282840846.03
2015-01-24,240919941
2015-01-25,289853869.44
2015-01-26,234137193.65
2015-01-27,583538908.02
2015-01-28,299256248.01
2015-01-29,225555240.66
2015-01-30,230217121.25
2015-01-31,202448336.38
2015-02-01,177677387.35
2015-02-02,164004612.82
2015-02-03,236242355.69
2015-02-04,294328539.89
2015-02-05,268245879.13
2015-02-06,274127159.94
2015-02-07,206475217.22
2015-02-08,144749458.54
2015-02-09,141769018.11
2015-02-10,192825633.18
2015-02-11,182217913.5
2015-02-12,194047893.28
2015-02-13,164895505.96
2015-02-14,243511390
2015-02-15,186189416.08
2015-02-16,168809749.88
2015-02-17,168918663.09
2015-02-18,194298503.43
2015-02-19,199261623.73
2015-02-20,169189086.15
2015-02-21,194328991.47
2015-02-22,148365727.94
2015-02-23,111410269.37
2015-02-24,208456376.29
2015-02-25,167910871.74
2015-02-26,193797921.77
2015-02-27,278230925.9
2015-02-28,375390344.59
2015-03-01,159223706.35
2015-03-02,332361015.54
2015-03-03,515170545.98
2015-03-04,302088522.06
2015-03-05,250710480.21
2015-03-06,288580614.9
2015-03-07,224096445.69
2015-03-08,320461659.7
2015-03-09,621138757.96
2015-03-10,331047047.12
2015-03-11,318686909.54
2015-03-12,263713919.59
2015-03-13,307702505.79
2015-03-14,271064544.02
2015-03-15,227936042.45
2015-03-16,161149081.86
2015-03-17,277058665.36
2015-03-18,221460852.66
2015-03-19,408526669.64
2015-03-20,280591996.53
2015-03-21,211191516.52
2015-03-22,171246561.26
2015-03-23,132163374.94
2015-03-24,232521897.07
2015-03-25,240603068.82
2015-03-26,265432285.43
2015-03-27,249433591.71
2015-03-28,243850728.79
2015-03-29,160491295.63
2015-03-30,141583295.91
2015-03-31,207441914.66
2015-04-01,206326004.16
2015-04-02,267998202.47
2015-04-03,194139071.54
2015-04-04,194013585.96
2015-04-05,108752994.44
2015-04-06,120849711.72
2015-04-07,185811912.88
2015-04-08,211050678.6
2015-04-09,223064419.16
2015-04-10,213087084.46
2015-04-11,236505590.03
2015-04-12,146952895.7
2015-04-13,114787592.71
2015-04-14,218593596.82
2015-04-15,212027738.12
2015-04-16,181277561.02
2015-04-17,263191459.64
2015-04-18,253938177.22
2015-04-19,172416655.84
2015-04-20,242528753.79
2015-04-21,283922564.68
2015-04-22,288889482.6
2015-04-23,308608012.61
2015-04-24,271382332.86
2015-04-25,279331761.6
2015-04-26,217986189.57
2015-04-27,247310830.2
2015-04-28,293349762.53
2015-04-29,299529118.67
2015-04-30,292173410.88
2015-05-01,277831971.49
2015-05-02,293834096.28
2015-05-03,186578190.77
2015-05-04,195574163.02
2015-05-05,300497816.61
2015-05-06,286223131.63
2015-05-07,274369274.55
2015-05-08,304767900.89
2015-05-09,265702301.89
2015-05-10,220699385.13
2015-05-11,227175483.34
2015-05-12,281774705.68
2015-05-13,252617064.33
2015-05-14,273918084.78
2015-05-15,249139250.82
2015-05-16,221395040.31
2015-05-17,178715802.22
2015-05-18,150437059.52
2015-05-19,218952127.19
2015-05-20,290319768.65
2015-05-21,245454358.77
2015-05-22,223424925.41
2015-05-23,318578640.83
2015-05-24,221943470.95
2015-05-25,170148094.49
2015-05-26,226847387.87
2015-05-27,245914277.07
2015-05-28,269682116.69
2015-05-29,237976595.63
2015-05-30,258087647.99
2015-05-31,210602388.24
2015-06-01,218320457.25
2015-06-02,344965061.85
2015-06-03,316203726.35
2015-06-04,315853763.19
2015-06-05,272914955.09
2015-06-06,319326796.13
2015-06-07,246879153.87
2015-06-08,215330394.57
2015-06-09,266668168.15
2015-06-10,293627284.45
2015-06-11,295032750.3
2015-06-12,289963003.57
2015-06-13,313806806.41
2015-06-14,249160463.9
2015-06-15,311551538.93
2015-06-16,351455119.36
2015-06-17,461426381.23
2015-06-18,470406190.63
2015-06-19,370267545.68
2015-06-20,456786817.56
2015-06-21,266430131.72
2015-06-22,239475162.01
2015-06-23,272694898.67
2015-06-24,283992415.91
2015-06-25,279581793.03
2015-06-26,232445599.65
2015-06-27,369135340.54
2015-06-28,309389519.13
2015-06-29,210180872.02
2015-06-30,342132821.03
2015-07-01,434829636.36
2015-07-02,336645026.91
2015-07-03,345021214.6
2015-07-04,327843180.75
2015-07-05,234087015.61
2015-07-06,308082764.85
2015-07-07,413808531.81
2015-07-08,337018560.92
2015-07-09,346993376.21
2015-07-10,371422016.81
2015-07-11,507909849.4
2015-07-12,371571403.18
2015-07-13,384382230.93
2015-07-14,405093163.27
2015-07-15,389073925.14
2015-07-16,355979168.08
2015-07-17,395117188.08
2015-07-18,322047159.36
2015-07-19,246103055.32
2015-07-20,212034631.77
2015-07-21,280849292.11
2015-07-22,297043178.57
2015-07-23,292946376.95
2015-07-24,320278756.79
2015-07-25,346593721.35
2015-07-26,222766823.86
2015-07-27,176461403.14
2015-07-28,297531401.34
2015-07-29,362767727.22
2015-07-30,319838346.73
2015-07-31,303400892.17
2015-08-01,291315048.29
2015-08-02,225670396.91
2015-08-03,178540376.58
2015-08-04,302131797.19
2015-08-05,337663595.73
2015-08-06,350070729.9
2015-08-07,320117465.93
2015-08-08,324492298.66
2015-08-09,338614418.25
2015-08-10,329714232.99
2015-08-11,318219314.09
2015-08-12,319544573.79
2015-08-13,365915256.33
2015-08-14,390514900.02
2015-08-15,362672500.72
2015-08-16,277543808.58
2015-08-17,284345985.07
2015-08-18,416627219.15
2015-08-19,459860606.53
2015-08-20,341453719.42
2015-08-21,375977207.11
2015-08-22,335970055.13
2015-08-23,292364053.36
2015-08-24,238763225.72
2015-08-25,446194300.69
2015-08-26,458161776.14
2015-08-27,370202806.35
2015-08-28,332200015.38
2015-08-29,387038289.89
2015-08-30,224590477.3
2015-08-31,176398663.38
2015-09-01,300466156.56
2015-09-02,333945539.58
2015-09-03,325031407.76
2015-09-04,277164391.97
2015-09-05,257082594.95
2015-09-06,223407240.99
2015-09-07,229477469.52
2015-09-08,248379018.77
2015-09-09,352873764.02
2015-09-10,306846392.66
2015-09-11,328284730.08
2015-09-12,290333416.67
2015-09-13,189870022.11
2015-09-14,196191611.17
2015-09-15,296808615.22
2015-09-16,301205506.24
2015-09-17,340091629.52
2015-09-18,296029050.21
2015-09-19,307437493.94
2015-09-20,252169635.89
2015-09-21,214463554.74
2015-09-22,369091998.44
2015-09-23,346556859.87
2015-09-24,296780048.71
2015-09-25,287360098.83
2015-09-26,321749471.34
2015-09-27,238804261.69
2015-09-28,179184828.96
2015-09-29,351573253.1
2015-09-30,407858423.18
2015-10-01,338958779.47
2015-10-02,427731836.02
2015-10-03,370913909.55
2015-10-04,231739336.61
2015-10-05,207642392.71
2015-10-06,336175681.29
2015-10-07,430403207.33
2015-10-08,364314354.5
2015-10-09,481214827.57
2015-10-10,316774976.68
2015-10-11,290180587.22
2015-10-12,247633368.73
2015-10-13,348810246.91
2015-10-14,425160692.87
2015-10-15,434554780.53
2015-10-16,498470042.18
2015-10-17,491696139.52
2015-10-18,421288738.74
2015-10-19,271895977.75
2015-10-20,396469614.43
2015-10-21,428909710.11
2015-10-22,371966760.34
2015-10-23,442589207.41
2015-10-24,392430761.21
2015-10-25,391335913.09
2015-10-26,411586180.19
2015-10-27,453929133.06
2015-10-28,539219904.22
2015-10-29,610028064.05
2015-10-30,737375195.01
2015-10-31,824266839.55
2015-11-01,625508251.91
2015-11-02,552976251.63
2015-11-03,906205912.73
2015-11-04,2706948159.93
2015-11-05,3459720749.21
2015-11-06,1438087855.93
2015-11-07,1044075355.44
2015-11-08,859505699.56
2015-11-09,756555167.7
2015-11-10,1142791024.03
2015-11-11,1015526325.85
2015-11-12,1086808717.42
2015-11-13,1006115270.19
2015-11-14,940345434.04
2015-11-15,1028585049.55
2015-11-16,691248441.97
2015-11-17,882655707.77
2015-11-18,660187354.51
2015-11-19,616895979.14
2015-11-20,648453651.84
2015-11-21,723657139.21
2015-11-22,475173503.81
2015-11-23,370219667.62
2015-11-24,438970022.05
2015-11-25,464253918.37
2015-11-26,634203774.74
2015-11-27,733595686
2015-11-28,789721589.08
2015-11-29,684456427.28
2015-11-30,512866325.69
2015-12-01,935326371.06
2015-12-02,896788060.9
2015-12-03,979422642.14
2015-12-04,750660153.53
2015-12-05,961664666.31
2015-12-06,2072234231.55
2015-12-07,1984176511.63
2015-12-08,1268922006.3
2015-12-09,1241060646.29
2015-12-10,1633694662.84
2015-12-11,1363489718.79
2015-12-12,1671983083.1
2015-12-13,1470964284.12
2015-12-14,2252832129.31
2015-12-15,2147668546.27
2015-12-16,2029977531.79
2015-12-17,2018492135.74
2015-12-18,1880558759.44
2015-12-19,1888900311.3
2015-12-20,1768943136.15
2015-12-21,1790908984.37
2015-12-22,2326966983.25
2015-12-23,2077563265.94
2015-12-24,1960839850.72
2015-12-25,2169448926.51
2015-12-26,1697966974.62
2015-12-27,1131409747.36
2015-12-28,607290365.1
2015-12-29,921628089.53
2015-12-30,919460022.08
2015-12-31,981047370.85
2016-01-01,491656124.77
2016-01-02,411313800.07
2016-01-03,442726459.72
2016-01-04,392972811.85
2016-01-05,458142885.22
2016-01-06,605681473.37
2016-01-07,587886046.75
2016-01-08,713659871.53
2016-01-09,533133321.51
2016-01-10,393846939.14
2016-01-11,507502915.23
2016-01-12,818014474.74
2016-01-13,573699166.75
2016-01-14,615857191.12
2016-01-15,504239546.77
2016-01-16,665436057.71
2016-01-17,557968786.26
2016-01-18,3951471734.52
2016-01-19,3650882305.04
2016-01-20,3500231184.11
2016-01-21,1519747179.15
2016-01-22,2112111930.85
2016-01-23,3029431053.04
2016-01-24,11590933934.53
2016-01-25,26976642132.7
2016-01-26,6844032407.94
2016-01-27,4130878547.93
2016-01-28,5877493969.86
2016-01-29,1858311343.73
2016-01-30,2713926909.26
2016-01-31,1291739905.67
2016-02-01,656586506.62
2016-02-02,2142549659.6
2016-02-03,1268852989.38
2016-02-04,581579477.93
2016-02-05,970224316.78
2016-02-06,1326011750.59
2016-02-07,1225605789.66
2016-02-08,1127091831.89
2016-02-09,987171907.36
2016-02-10,830270331.98
2016-02-11,984760620.73
2016-02-12,1021924196.44
2016-02-13,1021915077.92
2016-02-14,1018520406.72
2016-02-15,1163524828.77
2016-02-16,1564422557.59
2016-02-17,1616537089.07
2016-02-18,1658277310.21
2016-02-19,1629368258.28
2016-02-20,2028592402.67
2016-02-21,1805947781.39
2016-02-22,1868541028.4
2016-02-23,1914890139.1
2016-02-24,1716926768.68
2016-02-25,1509748367.24
2016-02-26,1331841243.25
2016-02-27,1400606277.4
2016-02-28,1085179644.49
2016-02-29,3757015249.62
2016-03-01,4321118940.43
2016-03-02,4752931957.58
2016-03-03,2417399440.89
2016-03-04,1508228180.73
2016-03-05,3032716132.35
2016-03-06,7862143465.71
2016-03-07,817233773.27
2016-03-08,1227344868.21
2016-03-09,925593030.05
2016-03-10,840031384.6
2016-03-11,1035767541.81
2016-03-12,1002198405.64
2016-03-13,755814982.13
2016-03-14,674481278.52
2016-03-15,977038527.29
2016-03-16,1494066580.13
2016-03-17,5493345509.95
2016-03-18,3255366042.54
2016-03-19,2141429860.66
2016-03-20,897912170.75
2016-03-21,717302373.8
2016-03-22,845602374.3
2016-03-23,926145793.9
2016-03-24,880661309.09
2016-03-25,962271326.19
2016-03-26,856641847.45
2016-03-27,629341263.91
2016-03-28,731483896.51
2016-03-29,898455884.34
2016-03-30,910774225.31
2016-03-31,824350557.41
2016-04-01,907088786.93
2016-04-02,875316122.55
2016-04-03,755152716.1
2016-04-04,631613051.03
2016-04-05,899603208.83
2016-04-06,961086613.34
2016-04-07,1017451796.84
2016-04-08,1184494881.16
2016-04-09,1099659168.57
2016-04-10,939384393.46
2016-04-11,846802753.72
2016-04-12,1109778520.37
2016-04-13,1461616457.13
2016-04-14,1370031741.98
2016-04-15,1269289847.98
2016-04-16,1652251705.3
2016-04-17,1291529768.04
2016-04-18,1140627481.55
2016-04-19,1722978219.89
2016-04-20,1615225451.99
2016-04-21,1757592917.31
2016-04-22,2294209394.95
2016-04-23,2382393676.94
2016-04-24,1477823759.94
2016-04-25,1015980474.87
2016-04-26,1264098721.3
2016-04-27,1277920606.37
2016-04-28,1166193665.33
2016-04-29,1164131804.52
2016-04-30,1145284083.75
2016-05-01,859474387.01
2016-05-02,822897284.9
2016-05-03,1091241638.89
2016-05-04,1010588913.01
2016-05-05,1039269393.22
2016-05-06,964203726.57
2016-05-07,1114046587.33
2016-05-08,812992434.02
2016-05-09,726613645.63
2016-05-10,964125435.73
2016-05-11,1018176644.56
2016-05-12,1136075091.14
2016-05-13,1031705490.18
2016-05-14,1153400094.34
2016-05-15,869459089.49
2016-05-16,965623217.35
2016-05-17,1195698001.9
2016-05-18,1265193243.08
2016-05-19,1023217139.96
2016-05-20,1087171954.96
2016-05-21,950354528.99
2016-05-22,678884528.97
2016-05-23,670303340.54
2016-05-24,964844464.61
2016-05-25,1112834125.63
2016-05-26,1501453160.66
2016-05-27,1681345159.6
2016-05-28,1985260666.85
2016-05-29,1859908941.95
2016-05-30,1548652580.66
2016-05-31,1124131473.71
2016-06-01,1370446330.2
2016-06-02,1247094938.02
2016-06-03,1273741234.55
2016-06-04,1073829307.53
2016-06-05,852704058.4
2016-06-06,1060879225.43
2016-06-07,1149875076.95
2016-06-08,1275887487.88
2016-06-09,1138203525.38
2016-06-10,1196179527.69
2016-06-11,1320524216.2
2016-06-12,1185143547.47
2016-06-13,1932804157
2016-06-14,1856750289.87
2016-06-15,1594675751.8
2016-06-16,1656673536.15
2016-06-17,2129792400.02
2016-06-18,2013338881.85
2016-06-19,1804198250.96
2016-06-20,1488824304.01
2016-06-21,1933794873.16
2016-06-22,1924338533.98
2016-06-23,1719673232.23
2016-06-24,1863385708.06
2016-06-25,1854817305.04
2016-06-26,1403460511.55
2016-06-27,1126910450.41
2016-06-28,1439559462.19
2016-06-29,1179683186.19
2016-06-30,1294841021.39
2016-07-01,1369743089.31
2016-07-02,1376114086.57
2016-07-03,1463726173.35
2016-07-04,1184224481.61
2016-07-05,1762799737.5
2016-07-06,1356258444.8
2016-07-07,1407529010.97
2016-07-08,1792075212.54
2016-07-09,1479684577.49
2016-07-10,1214055538.04
2016-07-11,977445527.87
2016-07-12,1451595723.34
2016-07-13,1538915924.77
2016-07-14,1514207357.25
2016-07-15,1403626011.1
2016-07-16,2187637119.28
2016-07-17,1326185838.95
2016-07-18,1369444115.23
2016-07-19,1509679987.64
2016-07-20,1709506760.87
2016-07-21,1619826440.56
2016-07-22,1485623787.05
2016-07-23,1582861459.36
2016-07-24,1202614626.8
2016-07-25,1221753361.33
2016-07-26,1247169549.25
2016-07-27,1501481346.45
2016-07-28,1620768112.78
2016-07-29,1635432052.15
2016-07-30,1391684192.16
2016-07-31,1216324632.67
2016-08-01,1202487898.95
2016-08-02,1019224031.52
2016-08-03,2000386961.48
2016-08-04,1372690648.71
2016-08-05,1726398455.89
2016-08-06,1337595756.75
2016-08-07,916225933.01
2016-08-08,1041853919.4
2016-08-09,1154682149.51
2016-08-10,1317059592.14
2016-08-11,1295540998.46
2016-08-12,1326659982.91
2016-08-13,1117065058.73
2016-08-14,1221958752.05
2016-08-15,955252440.34
2016-08-16,1200346009.92
2016-08-17,1574847486.17
2016-08-18,1124603424.78
2016-08-19,1329273236.53
2016-08-20,1360165769.62
2016-08-21,1250682211.82
2016-08-22,760348393.21
2016-08-23,1134273062.3
2016-08-24,1224005456.94
2016-08-25,1221278313.62
2016-08-26,1246322514.03
2016-08-27,1188094992.16
2016-08-28,823723477.41
2016-08-29,749863316.63
2016-08-30,1005983931.8
2016-08-31,1027269023.19
2016-09-01,1024531058.73
2016-09-02,999126070.25
2016-09-03,929281385.06
2016-09-04,783187454.32
2016-09-05,677263913.3
2016-09-06,1098486318.51
2016-09-07,921442791.03
2016-09-08,996430744.7
2016-09-09,1017593311.58
2016-09-10,1072043665.41
2016-09-11,934536217.69
2016-09-12,915115961.48
2016-09-13,1023699898.89
2016-09-14,1203334064.26
2016-09-15,1134873246.63
2016-09-16,968953538.47
2016-09-17,1132958772.53
2016-09-18,903458107.32
2016-09-19,983319484.06
2016-09-20,1278360755.08
2016-09-21,1364964077.75
2016-09-22,1107549576.69
2016-09-23,1422376446.25
2016-09-24,1335348289.39
2016-09-25,1176367231.01
2016-09-26,1109867504.21
2016-09-27,1391828780.83
2016-09-28,1066228111.44
2016-09-29,1536279393.88
2016-09-30,1086709259.29
2016-10-01,1512527750.46
2016-10-02,950638211.07
2016-10-03,852040686.89
2016-10-04,1217825553.03
2016-10-05,1210792404.25
2016-10-06,1352755726.62
2016-10-07,1391137460.96
2016-10-08,1476743465.36
2016-10-09,1448204639.65
2016-10-10,1731090426.07
2016-10-11,1548560780.04
2016-10-12,1833903194.46
2016-10-13,1724622306.3
2016-10-14,1309934590.3
2016-10-15,1319478921.11
2016-10-16,2203937434.2
2016-10-17,1554645380.64
2016-10-18,1178514899.99
2016-10-19,1609982240.84
2016-10-20,1204246235.15
2016-10-21,1627112715.57
2016-10-22,1923635645.67
2016-10-23,875127739.05
2016-10-24,1311615542.19
2016-10-25,2405607764.37
2016-10-26,2036116551.89
2016-10-27,1514979321.25
2016-10-28,2340629167.83
2016-10-29,1048938853.9
2016-10-30,1112293516.87
2016-10-31,899647577.2
2016-11-01,1310759415.88
2016-11-02,1364149101.89
2016-11-03,3588489946.53
2016-11-04,4821902301.47
2016-11-05,4081658059.15
2016-11-06,4053543892.7
2016-11-07,3793722406.61
2016-11-08,3159040881.03
2016-11-09,2475160317.45
2016-11-10,1929331106.59
2016-11-11,1223375316.4
2016-11-12,1014958039.13
2016-11-13,676287238.76
2016-11-14,764212023.85
2016-11-15,1107893821.22
2016-11-16,1285471724.75
2016-11-17,1451942669.19
2016-11-18,1185531830.23
2016-11-19,1184532702.1
2016-11-20,828358448.46
2016-11-21,909166466.51
2016-11-22,1127563066.63
2016-11-23,1264634994.32
2016-11-24,1300858603.38
2016-11-25,1333791787.81
2016-11-26,1080453203.74
2016-11-27,866732110.52
2016-11-28,731673758.36
2016-11-29,1101857366.47
2016-11-30,1015689396.63
2016-12-01,1013909047.11
2016-12-02,1159295937.25
2016-12-03,1369752715.55
2016-12-04,941347869.02
2016-12-05,703417874.29
2016-12-06,1315044870.98
2016-12-07,1236124358.13
2016-12-08,1184949647.47
2016-12-09,1106713736.11
2016-12-10,1168688823.23
2016-12-11,873401785.86
2016-12-12,809642039.42
2016-12-13,1331992690.5
2016-12-14,1228054165.08
2016-12-15,1300757596.88
2016-12-16,1575970983.55
2016-12-17,1476740822.64
2016-12-18,1031722838.09
2016-12-19,1126650934.23
2016-12-20,1463109144.55
2016-12-21,1563458356.39
2016-12-22,2339696429.96
2016-12-23,2147412257.5
2016-12-24,2407666515.91
2016-12-25,1318030825.24
2016-12-26,970329724.46
2016-12-27,1420246628.26
2016-12-28,2052179007.75
2016-12-29,2004164300.27
2016-12-30,1757923318.29
2016-12-31,2075279490.26
2017-01-01,1330499207.62
2017-01-02,1062685316.18
2017-01-03,1600264516.81
2017-01-04,2104183243.89
2017-01-05,2621703352.94
2017-01-06,3014726924.27
2017-01-07,2739374570.72
2017-01-08,1928987997.65
2017-01-09,1512656763.82
2017-01-10,1912045284.08
2017-01-11,2094375212.24
2017-01-12,3200958835.9
2017-01-13,2782413949.33
2017-01-14,1942281455.93
2017-01-15,1252243759.83
2017-01-16,1404239927.43
2017-01-17,1759788944.92
2017-01-18,2071433460.95
2017-01-19,1772122376.83
2017-01-20,2246181127.84
2017-01-21,2366698752.09
2017-01-22,1336884158.34
2017-01-23,1049767193.95
2017-01-24,1404956101.71
2017-01-25,1767936170.38
2017-01-26,1721383584.29
2017-01-27,1961605455.6
2017-01-28,1588924715.75
2017-01-29,1146880936.26
2017-01-30,1260788773.05
2017-01-31,1359883411.02
2017-02-01,1682767167.13
2017-02-02,2035081262.91
2017-02-03,1904763825.93
2017-02-04,2431886949.75
2017-02-05,2166249634.64
2017-02-06,1865554223.29
2017-02-07,1714339709.55
2017-02-08,2145256815.85
2017-02-09,2035338518.79
2017-02-10,3218049583.67
2017-02-11,2635770834.7
2017-02-12,1432785957.12
2017-02-13,918825331.24
2017-02-14,1590122366.46
2017-02-15,1946784279.47
2017-02-16,1757546081.65
2017-02-17,3174394291.79
2017-02-18,2567133863.4
2017-02-19,1347080348.92
2017-02-20,1442758117.01
2017-02-21,1696987843.37
2017-02-22,1977596378.66
2017-02-23,3051186302.62
2017-02-24,3712089211.69
2017-02-25,2214165808.67
2017-02-26,1392287635.57
2017-02-27,1398555988.86
2017-02-28,2217434572.32
2017-03-01,2306475263.18
2017-03-02,3062223768.55
2017-03-03,3501649361.95
2017-03-04,5787498816.43
2017-03-05,2465177686.86
2017-03-06,1597277800.36
2017-03-07,2405777520.66
2017-03-08,2600802736.08
2017-03-09,3169395128.15
2017-03-10,6750575717.3
2017-03-11,2998038262.47
2017-03-12,1963014099.29
2017-03-13,1421505599.14
2017-03-14,2638183194.23
2017-03-15,3301698167.74
2017-03-16,2909756228.6
2017-03-17,3955039085.87
2017-03-18,3438971957.46
2017-03-19,2521486904.32
2017-03-20,6667771263.15
2017-03-21,3270397705.89
2017-03-22,7215290853.49
2017-03-23,5084155069.5
2017-03-24,2486164900.31
2017-03-25,3971873425.82
2017-03-26,2946609058.58
2017-03-27,1648317359.08
2017-03-28,2500287563.1
2017-03-29,2353458171.72
2017-03-30,1867145341.61
2017-03-31,2281345932.5
2017-04-01,3786623686.83
2017-04-02,3462075949.8
2017-04-03,4076547684.11
2017-04-04,4917161287.46
2017-04-05,2742035590.35
2017-04-06,2528146455.4
2017-04-07,2446705478.22
2017-04-08,7540129917.31
2017-04-09,11298848556.06
2017-04-10,1610960641.88
2017-04-11,2534588775.53
2017-04-12,2461716630.84
2017-04-13,2511233260.31
2017-04-14,2531717621.35
2017-04-15,2576574333.94
2017-04-16,1893091038.6
2017-04-17,2280876041.17
2017-04-18,2982389347.26
2017-04-19,2992400820.04
2017-04-20,2745034843.74
2017-04-21,2765363428.17
2017-04-22,2802366537.73
2017-04-23,2202590556.55
2017-04-24,1963478882.25
2017-04-25,2506476258.5
2017-04-26,4129186678.77
2017-04-27,3133095784.06
2017-04-28,3546861029.11
2017-04-29,3261601780.4
2017-04-30,2769728932.01
2017-05-01,2411009723.17
2017-05-02,3614609458.29
2017-05-03,3650846038.64
2017-05-04,3929122146.04
2017-05-05,4485477540.71
2017-05-06,4366019352.39
2017-05-07,4260700726.73
2017-05-08,3443492548.81
2017-05-09,6460900132.44
2017-05-10,5456335653.02
2017-05-11,6709286425.4
2017-05-12,5537039655.71
2017-05-13,5165652706.73
2017-05-14,5324926063.78
2017-05-15,4535424606.44
2017-05-16,5325626302.1
2017-05-17,4935927229.63
2017-05-18,7301555467.39
2017-05-19,6131986457.44
2017-05-20,5572415305.48
2017-05-21,5773176742.58
2017-05-22,4655229385.17
2017-05-23,7240427937.29
2017-05-24,9300605140.58
2017-05-25,8656823110.01
2017-05-26,8382420953.55
2017-05-27,6184433654.25
2017-05-28,5406204434.66
2017-05-29,6051565017.09
2017-05-30,5721124752.91
2017-05-31,8591793404.49
2017-06-01,7578662995.7
2017-06-02,8110852630.66
2017-06-03,7028817631.34
2017-06-04,8243755132.4
2017-06-05,9002763349.95
2017-06-06,8770812971
2017-06-07,7051573111.77
2017-06-08,7166802364.46
2017-06-09,6784130105.28
2017-06-10,7382956573.68
2017-06-11,6993447587.46
2017-06-12,6894795958.8
2017-06-13,7675600374.06
2017-06-14,8908804546.02
2017-06-15,8105133546.26
2017-06-16,7295282543.49
2017-06-17,8724490859.8
2017-06-18,6006505781.78
2017-06-19,5892520151.78
2017-06-20,7944229724.44
2017-06-21,8143689289.85
2017-06-22,9960201387.39
2017-06-23,8687707619.44
2017-06-24,6773550593.77
2017-06-25,5397915886.85
2017-06-26,5165065340.77
2017-06-27,8839930128.11
2017-06-28,7097560601.55
2017-06-29,7011772107.59
2017-06-30,8125533234.96
2017-07-01,8759522088.04
2017-07-02,5431443401.35
2017-07-03,4565103772.33
2017-07-04,7134416923.16
2017-07-05,5940127585.3
2017-07-06,6505682116.48
2017-07-07,5923822705.59
2017-07-08,6108975283.06
2017-07-09,7083787336.31
2017-07-10,5609748148.26
2017-07-11,7789662042.33
2017-07-12,6688768707.79
2017-07-13,6330899123.6
2017-07-14,5823631963.22
2017-07-15,5772849828.18
2017-07-16,3851664350.86
2017-07-17,3963518054.13
2017-07-18,5945577490.18
2017-07-19,6047777032.44
2017-07-20,5671145479.64
2017-07-21,6677649777.37
2017-07-22,6014640202.7
2017-07-23,4903278684.46
2017-07-24,4483695618.07
2017-07-25,6634846057.1
2017-07-26,18994102630.1
2017-07-27,8900598052.65
2017-07-28,6713077506.37
2017-07-29,12005224904.15
2017-07-30,11782542543.23
2017-07-31,23484420453.44
2017-08-01,8270838570.14
2017-08-02,7191857450.18
2017-08-03,7712397236.97
2017-08-04,5987750351.34
2017-08-05,6712453505.8
2017-08-06,6250446683.02
2017-08-07,5730841055.39
2017-08-08,8188000552.74
2017-08-09,9046357885.13
2017-08-10,8218200894.12
2017-08-11,9758285088.89
2017-08-12,11589588938.71
2017-08-13,9435047464.62
2017-08-14,9048782722.16
2017-08-15,12236383169.53
2017-08-16,11299086467.45
2017-08-17,12958795203.03
2017-08-18,11577987085.98
2017-08-19,10847625961.34
2017-08-20,9818077816.9
2017-08-21,7614024668.35
2017-08-22,9887753541.34
2017-08-23,7550259589.91
2017-08-24,9716054022.31
2017-08-25,7087540721.86
2017-08-26,6344587249.75
2017-08-27,5928981645.41
2017-08-28,5553226823.49
2017-08-29,7644748846.55
2017-08-30,8930577402.85
2017-08-31,7699030929.9
2017-09-01,8433292299.52
2017-09-02,8573628422.49
2017-09-03,7439039303.06
2017-09-04,6547624487.8
2017-09-05,10266742772.07
2017-09-06,28722335151.02
2017-09-07,11553541343.2
2017-09-08,10372653501.2
2017-09-09,9059425349.84
2017-09-10,7922966788.11
2017-09-11,6886847275.69
2017-09-12,11395096992.34
2017-09-13,9972479120.18
2017-09-14,10816413232.29
2017-09-15,10885782895.17
2017-09-16,12800116178.35
2017-09-17,8191129028.4
2017-09-18,6421797494.57
2017-09-19,9592737756.48
2017-09-20,7477118199.39
2017-09-21,7632222943.3
2017-09-22,7020663870.99
2017-09-23,6508037703.96
2017-09-24,5003455615.19
2017-09-25,4375389329.12
2017-09-26,7634897075.5
2017-09-27,8003401468.65
2017-09-28,9475497036.62
2017-09-29,9482219077.75
2017-09-30,8114927561.6
2017-10-01,7168909169.27
2017-10-02,6353657892.23
2017-10-03,8615694810.42
2017-10-04,6980282935.15
2017-10-05,6215796467.27
2017-10-06,7211805038.23
2017-10-07,6206333046.8
2017-10-08,4367047473
2017-10-09,6409433278.7
2017-10-10,11707816804.34
2017-10-11,9456735337.19
2017-10-12,8748039769.3
2017-10-13,10829562112.54
2017-10-14,10953074068.1
2017-10-15,8800371148.5
2017-10-16,7419375336.36
2017-10-17,11367854843.43
2017-10-18,15933640867.79
2017-10-19,11526872412.63
2017-10-20,10849858358.62
2017-10-21,11400263845.16
2017-10-22,9260520950.57
2017-10-23,9544203816.2
2017-10-24,17403503596.03
2017-10-25,14060804575.58
2017-10-26,11204767846.09
2017-10-27,11019819448.37
2017-10-28,11065542786.26
2017-10-29,8136933509
2017-10-30,10245070147.63
2017-10-31,10974461965.03
2017-11-01,12714499691.65
2017-11-02,14666136936.83
2017-11-03,15588423949.69
2017-11-04,21860347718.76
2017-11-05,44257225573.78
2017-11-06,43965646015.59
2017-11-07,18808576877.91
2017-11-08,26174727857.75
2017-11-09,30224224345.34
2017-11-10,16178964905.32
2017-11-11,15124505680.01
2017-11-12,10851564288
2017-11-13,12537731444.91
2017-11-14,28450902009.71
2017-11-15,25442226164.8
2017-11-16,24777957970.25
2017-11-17,29701189960.08
2017-11-18,29438371058.58
2017-11-19,20529876057.39
2017-11-20,44885404179.4
2017-11-21,33599850823.48
2017-11-22,29901116959.91
2017-11-23,28425142423.65
2017-11-24,27692326792.64
2017-11-25,21625787844.55
2017-11-26,25209587794.74
2017-11-27,18858458691.66
2017-11-28,23788028946.39
2017-11-29,28761062678.61
2017-11-30,31512820708.3
2017-12-01,26449078466.77
2017-12-02,24846195174.8
2017-12-03,23227859438.6
2017-12-04,21038032797.97
2017-12-05,30803953821.68
2017-12-06,35308557254.34
2017-12-07,47547303691.2
2017-12-08,55544213309.1
2017-12-09,39181975056.09
2017-12-10,41597582877.55
2017-12-11,29607954203.82
2017-12-12,47312449487.92
2017-12-13,55629155633.51
2017-12-14,52877604597
2017-12-15,49271676846.85
2017-12-16,47780285351.44
2017-12-17,46037180626.46
2017-12-18,44542282166.67
2017-12-19,58037945004.8
2017-12-20,33389800794.01
2017-12-21,37365424471.98
2017-12-22,27540847675.62
2017-12-23,26947125209.59
2017-12-24,25431448119.87
2017-12-25,19668384395.48
2017-12-26,25285979464.42
2017-12-27,34522371903.17
2017-12-28,35965055516.19
2017-12-29,29524351179.11
2017-12-30,33537559914.42
2017-12-31,27873913062.63
2018-01-01,23235122411.56
2018-01-02,22233016215.9
2018-01-03,37740498054.42
2018-01-04,41959394147.29
2018-01-05,41942150874.28
2018-01-06,49600057583.26
2018-01-07,50410622281.12
2018-01-08,45053268741.59
2018-01-09,36988720937.1
2018-01-10,31829796650.51
2018-01-11,32168227257.7
2018-01-12,24385735492.23
2018-01-13,24618276186.28
2018-01-14,19299902205.39
2018-01-15,17308606364.13
2018-01-16,20379735958.79
2018-01-17,33832134568.34
2018-01-18,26871214769.2
2018-01-19,24950468448.62
2018-01-20,21744315579.29
2018-01-21,18035940881.45
2018-01-22,12921480376.72
2018-01-23,16729650073.73
2018-01-24,16465618980.29
2018-01-25,17084137156.6
2018-01-26,15302252815.27
2018-01-27,18722109986.85
2018-01-28,15446578111.74
2018-01-29,36997358897.86
2018-01-30,21031605622.74
2018-01-31,23682517677.25
2018-02-01,19517329722.37
2018-02-02,18497064592.44
2018-02-03,12983251082.91
2018-02-04,8104366558.32
2018-02-05,7994895165.9
2018-02-06,13136517456.95
2018-02-07,14804751091.51
2018-02-08,8628413579.51
2018-02-09,9887161098.21
2018-02-10,10011374516.02
2018-02-11,12935790828.62
2018-02-12,11254808364.56
2018-02-13,14757119167.44
2018-02-14,12161909261.94
2018-02-15,14236762425.51
2018-02-16,14071112557.56
2018-02-17,10893361222.41
2018-02-18,16135677115.09
2018-02-19,17286255227.48
2018-02-20,20372048314.06
2018-02-21,13656538341.01
2018-02-22,14157780940.46
2018-02-23,14344620925.93
2018-02-24,10009403464.15
2018-02-25,7045845410.39
2018-02-26,5724787655.82
2018-02-27,8846850373.43
2018-02-28,9827937803.93
2018-03-01,14659462247.01
2018-03-02,14271819423.97
2018-03-03,10804377819.44
2018-03-04,8861836259.35
2018-03-05,6814049834.94
2018-03-06,10741977438.27
2018-03-07,10196797552.95
2018-03-08,9228556586.88
2018-03-09,9045565246.61
2018-03-10,11320973608.64
2018-03-11,5703200876.43
2018-03-12,7261189474.66
2018-03-13,9624504518.5
2018-03-14,14248787464.94
2018-03-15,8670988666.2
2018-03-16,15902622389.15
2018-03-17,8686536159.41
2018-03-18,19023125214.96
2018-03-19,13453266888.6
2018-03-20,11421028623.83
2018-03-21,9769961159.88
2018-03-22,8613070947.39
2018-03-23,9239613885.34
2018-03-24,8743026649.1
2018-03-25,6986550315.43
2018-03-26,6655241067.45
2018-03-27,14277710046.25
2018-03-28,7796103033.04
2018-03-29,9272657656.4
2018-03-30,6202780674.12
2018-03-31,8549891512.38
2018-04-01,6174767200.21
2018-04-02,5975183175.5
2018-04-03,9913512385.38
2018-04-04,10081830037.51
2018-04-05,9443989408.65
2018-04-06,6997821740.57
2018-04-07,8236602075.5
2018-04-08,5177338839.46
2018-04-09,5458009846.82
2018-04-10,7785217137.99
2018-04-11,6582616262.45
2018-04-12,6777633925.92
2018-04-13,17213149392.54
2018-04-14,9602403262.29
2018-04-15,5596230907.74
2018-04-16,6593636535.58
2018-04-17,10523071375.39
2018-04-18,9952870052.78
2018-04-19,8598950508.67
2018-04-20,11153350181.76
2018-04-21,13666211322.4
2018-04-22,8039392859.29
2018-04-23,6516025032.25
2018-04-24,9709066763.91
2018-04-25,17462397729.05
2018-04-26,17324528483.18
2018-04-27,9935884561.71
2018-04-28,14588849558.02
2018-04-29,16049980994.21
2018-04-30,15472564814.83
2018-05-01,11039291850.7
2018-05-02,9260526109.33
2018-05-03,9721648382.26
2018-05-04,13089097414.17
2018-05-05,13401291281.5
2018-05-06,9902368367.35
2018-05-07,10720523519.91
2018-05-08,12736826236.31
2018-05-09,9792299020.26
2018-05-10,9710754000.39
2018-05-11,11324911921.03
2018-05-12,10565463742.23
2018-05-13,8462135207.58
2018-05-14,7409611644.44
2018-05-15,10995339278.32
2018-05-16,8732341374.23
2018-05-17,9813594353.86
2018-05-18,8551498439.66
2018-05-19,9401738606.48
2018-05-20,5813441703.19
2018-05-21,6316369343.1
2018-05-22,6879424652.35
2018-05-23,7560616039.34
2018-05-24,8157248722.1
2018-05-25,8906430248.68
2018-05-26,7087157191.05
2018-05-27,4403547768.7
2018-05-28,6002841224.79
2018-05-29,9391922750.98
2018-05-30,9593014774.67
2018-05-31,9402417482.72
2018-06-01,10113128280.56
2018-06-02,8897218032.52
2018-06-03,7306162435.08
2018-06-04,7337965849.52
2018-06-05,10982401516.46
2018-06-06,9410812243.75
2018-06-07,8746884455.51
2018-06-08,9362244625.91
2018-06-09,10701809744.49
2018-06-10,7316448145.84
2018-06-11,9102627455.1
2018-06-12,11535945584.83
2018-06-13,9382429947.37
2018-06-14,11748904242.69
2018-06-15,12416206512.44
2018-06-16,10793940136.04
2018-06-17,5127242823.54
2018-06-18,4413735214.84
2018-06-19,7038908611.1
2018-06-20,9924701664.54
2018-06-21,7846112676.56
2018-06-22,6203039594.67
2018-06-23,11523911663.15
2018-06-24,8480255545.07
2018-06-25,5656151632.04
2018-06-26,8113819212.72
2018-06-27,5145651599.67
2018-06-28,6147235404.17
2018-06-29,5699845557.43
2018-06-30,6417090987.08
2018-07-01,4597383126.35
2018-07-02,5398493900.23
2018-07-03,6748622698.34
2018-07-04,6868039417.75
2018-07-05,5805374596.27
2018-07-06,6874537946.66
2018-07-07,6288402503.86
2018-07-08,3955295880.38
2018-07-09,5163515942.83
2018-07-10,6903967596.68
2018-07-11,7368215889.72
2018-07-12,5325731572.9
2018-07-13,5304252148.48
2018-07-14,5490308582.24
2018-07-15,4526175430.61
2018-07-16,4658060556.33
2018-07-17,8386039513.13
2018-07-18,7706801775.02
2018-07-19,8154333660.88
2018-07-20,7216715664.85
2018-07-21,6755888561.72
2018-07-22,4785777112.21
2018-07-23,4278466305.38
2018-07-24,7503037937.92
2018-07-25,9956487600.53
2018-07-26,8192661190.26
2018-07-27,6838772441.95
2018-07-28,8037123412.78
2018-07-29,5235229393.64
2018-07-30,5521810258.04
2018-07-31,7162945671.25
2018-08-01,6649492161.14
2018-08-02,6881338817.8
2018-08-03,6831986089.22
2018-08-04,7388519420.98
2018-08-05,6801894042.45
2018-08-06,7337216581.62
2018-08-07,8660195950.73
2018-08-08,7803545030.86
2018-08-09,7980857758.4
2018-08-10,7375794121.04
2018-08-11,5918478699.56
2018-08-12,4969399918.65
2018-08-13,3926785924.01
2018-08-14,5609836362.79
2018-08-15,7450741197.3
2018-08-16,6576235846.16
2018-08-17,5814976685.28
2018-08-18,5628697278.65
2018-08-19,4115936647.22
2018-08-20,3822537289.4
2018-08-21,5449727259.89
2018-08-22,6765787540.26
2018-08-23,5618706720.09
2018-08-24,5689690429.03
2018-08-25,5143591065.5
2018-08-26,4340922338.42
2018-08-27,3385533261.25
2018-08-28,6892795865.13
2018-08-29,13441429533.96
2018-08-30,6217753218.26
2018-08-31,5958814572.46
2018-09-01,10938301512.99
2018-09-02,6254807292.85
2018-09-03,5981026988.45
2018-09-04,6707668696.81
2018-09-05,7160244630.66
2018-09-06,6265039148.06
2018-09-07,8175568209.71
2018-09-08,6967291523.7
2018-09-09,4392101847.91
2018-09-10,4483673641.48
2018-09-11,5425020883.33
2018-09-12,5739164010.37
2018-09-13,5588774332.7
2018-09-14,7427433345.18
2018-09-15,4761911649.85
2018-09-16,4780799939.07
2018-09-17,4579338085.26
2018-09-18,6509258778.04
2018-09-19,6472830502.75
2018-09-20,6145879822.2
2018-09-21,5984503831.82
2018-09-22,7900738168.94
2018-09-23,4838174827.34
2018-09-24,3702092745.05
2018-09-25,5015795861.61
2018-09-26,8832171382.93
2018-09-27,6878401872.92