Date,Quarterly Hash Growth
2009-01-10,0
2009-01-11,-84.7634
2009-01-12,-78.0339
2009-01-13,-74.5739
2009-01-14,-70.2886
2009-01-15,-67.0508
2009-01-16,-64.9013
2009-01-17,-60.0583
2009-01-18,-57.4463
2009-01-19,-56.6845
2009-01-20,-55.5417
2009-01-21,-56.0315
2009-01-22,-57.5007
2009-01-23,-59.4053
2009-01-24,-60.7113
2009-01-25,-55.705
2009-01-26,-51.134
2009-01-27,-52.1679
2009-01-28,-53.093
2009-01-29,-52.5488
2009-01-30,-50.9163
2009-01-31,-49.1206
2009-02-01,-52.5488
2009-02-02,-56.7933
2009-02-03,-55.052
2009-02-04,-52.7665
2009-02-05,-52.3855
2009-02-06,-52.1135
2009-02-07,-51.8414
2009-02-08,-52.3311
2009-02-09,-51.2972
2009-02-10,-50.9707
2009-02-11,-52.0046
2009-02-12,-51.2428
2009-02-13,-51.6237
2009-02-14,-51.5149
2009-02-15,-51.134
2009-02-16,-51.3516
2009-02-17,-52.0046
2009-02-18,-52.1679
2009-02-19,-52.9841
2009-02-20,-52.712
2009-02-21,-52.8209
2009-02-22,-54.018
2009-02-23,-54.399
2009-02-24,-55.1608
2009-02-25,-55.7594
2009-02-26,-56.4668
2009-02-27,-57.3919
2009-02-28,-57.7728
2009-03-01,-58.589
2009-03-02,-59.4597
2009-03-03,-59.4597
2009-03-04,-59.5141
2009-03-05,-59.5685
2009-03-06,-59.2964
2009-03-07,-59.1876
2009-03-08,-58.6434
2009-03-09,-58.0993
2009-03-10,-58.0993
2009-03-11,-57.9904
2009-03-12,-57.4463
2009-03-13,-57.1198
2009-03-14,-57.3374
2009-03-15,-57.283
2009-03-16,-56.8477
2009-03-17,-56.1403
2009-03-18,-55.7594
2009-03-19,-55.7594
2009-03-20,-55.5417
2009-03-21,-55.2696
2009-03-22,-58.5346
2009-03-23,-58.7523
2009-03-24,-58.2625
2009-03-25,-58.7523
2009-03-26,-58.589
2009-03-27,-58.8611
2009-03-28,-59.5141
2009-03-29,-55.7594
2009-03-30,-55.9226
2009-03-31,-56.4668
2009-04-01,-56.1947
2009-04-02,-56.358
2009-04-03,-56.4668
2009-04-04,-55.9226
2009-04-05,-56.2491
2009-04-06,-55.4873
2009-04-07,-56.0859
2009-04-08,-56.63
2009-04-09,-57.1198
2009-04-10,-57.9904
2009-04-11,172.857
2009-04-12,90.9992
2009-04-13,62.4398
2009-04-14,40.1099
2009-04-15,30.3055
2009-04-16,23.5659
2009-04-17,11.8529
2009-04-18,5.49872
2009-04-19,4.39699
2009-04-20,1.83599
2009-04-21,3.46535
2009-04-22,6.91421
2009-04-23,13.0027
2009-04-24,10.1108
2009-04-25,-1.9656
2009-04-26,-12.0267
2009-04-27,-10.9215
2009-04-28,-10.9049
2009-04-29,-12.6147
2009-04-30,-14.745
2009-05-01,-11.7647
2009-05-02,-4.70183
2009-05-03,5.66751
2009-05-04,0.847458
2009-05-05,-1.26728
2009-05-06,2.22045e-14
2009-05-07,0.227273
2009-05-08,-1.35593
2009-05-09,-1.94064
2009-05-10,-9.38548
2009-05-11,-12.3196
2009-05-12,-11.3379
2009-05-13,-13.2812
2009-05-14,-15.2981
2009-05-15,-13.5802
2009-05-16,-11.0245
2009-05-17,-6.04027
2009-05-18,0
2009-05-19,0.113766
2009-05-20,-3.24074
2009-05-21,-2.7618
2009-05-22,-9.11188
2009-05-23,-15.6213
2009-05-24,-25.2983
2009-05-25,-27.3058
2009-05-26,-27.4293
2009-05-27,-21.375
2009-05-28,-19.7957
2009-05-29,-17.3969
2009-05-30,-9.85545
2009-05-31,2.41611
2009-06-01,1.87919
2009-06-02,-3.0914
2009-06-03,-4.84522
2009-06-04,-11.8984
2009-06-05,-16
2009-06-06,-27.1053
2009-06-07,-38.5714
2009-06-08,-48.961
2009-06-09,-47.6684
2009-06-10,-50.8951
2009-06-11,-49.8731
2009-06-12,-46.6837
2009-06-13,-39.6178
2009-06-14,-33.9218
2009-06-15,-28.0397
2009-06-16,-28.4133
2009-06-17,-30.8733
2009-06-18,-31.5789
2009-06-19,-33.09
2009-06-20,-27.6903
2009-06-21,-27.3087
2009-06-22,-26.9883
2009-06-23,-27.1768
2009-06-24,-26.8068
2009-06-25,-24.2063
2009-06-26,-24.5968
2009-06-27,-30.6273
2009-06-28,-29.6296
2009-06-29,-33.125
2009-06-30,-32.6708
2009-07-01,-31.2968
2009-07-02,-33.75
2009-07-03,-32.716
2009-07-04,-33.209
2009-07-05,-33.7408
2009-07-06,-28.7485
2009-07-07,-27.729
2009-07-08,-28.934
2009-07-09,-27.4611
2009-07-10,-26.3089
2009-07-11,-27.1077
2009-07-12,-26.7457
2009-07-13,-27.5817
2009-07-14,-30.545
2009-07-15,-31.2422
2009-07-16,-36.7844
2009-07-17,-38.9091
2009-07-18,-43.4416
2009-07-19,-53.0048
2009-07-20,-54.067
2009-07-21,-54.9701
2009-07-22,-53.8553
2009-07-23,-49.1824
2009-07-24,-48.7469
2009-07-25,-44.9367
2009-07-26,-40.8685
2009-07-27,-46.0938
2009-07-28,-45.1444
2009-07-29,-50.9753
2009-07-30,-59.2727
2009-07-31,-66.9073
2009-08-01,-73.8975
2009-08-02,-74.1897
2009-08-03,-74.6791
2009-08-04,-82.2857
2009-08-05,-77.8912
2009-08-06,-69.874
2009-08-07,-60.6519
2009-08-08,-50.5549
2009-08-09,-42.6582
2009-08-10,-32.0972
2009-08-11,-23.5521
2009-08-12,-22.5764
2009-08-13,-27.4026
2009-08-14,-30.6633
2009-08-15,-36.0714
2009-08-16,-45.2381
2009-08-17,-54.4318
2009-08-18,-58.9713
2009-08-19,-66.5089
2009-08-20,-69.797
2009-08-21,-75.4558
2009-08-22,-79.8722
2009-08-23,-82.1369
2009-08-24,-82.5424
2009-08-25,-83.9428
2009-08-26,-77.5478
2009-08-27,-73.3229
2009-08-28,-74.0525
2009-08-29,-68.6763
2009-08-30,-59.025
2009-08-31,-45.6311
2009-09-01,-34.512
2009-09-02,-25.4932
2009-09-03,-19.2063
2009-09-04,-2.34657
2009-09-05,12.0507
2009-09-06,34.0967
2009-09-07,23.5149
2009-09-08,27.8646
2009-09-09,22.0253
2009-09-10,12.4402
2009-09-11,0.421941
2009-09-12,-8.58779
2009-09-13,-18.6207
2009-09-14,-17.6976
2009-09-15,-15.4804
2009-09-16,-19.4991
2009-09-17,-14.9091
2009-09-18,-11.9782
2009-09-19,-9.98185
2009-09-20,-10.5357
2009-09-21,-8.69565
2009-09-22,-10.4129
2009-09-23,-16.2304
2009-09-24,-20.8556
2009-09-25,-18.9716
2009-09-26,-17.5439
2009-09-27,-7.28972
2009-09-28,-6.82657
2009-09-29,-5.44465
2009-09-30,10.1887
2009-10-01,16.1468
2009-10-02,15.0838
2009-10-03,10.5166
2009-10-04,-3.13043
2009-10-05,-9.20139
2009-10-06,-11.9643
2009-10-07,-20
2009-10-08,-24.8668
2009-10-09,-26.8683
2009-10-10,-24.8201
2009-10-11,-21.1191
2009-10-12,-16.4234
2009-10-13,-15.8759
2009-10-14,-8.47784
2009-10-15,-3.96825
2009-10-16,3.19149
2009-10-17,19.1816
2009-10-18,16.1458
2009-10-19,18.617
2009-10-20,28.5347
2009-10-21,33.1683
2009-10-22,34.2298
2009-10-23,30.5747
2009-10-24,28.9417
2009-10-25,45.4106
2009-10-26,44.4976
2009-10-27,49.3369
2009-10-28,58.3333
2009-10-29,88.3636
2009-10-30,116.438
2009-10-31,106.977
2009-11-01,97.6959
2009-11-02,143.871
2009-11-03,74.359
2009-11-04,28.5171
2009-11-05,-0.887574
2009-11-06,-13.7157
2009-11-07,-23.1788
2009-11-08,-30.1318
2009-11-09,-29.4613
2009-11-10,-22.813
2009-11-11,-16.6369
2009-11-12,-15.704
2009-11-13,-11.3594
2009-11-14,2.27743
2009-11-15,25.6858
2009-11-16,53.6443
2009-11-17,97.8799
2009-11-18,141.176
2009-11-19,236.571
2009-11-20,370.635
2009-11-21,459.813
2009-11-22,475.728
2009-11-23,497.03
2009-11-24,326.95
2009-11-25,252.632
2009-11-26,244.944
2009-11-27,162.762
2009-11-28,98.0707
2009-11-29,56.6327
2009-11-30,22.6782
2009-12-01,11.4053
2009-12-02,3.53635
2009-12-03,-1.84843
2009-12-04,0.943396
2009-12-05,-5.6926
2009-12-06,-1.80361
2009-12-07,8.55397
2009-12-08,18.2573
2009-12-09,28.0851
2009-12-10,26.8908
2009-12-11,29.4363
2009-12-12,47.4576
2009-12-13,54.9061
2009-12-14,58.5263
2009-12-15,65.1111
2009-12-16,59.8291
2009-12-17,62.4742
2009-12-18,71.9758
2009-12-19,92.8144
2009-12-20,109.127
2009-12-21,123.447
2009-12-22,147.5
2009-12-23,179.279
2009-12-24,175.274
2009-12-25,164.468
2009-12-26,135.282
2009-12-27,126.337
2009-12-28,117.85
2009-12-29,87.8425
2009-12-30,74.7235
2009-12-31,76.8608
2010-01-01,79.7997
2010-01-02,90.3052
2010-01-03,93.499
2010-01-04,109.128
2010-01-05,139.955
2010-01-06,160.52
2010-01-07,173.479
2010-01-08,172.727
2010-01-09,165.675
2010-01-10,158.952
2010-01-11,158.134
2010-01-12,145.895
2010-01-13,133.264
2010-01-14,132.99
2010-01-15,140.129
2010-01-16,148.206
2010-01-17,142.377
2010-01-18,104.4
2010-01-19,83.6431
2010-01-20,73.5883
2010-01-21,66.7253
2010-01-22,63.9866
2010-01-23,61.2957
2010-01-24,66.5563
2010-01-25,82.7709
2010-01-26,109.586
2010-01-27,128.958
2010-01-28,151.477
2010-01-29,168.315
2010-01-30,193.24
2010-01-31,246.032
2010-02-01,287.941
2010-02-02,282.249
2010-02-03,270.746
2010-02-04,289.595
2010-02-05,368.103
2010-02-06,406.199
2010-02-07,389.737
2010-02-08,415.778
2010-02-09,444.421
2010-02-10,500.857
2010-02-11,503.361
2010-02-12,457.085
2010-02-13,430.159
2010-02-14,422.201
2010-02-15,425.357
2010-02-16,434.843
2010-02-17,450.255
2010-02-18,510.793
2010-02-19,552.421
2010-02-20,594.435
2010-02-21,609.453
2010-02-22,618.106
2010-02-23,658.706
2010-02-24,671.987
2010-02-25,649.522
2010-02-26,662.825
2010-02-27,683.55
2010-02-28,758.275
2010-03-01,782.998
2010-03-02,816.509
2010-03-03,809.981
2010-03-04,788.972
2010-03-05,881.891
2010-03-06,895.102
2010-03-07,818.574
2010-03-08,775.088
2010-03-09,702.824
2010-03-10,696.523
2010-03-11,708.548
2010-03-12,609.483
2010-03-13,554.852
2010-03-14,552.855
2010-03-15,549.394
2010-03-16,551.738
2010-03-17,505.964
2010-03-18,444.549
2010-03-19,384.472
2010-03-20,359.203
2010-03-21,351.57
2010-03-22,348.232
2010-03-23,347.177
2010-03-24,372.973
2010-03-25,392.759
2010-03-26,444.987
2010-03-27,475.678
2010-03-28,473.568
2010-03-29,494.804
2010-03-30,497.197
2010-03-31,507.96
2010-04-01,534.633
2010-04-02,551.698
2010-04-03,577.767
2010-04-04,572.648
2010-04-05,554.047
2010-04-06,532.849
2010-04-07,509.698
2010-04-08,511.053
2010-04-09,507.752
2010-04-10,511.636
2010-04-11,559.496
2010-04-12,598.63
2010-04-13,685.297
2010-04-14,733.982
2010-04-15,767.382
2010-04-16,833.695
2010-04-17,900.74
2010-04-18,978.865
2010-04-19,1078.95
2010-04-20,1146.59
2010-04-21,1168
2010-04-22,1225.54
2010-04-23,1238.62
2010-04-24,1195.43
2010-04-25,1174.25
2010-04-26,1056.05
2010-04-27,982.462
2010-04-28,1005.54
2010-04-29,967.755
2010-04-30,902.941
2010-05-01,859.557
2010-05-02,864.064
2010-05-03,881.656
2010-05-04,916.747
2010-05-05,821.068
2010-05-06,649.969
2010-05-07,567.572
2010-05-08,517.398
2010-05-09,445.368
2010-05-10,405.006
2010-05-11,353.564
2010-05-12,331.825
2010-05-13,345.93
2010-05-14,349.064
2010-05-15,331.759
2010-05-16,276.037
2010-05-17,247.655
2010-05-18,235.329
2010-05-19,220.514
2010-05-20,205.169
2010-05-21,208.354
2010-05-22,208.813
2010-05-23,232.362
2010-05-24,237.29
2010-05-25,233.924
2010-05-26,243.403
2010-05-27,259.055
2010-05-28,247.953
2010-05-29,254.954
2010-05-30,274.576
2010-05-31,274.596
2010-06-01,277.711
2010-06-02,279.016
2010-06-03,265.758
2010-06-04,271.801
2010-06-05,259.028
2010-06-06,239.114
2010-06-07,249.638
2010-06-08,256.537
2010-06-09,250.648
2010-06-10,263.204
2010-06-11,271.908
2010-06-12,282.465
2010-06-13,286.155
2010-06-14,290.564
2010-06-15,300.168
2010-06-16,320.151
2010-06-17,307.564
2010-06-18,289.174
2010-06-19,268.024
2010-06-20,252.77
2010-06-21,242.759
2010-06-22,217.429
2010-06-23,200.588
2010-06-24,201.509
2010-06-25,202.508
2010-06-26,210.369
2010-06-27,216.874
2010-06-28,216.624
2010-06-29,218.781
2010-06-30,218.098
2010-07-01,218.775
2010-07-02,232.687
2010-07-03,233.699
2010-07-04,243.465
2010-07-05,243.003
2010-07-06,256.545
2010-07-07,262.891
2010-07-08,262.316
2010-07-09,247.119
2010-07-10,241.272
2010-07-11,237.096
2010-07-12,223.133
2010-07-13,335.739
2010-07-14,602.122
2010-07-15,774.748
2010-07-16,961.841
2010-07-17,1732.07
2010-07-18,1863.75
2010-07-19,2052.74
2010-07-20,2161.81
2010-07-21,2006.8
2010-07-22,2093.14
2010-07-23,2117.74
2010-07-24,1672.53
2010-07-25,1725.65
2010-07-26,1816.68
2010-07-27,1862.53
2010-07-28,1987.88
2010-07-29,2018.62
2010-07-30,2124.48
2010-07-31,2167.18
2010-08-01,2292.4
2010-08-02,2431.69
2010-08-03,2594.3
2010-08-04,2760.01
2010-08-05,2850.5
2010-08-06,3078.78
2010-08-07,3139.5
2010-08-08,3139.81
2010-08-09,3253.63
2010-08-10,3404.66
2010-08-11,3538.3
2010-08-12,3810.46
2010-08-13,3846
2010-08-14,4354.49
2010-08-15,4932.81
2010-08-16,5173.17
2010-08-17,4908.8
2010-08-18,4765.74
2010-08-19,4360.29
2010-08-20,4132.11
2010-08-21,3952.34
2010-08-22,3606.2
2010-08-23,3529.42
2010-08-24,3663.03
2010-08-25,3766.1
2010-08-26,4050.44
2010-08-27,4271.79
2010-08-28,4124.03
2010-08-29,4219.6
2010-08-30,4140.46
2010-08-31,4103.36
2010-09-01,4170.55
2010-09-02,4034.09
2010-09-03,3972.29
2010-09-04,4106.12
2010-09-05,4150.91
2010-09-06,4098.61
2010-09-07,4029
2010-09-08,3863.44
2010-09-09,3943.37
2010-09-10,3781.2
2010-09-11,3945.58
2010-09-12,3865.81
2010-09-13,3974.19
2010-09-14,4009.37
2010-09-15,4340.83
2010-09-16,4412.08
2010-09-17,4809.81
2010-09-18,4860.83
2010-09-19,5092
2010-09-20,5472.37
2010-09-21,5966.4
2010-09-22,5793
2010-09-23,5774.28
2010-09-24,5977.41
2010-09-25,6134
2010-09-26,6163.98
2010-09-27,6066.8
2010-09-28,6018.03
2010-09-29,6493.32
2010-09-30,6510.71
2010-10-01,6322.35
2010-10-02,6028.96
2010-10-03,5844.38
2010-10-04,5607.96
2010-10-05,5383.88
2010-10-06,4878.82
2010-10-07,4991.61
2010-10-08,4755.82
2010-10-09,4628.01
2010-10-10,4706.58
2010-10-11,3433.27
2010-10-12,2040.66
2010-10-13,1565.9
2010-10-14,1226.01
2010-10-15,689.41
2010-10-16,614.975
2010-10-17,596.997
2010-10-18,606.861
2010-10-19,650.995
2010-10-20,669.09
2010-10-21,700.531
2010-10-22,945.929
2010-10-23,969.974
2010-10-24,931.633
2010-10-25,908.02
2010-10-26,914.369
2010-10-27,971.891
2010-10-28,959.898
2010-10-29,951.042
2010-10-30,947.488
2010-10-31,1020.26
2010-11-01,1004.38
2010-11-02,989.111
2010-11-03,935.87
2010-11-04,883.677
2010-11-05,902.87
2010-11-06,938.404
2010-11-07,885.23
2010-11-08,911.583
2010-11-09,952.615
2010-11-10,995.436
2010-11-11,1067.35
2010-11-12,1086.12
2010-11-13,1004.83
2010-11-14,994.437
2010-11-15,1050.21
2010-11-16,1062.36
2010-11-17,1074.91
2010-11-18,1125.87
2010-11-19,1209.65
2010-11-20,1279.39
2010-11-21,1235.83
2010-11-22,1128.76
2010-11-23,1078.33
2010-11-24,1016.02
2010-11-25,937.547
2010-11-26,858.778
2010-11-27,876.174
2010-11-28,942.569
2010-11-29,993.901
2010-11-30,1028.81
2010-12-01,1137.51
2010-12-02,1238.02
2010-12-03,1284.98
2010-12-04,1298.85
2010-12-05,1380.45
2010-12-06,1472.28
2010-12-07,1577.32
2010-12-08,1572.7
2010-12-09,1630.18
2010-12-10,1736.02
2010-12-11,1769.15
2010-12-12,1750.75
2010-12-13,1717.05
2010-12-14,1594.5
2010-12-15,1608.16
2010-12-16,1548.35
2010-12-17,1443.51
2010-12-18,1381.23
2010-12-19,1272.52
2010-12-20,1207.6
2010-12-21,1211.89
2010-12-22,1231.48
2010-12-23,1157.49
2010-12-24,1096.48
2010-12-25,1085.64
2010-12-26,1124.24
2010-12-27,1090.68
2010-12-28,1022.28
2010-12-29,954.256
2010-12-30,977.826
2010-12-31,1005.81
2011-01-01,1065.27
2011-01-02,1101.56
2011-01-03,1140.2
2011-01-04,1261.69
2011-01-05,1240.3
2011-01-06,1230.6
2011-01-07,1219.19
2011-01-08,1169.71
2011-01-09,1115.45
2011-01-10,1117.31
2011-01-11,1085.5
2011-01-12,1105.48
2011-01-13,1064.76
2011-01-14,1082.58
2011-01-15,1000.53
2011-01-16,928.217
2011-01-17,888.207
2011-01-18,857.199
2011-01-19,798.168
2011-01-20,771.012
2011-01-21,755.35
2011-01-22,759.261
2011-01-23,741.639
2011-01-24,709.88
2011-01-25,667.706
2011-01-26,652.68
2011-01-27,641.758
2011-01-28,610.061
2011-01-29,537.156
2011-01-30,531.759
2011-01-31,521.193
2011-02-01,524.127
2011-02-02,522.206
2011-02-03,503.248
2011-02-04,475.547
2011-02-05,508.781
2011-02-06,491.249
2011-02-07,462.964
2011-02-08,428.892
2011-02-09,410.525
2011-02-10,403.941
2011-02-11,418.482
2011-02-12,399.598
2011-02-13,385.796
2011-02-14,400.252
2011-02-15,416.498
2011-02-16,423.078
2011-02-17,383.798
2011-02-18,382.47
2011-02-19,433.696
2011-02-20,458.327
2011-02-21,469.87
2011-02-22,490.392
2011-02-23,506.729
2011-02-24,588.545
2011-02-25,581.483
2011-02-26,550.238
2011-02-27,583.586
2011-02-28,632.231
2011-03-01,592.947
2011-03-02,566.142
2011-03-03,552.366
2011-03-04,567.526
2011-03-05,567.382
2011-03-06,570.303
2011-03-07,555.529
2011-03-08,567.243
2011-03-09,570.994
2011-03-10,532.763
2011-03-11,506.589
2011-03-12,477.68
2011-03-13,438.693
2011-03-14,402.911
2011-03-15,375.2
2011-03-16,347.613
2011-03-17,353.963
2011-03-18,362.893
2011-03-19,363.115
2011-03-20,345.021
2011-03-21,348.68
2011-03-22,344.864
2011-03-23,351.988
2011-03-24,362.932
2011-03-25,365.056
2011-03-26,369.104
2011-03-27,378.449
2011-03-28,361.525
2011-03-29,374.834
2011-03-30,384.986
2011-03-31,367.343
2011-04-01,375.403
2011-04-02,371.297
2011-04-03,376.236
2011-04-04,385.137
2011-04-05,393.344
2011-04-06,417.225
2011-04-07,430.498
2011-04-08,410.012
2011-04-09,414.329
2011-04-10,413.178
2011-04-11,422.545
2011-04-12,414.391
2011-04-13,394.776
2011-04-14,394.329
2011-04-15,393.22
2011-04-16,377.643
2011-04-17,371.591
2011-04-18,358.707
2011-04-19,364.413
2011-04-20,359.573
2011-04-21,339.381
2011-04-22,335.673
2011-04-23,356.145
2011-04-24,365.174
2011-04-25,363.072
2011-04-26,375.565
2011-04-27,388.12
2011-04-28,402.079
2011-04-29,403.43
2011-04-30,401.708
2011-05-01,415.844
2011-05-02,429.427
2011-05-03,429.387
2011-05-04,440.051
2011-05-05,459.018
2011-05-06,476.373
2011-05-07,488.508
2011-05-08,488.589
2011-05-09,488.999
2011-05-10,530.35
2011-05-11,522.78
2011-05-12,523.69
2011-05-13,520.689
2011-05-14,525.322
2011-05-15,545.473
2011-05-16,564.576
2011-05-17,540.619
2011-05-18,554.137
2011-05-19,639.749
2011-05-20,624.445
2011-05-21,661.611
2011-05-22,661.231
2011-05-23,687.073
2011-05-24,721.563
2011-05-25,739.992
2011-05-26,724.005
2011-05-27,882.346
2011-05-28,843.042
2011-05-29,769.819
2011-05-30,778.775
2011-05-31,780.739
2011-06-01,762.103
2011-06-02,736.371
2011-06-03,623.61
2011-06-04,593.035
2011-06-05,616.639
2011-06-06,601.771
2011-06-07,652.487
2011-06-08,663.616
2011-06-09,708.17
2011-06-10,783.314
2011-06-11,885.796
2011-06-12,1035.16
2011-06-13,1148.22
2011-06-14,1177.76
2011-06-15,1280.44
2011-06-16,1438.76
2011-06-17,1504
2011-06-18,1607.34
2011-06-19,1613.04
2011-06-20,1636.72
2011-06-21,1732.97
2011-06-22,1806.4
2011-06-23,1761.21
2011-06-24,1762.13
2011-06-25,1921.41
2011-06-26,1969.39
2011-06-27,1974
2011-06-28,1951.78
2011-06-29,1982.45
2011-06-30,1933.79
2011-07-01,1995.51
2011-07-02,1848.93
2011-07-03,1840.42
2011-07-04,1850.66
2011-07-05,1749.08
2011-07-06,1686.6
2011-07-07,1732.67
2011-07-08,1637.09
2011-07-09,1650.07
2011-07-10,1609.08
2011-07-11,1574.15
2011-07-12,1632.55
2011-07-13,1595.39
2011-07-14,1630.12
2011-07-15,1697
2011-07-16,1665.81
2011-07-17,1668.23
2011-07-18,1717.18
2011-07-19,1723.14
2011-07-20,1795.55
2011-07-21,1738.55
2011-07-22,1677.61
2011-07-23,1651.07
2011-07-24,1650.14
2011-07-25,1597.14
2011-07-26,1550.68
2011-07-27,1548.95
2011-07-28,1563.21
2011-07-29,1536.06
2011-07-30,1489.1
2011-07-31,1438.49
2011-08-01,1404.48
2011-08-02,1389.69
2011-08-03,1334.29
2011-08-04,1249.62
2011-08-05,1189.59
2011-08-06,1158.62
2011-08-07,1107.54
2011-08-08,964.842
2011-08-09,892.541
2011-08-10,840.905
2011-08-11,823.541
2011-08-12,791.536
2011-08-13,723.863
2011-08-14,692.195
2011-08-15,692.786
2011-08-16,644.597
2011-08-17,534.518
2011-08-18,488.145
2011-08-19,449.457
2011-08-20,420.469
2011-08-21,389.662
2011-08-22,361.066
2011-08-23,342.713
2011-08-24,341.292
2011-08-25,266.117
2011-08-26,250.112
2011-08-27,246.63
2011-08-28,226.752
2011-08-29,214.267
2011-08-30,208.566
2011-08-31,201.194
2011-09-01,234.682
2011-09-02,222.35
2011-09-03,207.205
2011-09-04,207.218
2011-09-05,180.307
2011-09-06,171.436
2011-09-07,163.624
2011-09-08,143.501
2011-09-09,131.337
2011-09-10,118.046
2011-09-11,105.005
2011-09-12,103.953
2011-09-13,89.5336
2011-09-14,62.2552
2011-09-15,58.7816
2011-09-16,57.5542
2011-09-17,47.7385
2011-09-18,39.8519
2011-09-19,35.8056
2011-09-20,26.6558
2011-09-21,27.9645
2011-09-22,23.1447
2011-09-23,11.3915
2011-09-24,11.2196
2011-09-25,9.95342
2011-09-26,5.71802
2011-09-27,6.56902
2011-09-28,4.6405
2011-09-29,0.811317
2011-09-30,1.51008
2011-10-01,-2.3986
2011-10-02,-2.78639
2011-10-03,-5.04766
2011-10-04,-2.75823
2011-10-05,-5.41542
2011-10-06,-2.10786
2011-10-07,-2.97467
2011-10-08,-1.268
2011-10-09,-2.99338
2011-10-10,-3.02287
2011-10-11,-7.03171
2011-10-12,-11.9005
2011-10-13,-15.4497
2011-10-14,-18.3145
2011-10-15,-20.6212
2011-10-16,-23.2006
2011-10-17,-26.3254
2011-10-18,-29.061
2011-10-19,-26.0774
2011-10-20,-27.8233
2011-10-21,-27.6295
2011-10-22,-29.1719
2011-10-23,-32.7021
2011-10-24,-34.0875
2011-10-25,-35.4083
2011-10-26,-36.1458
2011-10-27,-37.5411
2011-10-28,-39.3861
2011-10-29,-40.9078
2011-10-30,-40.244
2011-10-31,-41.001
2011-11-01,-42.2498
2011-11-02,-42.763
2011-11-03,-41.5411
2011-11-04,-40.9728
2011-11-05,-38.9846
2011-11-06,-36.5779
2011-11-07,-34.1027
2011-11-08,-33.4846
2011-11-09,-33.2019
2011-11-10,-33.2941
2011-11-11,-31.589
2011-11-12,-34.0225
2011-11-13,-34.6315
2011-11-14,-33.7606
2011-11-15,-32.7245
2011-11-16,-30.124
2011-11-17,-32.0509
2011-11-18,-31.8512
2011-11-19,-32.0961
2011-11-20,-34.9956
2011-11-21,-37.6459
2011-11-22,-39.6992
2011-11-23,-41.1637
2011-11-24,-40.7163
2011-11-25,-43.2502
2011-11-26,-41.4551
2011-11-27,-39.0238
2011-11-28,-39.0501
2011-11-29,-37.6816
2011-11-30,-39.8498
2011-12-01,-38.3526
2011-12-02,-35.0734
2011-12-03,-36.5567
2011-12-04,-36.308
2011-12-05,-36.6129
2011-12-06,-35.7768
2011-12-07,-32.5545
2011-12-08,-34.0167
2011-12-09,-34.9842
2011-12-10,-34.1368
2011-12-11,-34.0332
2011-12-12,-31.4329
2011-12-13,-32.1726
2011-12-14,-34.7488
2011-12-15,-34.9114
2011-12-16,-35.3441
2011-12-17,-36.7264
2011-12-18,-37.8024
2011-12-19,-37.284
2011-12-20,-35.0075
2011-12-21,-34.8732
2011-12-22,-34.608
2011-12-23,-33.1341
2011-12-24,-31.1835
2011-12-25,-30.0209
2011-12-26,-28.4861
2011-12-27,-26.2951
2011-12-28,-25.1395
2011-12-29,-22.4171
2011-12-30,-21.7665
2011-12-31,-22.4593
2012-01-01,-20.1909
2012-01-02,-22.1685
2012-01-03,-22.3332
2012-01-04,-21.1102
2012-01-05,-21.8184
2012-01-06,-22.4975
2012-01-07,-18.256
2012-01-08,-16.3136
2012-01-09,-12.4973
2012-01-10,-8.56043
2012-01-11,-6.42814
2012-01-12,-1.53463
2012-01-13,2.3111
2012-01-14,0.911537
2012-01-15,2.01176
2012-01-16,2.42181
2012-01-17,1.97436
2012-01-18,4.12446
2012-01-19,1.29675
2012-01-20,2.92163
2012-01-21,8.03852
2012-01-22,10.8625
2012-01-23,9.97976
2012-01-24,9.06986
2012-01-25,9.9914
2012-01-26,14.9013
2012-01-27,16.6253
2012-01-28,14.5875
2012-01-29,12.9484
2012-01-30,19.3102
2012-01-31,20.469
2012-02-01,20.3005
2012-02-02,19.1336
2012-02-03,19.1642
2012-02-04,20.0514
2012-02-05,21.2669
2012-02-06,19.2737
2012-02-07,17.4347
2012-02-08,16.0243
2012-02-09,15.48
2012-02-10,18.0795
2012-02-11,17.0741
2012-02-12,16.2627
2012-02-13,16.9704
2012-02-14,14.2785
2012-02-15,17.5508
2012-02-16,16.6583
2012-02-17,14.3536
2012-02-18,18.4795
2012-02-19,21.1879
2012-02-20,24.3107
2012-02-21,27.9794
2012-02-22,26.9585
2012-02-23,33.7601
2012-02-24,36.989
2012-02-25,37.0134
2012-02-26,40.7673
2012-02-27,38.2869
2012-02-28,42.3379
2012-02-29,44.1043
2012-03-01,38.3442
2012-03-02,36.7096
2012-03-03,33.5912
2012-03-04,27.1171
2012-03-05,24.7347
2012-03-06,21.4397
2012-03-07,22.8506
2012-03-08,23.5648
2012-03-09,25.6599
2012-03-10,31.0206
2012-03-11,35.7139
2012-03-12,38.3593
2012-03-13,45.4243
2012-03-14,45.1015
2012-03-15,49.3641
2012-03-16,47.8152
2012-03-17,43.5408
2012-03-18,44.1825
2012-03-19,42.9161
2012-03-20,39.5651
2012-03-21,40.1619
2012-03-22,37.8603
2012-03-23,39.3269
2012-03-24,36.5789
2012-03-25,34.4083
2012-03-26,31.6887
2012-03-27,31.234
2012-03-28,29.9542
2012-03-29,30.1266
2012-03-30,29.4615
2012-03-31,33.5897
2012-04-01,36.2087
2012-04-02,39.2754
2012-04-03,34.3296
2012-04-04,33.6639
2012-04-05,32.3641
2012-04-06,25.6999
2012-04-07,19.7105
2012-04-08,12.2556
2012-04-09,10.7253
2012-04-10,15.0323
2012-04-11,15.1389
2012-04-12,13.6641
2012-04-13,16.3501
2012-04-14,16.568
2012-04-15,19.9821
2012-04-16,13.0231
2012-04-17,11.2724
2012-04-18,11.9393
2012-04-19,10.6146
2012-04-20,13.6012
2012-04-21,15.9018
2012-04-22,17.3362
2012-04-23,20.9466
2012-04-24,20.4895
2012-04-25,17.8541
2012-04-26,18.129
2012-04-27,17.7379
2012-04-28,16.0417
2012-04-29,11.6101
2012-04-30,14.9755
2012-05-01,17.893
2012-05-02,21.4842
2012-05-03,20.953
2012-05-04,18.5288
2012-05-05,19.0264
2012-05-06,22.4739
2012-05-07,22.9106
2012-05-08,22.5688
2012-05-09,21.8533
2012-05-10,26.8918
2012-05-11,27.4178
2012-05-12,28.6659
2012-05-13,24.5057
2012-05-14,25.2736
2012-05-15,24.0353
2012-05-16,22.4862
2012-05-17,17.6566
2012-05-18,14.3991
2012-05-19,12.3519
2012-05-20,14.9621
2012-05-21,14.4211
2012-05-22,13.865
2012-05-23,9.38037
2012-05-24,7.62044
2012-05-25,7.81178
2012-05-26,4.41113
2012-05-27,2.98136
2012-05-28,2.57168
2012-05-29,0.186127
2012-05-30,-1.5233
2012-05-31,-1.29747
2012-06-01,0.35332
2012-06-02,7.70077
2012-06-03,9.76097
2012-06-04,8.72728
2012-06-05,11.2856
2012-06-06,14.8403
2012-06-07,15.2155
2012-06-08,11.3696
2012-06-09,4.74551
2012-06-10,6.06107
2012-06-11,5.19705
2012-06-12,1.49109
2012-06-13,3.88485
2012-06-14,6.96571
2012-06-15,10.2356
2012-06-16,11.5186
2012-06-17,7.30141
2012-06-18,9.44868
2012-06-19,12.9771
2012-06-20,9.84342
2012-06-21,6.92461
2012-06-22,8.85502
2012-06-23,6.63072
2012-06-24,9.14888
2012-06-25,6.30934
2012-06-26,6.01582
2012-06-27,8.31288
2012-06-28,10.7345
2012-06-29,6.75939
2012-06-30,7.53065
2012-07-01,4.50036
2012-07-02,8.06389
2012-07-03,9.01328
2012-07-04,10.3178
2012-07-05,11.8629
2012-07-06,14.9932
2012-07-07,21.4847
2012-07-08,24.6341
2012-07-09,22.1686
2012-07-10,21.8637
2012-07-11,20.4979
2012-07-12,17.957
2012-07-13,20.692
2012-07-14,20.8545
2012-07-15,26.3672
2012-07-16,24.9039
2012-07-17,25.5752
2012-07-18,31.7464
2012-07-19,31.2231
2012-07-20,26.3367
2012-07-21,23.822
2012-07-22,18.6465
2012-07-23,23.1975
2012-07-24,22.8586
2012-07-25,21.9308
2012-07-26,22.7635
2012-07-27,30.0045
2012-07-28,34.8288
2012-07-29,32.0517
2012-07-30,28.7037
2012-07-31,31.4194
2012-08-01,27.3173
2012-08-02,26.3797
2012-08-03,24.7087
2012-08-04,22.9705
2012-08-05,26.4344
2012-08-06,25.8782
2012-08-07,20.9739
2012-08-08,20.691
2012-08-09,25.2634
2012-08-10,25.486
2012-08-11,26.9446
2012-08-12,28.6908
2012-08-13,33.6186
2012-08-14,40.6672
2012-08-15,48.091
2012-08-16,51.9388
2012-08-17,51.0531
2012-08-18,46.7345
2012-08-19,46.3498
2012-08-20,51.5497
2012-08-21,55.9924
2012-08-22,56.6655
2012-08-23,55.3639
2012-08-24,62.9003
2012-08-25,67.8718
2012-08-26,66.7369
2012-08-27,68.4169
2012-08-28,66.4942
2012-08-29,67.6656
2012-08-30,69.8659
2012-08-31,65.4589
2012-09-01,63.5918
2012-09-02,68.0925
2012-09-03,63.6726
2012-09-04,62.1317
2012-09-05,59.0503
2012-09-06,60.7431
2012-09-07,67.6337
2012-09-08,72.6198
2012-09-09,70.5179
2012-09-10,74.735
2012-09-11,74.6199
2012-09-12,76.2613
2012-09-13,72.2154
2012-09-14,63.0381
2012-09-15,64.3534
2012-09-16,64.5001
2012-09-17,59.646
2012-09-18,63.7109
2012-09-19,65.8741
2012-09-20,66.2415
2012-09-21,72.4201
2012-09-22,71.5879
2012-09-23,78.4251
2012-09-24,80.6611
2012-09-25,77.3178
2012-09-26,71.3359
2012-09-27,71.0104
2012-09-28,71.13
2012-09-29,74.7381
2012-09-30,74.6429
2012-10-01,75.1475
2012-10-02,69.7443
2012-10-03,72.683
2012-10-04,71.4589
2012-10-05,66.2187
2012-10-06,58.6127
2012-10-07,56.2838
2012-10-08,50.5365
2012-10-09,60.5133
2012-10-10,63.7607
2012-10-11,65.4488
2012-10-12,65.3536
2012-10-13,68.2344
2012-10-14,69.1451
2012-10-15,71.5761
2012-10-16,64.8425
2012-10-17,62.4024
2012-10-18,62.33
2012-10-19,66.2633
2012-10-20,65.7878
2012-10-21,63.7532
2012-10-22,69.1767
2012-10-23,69.2209
2012-10-24,64.4549
2012-10-25,62.3161
2012-10-26,55.8237
2012-10-27,58.5708
2012-10-28,59.5053
2012-10-29,53.2962
2012-10-30,57.6611
2012-10-31,62.9742
2012-11-01,60.4039
2012-11-02,61.1922
2012-11-03,57.253
2012-11-04,56.6429
2012-11-05,62.5593
2012-11-06,57.6512
2012-11-07,51.8428
2012-11-08,53.0734
2012-11-09,56.4433
2012-11-10,56.0651
2012-11-11,51.3741
2012-11-12,45.8191
2012-11-13,41.6913
2012-11-14,41.1185
2012-11-15,40.0971
2012-11-16,38.8769
2012-11-17,38.9592
2012-11-18,35.9044
2012-11-19,34.4581
2012-11-20,34.4593
2012-11-21,36.7247
2012-11-22,36.6193
2012-11-23,36.5008
2012-11-24,38.58
2012-11-25,37.9634
2012-11-26,39.4506
2012-11-27,41.9346
2012-11-28,38.7275
2012-11-29,41.0109
2012-11-30,43.342
2012-12-01,35.8896
2012-12-02,40.2541
2012-12-03,38.7142
2012-12-04,37.1769
2012-12-05,31.1187
2012-12-06,20.9749
2012-12-07,12.916
2012-12-08,13.4801
2012-12-09,8.98575
2012-12-10,6.23007
2012-12-11,4.8184
2012-12-12,8.99331
2012-12-13,13.8966
2012-12-14,13.4982
2012-12-15,10.5386
2012-12-16,7.3626
2012-12-17,3.48427
2012-12-18,0.354064
2012-12-19,-1.37
2012-12-20,-2.82058
2012-12-21,-7.10341
2012-12-22,-6.77981
2012-12-23,-3.35333
2012-12-24,-1.7161
2012-12-25,-0.273758
2012-12-26,-0.290558
2012-12-27,-1.76248
2012-12-28,2.77491
2012-12-29,4.28352
2012-12-30,1.38293
2012-12-31,6.25443
2013-01-01,6.40603
2013-01-02,8.34626
2013-01-03,10.4567
2013-01-04,12.4509
2013-01-05,11.126
2013-01-06,13.6627
2013-01-07,5.30085
2013-01-08,5.73878
2013-01-09,2.44606
2013-01-10,0.674843
2013-01-11,-0.746998
2013-01-12,-2.47976
2013-01-13,-3.42096
2013-01-14,-2.56589
2013-01-15,-3.56969
2013-01-16,-4.23092
2013-01-17,-5.94612
2013-01-18,-8.44177
2013-01-19,-8.98969
2013-01-20,-8.78182
2013-01-21,-8.13531
2013-01-22,-8.46954
2013-01-23,-7.90155
2013-01-24,-8.27532
2013-01-25,-7.73425
2013-01-26,-8.7665
2013-01-27,-10.2877
2013-01-28,-10.5749
2013-01-29,-12.2363
2013-01-30,-11.6491
2013-01-31,-9.68351
2013-02-01,-5.59086
2013-02-02,-3.17591
2013-02-03,-3.68833
2013-02-04,-0.822377
2013-02-05,1.44844
2013-02-06,2.45304
2013-02-07,1.48771
2013-02-08,-1.32849
2013-02-09,0.520622
2013-02-10,1.88764
2013-02-11,3.68418
2013-02-12,3.90249
2013-02-13,2.3237
2013-02-14,6.3533
2013-02-15,6.49971
2013-02-16,9.41265
2013-02-17,13.7655
2013-02-18,14.8021
2013-02-19,15.9842
2013-02-20,18.6258
2013-02-21,21.9019
2013-02-22,24.02
2013-02-23,23.6919
2013-02-24,23.1175
2013-02-25,20.1747
2013-02-26,24.1829
2013-02-27,22.0946
2013-02-28,19.3106
2013-03-01,22.4154
2013-03-02,21.4153
2013-03-03,22.3504
2013-03-04,27.1355
2013-03-05,32.5114
2013-03-06,39.3981
2013-03-07,42.7971
2013-03-08,44.798
2013-03-09,50.4178
2013-03-10,56.5709
2013-03-11,60.849
2013-03-12,53.7883
2013-03-13,52.3621
2013-03-14,54.047
2013-03-15,63.7494
2013-03-16,72.7271
2013-03-17,79.8821
2013-03-18,89.0151
2013-03-19,100.347
2013-03-20,105.609
2013-03-21,123.636
2013-03-22,124.958
2013-03-23,124.819
2013-03-24,128.749
2013-03-25,137.519
2013-03-26,139.196
2013-03-27,146.921
2013-03-28,134.025
2013-03-29,133.315
2013-03-30,141.524
2013-03-31,138.564
2013-04-01,132.521
2013-04-02,138.904
2013-04-03,145.204
2013-04-04,152.557
2013-04-05,150.507
2013-04-06,152.642
2013-04-07,160.467
2013-04-08,161.989
2013-04-09,161.859
2013-04-10,169.045
2013-04-11,178.828
2013-04-12,192.124
2013-04-13,198.183
2013-04-14,199.178
2013-04-15,195.471
2013-04-16,201.588
2013-04-17,201.517
2013-04-18,216.069
2013-04-19,217.802
2013-04-20,203.595
2013-04-21,207.928
2013-04-22,230.347
2013-04-23,225.939
2013-04-24,236.722
2013-04-25,222.766
2013-04-26,228.664
2013-04-27,242.797
2013-04-28,237.836
2013-04-29,237.305
2013-04-30,243.338
2013-05-01,234.375
2013-05-02,225.158
2013-05-03,216.322
2013-05-04,212.471
2013-05-05,211.233
2013-05-06,208.812
2013-05-07,205.115
2013-05-08,208.467
2013-05-09,218.657
2013-05-10,221.98
2013-05-11,230.674
2013-05-12,239.625
2013-05-13,242.497
2013-05-14,259.546
2013-05-15,252.058
2013-05-16,250.621
2013-05-17,241.809
2013-05-18,229.932
2013-05-19,218.022
2013-05-20,209.158
2013-05-21,187.138
2013-05-22,176.428
2013-05-23,170.865
2013-05-24,175.39
2013-05-25,178.732
2013-05-26,189.587
2013-05-27,184.449
2013-05-28,198.568
2013-05-29,203.716
2013-05-30,212.358
2013-05-31,214.442
2013-06-01,217.252
2013-06-02,220.664
2013-06-03,227.69
2013-06-04,236.914
2013-06-05,253.186
2013-06-06,264.261
2013-06-07,275.132
2013-06-08,274.978
2013-06-09,272.491
2013-06-10,278.707
2013-06-11,282.628
2013-06-12,286.422
2013-06-13,279.435
2013-06-14,271.139
2013-06-15,269.035
2013-06-16,252.581
2013-06-17,259.086
2013-06-18,246.523
2013-06-19,226.469
2013-06-20,208.754
2013-06-21,197.314
2013-06-22,194.951
2013-06-23,194.395
2013-06-24,187.352
2013-06-25,181.464
2013-06-26,191.269
2013-06-27,194.779
2013-06-28,195.961
2013-06-29,192.105
2013-06-30,199.979
2013-07-01,187.168
2013-07-02,185.586
2013-07-03,178.498
2013-07-04,191.71
2013-07-05,193.563
2013-07-06,198.71
2013-07-07,198.774
2013-07-08,212.127
2013-07-09,215.842
2013-07-10,213.043
2013-07-11,219.307
2013-07-12,226.633
2013-07-13,226.199
2013-07-14,230.56
2013-07-15,233.899
2013-07-16,235.755
2013-07-17,236.975
2013-07-18,230.531
2013-07-19,230.352
2013-07-20,231.565
2013-07-21,225.502
2013-07-22,228.909
2013-07-23,232.685
2013-07-24,236.598
2013-07-25,230.646
2013-07-26,224.307
2013-07-27,232.609
2013-07-28,239.986
2013-07-29,234.315
2013-07-30,238.385
2013-07-31,252.778
2013-08-01,268.689
2013-08-02,283.727
2013-08-03,281.724
2013-08-04,285.659
2013-08-05,295.139
2013-08-06,302.003
2013-08-07,305.449
2013-08-08,303.601
2013-08-09,309.677
2013-08-10,312.539
2013-08-11,317.495
2013-08-12,319.43
2013-08-13,326.538
2013-08-14,347.25
2013-08-15,359.937
2013-08-16,365.248
2013-08-17,381.749
2013-08-18,401.956
2013-08-19,439.049
2013-08-20,448.527
2013-08-21,443.719
2013-08-22,442.4
2013-08-23,457.67
2013-08-24,453.943
2013-08-25,462.385
2013-08-26,433.705
2013-08-27,438.756
2013-08-28,437.751
2013-08-29,441.382
2013-08-30,442.584
2013-08-31,444.953
2013-09-01,446.547
2013-09-02,460.071
2013-09-03,456.913
2013-09-04,439.764
2013-09-05,434.003
2013-09-06,439.847
2013-09-07,446.987
2013-09-08,434.145
2013-09-09,425.861
2013-09-10,438.217
2013-09-11,449.868
2013-09-12,464.227
2013-09-13,470.735
2013-09-14,482.806
2013-09-15,509.678
2013-09-16,539.508
2013-09-17,541.185
2013-09-18,575.98
2013-09-19,579.376
2013-09-20,578.86
2013-09-21,578.919
2013-09-22,575.865
2013-09-23,584.527
2013-09-24,603.493
2013-09-25,596.925
2013-09-26,643.051
2013-09-27,654.507
2013-09-28,665.306
2013-09-29,685.125
2013-09-30,680.421
2013-10-01,675.392
2013-10-02,673.738
2013-10-03,655.219
2013-10-04,656.1
2013-10-05,645.792
2013-10-06,649.639
2013-10-07,665.05
2013-10-08,665.222
2013-10-09,643.66
2013-10-10,635.534
2013-10-11,656.691
2013-10-12,681.312
2013-10-13,693.711
2013-10-14,710.979
2013-10-15,759.584
2013-10-16,828.322
2013-10-17,913.26
2013-10-18,925.846
2013-10-19,953.206
2013-10-20,989.774
2013-10-21,995.838
2013-10-22,1019.66
2013-10-23,1063.62
2013-10-24,1060.22
2013-10-25,1075.63
2013-10-26,1081.93
2013-10-27,1113
2013-10-28,1146.11
2013-10-29,1119.59
2013-10-30,1080.74
2013-10-31,1095.07
2013-11-01,1131.14
2013-11-02,1155.13
2013-11-03,1130.79
2013-11-04,1100.11
2013-11-05,1092.17
2013-11-06,1123.32
2013-11-07,1083.52
2013-11-08,1034.3
2013-11-09,975.412
2013-11-10,940.366
2013-11-11,943.774
2013-11-12,937.283
2013-11-13,932.696
2013-11-14,919.738
2013-11-15,931.998
2013-11-16,928.312
2013-11-17,936.612
2013-11-18,962.58
2013-11-19,955.935
2013-11-20,925.927
2013-11-21,911.348
2013-11-22,887.501
2013-11-23,882.645
2013-11-24,887.95
2013-11-25,847.159
2013-11-26,842.556
2013-11-27,819.504
2013-11-28,809.432
2013-11-29,793.356
2013-11-30,786.298
2013-12-01,763.895
2013-12-02,772.281
2013-12-03,764.489
2013-12-04,788.668
2013-12-05,776.253
2013-12-06,763.62
2013-12-07,806.211
2013-12-08,827.873
2013-12-09,796.079
2013-12-10,774.953
2013-12-11,779.316
2013-12-12,781.912
2013-12-13,793.507
2013-12-14,717.497
2013-12-15,707.583
2013-12-16,726.657
2013-12-17,747.73
2013-12-18,747.616
2013-12-19,752.217
2013-12-20,763.527
2013-12-21,785.998
2013-12-22,777.897
2013-12-23,766.883
2013-12-24,758.542
2013-12-25,705.33
2013-12-26,698.66
2013-12-27,684.561
2013-12-28,693.523
2013-12-29,675.611
2013-12-30,672.364
2013-12-31,657.14
2014-01-01,676.081
2014-01-02,680.356
2014-01-03,667.196
2014-01-04,648.271
2014-01-05,623.898
2014-01-06,641.64
2014-01-07,659.754
2014-01-08,656.891
2014-01-09,648.326
2014-01-10,666.348
2014-01-11,656.474
2014-01-12,675.186
2014-01-13,630.696
2014-01-14,596.551
2014-01-15,558.01
2014-01-16,558.15
2014-01-17,536.891
2014-01-18,503.925
2014-01-19,488.551
2014-01-20,476.377
2014-01-21,464.016
2014-01-22,461.594
2014-01-23,447.245
2014-01-24,428.602
2014-01-25,447.873
2014-01-26,438.643
2014-01-27,431.347
2014-01-28,442.183
2014-01-29,431.15
2014-01-30,402.285
2014-01-31,397.787
2014-02-01,388.192
2014-02-02,393.495
2014-02-03,400.253
2014-02-04,379.423
2014-02-05,380.428
2014-02-06,407.296
2014-02-07,435.977
2014-02-08,439.785
2014-02-09,439.063
2014-02-10,412.802
2014-02-11,402.762
2014-02-12,409.506
2014-02-13,397.14
2014-02-14,382.466
2014-02-15,379.534
2014-02-16,363.006
2014-02-17,400.174
2014-02-18,414.954
2014-02-19,416.051
2014-02-20,440.986
2014-02-21,437.999
2014-02-22,431.04
2014-02-23,449.932
2014-02-24,429.887
2014-02-25,446.794
2014-02-26,441.689
2014-02-27,420.779
2014-02-28,413.147
2014-03-01,427.187
2014-03-02,402.119
2014-03-03,398.797
2014-03-04,368.915
2014-03-05,367.982
2014-03-06,364.9
2014-03-07,360.109
2014-03-08,347.141
2014-03-09,357.114
2014-03-10,367.202
2014-03-11,351.629
2014-03-12,345.775
2014-03-13,343.351
2014-03-14,341.414
2014-03-15,317.817
2014-03-16,314.608
2014-03-17,297.53
2014-03-18,304.064
2014-03-19,291.899
2014-03-20,272.83
2014-03-21,276.829
2014-03-22,291.569
2014-03-23,281.551
2014-03-24,289.777
2014-03-25,304.552
2014-03-26,313.657
2014-03-27,319.992
2014-03-28,311.522
2014-03-29,321.105
2014-03-30,332.451
2014-03-31,316.829
2014-04-01,308.799
2014-04-02,299.44
2014-04-03,318.802
2014-04-04,326.265
2014-04-05,326.783
2014-04-06,317.052
2014-04-07,315.493
2014-04-08,308.368
2014-04-09,298.522
2014-04-10,275.336
2014-04-11,263.737
2014-04-12,248.204
2014-04-13,241.481
2014-04-14,245.957
2014-04-15,252.041
2014-04-16,256.786
2014-04-17,249.873
2014-04-18,259.666
2014-04-19,261.254
2014-04-20,265.582
2014-04-21,262.275
2014-04-22,261.652
2014-04-23,257.536
2014-04-24,268.012
2014-04-25,240.151
2014-04-26,239.372
2014-04-27,236.169
2014-04-28,231.386
2014-04-29,220.633
2014-04-30,233.774
2014-05-01,222.519
2014-05-02,237.873
2014-05-03,231.701
2014-05-04,222.365
2014-05-05,219.507
2014-05-06,212.638
2014-05-07,207.323
2014-05-08,203.774
2014-05-09,201.033
2014-05-10,197.144
2014-05-11,211.908
2014-05-12,210.925
2014-05-13,220.534
2014-05-14,213.864
2014-05-15,216.807
2014-05-16,213.197
2014-05-17,219.355
2014-05-18,198.776
2014-05-19,201.071
2014-05-20,195.232
2014-05-21,186.083
2014-05-22,185.329
2014-05-23,187.23
2014-05-24,178.265
2014-05-25,186.653
2014-05-26,182.438
2014-05-27,187.178
2014-05-28,187.144
2014-05-29,190.246
2014-05-30,173.625
2014-05-31,181.642
2014-06-01,179.242
2014-06-02,185.196
2014-06-03,189.653
2014-06-04,199.013
2014-06-05,196.872
2014-06-06,208.628
2014-06-07,199.227
2014-06-08,195.546
2014-06-09,189.979
2014-06-10,181.066
2014-06-11,177.16
2014-06-12,171.561
2014-06-13,180.935
2014-06-14,183.421
2014-06-15,186.612
2014-06-16,193.059
2014-06-17,202.38
2014-06-18,207.597
2014-06-19,212.132
2014-06-20,202.507
2014-06-21,213.024
2014-06-22,209.91
2014-06-23,198.704
2014-06-24,192.698
2014-06-25,193.19
2014-06-26,194.162
2014-06-27,191.05
2014-06-28,186.102
2014-06-29,195.402
2014-06-30,201.189
2014-07-01,195.046
2014-07-02,180.925
2014-07-03,170.474
2014-07-04,166.538
2014-07-05,161.697
2014-07-06,154.58
2014-07-07,149.971
2014-07-08,155.838
2014-07-09,160.148
2014-07-10,170.371
2014-07-11,170.545
2014-07-12,170.506
2014-07-13,164.213
2014-07-14,160.078
2014-07-15,147.277
2014-07-16,150.854
2014-07-17,139.363
2014-07-18,142.986
2014-07-19,143.702
2014-07-20,145.07
2014-07-21,143.597
2014-07-22,149.198
2014-07-23,140.032
2014-07-24,144.265
2014-07-25,133.422
2014-07-26,133.509
2014-07-27,126.836
2014-07-28,132.853
2014-07-29,126.089
2014-07-30,131.625
2014-07-31,130.119
2014-08-01,134.365
2014-08-02,133.095
2014-08-03,140.177
2014-08-04,142.111
2014-08-05,132.239
2014-08-06,124.669
2014-08-07,124.804
2014-08-08,124.246
2014-08-09,118.917
2014-08-10,124.58
2014-08-11,120.339
2014-08-12,135.622
2014-08-13,143.698
2014-08-14,136.855
2014-08-15,136.861
2014-08-16,135.893
2014-08-17,124.368
2014-08-18,122.28
2014-08-19,122.474
2014-08-20,127.205
2014-08-21,138.054
2014-08-22,144.624
2014-08-23,147.386
2014-08-24,150.587
2014-08-25,148.004
2014-08-26,145.436
2014-08-27,137.843
2014-08-28,138.886
2014-08-29,134.564
2014-08-30,138.833
2014-08-31,139.947
2014-09-01,146.706
2014-09-02,141.639
2014-09-03,138.433
2014-09-04,137.328
2014-09-05,141.104
2014-09-06,135.154
2014-09-07,143.977
2014-09-08,140.305
2014-09-09,140.096
2014-09-10,143.294
2014-09-11,136.137
2014-09-12,133.518
2014-09-13,130.592
2014-09-14,123.52
2014-09-15,120.841
2014-09-16,123.084
2014-09-17,124.305
2014-09-18,129.206
2014-09-19,124.903
2014-09-20,124.601
2014-09-21,121.048
2014-09-22,120.173
2014-09-23,116.933
2014-09-24,108.316
2014-09-25,102.444
2014-09-26,104.308
2014-09-27,102.3
2014-09-28,96.3167
2014-09-29,95.6082
2014-09-30,97.6198
2014-10-01,105.06
2014-10-02,108.895
2014-10-03,100.237
2014-10-04,101.426
2014-10-05,108.562
2014-10-06,112.766
2014-10-07,114.049
2014-10-08,104.543
2014-10-09,100.532
2014-10-10,104.632
2014-10-11,104.778
2014-10-12,98.8895
2014-10-13,97.1679
2014-10-14,93.8412
2014-10-15,96.8512
2014-10-16,93.4134
2014-10-17,89.7775
2014-10-18,84.0399
2014-10-19,88.4908
2014-10-20,82.4958
2014-10-21,82.0197
2014-10-22,85.4834
2014-10-23,91.9001
2014-10-24,92.506
2014-10-25,102.42
2014-10-26,99.5901
2014-10-27,97.4351
2014-10-28,98.8786
2014-10-29,89.9366
2014-10-30,86.1664
2014-10-31,90.625
2014-11-01,90.6629
2014-11-02,91.1885
2014-11-03,100.444
2014-11-04,104.891
2014-11-05,110.813
2014-11-06,109.055
2014-11-07,107.132
2014-11-08,97.7272
2014-11-09,93.6607
2014-11-10,84.9667
2014-11-11,76.6768
2014-11-12,75.1767
2014-11-13,72.5824
2014-11-14,70.0806
2014-11-15,74.2168
2014-11-16,73.0328
2014-11-17,70.7063
2014-11-18,63.2328
2014-11-19,60.0718
2014-11-20,57.181
2014-11-21,53.6044
2014-11-22,45.807
2014-11-23,47.545
2014-11-24,50.2586
2014-11-25,52.8563
2014-11-26,49.5036
2014-11-27,47.8276
2014-11-28,46.5756
2014-11-29,47.1127
2014-11-30,39.0581
2014-12-01,39.3313
2014-12-02,37.4467
2014-12-03,36.9446
2014-12-04,33.0944
2014-12-05,33.9569
2014-12-06,32.3752
2014-12-07,33.554
2014-12-08,27.9037
2014-12-09,32.2857
2014-12-10,32.6736
2014-12-11,34.8143
2014-12-12,33.9802
2014-12-13,29.9024
2014-12-14,29.1358
2014-12-15,27.9314
2014-12-16,21.0392
2014-12-17,16.7805
2014-12-18,12.6116
2014-12-19,7.54822
2014-12-20,7.33867
2014-12-21,5.17633
2014-12-22,3.20353
2014-12-23,7.34905
2014-12-24,10.6848
2014-12-25,11.5271
2014-12-26,16.2655
2014-12-27,20.0451
2014-12-28,23.6166
2014-12-29,28.8135
2014-12-30,25.7158
2014-12-31,24.2284
2015-01-01,28.9469
2015-01-02,28.7583
2015-01-03,28.2332
2015-01-04,25.0871
2015-01-05,23.1601
2015-01-06,25.0162
2015-01-07,26.6672
2015-01-08,23.9644
2015-01-09,20.7665
2015-01-10,18.978
2015-01-11,19.5228
2015-01-12,18.1142
2015-01-13,17.9265
2015-01-14,14.6527
2015-01-15,16.5504
2015-01-16,19.8999
2015-01-17,18.7543
2015-01-18,20.7538
2015-01-19,24.1274
2015-01-20,21.8361
2015-01-21,19.804
2015-01-22,19.4541
2015-01-23,15.1579
2015-01-24,13.885
2015-01-25,12.9412
2015-01-26,6.92792
2015-01-27,6.04441
2015-01-28,8.57227
2015-01-29,7.19628
2015-01-30,6.46687
2015-01-31,6.69527
2015-02-01,7.08842
2015-02-02,8.35159
2015-02-03,8.45287
2015-02-04,6.56151
2015-02-05,6.11243
2015-02-06,7.75504
2015-02-07,10.7897
2015-02-08,9.12164
2015-02-09,7.50405
2015-02-10,10.8917
2015-02-11,12.7663
2015-02-12,14.9018
2015-02-13,11.3195
2015-02-14,10.7165
2015-02-15,12.0899
2015-02-16,14.3645
2015-02-17,10.8748
2015-02-18,11.7959
2015-02-19,13.2751
2015-02-20,21.3254
2015-02-21,20.659
2015-02-22,19.3226
2015-02-23,20.7122
2015-02-24,22.5331
2015-02-25,21.5069
2015-02-26,21.1318
2015-02-27,17.6562
2015-02-28,17.4828
2015-03-01,16.1821
2015-03-02,16.8794
2015-03-03,16.759
2015-03-04,22.6683
2015-03-05,19.9947
2015-03-06,17.1167
2015-03-07,19.1326
2015-03-08,23.2456
2015-03-09,21.4416
2015-03-10,21.0414
2015-03-11,17.4028
2015-03-12,19.0628
2015-03-13,20.9754
2015-03-14,19.9339
2015-03-15,17.3891
2015-03-16,18.4284
2015-03-17,17.7194
2015-03-18,16.835
2015-03-19,19.226
2015-03-20,20.8217
2015-03-21,21.2111
2015-03-22,25.1491
2015-03-23,22.0446
2015-03-24,21.8897
2015-03-25,23.9421
2015-03-26,21.2145
2015-03-27,20.3683
2015-03-28,22.1146
2015-03-29,17.4287
2015-03-30,18.6148
2015-03-31,17.2609
2015-04-01,14.4348
2015-04-02,10.0549
2015-04-03,10.1916
2015-04-04,6.21459
2015-04-05,5.97879
2015-04-06,6.65383
2015-04-07,5.49174
2015-04-08,7.74255
2015-04-09,9.53711
2015-04-10,9.38646
2015-04-11,12.5479
2015-04-12,13.8508
2015-04-13,11.771
2015-04-14,17.6056
2015-04-15,15.3387
2015-04-16,13.1991
2015-04-17,12.6651
2015-04-18,9.45354
2015-04-19,9.06011
2015-04-20,10.1516
2015-04-21,10.2766
2015-04-22,9.6414
2015-04-23,14.2451
2015-04-24,14.5274
2015-04-25,15.1931
2015-04-26,20.0319
2015-04-27,22.1693
2015-04-28,17.2974
2015-04-29,16.6756
2015-04-30,11.4993
2015-05-01,11.3072
2015-05-02,10.5766
2015-05-03,6.60091
2015-05-04,3.98829
2015-05-05,5.16231
2015-05-06,5.77413
2015-05-07,9.97334
2015-05-08,6.82429
2015-05-09,7.72878
2015-05-10,8.11276
2015-05-11,5.40327
2015-05-12,5.85263
2015-05-13,4.39085
2015-05-14,7.43518
2015-05-15,10.8037
2015-05-16,9.12784
2015-05-17,7.5882
2015-05-18,12.8414
2015-05-19,11.2015
2015-05-20,8.50028
2015-05-21,2.47104
2015-05-22,1.81779
2015-05-23,2.95731
2015-05-24,-0.470409
2015-05-25,-2.26948
2015-05-26,-1.34664
2015-05-27,0.0842363
2015-05-28,0.159258
2015-05-29,-2.35417
2015-05-30,-1.36808
2015-05-31,2.1764
2015-06-01,0.417342
2015-06-02,-3.5462
2015-06-03,-1.55717
2015-06-04,0.22337
2015-06-05,1.18013
2015-06-06,-0.621458
2015-06-07,1.39867
2015-06-08,2.65904
2015-06-09,5.52015
2015-06-10,3.94236
2015-06-11,6.48837
2015-06-12,5.8653
2015-06-13,6.97172
2015-06-14,6.45638
2015-06-15,7.54887
2015-06-16,9.51923
2015-06-17,6.76065
2015-06-18,5.58421
2015-06-19,9.67962
2015-06-20,8.62579
2015-06-21,7.02509
2015-06-22,4.06424
2015-06-23,0.695292
2015-06-24,2.28015
2015-06-25,1.31724
2015-06-26,-2.21474
2015-06-27,-1.05557
2015-06-28,-2.5285
2015-06-29,-0.693472
2015-06-30,0.0646787
2015-07-01,3.3632
2015-07-02,-0.571047
2015-07-03,1.93883
2015-07-04,2.06821
2015-07-05,3.96173
2015-07-06,4.92989
2015-07-07,7.97805
2015-07-08,6.83726
2015-07-09,12.1601
2015-07-10,8.41246
2015-07-11,8.20199
2015-07-12,10.5718
2015-07-13,6.96189
2015-07-14,4.44409
2015-07-15,6.28087
2015-07-16,5.4559
2015-07-17,8.8923
2015-07-18,8.00634
2015-07-19,6.82741
2015-07-20,9.49074
2015-07-21,10.5354
2015-07-22,6.04926
2015-07-23,7.54458
2015-07-24,8.91268
2015-07-25,10.0114
2015-07-26,11.0263
2015-07-27,12.4148
2015-07-28,12.0412
2015-07-29,16.2435
2015-07-30,16.0541
2015-07-31,12.8727
2015-08-01,13.1314
2015-08-02,13.5753
2015-08-03,15.3958
2015-08-04,16.1625
2015-08-05,12.2525
2015-08-06,9.31981
2015-08-07,10.1687
2015-08-08,10.6027
2015-08-09,12.7479
2015-08-10,8.59488
2015-08-11,10.2446
2015-08-12,13.0768
2015-08-13,11.0161
2015-08-14,11.8928
2015-08-15,12.2209
2015-08-16,4.95224
2015-08-17,5.56816
2015-08-18,5.15306
2015-08-19,4.27798
2015-08-20,6.98302
2015-08-21,7.88403
2015-08-22,12.2071
2015-08-23,17.9562
2015-08-24,18.3175
2015-08-25,18.0135
2015-08-26,18.6386
2015-08-27,22.6155
2015-08-28,19.587
2015-08-29,16.1002
2015-08-30,16.5236
2015-08-31,19.8103
2015-09-01,19.7612
2015-09-02,21.8613
2015-09-03,21.0704
2015-09-04,24.5438
2015-09-05,20.8529
2015-09-06,20.1066
2015-09-07,17.3868
2015-09-08,17.5528
2015-09-09,13.4399
2015-09-10,13.6927
2015-09-11,16.8065
2015-09-12,19.1216
2015-09-13,17.1581
2015-09-14,18.6808
2015-09-15,21.8728
2015-09-16,25.1399
2015-09-17,21.0449
2015-09-18,17.3916
2015-09-19,18.9712
2015-09-20,21.3231
2015-09-21,18.1759
2015-09-22,13.9658
2015-09-23,14.5948
2015-09-24,17.6249
2015-09-25,16.3406
2015-09-26,18.9315
2015-09-27,19.618
2015-09-28,23.7357
2015-09-29,24.5239
2015-09-30,29.3018
2015-10-01,27.9572
2015-10-02,28.6997
2015-10-03,23.279
2015-10-04,23.3473
2015-10-05,19.4977
2015-10-06,22.3053
2015-10-07,16.2237
2015-10-08,17.1983
2015-10-09,16.9263
2015-10-10,15.4178
2015-10-11,17.4321
2015-10-12,19.7915
2015-10-13,16.7827
2015-10-14,16.5068
2015-10-15,18.1268
2015-10-16,21.4461
2015-10-17,23.4675
2015-10-18,18.6596
2015-10-19,17.6468
2015-10-20,22.3239
2015-10-21,21.1696
2015-10-22,19.5504
2015-10-23,14.9891
2015-10-24,14.6143
2015-10-25,16.1379
2015-10-26,17.6632
2015-10-27,16.1961
2015-10-28,18.0436
2015-10-29,17.9121
2015-10-30,20.2743
2015-10-31,23.1049
2015-11-01,22.868
2015-11-02,22.0814
2015-11-03,21.2319
2015-11-04,24.9352
2015-11-05,25.9297
2015-11-06,27.0834
2015-11-07,23.136
2015-11-08,24.681
2015-11-09,21.6678
2015-11-10,18.0504
2015-11-11,17.7005
2015-11-12,19.695
2015-11-13,21.7392
2015-11-14,27.3941
2015-11-15,27.6853
2015-11-16,33.8171
2015-11-17,40.7958
2015-11-18,37.9652
2015-11-19,35.702
2015-11-20,29.6624
2015-11-21,27.3471
2015-11-22,31.1255
2015-11-23,30.9856
2015-11-24,30.0643
2015-11-25,31.5836
2015-11-26,33.9028
2015-11-27,41.4291
2015-11-28,38.8022
2015-11-29,36.241
2015-11-30,35.1264
2015-12-01,34.534
2015-12-02,36.0335
2015-12-03,36.5124
2015-12-04,31.2373
2015-12-05,34.395
2015-12-06,36.8417
2015-12-07,39.4671
2015-12-08,40.6587
2015-12-09,44.0422
2015-12-10,42.3144
2015-12-11,53.2727
2015-12-12,57.6029
2015-12-13,56.7013
2015-12-14,54.457
2015-12-15,57.2072
2015-12-16,59.276
2015-12-17,61.8032
2015-12-18,54.4364
2015-12-19,60.4508
2015-12-20,66.4202
2015-12-21,76.1214
2015-12-22,72.8916
2015-12-23,68.3278
2015-12-24,72.0456
2015-12-25,70.1985
2015-12-26,65.4745
2015-12-27,64.2614
2015-12-28,68.5079
2015-12-29,66.1362
2015-12-30,69.0271
2015-12-31,68.2025
2016-01-01,74.7624
2016-01-02,72.7179
2016-01-03,69.9988
2016-01-04,61.4229
2016-01-05,73.33
2016-01-06,77.6364
2016-01-07,77.9645
2016-01-08,80.9782
2016-01-09,84.7284
2016-01-10,87.0464
2016-01-11,94.3084
2016-01-12,93.3862
2016-01-13,91.9368
2016-01-14,90.4542
2016-01-15,86.8456
2016-01-16,84.5434
2016-01-17,85.3533
2016-01-18,79.5726
2016-01-19,84.1984
2016-01-20,81.4724
2016-01-21,85.444
2016-01-22,85.2642
2016-01-23,93.454
2016-01-24,98.2453
2016-01-25,102.042
2016-01-26,96.4461
2016-01-27,103.862
2016-01-28,104.768
2016-01-29,102.9
2016-01-30,102.415
2016-01-31,105.407
2016-02-01,110.413
2016-02-02,109.645
2016-02-03,109.517
2016-02-04,114.771
2016-02-05,124.094
2016-02-06,126.495
2016-02-07,131.928
2016-02-08,138.434
2016-02-09,143.632
2016-02-10,144.113
2016-02-11,141.816
2016-02-12,147.43
2016-02-13,150.865
2016-02-14,141.998
2016-02-15,132.956
2016-02-16,131.446
2016-02-17,127.034
2016-02-18,130.488
2016-02-19,124.333
2016-02-20,116.597
2016-02-21,117.043
2016-02-22,114.906
2016-02-23,108.981
2016-02-24,110.183
2016-02-25,96.1751
2016-02-26,100.764
2016-02-27,100.38
2016-02-28,101.016
2016-02-29,99.5806
2016-03-01,98.8033
2016-03-02,97.4781
2016-03-03,111.974
2016-03-04,103.945
2016-03-05,102.151
2016-03-06,97.5509
2016-03-07,99.7903
2016-03-08,94.9457
2016-03-09,92.9153
2016-03-10,79.8107
2016-03-11,79.5273
2016-03-12,80.2025
2016-03-13,81.7937
2016-03-14,72.1629
2016-03-15,74.1434
2016-03-16,76.0047
2016-03-17,82.4976
2016-03-18,74.1285
2016-03-19,67.8505
2016-03-20,60.5857
2016-03-21,66.1191
2016-03-22,65.8005
2016-03-23,61.8695
2016-03-24,61.4258
2016-03-25,64.4492
2016-03-26,63.9627
2016-03-27,60.8286
2016-03-28,59.7641
2016-03-29,63.3093
2016-03-30,63.559
2016-03-31,60.4834
2016-04-01,58.6207
2016-04-02,61.2472
2016-04-03,65.5781
2016-04-04,58.7154
2016-04-05,56.2116
2016-04-06,57.21
2016-04-07,58.1727
2016-04-08,55.0142
2016-04-09,52.8447
2016-04-10,52.0526
2016-04-11,58.0237
2016-04-12,54.3481
2016-04-13,50.6112
2016-04-14,51.8385
2016-04-15,62.6338
2016-04-16,62.7572
2016-04-17,62.1943
2016-04-18,58.9248
2016-04-19,61.1439
2016-04-20,62.3515
2016-04-21,63.5587
2016-04-22,53.3319
2016-04-23,48.7517
2016-04-24,46.9415
2016-04-25,44.7055
2016-04-26,39.145
2016-04-27,37.8239
2016-04-28,30.9366
2016-04-29,28.4673
2016-04-30,28.3993
2016-05-01,26.4789
2016-05-02,28.5562
2016-05-03,30.1611
2016-05-04,27.5623
2016-05-05,29.8869
2016-05-06,30.296
2016-05-07,29.4221
2016-05-08,26.8371
2016-05-09,26.6972
2016-05-10,25.2867
2016-05-11,24.399
2016-05-12,16.5513
2016-05-13,14.742
2016-05-14,16.1105
2016-05-15,17.7948
2016-05-16,15.618
2016-05-17,17.5497
2016-05-18,17.9712
2016-05-19,22.8575
2016-05-20,21.2567
2016-05-21,19.3529
2016-05-22,21.2518
2016-05-23,27.7223
2016-05-24,30.6046
2016-05-25,34.3832
2016-05-26,32.1252
2016-05-27,35.1236
2016-05-28,34.7526
2016-05-29,33.3444
2016-05-30,28.4207
2016-05-31,23.7987
2016-06-01,16.5829
2016-06-02,19.5628
2016-06-03,18.7068
2016-06-04,19.2705
2016-06-05,16.4548
2016-06-06,19.7357
2016-06-07,21.9003
2016-06-08,22.7657
2016-06-09,20.7947
2016-06-10,23.0927
2016-06-11,23.7469
2016-06-12,29.6599
2016-06-13,24.2355
2016-06-14,22.0619
2016-06-15,22.7012
2016-06-16,25.2974
2016-06-17,25.5575
2016-06-18,26.3993
2016-06-19,24.2709
2016-06-20,28.79
2016-06-21,29.9507
2016-06-22,32.7473
2016-06-23,29.4736
2016-06-24,28.2588
2016-06-25,24.8484
2016-06-26,27.2032
2016-06-27,21.0985
2016-06-28,19.2976
2016-06-29,19.4032
2016-06-30,24.1217
2016-07-01,24.3523
2016-07-02,29.0843
2016-07-03,27.226
2016-07-04,28.5315
2016-07-05,29.4618
2016-07-06,28.0291
2016-07-07,25.6776
2016-07-08,25.5079
2016-07-09,21.9407
2016-07-10,18.8131
2016-07-11,20.8118
2016-07-12,20.6468
2016-07-13,19.6308
2016-07-14,14.4609
2016-07-15,14.422
2016-07-16,14.7353
2016-07-17,16.0542
2016-07-18,16.2433
2016-07-19,15.5037
2016-07-20,12.494
2016-07-21,16.3379
2016-07-22,14.9771
2016-07-23,13.6377
2016-07-24,13.4966
2016-07-25,11.3376
2016-07-26,9.22256
2016-07-27,13.3694
2016-07-28,12.5233
2016-07-29,11.1631
2016-07-30,13.1368
2016-07-31,9.10644
2016-08-01,9.41021
2016-08-02,11.9618
2016-08-03,9.84258
2016-08-04,11.0054
2016-08-05,11.5489
2016-08-06,12.5385
2016-08-07,15.3093
2016-08-08,12.3803
2016-08-09,10.3069
2016-08-10,9.47671
2016-08-11,8.3255
2016-08-12,7.7
2016-08-13,5.03739
2016-08-14,6.34245
2016-08-15,9.65392
2016-08-16,11.0987
2016-08-17,11.096
2016-08-18,11.2789
2016-08-19,13.2819
2016-08-20,15.4027
2016-08-21,10.7485
2016-08-22,7.92069
2016-08-23,8.1826
2016-08-24,10.599
2016-08-25,11.7027
2016-08-26,9.87356
2016-08-27,8.04556
2016-08-28,10.3065
2016-08-29,12.6132
2016-08-30,14.1952
2016-08-31,15.808
2016-09-01,13.6625
2016-09-02,14.676
2016-09-03,19.0044
2016-09-04,14.4403
2016-09-05,14.7107
2016-09-06,12.2762
2016-09-07,9.38602
2016-09-08,8.74925
2016-09-09,9.20965
2016-09-10,4.5934
2016-09-11,10.2658
2016-09-12,9.90135
2016-09-13,13.8575
2016-09-14,16.4917
2016-09-15,19.1054
2016-09-16,19.9945
2016-09-17,19.7865
2016-09-18,17.5689
2016-09-19,15.611
2016-09-20,9.65747
2016-09-21,9.60566
2016-09-22,10.6017
2016-09-23,10.3618
2016-09-24,8.53355
2016-09-25,10.9725
2016-09-26,17.3552
2016-09-27,20.7501
2016-09-28,21.634
2016-09-29,19.621
2016-09-30,17.8719
2016-10-01,20.9679
2016-10-02,20.2204
2016-10-03,14.6416
2016-10-04,14.4525
2016-10-05,13.8332
2016-10-06,17.0721
2016-10-07,19.8985
2016-10-08,19.6851
2016-10-09,21.7828
2016-10-10,26.1363
2016-10-11,24.3645
2016-10-12,24.7107
2016-10-13,22.7905
2016-10-14,21.3196
2016-10-15,20.6626
2016-10-16,18.2291
2016-10-17,14.0046
2016-10-18,15.8532
2016-10-19,15.3551
2016-10-20,13.9698
2016-10-21,15.3821
2016-10-22,21.9761
2016-10-23,25.7373
2016-10-24,29.5191
2016-10-25,31.3763
2016-10-26,32.0763
2016-10-27,33.0245
2016-10-28,33.6984
2016-10-29,33.4818
2016-10-30,29.2398
2016-10-31,29.2479
2016-11-01,27.5437
2016-11-02,24.4769
2016-11-03,22.8349
2016-11-04,20.506
2016-11-05,12.2401
2016-11-06,13.5715
2016-11-07,13.3522
2016-11-08,16.4689
2016-11-09,21.1633
2016-11-10,23.2421
2016-11-11,27.278
2016-11-12,33.4415
2016-11-13,34.0587
2016-11-14,31.5804
2016-11-15,32.0156
2016-11-16,32.7814
2016-11-17,33.6436
2016-11-18,30.5487
2016-11-19,30.1779
2016-11-20,27.4777
2016-11-21,25.9719
2016-11-22,22.5193
2016-11-23,18.4062
2016-11-24,20.1707
2016-11-25,25.0124
2016-11-26,26.8581
2016-11-27,29.6379
2016-11-28,32.5542
2016-11-29,33.186
2016-11-30,37.2024
2016-12-01,34.9381
2016-12-02,29.9463
2016-12-03,31.1526
2016-12-04,30.163
2016-12-05,32.1079
2016-12-06,34.597
2016-12-07,32.6889
2016-12-08,36.5194
2016-12-09,39.7177
2016-12-10,34.8598
2016-12-11,31.788
2016-12-12,33.2421
2016-12-13,29.7182
2016-12-14,32.1298
2016-12-15,26.4406
2016-12-16,24.1276
2016-12-17,23.853
2016-12-18,28.3799
2016-12-19,27.878
2016-12-20,30.4901
2016-12-21,25.7756
2016-12-22,31.3838
2016-12-23,36.0108
2016-12-24,38.1316
2016-12-25,30.5867
2016-12-26,29.9823
2016-12-27,25.8066
2016-12-28,28.8468
2016-12-29,28.6039
2016-12-30,26.2476
2016-12-31,27.0988
2017-01-01,34.2053
2017-01-02,33.8225
2017-01-03,37.5598
2017-01-04,36.5468
2017-01-05,32.9196
2017-01-06,31.5746
2017-01-07,29.1734
2017-01-08,24.5353
2017-01-09,27.8587
2017-01-10,26.1635
2017-01-11,28.3109
2017-01-12,32.3104
2017-01-13,37.1813
2017-01-14,40.7444
2017-01-15,51.008
2017-01-16,52.1627
2017-01-17,55.1591
2017-01-18,58.0149
2017-01-19,56.601
2017-01-20,52.371
2017-01-21,56.9121
2017-01-22,56.3111
2017-01-23,58.5941
2017-01-24,60.5276
2017-01-25,60.9203
2017-01-26,60.03
2017-01-27,63.2727
2017-01-28,64.4743
2017-01-29,60.2501
2017-01-30,58.6144
2017-01-31,58.7433
2017-02-01,58.9082
2017-02-02,66.327
2017-02-03,72.55
2017-02-04,69.5726
2017-02-05,72.4434
2017-02-06,73.1107
2017-02-07,67.2878
2017-02-08,67.5093
2017-02-09,60.1405
2017-02-10,56.6555
2017-02-11,54.939
2017-02-12,55.7325
2017-02-13,49.3558
2017-02-14,56.7413
2017-02-15,56.0594
2017-02-16,56.2751
2017-02-17,53.5278
2017-02-18,55.6043
2017-02-19,58.4113
2017-02-20,61.0069
2017-02-21,60.855
2017-02-22,58.2824
2017-02-23,56.1416
2017-02-24,56.3569
2017-02-25,57.4941
2017-02-26,57.4773
2017-02-27,60.2665
2017-02-28,57.4377
2017-03-01,60.3771
2017-03-02,63.7147
2017-03-03,65.7807
2017-03-04,61.5969
2017-03-05,56.3682
2017-03-06,54.1586
2017-03-07,54.2832
2017-03-08,50.3571
2017-03-09,49.1239
2017-03-10,49.8972
2017-03-11,56.385
2017-03-12,53.2871
2017-03-13,53.9033
2017-03-14,50.483
2017-03-15,55.7865
2017-03-16,58.6614
2017-03-17,58.102
2017-03-18,55.118
2017-03-19,62.1346
2017-03-20,63.3312
2017-03-21,67.1325
2017-03-22,60.5962
2017-03-23,58.7934
2017-03-24,55.8747
2017-03-25,60.1808
2017-03-26,53.2326
2017-03-27,54.5435
2017-03-28,51.3704
2017-03-29,51.9579
2017-03-30,49.716
2017-03-31,51.933
2017-04-01,45.1289
2017-04-02,46.4734
2017-04-03,43.8578
2017-04-04,49.5328
2017-04-05,47.7796
2017-04-06,53.6216
2017-04-07,50.5799
2017-04-08,55.9507
2017-04-09,55.092
2017-04-10,58.6089
2017-04-11,53.4796
2017-04-12,58.308
2017-04-13,49.4773
2017-04-14,47.6731
2017-04-15,39.6926
2017-04-16,41.0901
2017-04-17,35.1753
2017-04-18,35.0026
2017-04-19,33.428
2017-04-20,34.1124
2017-04-21,31.1184
2017-04-22,33.7686
2017-04-23,29.2074
2017-04-24,30.9513
2017-04-25,27.5149
2017-04-26,25.3444
2017-04-27,25.8945
2017-04-28,26.1089
2017-04-29,22.7349
2017-04-30,27.014
2017-05-01,26.1094
2017-05-02,29.8015
2017-05-03,26.0599
2017-05-04,23.4014
2017-05-05,28.2666
2017-05-06,27.1152
2017-05-07,26.082
2017-05-08,29.1192
2017-05-09,30.6915
2017-05-10,34.5584
2017-05-11,34.785
2017-05-12,30.957
2017-05-13,35.9105
2017-05-14,38.6322
2017-05-15,34.6863
2017-05-16,32.7006
2017-05-17,32.0188
2017-05-18,35.1722
2017-05-19,35.5409
2017-05-20,34.4179
2017-05-21,35.2969
2017-05-22,34.2536
2017-05-23,34.4096
2017-05-24,39.7083
2017-05-25,40.085
2017-05-26,41.4776
2017-05-27,39.1527
2017-05-28,35.1127
2017-05-29,38.9837
2017-05-30,38.7843
2017-05-31,39.3798
2017-06-01,39.72
2017-06-02,41.2336
2017-06-03,44.1738
2017-06-04,50.6205
2017-06-05,52.3471
2017-06-06,55.9194
2017-06-07,54.3771
2017-06-08,57.76
2017-06-09,59.261
2017-06-10,59.8916
2017-06-11,54.7814
2017-06-12,52.2299
2017-06-13,49.4126
2017-06-14,48.011
2017-06-15,43.9622
2017-06-16,41.7471
2017-06-17,39.6043
2017-06-18,39.1289
2017-06-19,40.54
2017-06-20,43.4687
2017-06-21,40.9236
2017-06-22,41.7288
2017-06-23,38.0257
2017-06-24,43.681
2017-06-25,43.8221
2017-06-26,41.1084
2017-06-27,37.9928
2017-06-28,39.9014
2017-06-29,39.1094
2017-06-30,40.9553
2017-07-01,39.4671
2017-07-02,41.8204
2017-07-03,43.8801
2017-07-04,50.864
2017-07-05,49.3648
2017-07-06,50.6296
2017-07-07,49.6695
2017-07-08,48.0828
2017-07-09,48.077
2017-07-10,45.3845
2017-07-11,43.2785
2017-07-12,48.6529
2017-07-13,54.5249
2017-07-14,59.1606
2017-07-15,57.5487
2017-07-16,55.7446
2017-07-17,62.6422
2017-07-18,60.9808
2017-07-19,61.8487
2017-07-20,59.0011
2017-07-21,58.2328
2017-07-22,61.2713
2017-07-23,65.1245
2017-07-24,68.7682
2017-07-25,72.989
2017-07-26,68.7516
2017-07-27,66.9362
2017-07-28,72.435
2017-07-29,68.6585
2017-07-30,70.1061
2017-07-31,63.7178
2017-08-01,58.8188
2017-08-02,63.6182
2017-08-03,62.6412
2017-08-04,61.229
2017-08-05,66.5182
2017-08-06,67.1075
2017-08-07,61.5115
2017-08-08,63.152
2017-08-09,61.4677
2017-08-10,64.2796
2017-08-11,59.8976
2017-08-12,56.1532
2017-08-13,50.334
2017-08-14,52.7202
2017-08-15,52.5656
2017-08-16,51.4411
2017-08-17,49.228
2017-08-18,54.6906
2017-08-19,54.4539
2017-08-20,59.3503
2017-08-21,60.1655
2017-08-22,51.0867
2017-08-23,40.4877
2017-08-24,40.8048
2017-08-25,29.0835
2017-08-26,20.1104
2017-08-27,10.21
2017-08-28,11.4929
2017-08-29,11.655
2017-08-30,18.0437
2017-08-31,17.6781
2017-09-01,26.4833
2017-09-02,33.2052
2017-09-03,38.558
2017-09-04,34.3743
2017-09-05,40.7966
2017-09-06,43.8528
2017-09-07,41.8344
2017-09-08,41.2664
2017-09-09,45.7437
2017-09-10,49.1608
2017-09-11,50.2345
2017-09-12,52.3721
2017-09-13,55.7018
2017-09-14,61.4236
2017-09-15,61.6326
2017-09-16,60.5576
2017-09-17,59.6195
2017-09-18,62.6712
2017-09-19,59.3895
2017-09-20,58.3257
2017-09-21,52.7712
2017-09-22,54.5863
2017-09-23,52.6809
2017-09-24,60.0473
2017-09-25,61.3275
2017-09-26,61.9989
2017-09-27,56.4375
2017-09-28,64.2325
2017-09-29,65.4057
2017-09-30,67.2147
2017-10-01,52.7594
2017-10-02,47.1037
2017-10-03,48.1616
2017-10-04,56.1858
2017-10-05,51.7305
2017-10-06,45.6936
2017-10-07,44.5783
2017-10-08,54.7184
2017-10-09,58.4448
2017-10-10,57.1639
2017-10-11,50.1041
2017-10-12,48.8412
2017-10-13,51.4007
2017-10-14,50.9676
2017-10-15,42.7403
2017-10-16,49.8009
2017-10-17,51.2521
2017-10-18,54.2545
2017-10-19,53.6734
2017-10-20,56.2959
2017-10-21,58.5408
2017-10-22,60.015
2017-10-23,54.1077
2017-10-24,56.0432
2017-10-25,56.7197
2017-10-26,60.8497
2017-10-27,65.2736
2017-10-28,57.2348
2017-10-29,52.7119
2017-10-30,56.5683
2017-10-31,55.9714
2017-11-01,53.8923
2017-11-02,56.8508
2017-11-03,47.8392
2017-11-04,47.4497
2017-11-05,55.4425
2017-11-06,52.2816
2017-11-07,48.067
2017-11-08,51.3571
2017-11-09,48.7263
2017-11-10,52.561
2017-11-11,56.2185
2017-11-12,44.7772
2017-11-13,36.0715
2017-11-14,35.9396
2017-11-15,31.269
2017-11-16,25.273
2017-11-17,23.0839
2017-11-18,27.8738
2017-11-19,38.234
2017-11-20,52.0477
2017-11-21,67.6909
2017-11-22,69.5298
2017-11-23,84.4511
2017-11-24,96.7375
2017-11-25,105.481
2017-11-26,103.913
2017-11-27,100.02
2017-11-28,86.3226
2017-11-29,82.5506
2017-11-30,74.4919
2017-12-01,63.438
2017-12-02,59.3669
2017-12-03,60.2003
2017-12-04,56.8167
2017-12-05,51.9138
2017-12-06,54.6668
2017-12-07,58.2612
2017-12-08,58.8036
2017-12-09,57.4678
2017-12-10,64.3506
2017-12-11,65.7618
2017-12-12,68.5784
2017-12-13,65.4309
2017-12-14,65.4194
2017-12-15,69.4281
2017-12-16,71.2759
2017-12-17,65.6598
2017-12-18,71.5897
2017-12-19,77.8732
2017-12-20,86.7348
2017-12-21,77.4498
2017-12-22,75.2373
2017-12-23,72.9247
2017-12-24,72.2604
2017-12-25,71.7468
2017-12-26,66.8888
2017-12-27,62.3838
2017-12-28,65.5013
2017-12-29,63.5527
2017-12-30,69.5941
2017-12-31,72.9973
2018-01-01,70.2096
2018-01-02,66.7162
2018-01-03,73.6529
2018-01-04,82.8844
2018-01-05,88.0987
2018-01-06,81.2047
2018-01-07,76.5712
2018-01-08,75.4165
2018-01-09,80.7482
2018-01-10,78.8048
2018-01-11,75.6933
2018-01-12,83.3487
2018-01-13,91.8664
2018-01-14,87.9916
2018-01-15,86.4967
2018-01-16,85.1595
2018-01-17,84.5573
2018-01-18,82.7455
2018-01-19,75.663
2018-01-20,74.3027
2018-01-21,80.7924
2018-01-22,86.3095
2018-01-23,88.5158
2018-01-24,85.9983
2018-01-25,81.3313
2018-01-26,91.0811
2018-01-27,101.938
2018-01-28,101.95
2018-01-29,100.277
2018-01-30,101.134
2018-01-31,103.265
2018-02-01,103.343
2018-02-02,100.506
2018-02-03,93.7722
2018-02-04,96.5226
2018-02-05,103.074
2018-02-06,106.093
2018-02-07,112.453
2018-02-08,118.907
2018-02-09,117.497
2018-02-10,126.837
2018-02-11,144.42
2018-02-12,142.481
2018-02-13,152.802
2018-02-14,151.728
2018-02-15,164.349
2018-02-16,150.529
2018-02-17,140.692
2018-02-18,123.309
2018-02-19,118.17
2018-02-20,108.61
2018-02-21,106.233
2018-02-22,104.894
2018-02-23,113.397
2018-02-24,109.538
2018-02-25,111.749
2018-02-26,116.373
2018-02-27,117.352
2018-02-28,116.657
2018-03-01,112.34
2018-03-02,109.191
2018-03-03,109.827
2018-03-04,112.347
2018-03-05,106.105
2018-03-06,106.421
2018-03-07,100.32
2018-03-08,101.288
2018-03-09,103.227
2018-03-10,97.0387
2018-03-11,89.99
2018-03-12,90.247
2018-03-13,91.5182
2018-03-14,92.2056
2018-03-15,84.6287
2018-03-16,79.5471
2018-03-17,81.716
2018-03-18,80.118
2018-03-19,74.9231
2018-03-20,74.0516
2018-03-21,73.6227
2018-03-22,80.5377
2018-03-23,79.6475
2018-03-24,78.0153
2018-03-25,81.4655
2018-03-26,87.0986
2018-03-27,85.7884
2018-03-28,86.6842
2018-03-29,80.54
2018-03-30,80.4035
2018-03-31,84.1488
2018-04-01,77.3356
2018-04-02,78.1017
2018-04-03,73.9882
2018-04-04,75.2664
2018-04-05,73.834
2018-04-06,77.55
2018-04-07,69.9955
2018-04-08,78.0961
2018-04-09,76.3668
2018-04-10,76.0106
2018-04-11,74.7773
2018-04-12,73.2076
2018-04-13,67.8392
2018-04-14,71.3829
2018-04-15,64.5084
2018-04-16,66.121
2018-04-17,64.5764
2018-04-18,63.0047
2018-04-19,64.1517
2018-04-20,68.3087
2018-04-21,61.966
2018-04-22,60.7857
2018-04-23,58.068
2018-04-24,57.4278
2018-04-25,55.8465
2018-04-26,49.2162
2018-04-27,42.1965
2018-04-28,43.1936
2018-04-29,40.0428
2018-04-30,40.1391
2018-05-01,39.4157
2018-05-02,44.7462
2018-05-03,47.76
2018-05-04,48.3312
2018-05-05,47.619
2018-05-06,49.5775
2018-05-07,41.8289
2018-05-08,38.6101
2018-05-09,31.6483
2018-05-10,35.9883
2018-05-11,38.6093
2018-05-12,37.6645
2018-05-13,40.2265
2018-05-14,42.5211
2018-05-15,41.4504
2018-05-16,37.9172
2018-05-17,41.1135
2018-05-18,35.9593
2018-05-19,37.9752
2018-05-20,35.1743
2018-05-21,35.1418
2018-05-22,40.5048
2018-05-23,41.4535
2018-05-24,36.0763
2018-05-25,38.5057
2018-05-26,42.7025
2018-05-27,42.4022
2018-05-28,47.6818
2018-05-29,45.7447
2018-05-30,46.8117
2018-05-31,47.0403
2018-06-01,49.5018
2018-06-02,43.5934
2018-06-03,45.2862
2018-06-04,42.3189
2018-06-05,44.3802
2018-06-06,49.941
2018-06-07,47.7068
2018-06-08,46.5047
2018-06-09,49.9818
2018-06-10,48.9618
2018-06-11,45.1911
2018-06-12,42.1993
2018-06-13,39.7033
2018-06-14,41.5332
2018-06-15,41.6147
2018-06-16,41.5458
2018-06-17,43.9921
2018-06-18,47.9084
2018-06-19,54.7814
2018-06-20,54.4792
2018-06-21,55.8296
2018-06-22,61.2897
2018-06-23,59.3121
2018-06-24,61.6347
2018-06-25,65.1301
2018-06-26,60.716
2018-06-27,62.2688
2018-06-28,55.7606
2018-06-29,49.5961
2018-06-30,53.727
2018-07-01,46.7434
2018-07-02,42.2538
2018-07-03,39.3699
2018-07-04,34.2284
2018-07-05,36.3761
2018-07-06,37.5133
2018-07-07,33.1682
2018-07-08,36.4143
2018-07-09,40.1747
2018-07-10,39.3476
2018-07-11,42.1393
2018-07-12,42.5348
2018-07-13,39.6749
2018-07-14,41.1452
2018-07-15,35.831
2018-07-16,31.5737
2018-07-17,27.9104
2018-07-18,26.9604
2018-07-19,26.8609
2018-07-20,31.6193
2018-07-21,29.7093
2018-07-22,29.9716
2018-07-23,33.9471
2018-07-24,39.3977
2018-07-25,44.2225
2018-07-26,49.7853
2018-07-27,47.3225
2018-07-28,52.6451
2018-07-29,52.8759
2018-07-30,53.2247
2018-07-31,50.7011
2018-08-01,48.6016
2018-08-02,45.656
2018-08-03,47.5719
2018-08-04,45.8589
2018-08-05,55.8851
2018-08-06,55.209
2018-08-07,57.6748
2018-08-08,55.202
2018-08-09,55.7504
2018-08-10,56.2568
2018-08-11,56.3272
2018-08-12,54.9558
2018-08-13,57.9542
2018-08-14,60.466
2018-08-15,56.1529
2018-08-16,61.0234
2018-08-17,60.6309
2018-08-18,60.5681
2018-08-19,59.6989
2018-08-20,54.4778
2018-08-21,53.7525
2018-08-22,58.0121
2018-08-23,55.3995
2018-08-24,49.2013
2018-08-25,44.2668
2018-08-26,41.6774
2018-08-27,46.0422
2018-08-28,52.9419
2018-08-29,52.1957
2018-08-30,46.8197
2018-08-31,49.8419
2018-09-01,52.4326
2018-09-02,54.8001
2018-09-03,47.207
2018-09-04,34.3887
2018-09-05,31.4838
2018-09-06,31.225
2018-09-07,30.6665
2018-09-08,29.8303
2018-09-09,32.4369
2018-09-10,38.4528
2018-09-11,42.2164
2018-09-12,45.7098
2018-09-13,50.1651
2018-09-14,49.5684
2018-09-15,43.4521
2018-09-16,38.0366
2018-09-17,31.8178
2018-09-18,30.0978
2018-09-19,28.3189
2018-09-20,24.3567
2018-09-21,25.2349
2018-09-22,27.2548
2018-09-23,27.3985
2018-09-24,29.4036
2018-09-25,32.303
2018-09-26,40.4882
2018-09-27,40.3391