Date,Fees Value
2009-01-10,0
2009-01-11,0
2009-01-12,0
2009-01-13,0
2009-01-14,0
2009-01-15,0
2009-01-16,0
2009-01-17,0
2009-01-18,0
2009-01-19,0
2009-01-20,0
2009-01-21,0
2009-01-22,0
2009-01-23,0
2009-01-24,0
2009-01-25,0
2009-01-26,0
2009-01-27,0
2009-01-28,0
2009-01-29,0
2009-01-30,0
2009-01-31,0
2009-02-01,0
2009-02-02,0
2009-02-03,0
2009-02-04,0
2009-02-05,0
2009-02-06,0
2009-02-07,0
2009-02-08,0
2009-02-09,0
2009-02-10,0
2009-02-11,0
2009-02-12,0
2009-02-13,0
2009-02-14,0
2009-02-15,0
2009-02-16,0
2009-02-17,0
2009-02-18,0
2009-02-19,0
2009-02-20,0
2009-02-21,0
2009-02-22,0
2009-02-23,0
2009-02-24,0
2009-02-25,0
2009-02-26,0
2009-02-27,0
2009-02-28,0
2009-03-01,0
2009-03-02,0
2009-03-03,0
2009-03-04,0
2009-03-05,0
2009-03-06,0
2009-03-07,0
2009-03-08,0
2009-03-09,0
2009-03-10,0
2009-03-11,0
2009-03-12,0
2009-03-13,0
2009-03-14,0
2009-03-15,0
2009-03-16,0
2009-03-17,0
2009-03-18,0
2009-03-19,0
2009-03-20,0
2009-03-21,0
2009-03-22,0
2009-03-23,0
2009-03-24,0
2009-03-25,0
2009-03-26,0
2009-03-27,0
2009-03-28,0
2009-03-29,0
2009-03-30,0
2009-03-31,0
2009-04-01,0
2009-04-02,0
2009-04-03,0
2009-04-04,0
2009-04-05,0
2009-04-06,0
2009-04-07,0
2009-04-08,0
2009-04-09,0
2009-04-10,0
2009-04-11,0
2009-04-12,0
2009-04-13,0
2009-04-14,0
2009-04-15,0
2009-04-16,0
2009-04-17,0
2009-04-18,0
2009-04-19,0
2009-04-20,0
2009-04-21,0
2009-04-22,0
2009-04-23,0
2009-04-24,0
2009-04-25,0
2009-04-26,0
2009-04-27,0
2009-04-28,0
2009-04-29,0
2009-04-30,0
2009-05-01,0
2009-05-02,0
2009-05-03,0
2009-05-04,0
2009-05-05,0
2009-05-06,0
2009-05-07,0
2009-05-08,0
2009-05-09,0
2009-05-10,0
2009-05-11,0
2009-05-12,0
2009-05-13,0
2009-05-14,0
2009-05-15,0
2009-05-16,0
2009-05-17,0
2009-05-18,0
2009-05-19,0
2009-05-20,0
2009-05-21,0
2009-05-22,0
2009-05-23,0
2009-05-24,0
2009-05-25,0
2009-05-26,0
2009-05-27,0
2009-05-28,0
2009-05-29,0
2009-05-30,0
2009-05-31,0
2009-06-01,0
2009-06-02,0
2009-06-03,0
2009-06-04,0
2009-06-05,0
2009-06-06,0
2009-06-07,0
2009-06-08,0
2009-06-09,0
2009-06-10,0
2009-06-11,0
2009-06-12,0
2009-06-13,0
2009-06-14,0
2009-06-15,0
2009-06-16,0
2009-06-17,0
2009-06-18,0
2009-06-19,0
2009-06-20,0
2009-06-21,0
2009-06-22,0
2009-06-23,0
2009-06-24,0
2009-06-25,0
2009-06-26,0
2009-06-27,0
2009-06-28,0
2009-06-29,0
2009-06-30,0
2009-07-01,0
2009-07-02,0
2009-07-03,0
2009-07-04,0
2009-07-05,0
2009-07-06,0
2009-07-07,0
2009-07-08,0
2009-07-09,0
2009-07-10,0
2009-07-11,0
2009-07-12,0
2009-07-13,0
2009-07-14,0
2009-07-15,0
2009-07-16,0
2009-07-17,0
2009-07-18,0
2009-07-19,0
2009-07-20,0
2009-07-21,0
2009-07-22,0
2009-07-23,0
2009-07-24,0
2009-07-25,0
2009-07-26,0
2009-07-27,0
2009-07-28,0
2009-07-29,0
2009-07-30,0
2009-07-31,0
2009-08-01,0
2009-08-02,0
2009-08-03,0
2009-08-04,0
2009-08-05,0
2009-08-06,0
2009-08-07,0
2009-08-08,0
2009-08-09,0
2009-08-10,0
2009-08-11,0
2009-08-12,0
2009-08-13,0
2009-08-14,0
2009-08-15,0
2009-08-16,0
2009-08-17,0
2009-08-18,0
2009-08-19,0
2009-08-20,0
2009-08-21,0
2009-08-22,0
2009-08-23,0
2009-08-24,0
2009-08-25,0
2009-08-26,0
2009-08-27,0
2009-08-28,0
2009-08-29,0
2009-08-30,0
2009-08-31,0
2009-09-01,0
2009-09-02,0
2009-09-03,0
2009-09-04,0
2009-09-05,0
2009-09-06,0
2009-09-07,0
2009-09-08,0
2009-09-09,0
2009-09-10,0
2009-09-11,0
2009-09-12,0
2009-09-13,0
2009-09-14,0
2009-09-15,0
2009-09-16,0
2009-09-17,0
2009-09-18,0
2009-09-19,0
2009-09-20,0
2009-09-21,0
2009-09-22,0
2009-09-23,0
2009-09-24,0
2009-09-25,0
2009-09-26,0
2009-09-27,0
2009-09-28,0
2009-09-29,0
2009-09-30,0
2009-10-01,0
2009-10-02,0
2009-10-03,0
2009-10-04,0
2009-10-05,0
2009-10-06,0
2009-10-07,0
2009-10-08,0
2009-10-09,0
2009-10-10,0
2009-10-11,0
2009-10-12,0
2009-10-13,0
2009-10-14,0
2009-10-15,0
2009-10-16,0
2009-10-17,0
2009-10-18,0
2009-10-19,0
2009-10-20,0
2009-10-21,0
2009-10-22,0
2009-10-23,0
2009-10-24,0
2009-10-25,0
2009-10-26,0
2009-10-27,0
2009-10-28,0
2009-10-29,0
2009-10-30,0
2009-10-31,0
2009-11-01,0
2009-11-02,0
2009-11-03,0
2009-11-04,0
2009-11-05,0
2009-11-06,0
2009-11-07,0
2009-11-08,0
2009-11-09,0
2009-11-10,0
2009-11-11,0
2009-11-12,0
2009-11-13,0
2009-11-14,0
2009-11-15,0
2009-11-16,0
2009-11-17,0
2009-11-18,0
2009-11-19,0
2009-11-20,0
2009-11-21,0
2009-11-22,0
2009-11-23,0
2009-11-24,0
2009-11-25,0
2009-11-26,0
2009-11-27,0
2009-11-28,0
2009-11-29,0
2009-11-30,0
2009-12-01,0
2009-12-02,0
2009-12-03,0
2009-12-04,0
2009-12-05,0
2009-12-06,0
2009-12-07,0
2009-12-08,0
2009-12-09,0
2009-12-10,0
2009-12-11,0
2009-12-12,0
2009-12-13,0
2009-12-14,0
2009-12-15,0
2009-12-16,0
2009-12-17,0
2009-12-18,0
2009-12-19,0
2009-12-20,0
2009-12-21,0
2009-12-22,0
2009-12-23,0
2009-12-24,0
2009-12-25,0
2009-12-26,0
2009-12-27,0
2009-12-28,0
2009-12-29,0
2009-12-30,0
2009-12-31,0
2010-01-01,0
2010-01-02,0
2010-01-03,0
2010-01-04,0
2010-01-05,0
2010-01-06,0
2010-01-07,0
2010-01-08,0
2010-01-09,0
2010-01-10,0
2010-01-11,0
2010-01-12,0
2010-01-13,0
2010-01-14,0
2010-01-15,0
2010-01-16,0
2010-01-17,0
2010-01-18,0
2010-01-19,0
2010-01-20,0
2010-01-21,0
2010-01-22,0
2010-01-23,0
2010-01-24,0
2010-01-25,0
2010-01-26,0
2010-01-27,0
2010-01-28,0
2010-01-29,0
2010-01-30,0
2010-01-31,0
2010-02-01,0
2010-02-02,0
2010-02-03,0
2010-02-04,0
2010-02-05,0
2010-02-06,0
2010-02-07,0
2010-02-08,0
2010-02-09,0
2010-02-10,0
2010-02-11,0
2010-02-12,0
2010-02-13,0
2010-02-14,0
2010-02-15,0
2010-02-16,0
2010-02-17,0
2010-02-18,0
2010-02-19,0
2010-02-20,0
2010-02-21,0
2010-02-22,0
2010-02-23,0
2010-02-24,0
2010-02-25,0
2010-02-26,0
2010-02-27,0
2010-02-28,0
2010-03-01,0
2010-03-02,0
2010-03-03,0
2010-03-04,0
2010-03-05,0
2010-03-06,0
2010-03-07,0
2010-03-08,0
2010-03-09,0
2010-03-10,0
2010-03-11,0
2010-03-12,0
2010-03-13,0
2010-03-14,0
2010-03-15,0
2010-03-16,0
2010-03-17,0
2010-03-18,0
2010-03-19,0
2010-03-20,0
2010-03-21,0
2010-03-22,0
2010-03-23,0
2010-03-24,0
2010-03-25,0
2010-03-26,0
2010-03-27,0
2010-03-28,0
2010-03-29,0
2010-03-30,0
2010-03-31,0
2010-04-01,0
2010-04-02,0
2010-04-03,0
2010-04-04,0
2010-04-05,0
2010-04-06,0
2010-04-07,0
2010-04-08,0
2010-04-09,0
2010-04-10,0
2010-04-11,0
2010-04-12,0
2010-04-13,0
2010-04-14,0
2010-04-15,0
2010-04-16,0
2010-04-17,0
2010-04-18,0
2010-04-19,0
2010-04-20,0
2010-04-21,0
2010-04-22,0
2010-04-23,0
2010-04-24,0
2010-04-25,0
2010-04-26,0
2010-04-27,0
2010-04-28,0
2010-04-29,0
2010-04-30,0
2010-05-01,0
2010-05-02,0
2010-05-03,0
2010-05-04,0
2010-05-05,0
2010-05-06,0
2010-05-07,0
2010-05-08,0
2010-05-09,0
2010-05-10,0
2010-05-11,0
2010-05-12,0
2010-05-13,0
2010-05-14,0
2010-05-15,0
2010-05-16,0
2010-05-17,0
2010-05-18,0
2010-05-19,0
2010-05-20,0
2010-05-21,0
2010-05-22,0
2010-05-23,0
2010-05-24,0
2010-05-25,0
2010-05-26,0
2010-05-27,0
2010-05-28,0
2010-05-29,0
2010-05-30,0
2010-05-31,0
2010-06-01,0
2010-06-02,0
2010-06-03,0
2010-06-04,0
2010-06-05,0
2010-06-06,0
2010-06-07,0
2010-06-08,0
2010-06-09,0
2010-06-10,0
2010-06-11,0
2010-06-12,0
2010-06-13,0
2010-06-14,0
2010-06-15,0
2010-06-16,0
2010-06-17,0
2010-06-18,0
2010-06-19,0
2010-06-20,0
2010-06-21,0
2010-06-22,0
2010-06-23,0
2010-06-24,0
2010-06-25,0
2010-06-26,0
2010-06-27,0
2010-06-28,0
2010-06-29,0
2010-06-30,0
2010-07-01,0
2010-07-02,0
2010-07-03,0
2010-07-04,0
2010-07-05,0
2010-07-06,0
2010-07-07,0
2010-07-08,0
2010-07-09,0
2010-07-10,0
2010-07-11,0
2010-07-12,0
2010-07-13,0
2010-07-14,0
2010-07-15,0
2010-07-16,0
2010-07-17,0
2010-07-18,0.01
2010-07-19,0.06
2010-07-20,0
2010-07-21,0
2010-07-22,0
2010-07-23,0
2010-07-24,0
2010-07-25,0
2010-07-26,0.15
2010-07-27,0.09
2010-07-28,0.04
2010-07-29,0.06
2010-07-30,0.06
2010-07-31,0.02
2010-08-01,0.02
2010-08-02,0.02
2010-08-03,0.01
2010-08-04,0
2010-08-05,0
2010-08-06,0
2010-08-07,0.14
2010-08-08,0
2010-08-09,0
2010-08-10,0.3
2010-08-11,0
2010-08-12,0
2010-08-13,0
2010-08-14,0
2010-08-15,0
2010-08-16,0
2010-08-17,0.05
2010-08-18,0
2010-08-19,0.11
2010-08-20,0
2010-08-21,0
2010-08-22,0
2010-08-23,0
2010-08-24,0
2010-08-25,0.06
2010-08-26,0
2010-08-27,0
2010-08-28,0
2010-08-29,0
2010-08-30,0.01
2010-08-31,0.02
2010-09-01,0.01
2010-09-02,0
2010-09-03,0
2010-09-04,0
2010-09-05,0
2010-09-06,0
2010-09-07,0
2010-09-08,0
2010-09-09,0
2010-09-10,0.01
2010-09-11,0
2010-09-12,0
2010-09-13,0.01
2010-09-14,0
2010-09-15,0
2010-09-16,0
2010-09-17,0
2010-09-18,0
2010-09-19,0.01
2010-09-20,0
2010-09-21,0
2010-09-22,0
2010-09-23,0
2010-09-24,0
2010-09-25,0
2010-09-26,0
2010-09-27,0
2010-09-28,0
2010-09-29,0.09
2010-09-30,0
2010-10-01,0
2010-10-02,0.03
2010-10-03,0
2010-10-04,0
2010-10-05,0
2010-10-06,0
2010-10-07,0
2010-10-08,0
2010-10-09,0
2010-10-10,0
2010-10-11,0
2010-10-12,0
2010-10-13,0
2010-10-14,0.04
2010-10-15,0
2010-10-16,0
2010-10-17,0
2010-10-18,0
2010-10-19,0
2010-10-20,0
2010-10-21,0
2010-10-22,0
2010-10-23,0
2010-10-24,0.01
2010-10-25,0
2010-10-26,0
2010-10-27,0
2010-10-28,0
2010-10-29,0
2010-10-30,0
2010-10-31,0
2010-11-01,0
2010-11-02,0
2010-11-03,0
2010-11-04,0
2010-11-05,0
2010-11-06,0
2010-11-07,0
2010-11-08,0
2010-11-09,0.23
2010-11-10,0
2010-11-11,0
2010-11-12,0
2010-11-13,0
2010-11-14,0
2010-11-15,0
2010-11-16,0.13
2010-11-17,0
2010-11-18,0
2010-11-19,0
2010-11-20,0.03
2010-11-21,0.29
2010-11-22,0.27
2010-11-23,0.16
2010-11-24,0.15
2010-11-25,0.03
2010-11-26,0
2010-11-27,0.1
2010-11-28,0.01
2010-11-29,0
2010-11-30,0.01
2010-12-01,0
2010-12-02,0.01
2010-12-03,0.02
2010-12-04,0
2010-12-05,0
2010-12-06,0.01
2010-12-07,0.01
2010-12-08,0.02
2010-12-09,0.01
2010-12-10,0.01
2010-12-11,0.01
2010-12-12,0.03
2010-12-13,0.03
2010-12-14,0.07
2010-12-15,0.01
2010-12-16,0.02
2010-12-17,0.03
2010-12-18,0.06
2010-12-19,0.02
2010-12-20,0.03
2010-12-21,0.02
2010-12-22,0.04
2010-12-23,0.03
2010-12-24,0.02
2010-12-25,0.02
2010-12-26,0.02
2010-12-27,0.02
2010-12-28,0.02
2010-12-29,0.03
2010-12-30,0.04
2010-12-31,0.02
2011-01-01,0.01
2011-01-02,0.03
2011-01-03,0.03
2011-01-04,0.22
2011-01-05,0.01
2011-01-06,0.03
2011-01-07,0.03
2011-01-08,0.01
2011-01-09,0.01
2011-01-10,0.05
2011-01-11,0.02
2011-01-12,0.02
2011-01-13,0.09
2011-01-14,0.01
2011-01-15,0.03
2011-01-16,0.04
2011-01-17,0.03
2011-01-18,0.06
2011-01-19,0.02
2011-01-20,0.02
2011-01-21,0.04
2011-01-22,0.02
2011-01-23,0.21
2011-01-24,0.16
2011-01-25,0.1
2011-01-26,0.05
2011-01-27,0.21
2011-01-28,0.08
2011-01-29,0.05
2011-01-30,0.17
2011-01-31,1.33
2011-02-01,0.41
2011-02-02,0.55
2011-02-03,0.04
2011-02-04,0.11
2011-02-05,0.1
2011-02-06,0.16
2011-02-07,0.09
2011-02-08,0.28
2011-02-09,0.16
2011-02-10,0.07
2011-02-11,0.86
2011-02-12,0.5
2011-02-13,0.79
2011-02-14,0.26
2011-02-15,2.92
2011-02-16,0.26
2011-02-17,0.62
2011-02-18,0.14
2011-02-19,0.47
2011-02-20,0.5
2011-02-21,0.43
2011-02-22,0.09
2011-02-23,0.22
2011-02-24,0.37
2011-02-25,0.13
2011-02-26,0.43
2011-02-27,0.48
2011-02-28,0.99
2011-03-01,0.53
2011-03-02,0.31
2011-03-03,0.43
2011-03-04,6.53
2011-03-05,0.65
2011-03-06,2.23
2011-03-07,4.53
2011-03-08,5.28
2011-03-09,3.52
2011-03-10,2.73
2011-03-11,2.9
2011-03-12,4.99
2011-03-13,1.4
2011-03-14,1.71
2011-03-15,1.61
2011-03-16,1.45
2011-03-17,1.55
2011-03-18,1.15
2011-03-19,1.12
2011-03-20,0.91
2011-03-21,1.91
2011-03-22,6.94
2011-03-23,8.84
2011-03-24,14.27
2011-03-25,7.32
2011-03-26,4.56
2011-03-27,3.87
2011-03-28,5.31
2011-03-29,3.48
2011-03-30,2.75
2011-03-31,3.2
2011-04-01,3.05
2011-04-02,2.66
2011-04-03,2.22
2011-04-04,3.24
2011-04-05,4.15
2011-04-06,3.47
2011-04-07,3.45
2011-04-08,2.27
2011-04-09,3.19
2011-04-10,3.11
2011-04-11,3.94
2011-04-12,3.35
2011-04-13,3.87
2011-04-14,4.19
2011-04-15,13.43
2011-04-16,2.53
2011-04-17,3.88
2011-04-18,2.37
2011-04-19,4.09
2011-04-20,6.57
2011-04-21,8.17
2011-04-22,4.05
2011-04-23,7.17
2011-04-24,11.6
2011-04-25,7.79
2011-04-26,14.02
2011-04-27,8.63
2011-04-28,17.43
2011-04-29,14.01
2011-04-30,21.23
2011-05-01,34.69
2011-05-02,34.15
2011-05-03,15.73
2011-05-04,16.4
2011-05-05,21.76
2011-05-06,32.49
2011-05-07,26.5
2011-05-08,23.41
2011-05-09,29.94
2011-05-10,39.74
2011-05-11,42.81
2011-05-12,44.1
2011-05-13,44.24
2011-05-14,91.07
2011-05-15,109.11
2011-05-16,103.39
2011-05-17,114.5
2011-05-18,100.36
2011-05-19,141.9
2011-05-20,107.49
2011-05-21,104.32
2011-05-22,127.42
2011-05-23,123.06
2011-05-24,128.98
2011-05-25,153.56
2011-05-26,176.25
2011-05-27,178.35
2011-05-28,118.86
2011-05-29,116.56
2011-05-30,121.92
2011-05-31,159.81
2011-06-01,178.23
2011-06-02,224.2
2011-06-03,243.03
2011-06-04,358.38
2011-06-05,575
2011-06-06,397.41
2011-06-07,546.85
2011-06-08,652.67
2011-06-09,1279.58
2011-06-10,1242.58
2011-06-11,928.82
2011-06-12,569.66
2011-06-13,794.77
2011-06-14,700.95
2011-06-15,698.51
2011-06-16,785.06
2011-06-17,575.23
2011-06-18,491.33
2011-06-19,453.26
2011-06-20,447.03
2011-06-21,353.16
2011-06-22,317.59
2011-06-23,308.28
2011-06-24,254.49
2011-06-25,290.92
2011-06-26,413.67
2011-06-27,412.72
2011-06-28,443.75
2011-06-29,331.73
2011-06-30,337.34
2011-07-01,286.58
2011-07-02,294.87
2011-07-03,223.16
2011-07-04,205.16
2011-07-05,233.25
2011-07-06,240.34
2011-07-07,251.48
2011-07-08,205.08
2011-07-09,191.95
2011-07-10,183.84
2011-07-11,197.85
2011-07-12,202.21
2011-07-13,176.83
2011-07-14,213.26
2011-07-15,186.82
2011-07-16,232.54
2011-07-17,147.01
2011-07-18,159.71
2011-07-19,171.68
2011-07-20,206.9
2011-07-21,142.9
2011-07-22,120.86
2011-07-23,189.75
2011-07-24,101
2011-07-25,163.57
2011-07-26,151.06
2011-07-27,106.17
2011-07-28,125.98
2011-07-29,102.39
2011-07-30,98.42
2011-07-31,73.84
2011-08-01,93.25
2011-08-02,104.19
2011-08-03,88.55
2011-08-04,79.8
2011-08-05,84.12
2011-08-06,66.52
2011-08-07,170.43
2011-08-08,51.89
2011-08-09,61.85
2011-08-10,114.87
2011-08-11,106.71
2011-08-12,67.2
2011-08-13,59.06
2011-08-14,73.55
2011-08-15,105.46
2011-08-16,107.63
2011-08-17,107.35
2011-08-18,75.39
2011-08-19,65.99
2011-08-20,89.16
2011-08-21,61.9
2011-08-22,61.59
2011-08-23,83.23
2011-08-24,76.52
2011-08-25,96.12
2011-08-26,58.73
2011-08-27,39.49
2011-08-28,44.29
2011-08-29,38.95
2011-08-30,49.34
2011-08-31,86.84
2011-09-01,48.17
2011-09-02,45.24
2011-09-03,58.58
2011-09-04,32.22
2011-09-05,82.59
2011-09-06,52.92
2011-09-07,45.12
2011-09-08,57.64
2011-09-09,30.46
2011-09-10,40.16
2011-09-11,26.14
2011-09-12,31.14
2011-09-13,31.04
2011-09-14,24.37
2011-09-15,21.77
2011-09-16,35.63
2011-09-17,23.9
2011-09-18,24.86
2011-09-19,27.94
2011-09-20,31.54
2011-09-21,39.84
2011-09-22,29.6
2011-09-23,20.71
2011-09-24,22.84
2011-09-25,37.08
2011-09-26,17.69
2011-09-27,14.36
2011-09-28,22.97
2011-09-29,20.92
2011-09-30,15.66
2011-10-01,19.39
2011-10-02,18.04
2011-10-03,15.96
2011-10-04,45.18
2011-10-05,17.59
2011-10-06,18.9
2011-10-07,39.34
2011-10-08,17.4
2011-10-09,13.47
2011-10-10,12.04
2011-10-11,14.01
2011-10-12,21.28
2011-10-13,19.7
2011-10-14,15.34
2011-10-15,13.5
2011-10-16,13
2011-10-17,11.57
2011-10-18,12.14
2011-10-19,7.37
2011-10-20,7.07
2011-10-21,13.85
2011-10-22,6.85
2011-10-23,9.11
2011-10-24,9.69
2011-10-25,9.35
2011-10-26,7.38
2011-10-27,8.66
2011-10-28,8.47
2011-10-29,8.82
2011-10-30,13.02
2011-10-31,10.28
2011-11-01,10.22
2011-11-02,16.06
2011-11-03,10.44
2011-11-04,9.2
2011-11-05,9.66
2011-11-06,11.22
2011-11-07,6.53
2011-11-08,10.61
2011-11-09,12.56
2011-11-10,10.02
2011-11-11,9.38
2011-11-12,6.56
2011-11-13,7.15
2011-11-14,8.68
2011-11-15,6.42
2011-11-16,7.18
2011-11-17,9.01
2011-11-18,6.83
2011-11-19,6.73
2011-11-20,6.88
2011-11-21,9.17
2011-11-22,5.84
2011-11-23,6.84
2011-11-24,8.22
2011-11-25,9.57
2011-11-26,10.94
2011-11-27,6.77
2011-11-28,6.31
2011-11-29,7.78
2011-11-30,13.95
2011-12-01,8.75
2011-12-02,13.89
2011-12-03,14.12
2011-12-04,13.29
2011-12-05,7.95
2011-12-06,9.09
2011-12-07,12.38
2011-12-08,11.65
2011-12-09,8.3
2011-12-10,8.88
2011-12-11,8.79
2011-12-12,711.47
2011-12-13,560.11
2011-12-14,13.88
2011-12-15,11.29
2011-12-16,25.17
2011-12-17,8.57
2011-12-18,11.19
2011-12-19,10.28
2011-12-20,14.38
2011-12-21,23.29
2011-12-22,16.74
2011-12-23,13.38
2011-12-24,9.99
2011-12-25,8.89
2011-12-26,12.36
2011-12-27,12.93
2011-12-28,12.58
2011-12-29,14.99
2011-12-30,15.36
2011-12-31,13.74
2012-01-01,19.14
2012-01-02,17.94
2012-01-03,28.96
2012-01-04,26.72
2012-01-05,76.78
2012-01-06,38.58
2012-01-07,41.22
2012-01-08,31.56
2012-01-09,25.44
2012-01-10,41.31
2012-01-11,30.47
2012-01-12,38.97
2012-01-13,279.34
2012-01-14,82.4
2012-01-15,68.19
2012-01-16,160.05
2012-01-17,195.08
2012-01-18,46.75
2012-01-19,63.27
2012-01-20,171
2012-01-21,156.95
2012-01-22,27.8
2012-01-23,17.94
2012-01-24,31.18
2012-01-25,61.18
2012-01-26,57.43
2012-01-27,25.06
2012-01-28,113.73
2012-01-29,38.66
2012-01-30,1190.58
2012-01-31,156.09
2012-02-01,45.33
2012-02-02,20.99
2012-02-03,68.25
2012-02-04,42.49
2012-02-05,49.09
2012-02-06,23.91
2012-02-07,24.72
2012-02-08,36.27
2012-02-09,28.8
2012-02-10,41.96
2012-02-11,24.88
2012-02-12,21.81
2012-02-13,20.91
2012-02-14,29.27
2012-02-15,71.73
2012-02-16,29.99
2012-02-17,36.89
2012-02-18,16.33
2012-02-19,13.64
2012-02-20,11.74
2012-02-21,18.98
2012-02-22,13.75
2012-02-23,15.28
2012-02-24,25.77
2012-02-25,21.36
2012-02-26,14.69
2012-02-27,16.75
2012-02-28,29.93
2012-02-29,17.01
2012-03-01,17.49
2012-03-02,31.83
2012-03-03,21.95
2012-03-04,15.41
2012-03-05,18.19
2012-03-06,26.82
2012-03-07,22.87
2012-03-08,19.78
2012-03-09,20
2012-03-10,20.41
2012-03-11,21.47
2012-03-12,13.54
2012-03-13,19.18
2012-03-14,59.83
2012-03-15,27.58
2012-03-16,18.31
2012-03-17,46.62
2012-03-18,19.3
2012-03-19,17.12
2012-03-20,20.52
2012-03-21,22.28
2012-03-22,16.1
2012-03-23,16.01
2012-03-24,20.08
2012-03-25,69.38
2012-03-26,31.97
2012-03-27,16.33
2012-03-28,20.27
2012-03-29,22.54
2012-03-30,22.3
2012-03-31,20.54
2012-04-01,22.84
2012-04-02,18.16
2012-04-03,20.94
2012-04-04,24.43
2012-04-05,24.07
2012-04-06,24.98
2012-04-07,22.53
2012-04-08,18.16
2012-04-09,17.82
2012-04-10,19.87
2012-04-11,32.53
2012-04-12,29.36
2012-04-13,26.98
2012-04-14,22.41
2012-04-15,29.34
2012-04-16,16.92
2012-04-17,28.94
2012-04-18,33.79
2012-04-19,31.39
2012-04-20,30.53
2012-04-21,37.8
2012-04-22,25.75
2012-04-23,25.08
2012-04-24,22.38
2012-04-25,32.85
2012-04-26,28.58
2012-04-27,68.2
2012-04-28,29.36
2012-04-29,35.13
2012-04-30,19.51
2012-05-01,24.93
2012-05-02,35.39
2012-05-03,35.38
2012-05-04,55.33
2012-05-05,54.57
2012-05-06,38.8
2012-05-07,37.33
2012-05-08,71.42
2012-05-09,63.08
2012-05-10,67.39
2012-05-11,48.5
2012-05-12,54.38
2012-05-13,54.64
2012-05-14,61.21
2012-05-15,137.96
2012-05-16,106.92
2012-05-17,60.66
2012-05-18,60.92
2012-05-19,87.25
2012-05-20,166.76
2012-05-21,95.75
2012-05-22,99.81
2012-05-23,66.64
2012-05-24,95.96
2012-05-25,99.95
2012-05-26,101.61
2012-05-27,74.49
2012-05-28,90.31
2012-05-29,105.05
2012-05-30,83.37
2012-05-31,97.81
2012-06-01,62.52
2012-06-02,85.3
2012-06-03,38.17
2012-06-04,104.6
2012-06-05,150.99
2012-06-06,157.62
2012-06-07,66.61
2012-06-08,118.69
2012-06-09,92.26
2012-06-10,128.4
2012-06-11,133.24
2012-06-12,102.15
2012-06-13,68.94
2012-06-14,220.4
2012-06-15,229.5
2012-06-16,212.66
2012-06-17,177.76
2012-06-18,162.93
2012-06-19,172.89
2012-06-20,166.41
2012-06-21,146.47
2012-06-22,212.32
2012-06-23,127.19
2012-06-24,114.84
2012-06-25,92.1
2012-06-26,102.7
2012-06-27,117.14
2012-06-28,117.4
2012-06-29,106.75
2012-06-30,79.17
2012-07-01,90.55
2012-07-02,67.16
2012-07-03,126.16
2012-07-04,73.21
2012-07-05,86.88
2012-07-06,88.36
2012-07-07,111.24
2012-07-08,287.03
2012-07-09,79.38
2012-07-10,108.99
2012-07-11,171.09
2012-07-12,136.1
2012-07-13,99.08
2012-07-14,112.6
2012-07-15,121.13
2012-07-16,129.01
2012-07-17,172.94
2012-07-18,172.23
2012-07-19,240.35
2012-07-20,247.03
2012-07-21,251.89
2012-07-22,178.71
2012-07-23,186.17
2012-07-24,153.03
2012-07-25,142.75
2012-07-26,124.17
2012-07-27,159.17
2012-07-28,156.34
2012-07-29,184.47
2012-07-30,157.71
2012-07-31,181.93
2012-08-01,207.01
2012-08-02,184.41
2012-08-03,197.36
2012-08-04,266.47
2012-08-05,185.62
2012-08-06,274.25
2012-08-07,272.51
2012-08-08,204.67
2012-08-09,575.65
2012-08-10,534.42
2012-08-11,170.32
2012-08-12,214.87
2012-08-13,211.55
2012-08-14,300.87
2012-08-15,262.88
2012-08-16,426.33
2012-08-17,392.18
2012-08-18,358.36
2012-08-19,207.11
2012-08-20,183.06
2012-08-21,266.96
2012-08-22,259.97
2012-08-23,218.05
2012-08-24,208.59
2012-08-25,205.2
2012-08-26,244.24
2012-08-27,217.72
2012-08-28,317.14
2012-08-29,273.05
2012-08-30,261.79
2012-08-31,316.33
2012-09-01,314.21
2012-09-02,359.02
2012-09-03,297.55
2012-09-04,363.48
2012-09-05,295.31
2012-09-06,283.75
2012-09-07,282.22
2012-09-08,222.59
2012-09-09,249.63
2012-09-10,246.21
2012-09-11,260.54
2012-09-12,353.05
2012-09-13,225.98
2012-09-14,221.19
2012-09-15,236.38
2012-09-16,175.5
2012-09-17,169.95
2012-09-18,177.05
2012-09-19,266.97
2012-09-20,268.04
2012-09-21,237.1
2012-09-22,344.96
2012-09-23,188.68
2012-09-24,218
2012-09-25,340.04
2012-09-26,188.41
2012-09-27,229.59
2012-09-28,195.03
2012-09-29,743.76
2012-09-30,171.91
2012-10-01,141.6
2012-10-02,208.53
2012-10-03,381.71
2012-10-04,241.98
2012-10-05,1692.52
2012-10-06,338.41
2012-10-07,287.67
2012-10-08,307.28
2012-10-09,316.52
2012-10-10,306.25
2012-10-11,284.89
2012-10-12,262.82
2012-10-13,243.49
2012-10-14,252.18
2012-10-15,204.99
2012-10-16,257.05
2012-10-17,285.81
2012-10-18,795.7
2012-10-19,205.51
2012-10-20,182.51
2012-10-21,208.48
2012-10-22,284.3
2012-10-23,297.62
2012-10-24,240.62
2012-10-25,252.96
2012-10-26,175.68
2012-10-27,188.74
2012-10-28,128.58
2012-10-29,137.62
2012-10-30,187.86
2012-10-31,255.98
2012-11-01,243.25
2012-11-02,225.43
2012-11-03,279.07
2012-11-04,203.19
2012-11-05,203.88
2012-11-06,276.9
2012-11-07,284.86
2012-11-08,314.16
2012-11-09,269.8
2012-11-10,211.53
2012-11-11,231.59
2012-11-12,187.76
2012-11-13,197.12
2012-11-14,218.78
2012-11-15,264.23
2012-11-16,352.66
2012-11-17,374.77
2012-11-18,289.87
2012-11-19,328.97
2012-11-20,318.87
2012-11-21,343.85
2012-11-22,351.83
2012-11-23,272.85
2012-11-24,321.65
2012-11-25,267.44
2012-11-26,358.79
2012-11-27,342.42
2012-11-28,989.27
2012-11-29,541.1
2012-11-30,359.46
2012-12-01,294.41
2012-12-02,321.87
2012-12-03,188.68
2012-12-04,235.52
2012-12-05,382.13
2012-12-06,362.02
2012-12-07,404.87
2012-12-08,332.84
2012-12-09,336.67
2012-12-10,325.42
2012-12-11,419.36
2012-12-12,428.23
2012-12-13,394.24
2012-12-14,603.64
2012-12-15,429.19
2012-12-16,340.42
2012-12-17,376.46
2012-12-18,438.03
2012-12-19,524.26
2012-12-20,485.45
2012-12-21,406.02
2012-12-22,498.16
2012-12-23,534.13
2012-12-24,430.09
2012-12-25,364.36
2012-12-26,328.16
2012-12-27,381.92
2012-12-28,494.08
2012-12-29,500.22
2012-12-30,408.36
2012-12-31,446.11
2013-01-01,335.06
2013-01-02,350.11
2013-01-03,410.82
2013-01-04,515.96
2013-01-05,507.09
2013-01-06,422.69
2013-01-07,470.08
2013-01-08,488.7
2013-01-09,447.42
2013-01-10,447.32
2013-01-11,2170.04
2013-01-12,608.85
2013-01-13,511.04
2013-01-14,558.74
2013-01-15,499.19
2013-01-16,480.29
2013-01-17,587.88
2013-01-18,594.38
2013-01-19,585.54
2013-01-20,1015.7
2013-01-21,501.62
2013-01-22,497.26
2013-01-23,593.32
2013-01-24,747.75
2013-01-25,759.14
2013-01-26,719.25
2013-01-27,840.32
2013-01-28,821.87
2013-01-29,817.18
2013-01-30,950.33
2013-01-31,675.06
2013-02-01,1006.95
2013-02-02,1058.86
2013-02-03,1450.39
2013-02-04,1064.24
2013-02-05,930.54
2013-02-06,880.07
2013-02-07,669.48
2013-02-08,1098.98
2013-02-09,1109.68
2013-02-10,1061.42
2013-02-11,1068.46
2013-02-12,1202.8
2013-02-13,1218.64
2013-02-14,1424.39
2013-02-15,1157.35
2013-02-16,1521.91
2013-02-17,1432.65
2013-02-18,1216.21
2013-02-19,1247.51
2013-02-20,1309.96
2013-02-21,1500.35
2013-02-22,1537.89
2013-02-23,1623.75
2013-02-24,1422.37
2013-02-25,1328.23
2013-02-26,2051.83
2013-02-27,1739.23
2013-02-28,1791.97
2013-03-01,1948.56
2013-03-02,2348.04
2013-03-03,1726.88
2013-03-04,1509.64
2013-03-05,1979.25
2013-03-06,2095.37
2013-03-07,6937.48
2013-03-08,2608.67
2013-03-09,2060.26
2013-03-10,2395.69
2013-03-11,2811.52
2013-03-12,3015.1
2013-03-13,2396.61
2013-03-14,2449.59
2013-03-15,2486.08
2013-03-16,3134.73
2013-03-17,1446.15
2013-03-18,1481.13
2013-03-19,1876.62
2013-03-20,2950.06
2013-03-21,2402.77
2013-03-22,3568.9
2013-03-23,4767.38
2013-03-24,3289.74
2013-03-25,2918.45
2013-03-26,3340.91
2013-03-27,3583.61
2013-03-28,5179.56
2013-03-29,5450.61
2013-03-30,5382.88
2013-03-31,6395.99
2013-04-01,4183.09
2013-04-02,4401.89
2013-04-03,6809.87
2013-04-04,10074.06
2013-04-05,9837.72
2013-04-06,7992.03
2013-04-07,5527.84
2013-04-08,8511.32
2013-04-09,8587.09
2013-04-10,9899.94
2013-04-11,10704.72
2013-04-12,7034.04
2013-04-13,5425.57
2013-04-14,4030.5
2013-04-15,5046.7
2013-04-16,6344.45
2013-04-17,3589.4
2013-04-18,7119.53
2013-04-19,4437.13
2013-04-20,6562.52
2013-04-21,5643.02
2013-04-22,3908.17
2013-04-23,5767.51
2013-04-24,8494.01
2013-04-25,9234.13
2013-04-26,8530.67
2013-04-27,5450.05
2013-04-28,4935.21
2013-04-29,4489.51
2013-04-30,6168
2013-05-01,6221.59
2013-05-02,5825.17
2013-05-03,4699.79
2013-05-04,4219.64
2013-05-05,5276.03
2013-05-06,5081.32
2013-05-07,5038.29
2013-05-08,5069.89
2013-05-09,5958.4
2013-05-10,7419.68
2013-05-11,8091.66
2013-05-12,6633.31
2013-05-13,6413.46
2013-05-14,6784.3
2013-05-15,6622.71
2013-05-16,6622.25
2013-05-17,8951.52
2013-05-18,6787.27
2013-05-19,4826.24
2013-05-20,5632.01
2013-05-21,5252.43
2013-05-22,5645.31
2013-05-23,6058.92
2013-05-24,7019.79
2013-05-25,6286.68
2013-05-26,6162.42
2013-05-27,4222.19
2013-05-28,6357.52
2013-05-29,7128.98
2013-05-30,6645
2013-05-31,6075.23
2013-06-01,5762.14
2013-06-02,5255.49
2013-06-03,5964.67
2013-06-04,7088.25
2013-06-05,6440.18
2013-06-06,7399.52
2013-06-07,4888.89
2013-06-08,4888.31
2013-06-09,4520.6
2013-06-10,3518.01
2013-06-11,3758.94
2013-06-12,4984.82
2013-06-13,4642.8
2013-06-14,4287.54
2013-06-15,3587.06
2013-06-16,3315.46
2013-06-17,3149.99
2013-06-18,3792.48
2013-06-19,4040.48
2013-06-20,3927.57
2013-06-21,8013.88
2013-06-22,4387.72
2013-06-23,5964.18
2013-06-24,3350.74
2013-06-25,3993.85
2013-06-26,3474.95
2013-06-27,4231.11
2013-06-28,3009.49
2013-06-29,4497.26
2013-06-30,2316.3
2013-07-01,2798.7
2013-07-02,2027.66
2013-07-03,3139.37
2013-07-04,2186.76
2013-07-05,1841.27
2013-07-06,2195.12
2013-07-07,2014.13
2013-07-08,1326.88
2013-07-09,2552.83
2013-07-10,2596.34
2013-07-11,2190.05
2013-07-12,3125.98
2013-07-13,2890.98
2013-07-14,3037.46
2013-07-15,2063.5
2013-07-16,2171.66
2013-07-17,3417.44
2013-07-18,3045.95
2013-07-19,3262.91
2013-07-20,1878.19
2013-07-21,2049.69
2013-07-22,2106.27
2013-07-23,2864.64
2013-07-24,2651.55
2013-07-25,2511.38
2013-07-26,3016.69
2013-07-27,1895.5
2013-07-28,2898.69
2013-07-29,2488.29
2013-07-30,2727.55
2013-07-31,3782.74
2013-08-01,4936.32
2013-08-02,3770.72
2013-08-03,2914.77
2013-08-04,2555.75
2013-08-05,3193.12
2013-08-06,2721.72
2013-08-07,4216.2
2013-08-08,3112.55
2013-08-09,4705.2
2013-08-10,4237.54
2013-08-11,2766.91
2013-08-12,3246.27
2013-08-13,2512.71
2013-08-14,3074.64
2013-08-15,4575.41
2013-08-16,6415.8
2013-08-17,4753.36
2013-08-18,3122.75
2013-08-19,4804.96
2013-08-20,5189.57
2013-08-21,3781.07
2013-08-22,3749.29
2013-08-23,4307.92
2013-08-24,3766.77
2013-08-25,3120.91
2013-08-26,3464.86
2013-08-27,4626.7
2013-08-28,4849.67
2013-08-29,31782.03
2013-08-30,3325.04
2013-08-31,5502.58
2013-09-01,4168.23
2013-09-02,3300.56
2013-09-03,6318.11
2013-09-04,4158.77
2013-09-05,3343.69
2013-09-06,4032.81
2013-09-07,4138.42
2013-09-08,2872.11
2013-09-09,3144.82
2013-09-10,3838.08
2013-09-11,3202.23
2013-09-12,2880.26
2013-09-13,4039.53
2013-09-14,2736.17
2013-09-15,2494.86
2013-09-16,3573.44
2013-09-17,5342.91
2013-09-18,39546.55
2013-09-19,13865.93
2013-09-20,11410.7
2013-09-21,3326.05
2013-09-22,3372.57
2013-09-23,3360.55
2013-09-24,4939.65
2013-09-25,3843.13
2013-09-26,4041.11
2013-09-27,3411.17
2013-09-28,10711.89
2013-09-29,3486.7
2013-09-30,3302.03
2013-10-01,3340.65
2013-10-02,5064.1
2013-10-03,4380.8
2013-10-04,4526.41
2013-10-05,3083.36
2013-10-06,3231.38
2013-10-07,2701.16
2013-10-08,4098.48
2013-10-09,2132.17
2013-10-10,3982.04
2013-10-11,3956.1
2013-10-12,3013.43
2013-10-13,4262.68
2013-10-14,4128.48
2013-10-15,4567.19
2013-10-16,5498.99
2013-10-17,6869.88
2013-10-18,5490.95
2013-10-19,6001.16
2013-10-20,6238.78
2013-10-21,4762.01
2013-10-22,6899.42
2013-10-23,8158.94
2013-10-24,9166.86
2013-10-25,9374.83
2013-10-26,9070.21
2013-10-27,6580.44
2013-10-28,10927.46
2013-10-29,6079.11
2013-10-30,6955.76
2013-10-31,5975.95
2013-11-01,6039.33
2013-11-02,7074.72
2013-11-03,4866.58
2013-11-04,8589.62
2013-11-05,11890.91
2013-11-06,12372.8
2013-11-07,39170.47
2013-11-08,37650.8
2013-11-09,35823.97
2013-11-10,18964.45
2013-11-11,15195.12
2013-11-12,21083.15
2013-11-13,8100.54
2013-11-14,9521.91
2013-11-15,9553.14
2013-11-16,7771.19
2013-11-17,6292.87
2013-11-18,8989.82
2013-11-19,19091.48
2013-11-20,16038.39
2013-11-21,16023.42
2013-11-22,18793.73
2013-11-23,17956.05
2013-11-24,15836.06
2013-11-25,13494.04
2013-11-26,16671.18
2013-11-27,23762.99
2013-11-28,28690.91
2013-11-29,32299.8
2013-11-30,28608.64
2013-12-01,22109.02
2013-12-02,17830.84
2013-12-03,22061.84
2013-12-04,21722.22
2013-12-05,23031.05
2013-12-06,22637.88
2013-12-07,14583.38
2013-12-08,27039.91
2013-12-09,9416.25
2013-12-10,15328.16
2013-12-11,16942.45
2013-12-12,15249.25
2013-12-13,12393.45
2013-12-14,13573.57
2013-12-15,10494.69
2013-12-16,9414.91
2013-12-17,11177.22
2013-12-18,9311.84
2013-12-19,10506.81
2013-12-20,11431.03
2013-12-21,10500.86
2013-12-22,7596.66
2013-12-23,7168.45
2013-12-24,7980.34
2013-12-25,8113.49
2013-12-26,8507.63
2013-12-27,10319.72
2013-12-28,9220.07
2013-12-29,8296.62
2013-12-30,10685.69
2013-12-31,8859.42
2014-01-01,8383.22
2014-01-02,7119.65
2014-01-03,11358.44
2014-01-04,11418.3
2014-01-05,10566.6
2014-01-06,13127.18
2014-01-07,27980.24
2014-01-08,13072.63
2014-01-09,11765.81
2014-01-10,10853.35
2014-01-11,11172.3
2014-01-12,11138.47
2014-01-13,9923.36
2014-01-14,10366.71
2014-01-15,13148.89
2014-01-16,14949.36
2014-01-17,10972.35
2014-01-18,12123.03
2014-01-19,11050.86
2014-01-20,9134.98
2014-01-21,13594.97
2014-01-22,13566.65
2014-01-23,12575.27
2014-01-24,13840.27
2014-01-25,12513.42
2014-01-26,9996.91
2014-01-27,10329.93
2014-01-28,10614.88
2014-01-29,11783.64
2014-01-30,10924.27
2014-01-31,10964.18
2014-02-01,11738.3
2014-02-02,9877.6
2014-02-03,8723.61
2014-02-04,10083.18
2014-02-05,11802.44
2014-02-06,11276.19
2014-02-07,11754.86
2014-02-08,11201.63
2014-02-09,8198.37
2014-02-10,7397.21
2014-02-11,8765.76
2014-02-12,8703.44
2014-02-13,10336.87
2014-02-14,8843.19
2014-02-15,11252.37
2014-02-16,8044.87
2014-02-17,7442.61
2014-02-18,14286.52
2014-02-19,8028.1
2014-02-20,9325.51
2014-02-21,8092.71
2014-02-22,8017.16
2014-02-23,7271.41
2014-02-24,7110.77
2014-02-25,8429.23
2014-02-26,9309.16
2014-02-27,8586.95
2014-02-28,8503.61
2014-03-01,9537.03
2014-03-02,6864.21
2014-03-03,6158.91
2014-03-04,11462.54
2014-03-05,11373.03
2014-03-06,9464.52
2014-03-07,9470.46
2014-03-08,8754
2014-03-09,7135.92
2014-03-10,7761.9
2014-03-11,10277.16
2014-03-12,9755.23
2014-03-13,10422.29
2014-03-14,9429.2
2014-03-15,8405.35
2014-03-16,6895.59
2014-03-17,7870.64
2014-03-18,8024.24
2014-03-19,6114.56
2014-03-20,8120.46
2014-03-21,8311.15
2014-03-22,8135.15
2014-03-23,10033.14
2014-03-24,6378.77
2014-03-25,7221.35
2014-03-26,8334.5
2014-03-27,8762.74
2014-03-28,7197.07
2014-03-29,5932.27
2014-03-30,4993.55
2014-03-31,4899.23
2014-04-01,5849.37
2014-04-02,5955.2
2014-04-03,5831.56
2014-04-04,6061.63
2014-04-05,6021.92
2014-04-06,5029.07
2014-04-07,4854.18
2014-04-08,6451.25
2014-04-09,6602.49
2014-04-10,8823.07
2014-04-11,5656.31
2014-04-12,5647.68
2014-04-13,3851.3
2014-04-14,4226.04
2014-04-15,7145.09
2014-04-16,8411.5
2014-04-17,7310.81
2014-04-18,7589.59
2014-04-19,5791.64
2014-04-20,6235.39
2014-04-21,5350.37
2014-04-22,6407.49
2014-04-23,7798.97
2014-04-24,6748.02
2014-04-25,7016.84
2014-04-26,6368.9
2014-04-27,4078.44
2014-04-28,5196.41
2014-04-29,5672.4
2014-04-30,5547.83
2014-05-01,5845.84
2014-05-02,4924.84
2014-05-03,5425.04
2014-05-04,4407.26
2014-05-05,4494.71
2014-05-06,5642.41
2014-05-07,6308.97
2014-05-08,6000.26
2014-05-09,5894.92
2014-05-10,6995.99
2014-05-11,4523.7
2014-05-12,4364.6
2014-05-13,6104.9
2014-05-14,5313.47
2014-05-15,5325.25
2014-05-16,5737.99
2014-05-17,5174.74
2014-05-18,4187.24
2014-05-19,3995.91
2014-05-20,5071.36
2014-05-21,6420.22
2014-05-22,6378.86
2014-05-23,6551.15
2014-05-24,6833.47
2014-05-25,5880.51
2014-05-26,5788.55
2014-05-27,7145.8
2014-05-28,7125.37
2014-05-29,8005.36
2014-05-30,6809.17
2014-05-31,7168.2
2014-06-01,5829.13
2014-06-02,6952.49
2014-06-03,7619.89
2014-06-04,8725.78
2014-06-05,7869.15
2014-06-06,7956.67
2014-06-07,7003.76
2014-06-08,5934.98
2014-06-09,5584.24
2014-06-10,7050.22
2014-06-11,7800.96
2014-06-12,7129.51
2014-06-13,7711.46
2014-06-14,6890.84
2014-06-15,5191.97
2014-06-16,5595.62
2014-06-17,7090.95
2014-06-18,7199.32
2014-06-19,7714.11
2014-06-20,7041.98
2014-06-21,6361.82
2014-06-22,5411.83
2014-06-23,5476.99
2014-06-24,6658.56
2014-06-25,6419.04
2014-06-26,6975.63
2014-06-27,5852.35
2014-06-28,6363.49
2014-06-29,5666.33
2014-06-30,5324.19
2014-07-01,7497.26
2014-07-02,8512.85
2014-07-03,8191.41
2014-07-04,6881.23
2014-07-05,6527.71
2014-07-06,5065.92
2014-07-07,5892.39
2014-07-08,7180.14
2014-07-09,7523.56
2014-07-10,7435.88
2014-07-11,6740.97
2014-07-12,6807.52
2014-07-13,5542.28
2014-07-14,5848.58
2014-07-15,7443.82
2014-07-16,7689.92
2014-07-17,7849.88
2014-07-18,7273.7
2014-07-19,7452.56
2014-07-20,6384.31
2014-07-21,5762.21
2014-07-22,6501.66
2014-07-23,7334.08
2014-07-24,6643.91
2014-07-25,6415.91
2014-07-26,6346.09
2014-07-27,5162.57
2014-07-28,5252.89
2014-07-29,6076.19
2014-07-30,6293.89
2014-07-31,6135.25
2014-08-01,6454.77
2014-08-02,6223.78
2014-08-03,5020.76
2014-08-04,5110.22
2014-08-05,6500.49
2014-08-06,7262.26
2014-08-07,7367.55
2014-08-08,6409.43
2014-08-09,6556.02
2014-08-10,5541.91
2014-08-11,5941.02
2014-08-12,6843.55
2014-08-13,7126.34
2014-08-14,6758.77
2014-08-15,6460.14
2014-08-16,6198.71
2014-08-17,6279.29
2014-08-18,18560.06
2014-08-19,5454.58
2014-08-20,6180.85
2014-08-21,5983.18
2014-08-22,5934.43
2014-08-23,5507.29
2014-08-24,4346.7
2014-08-25,6787.73
2014-08-26,6134
2014-08-27,5902.85
2014-08-28,5936.25
2014-08-29,5276.54
2014-08-30,5232.05
2014-08-31,4601.76
2014-09-01,4362.07
2014-09-02,5160.23
2014-09-03,5646.16
2014-09-04,5151.9
2014-09-05,5516.71
2014-09-06,5513.09
2014-09-07,9086.08
2014-09-08,4891.66
2014-09-09,5865.2
2014-09-10,6799.67
2014-09-11,6096.62
2014-09-12,4719.97
2014-09-13,5017.28
2014-09-14,4505.88
2014-09-15,5428.15
2014-09-16,5739.5
2014-09-17,6701.1
2014-09-18,5477.06
2014-09-19,5212.39
2014-09-20,4312.54
2014-09-21,4204.34
2014-09-22,3674.33
2014-09-23,4711.67
2014-09-24,5398.02
2014-09-25,5306.48
2014-09-26,5420.74
2014-09-27,19124.43
2014-09-28,4084.9
2014-09-29,4218
2014-09-30,4653.18
2014-10-01,4620.35
2014-10-02,4856.3
2014-10-03,4290.74
2014-10-04,4383.95
2014-10-05,4166.17
2014-10-06,3717.53
2014-10-07,4326.5
2014-10-08,4289.73
2014-10-09,4330.36
2014-10-10,5104.37
2014-10-11,4598.86
2014-10-12,3812.97
2014-10-13,4201.58
2014-10-14,4974.6
2014-10-15,5503.72
2014-10-16,4794.18
2014-10-17,4643.64
2014-10-18,4304.36
2014-10-19,4037.35
2014-10-20,4233.21
2014-10-21,4945.55
2014-10-22,4853.29
2014-10-23,4809.07
2014-10-24,4630.39
2014-10-25,4607.63
2014-10-26,3663.64
2014-10-27,3948.91
2014-10-28,4823.67
2014-10-29,4737.77
2014-10-30,4899.8
2014-10-31,4693.04
2014-11-01,4288.96
2014-11-02,4101.57
2014-11-03,4088.57
2014-11-04,5403.9
2014-11-05,4587.39
2014-11-06,4571.43
2014-11-07,4814.61
2014-11-08,4608.51
2014-11-09,3814.36
2014-11-10,5442.64
2014-11-11,5101.27
2014-11-12,4838.86
2014-11-13,6373.56
2014-11-14,5892.01
2014-11-15,5166.44
2014-11-16,4200.15
2014-11-17,5024.65
2014-11-18,5326.64
2014-11-19,4929.21
2014-11-20,5278.67
2014-11-21,4571.24
2014-11-22,4375.14
2014-11-23,3935.8
2014-11-24,4407.07
2014-11-25,4960.52
2014-11-26,4440.73
2014-11-27,4615.17
2014-11-28,4394.31
2014-11-29,4329.53
2014-11-30,4216.96
2014-12-01,4909.93
2014-12-02,5362.25
2014-12-03,5407.91
2014-12-04,5075.2
2014-12-05,5505.5
2014-12-06,4605.01
2014-12-07,4117.98
2014-12-08,4113.64
2014-12-09,5752.35
2014-12-10,4505.39
2014-12-11,4361.98
2014-12-12,4182.73
2014-12-13,3996.18
2014-12-14,3547.26
2014-12-15,4374.66
2014-12-16,4930.81
2014-12-17,4881.21
2014-12-18,4833.78
2014-12-19,4277.01
2014-12-20,4641.17
2014-12-21,3941.67
2014-12-22,3685.06
2014-12-23,4655.25
2014-12-24,4773.42
2014-12-25,3506.6
2014-12-26,2963.35
2014-12-27,6418.27
2014-12-28,5422.06
2014-12-29,3773.99
2014-12-30,4981.68
2014-12-31,3881.87
2015-01-01,3548.67
2015-01-02,2583.97
2015-01-03,3887.4
2015-01-04,3425.55
2015-01-05,5861.03
2015-01-06,4342.18
2015-01-07,3680.2
2015-01-08,3906.45
2015-01-09,4601.01
2015-01-10,4209
2015-01-11,4270.89
2015-01-12,3545.04
2015-01-13,8905.26
2015-01-14,3546.66
2015-01-15,3001.59
2015-01-16,3573.98
2015-01-17,3042.8
2015-01-18,2632.65
2015-01-19,2909.79
2015-01-20,3120.14
2015-01-21,3094.98
2015-01-22,2819.73
2015-01-23,3189.06
2015-01-24,3241.17
2015-01-25,2745.08
2015-01-26,3318.27
2015-01-27,4389
2015-01-28,3663.11
2015-01-29,2790.98
2015-01-30,2900.69
2015-01-31,2518.43
2015-02-01,2812.95
2015-02-02,2487.27
2015-02-03,2920.01
2015-02-04,2985.52
2015-02-05,2792.51
2015-02-06,2680.27
2015-02-07,2575.04
2015-02-08,2681.12
2015-02-09,2649.42
2015-02-10,3300.7
2015-02-11,3117.99
2015-02-12,3235.23
2015-02-13,2802.71
2015-02-14,4158.52
2015-02-15,3856.35
2015-02-16,3199.95
2015-02-17,3558.4
2015-02-18,3897.84
2015-02-19,3494.37
2015-02-20,3238.05
2015-02-21,3697.44
2015-02-22,3172.87
2015-02-23,2951.56
2015-02-24,3550.06
2015-02-25,3388.26
2015-02-26,3551.14
2015-02-27,3352.69
2015-02-28,3701.5
2015-03-01,3433.37
2015-03-02,3515.89
2015-03-03,4214.18
2015-03-04,4364.05
2015-03-05,4027.48
2015-03-06,4047.43
2015-03-07,4466.89
2015-03-08,3596.67
2015-03-09,3737.72
2015-03-10,4601.5
2015-03-11,4305.94
2015-03-12,4662.12
2015-03-13,3957.31
2015-03-14,3993.51
2015-03-15,3550.25
2015-03-16,3333.74
2015-03-17,4432.78
2015-03-18,4135.89
2015-03-19,3910.16
2015-03-20,4263.69
2015-03-21,4166.17
2015-03-22,3569.59
2015-03-23,3457.23
2015-03-24,4552.67
2015-03-25,3413.34
2015-03-26,3938.42
2015-03-27,3636.15
2015-03-28,3420.24
2015-03-29,3216.2
2015-03-30,3208.33
2015-03-31,3723.6
2015-04-01,3974.99
2015-04-02,4191.1
2015-04-03,3868.1
2015-04-04,3888.56
2015-04-05,3366.09
2015-04-06,3894.49
2015-04-07,4036.04
2015-04-08,4148.12
2015-04-09,3957.79
2015-04-10,4551.95
2015-04-11,6474.91
2015-04-12,3965.49
2015-04-13,3319.43
2015-04-14,3967.95
2015-04-15,3485.98
2015-04-16,3469.07
2015-04-17,3207.31
2015-04-18,3232.56
2015-04-19,2959.46
2015-04-20,3009.18
2015-04-21,3811.66
2015-04-22,3486.77
2015-04-23,3788.45
2015-04-24,3768.51
2015-04-25,3455.32
2015-04-26,22710.75
2015-04-27,2965.15
2015-04-28,3514.85
2015-04-29,3676.77
2015-04-30,3869.23
2015-05-01,3868.19
2015-05-02,3281.11
2015-05-03,3220.72
2015-05-04,2964.04
2015-05-05,3614.79
2015-05-06,3874.8
2015-05-07,3684.25
2015-05-08,3744.73
2015-05-09,4072.1
2015-05-10,3274.48
2015-05-11,3697.37
2015-05-12,4144.85
2015-05-13,3867.02
2015-05-14,3795.74
2015-05-15,3374.31
2015-05-16,3577.21
2015-05-17,3067.92
2015-05-18,3169.49
2015-05-19,3439.07
2015-05-20,3736.17
2015-05-21,3458.7
2015-05-22,3402.77
2015-05-23,3703.16
2015-05-24,3084.8
2015-05-25,3159.47
2015-05-26,3744.85
2015-05-27,4385.81
2015-05-28,3759.3
2015-05-29,3839.93
2015-05-30,4445.89
2015-05-31,3758.77
2015-06-01,9159.84
2015-06-02,4959.4
2015-06-03,4100.84
2015-06-04,4144.22
2015-06-05,3702.15
2015-06-06,3529.83
2015-06-07,3281.07
2015-06-08,2862.71
2015-06-09,4068.23
2015-06-10,4072.87
2015-06-11,4567.85
2015-06-12,4019.18
2015-06-13,4199.08
2015-06-14,3955.83
2015-06-15,3834.13
2015-06-16,4691.28
2015-06-17,5466.85
2015-06-18,5284.39
2015-06-19,6831.26
2015-06-20,6793.31
2015-06-21,3664.33
2015-06-22,3435.58
2015-06-23,6960.65
2015-06-24,4580.59
2015-06-25,3969.02
2015-06-26,4006.24
2015-06-27,4450.06
2015-06-28,4084.11
2015-06-29,3929.85
2015-06-30,4796.24
2015-07-01,7884.82
2015-07-02,5465.76
2015-07-03,6247.2
2015-07-04,5899.16
2015-07-05,4580.98
2015-07-06,5624.63
2015-07-07,10181.39
2015-07-08,11473.22
2015-07-09,13651.49
2015-07-10,11073.44
2015-07-11,10420.52
2015-07-12,11502.03
2015-07-13,13318.69
2015-07-14,9397.85
2015-07-15,8601.67
2015-07-16,7351.7
2015-07-17,7694.19
2015-07-18,6550.14
2015-07-19,11915.28
2015-07-20,5615.19
2015-07-21,11043.67
2015-07-22,7432.08
2015-07-23,7168.33
2015-07-24,7511.53
2015-07-25,6562.29
2015-07-26,5853.67
2015-07-27,6275.11
2015-07-28,9160.75
2015-07-29,8299.22
2015-07-30,11263.55
2015-07-31,9844.94
2015-08-01,10622.68
2015-08-02,9270.48
2015-08-03,5679.72
2015-08-04,7979.16
2015-08-05,9949.6
2015-08-06,9370.82
2015-08-07,10382.28
2015-08-08,7142.75
2015-08-09,5949.87
2015-08-10,4909.38
2015-08-11,7546.74
2015-08-12,7039.23
2015-08-13,6747.48
2015-08-14,6458.83
2015-08-15,6428.05
2015-08-16,5492.27
2015-08-17,4853.72
2015-08-18,6261.34
2015-08-19,6052.61
2015-08-20,5398.66
2015-08-21,6087.36
2015-08-22,5395.48
2015-08-23,5036.03
2015-08-24,4690.54
2015-08-25,5700.85
2015-08-26,5576.1
2015-08-27,5748.64
2015-08-28,5275.2
2015-08-29,5617.79
2015-08-30,4992.37
2015-08-31,4471.17
2015-09-01,6369.05
2015-09-02,5845.57
2015-09-03,12529.65
2015-09-04,6114.67
2015-09-05,5708.02
2015-09-06,6682.39
2015-09-07,5267.75
2015-09-08,7044.86
2015-09-09,6384.25
2015-09-10,6460.61
2015-09-11,6511.54
2015-09-12,9206.9
2015-09-13,6824.41
2015-09-14,5823.87
2015-09-15,7311.29
2015-09-16,6572.8
2015-09-17,6040.69
2015-09-18,6248.54
2015-09-19,5991.44
2015-09-20,4994.26
2015-09-21,4910.11
2015-09-22,6624.1
2015-09-23,6361.45
2015-09-24,5960.43
2015-09-25,5760.75
2015-09-26,6267.16
2015-09-27,5940.11
2015-09-28,5161.57
2015-09-29,6114.27
2015-09-30,6543.21
2015-10-01,6409.72
2015-10-02,6968.41
2015-10-03,6213.95
2015-10-04,5019.71
2015-10-05,4572.39
2015-10-06,5784.77
2015-10-07,6341.94
2015-10-08,6157.09
2015-10-09,6308.26
2015-10-10,5889.47
2015-10-11,5959.26
2015-10-12,4827
2015-10-13,6342.03
2015-10-14,6194.61
2015-10-15,6972.73
2015-10-16,7146.6
2015-10-17,7542.72
2015-10-18,7574.67
2015-10-19,5724.66
2015-10-20,7603.41
2015-10-21,8687.21
2015-10-22,7404.18
2015-10-23,8288.74
2015-10-24,7746.01
2015-10-25,7796.16
2015-10-26,7087.68
2015-10-27,7814.84
2015-10-28,8503.4
2015-10-29,9191.91
2015-10-30,10655.2
2015-10-31,10175.69
2015-11-01,9582.4
2015-11-02,8824.01
2015-11-03,11734.11
2015-11-04,15035.51
2015-11-05,18322.81
2015-11-06,13038.17
2015-11-07,11977.65
2015-11-08,9889.81
2015-11-09,9048.12
2015-11-10,10971.32
2015-11-11,10057.85
2015-11-12,8924.55
2015-11-13,8765.45
2015-11-14,8368.47
2015-11-15,8097.57
2015-11-16,7328.49
2015-11-17,9207.52
2015-11-18,8985.88
2015-11-19,9218.15
2015-11-20,8157.55
2015-11-21,8377.25
2015-11-22,7693.98
2015-11-23,7547.07
2015-11-24,8411.02
2015-11-25,8115.93
2015-11-26,8961.1
2015-11-27,9579.77
2015-11-28,9600.55
2015-11-29,9358.16
2015-11-30,8224.03
2015-12-01,12972.44
2015-12-02,11298.15
2015-12-03,11613.18
2015-12-04,10694.89
2015-12-05,10262.93
2015-12-06,12315
2015-12-07,11690.94
2015-12-08,13126.96
2015-12-09,13499.53
2015-12-10,15377.07
2015-12-11,15214.9
2015-12-12,19547.56
2015-12-13,15806.3
2015-12-14,14338.96
2015-12-15,18017.04
2015-12-16,18439.61
2015-12-17,17300.37
2015-12-18,16808.07
2015-12-19,17680.08
2015-12-20,15920.94
2015-12-21,15273.5
2015-12-22,18180.39
2015-12-23,16897.1
2015-12-24,17415.78
2015-12-25,16705.1
2015-12-26,12798.6
2015-12-27,13261.89
2015-12-28,11404.87
2015-12-29,13285.42
2015-12-30,13477.18
2015-12-31,13298.02
2016-01-01,10761.22
2016-01-02,8612.03
2016-01-03,13536.23
2016-01-04,10494.54
2016-01-05,13243.79
2016-01-06,14065.02
2016-01-07,13269.24
2016-01-08,16711.73
2016-01-09,14603.32
2016-01-10,13932.57
2016-01-11,12178.33
2016-01-12,16233.77
2016-01-13,15342.82
2016-01-14,15066.48
2016-01-15,13228.78
2016-01-16,13527.65
2016-01-17,13363.01
2016-01-18,13516.6
2016-01-19,15710
2016-01-20,15114.29
2016-01-21,19292.95
2016-01-22,19955.75
2016-01-23,17647.61
2016-01-24,14831.69
2016-01-25,16407.18
2016-01-26,18250.77
2016-01-27,18384.39
2016-01-28,19625.86
2016-01-29,17546.55
2016-01-30,17724.31
2016-01-31,14773.68
2016-02-01,13113.51
2016-02-02,21658.17
2016-02-03,21212.46
2016-02-04,16466.09
2016-02-05,14836.98
2016-02-06,16372.05
2016-02-07,15436.33
2016-02-08,14587.24
2016-02-09,16055.65
2016-02-10,15876.6
2016-02-11,16709.57
2016-02-12,16765.2
2016-02-13,15049.59
2016-02-14,13799.6
2016-02-15,14464.95
2016-02-16,17090.48
2016-02-17,17367.72
2016-02-18,18060.14
2016-02-19,18371.19
2016-02-20,19581.55
2016-02-21,18032.4
2016-02-22,17928.92
2016-02-23,19869.55
2016-02-24,20803.86
2016-02-25,19266.06
2016-02-26,19529.01
2016-02-27,18222.05
2016-02-28,15691.3
2016-02-29,19942.53
2016-03-01,24152.55
2016-03-02,26036.19
2016-03-03,38968.82
2016-03-04,24368.11
2016-03-05,20510.78
2016-03-06,25134.66
2016-03-07,15844.65
2016-03-08,18673.33
2016-03-09,18110.56
2016-03-10,22264.45
2016-03-11,17368.82
2016-03-12,17093.29
2016-03-13,14087.58
2016-03-14,14689.93
2016-03-15,16919.96
2016-03-16,18088.32
2016-03-17,20050.55
2016-03-18,19265.87
2016-03-19,17448.35
2016-03-20,14205.07
2016-03-21,13692.53
2016-03-22,17083.77
2016-03-23,17618.66
2016-03-24,16328.55
2016-03-25,15933.31
2016-03-26,13519.73
2016-03-27,15470.44
2016-03-28,12973.52
2016-03-29,19836.03
2016-03-30,24392.3
2016-03-31,18643.96
2016-04-01,19407.27
2016-04-02,21683.03
2016-04-03,21454.18
2016-04-04,17474.61
2016-04-05,18957.51
2016-04-06,20536.69
2016-04-07,24629.23
2016-04-08,19041.77
2016-04-09,17929.1
2016-04-10,15458.75
2016-04-11,13972.56
2016-04-12,21628.61
2016-04-13,21033.27
2016-04-14,19497.72
2016-04-15,19175.66
2016-04-16,19250.53
2016-04-17,14552.51
2016-04-18,14897.47
2016-04-19,20322.98
2016-04-20,18994.85
2016-04-21,18677.88
2016-04-22,19376.42
2016-04-23,18961.98
2016-04-24,14894.18
2016-04-25,15280.39
2016-04-26,20292.33
2016-04-27,157247.72
2016-04-28,21267.97
2016-04-29,22077.14
2016-04-30,22420.06
2016-05-01,18462.83
2016-05-02,15097.9
2016-05-03,20116.17
2016-05-04,19939.28
2016-05-05,21532.61
2016-05-06,19839.53
2016-05-07,20814.12
2016-05-08,16765.81
2016-05-09,15667.65
2016-05-10,18912.36
2016-05-11,21809.27
2016-05-12,21002.62
2016-05-13,21148.16
2016-05-14,21705.14
2016-05-15,21653.49
2016-05-16,21617.01
2016-05-17,26929.31
2016-05-18,27198.91
2016-05-19,26494.46
2016-05-20,23631.6
2016-05-21,24239.85
2016-05-22,23629.96
2016-05-23,19201.43
2016-05-24,24959.46
2016-05-25,26012.91
2016-05-26,27165.15
2016-05-27,25926.4
2016-05-28,34204.7
2016-05-29,26352.44
2016-05-30,26786.51
2016-05-31,30105.28
2016-06-01,28324.48
2016-06-02,29731.54
2016-06-03,32013
2016-06-04,30449.56
2016-06-05,26548.06
2016-06-06,25481.45
2016-06-07,30674.74
2016-06-08,31112.75
2016-06-09,29483.44
2016-06-10,30020.05
2016-06-11,30521.21
2016-06-12,28298.08
2016-06-13,35658.16
2016-06-14,44229.78
2016-06-15,47249.18
2016-06-16,59266.28
2016-06-17,62334.73
2016-06-18,58378.3
2016-06-19,54143.69
2016-06-20,46891.43
2016-06-21,56068.39
2016-06-22,51717.06
2016-06-23,48938.49
2016-06-24,45351.01
2016-06-25,49185.96
2016-06-26,40473.06
2016-06-27,34109.7
2016-06-28,40592.31
2016-06-29,37640.9
2016-06-30,39596.53
2016-07-01,41762.06
2016-07-02,39405.85
2016-07-03,35830.36
2016-07-04,31053.14
2016-07-05,37338.37
2016-07-06,37304.33
2016-07-07,38174.44
2016-07-08,35419.47
2016-07-09,37396.52
2016-07-10,30238.97
2016-07-11,25035.6
2016-07-12,37592.81
2016-07-13,33775.97
2016-07-14,35447.06
2016-07-15,39082.14
2016-07-16,35603.58
2016-07-17,34368
2016-07-18,31744.34
2016-07-19,39517.85
2016-07-20,41891.94
2016-07-21,42486.56
2016-07-22,40974.69
2016-07-23,43529.64
2016-07-24,38450.92
2016-07-25,33904.1
2016-07-26,45141.95
2016-07-27,46193.48
2016-07-28,48056.03
2016-07-29,47542.42
2016-07-30,47323.59
2016-07-31,43257.94
2016-08-01,46359.55
2016-08-02,42923.7
2016-08-03,45950.96
2016-08-04,42400.49
2016-08-05,39864.4
2016-08-06,43399.9
2016-08-07,34759.97
2016-08-08,39459.09
2016-08-09,50840.11
2016-08-10,43394.65
2016-08-11,45703.46
2016-08-12,46407.76
2016-08-13,41760.33
2016-08-14,37056.22
2016-08-15,34379.33
2016-08-16,39879.33
2016-08-17,47396
2016-08-18,41817.04
2016-08-19,43798.49
2016-08-20,46264.82
2016-08-21,36637.42
2016-08-22,29526.43
2016-08-23,37140.96
2016-08-24,39472.35
2016-08-25,38063.62
2016-08-26,36981.88
2016-08-27,35752.3
2016-08-28,31906.03
2016-08-29,27758.01
2016-08-30,37768.66
2016-08-31,38440.68
2016-09-01,36053.15
2016-09-02,35688.33
2016-09-03,33501.37
2016-09-04,30288.38
2016-09-05,27798.78
2016-09-06,39642.46
2016-09-07,36130.72
2016-09-08,39547.07
2016-09-09,37110.13
2016-09-10,38970.59
2016-09-11,32211.53
2016-09-12,28826.49
2016-09-13,34436.13
2016-09-14,41453.89
2016-09-15,37258.58
2016-09-16,36308.2
2016-09-17,39673.35
2016-09-18,34654.62
2016-09-19,32324.17
2016-09-20,40475.62
2016-09-21,40722.76
2016-09-22,38509.8
2016-09-23,37171.84
2016-09-24,37420.72
2016-09-25,34301.47
2016-09-26,30070.49
2016-09-27,36843.24
2016-09-28,38915.71
2016-09-29,39031.19
2016-09-30,40957.12
2016-10-01,41273.06
2016-10-02,36281.58
2016-10-03,33263.55
2016-10-04,45618.27
2016-10-05,43097.95
2016-10-06,44800.96
2016-10-07,47042.32
2016-10-08,44654.31
2016-10-09,41037.1
2016-10-10,36549.28
2016-10-11,42362.27
2016-10-12,51348.03
2016-10-13,43732.48
2016-10-14,42956.36
2016-10-15,43151.04
2016-10-16,40208.62
2016-10-17,37153.6
2016-10-18,46130.45
2016-10-19,48894.61
2016-10-20,41255.49
2016-10-21,54916.39
2016-10-22,47086.13
2016-10-23,43768.51
2016-10-24,45738.55
2016-10-25,53394.32
2016-10-26,65388.93
2016-10-27,84029.03
2016-10-28,75730.14
2016-10-29,55599.49
2016-10-30,52332.49
2016-10-31,43356.37
2016-11-01,54914.46
2016-11-02,58158.55
2016-11-03,57537.21
2016-11-04,55903.72
2016-11-05,58513.74
2016-11-06,51735.11
2016-11-07,49830.96
2016-11-08,65027.66
2016-11-09,63416.58
2016-11-10,61126.66
2016-11-11,57640.33
2016-11-12,53033.79
2016-11-13,46937.7
2016-11-14,42981.28
2016-11-15,56875.1
2016-11-16,58524.49
2016-11-17,59456.23
2016-11-18,66040.99
2016-11-19,62630.82
2016-11-20,54287.65
2016-11-21,54446.78
2016-11-22,70409.91
2016-11-23,74977.51
2016-11-24,82184.81
2016-11-25,98545.88
2016-11-26,102692.1
2016-11-27,72560.73
2016-11-28,61103.27
2016-11-29,79673.39
2016-11-30,74175.11
2016-12-01,73685.2
2016-12-02,79478.84
2016-12-03,91856.31
2016-12-04,76826.36
2016-12-05,71054.8
2016-12-06,81310.42
2016-12-07,89856.72
2016-12-08,81767.35
2016-12-09,74883.61
2016-12-10,73881.79
2016-12-11,65611.14
2016-12-12,58515.58
2016-12-13,73190.07
2016-12-14,77024.57
2016-12-15,74547.34
2016-12-16,77189.56
2016-12-17,77154.29
2016-12-18,63025.2
2016-12-19,64255.72
2016-12-20,82723.55
2016-12-21,81061.44
2016-12-22,95107.12
2016-12-23,92500.81
2016-12-24,90938.88
2016-12-25,73872.14
2016-12-26,55115.08
2016-12-27,81889.29
2016-12-28,91847.68
2016-12-29,101383.7
2016-12-30,104144.89
2016-12-31,95748.8
2017-01-01,78326.97
2017-01-02,67821.21
2017-01-03,111183.38
2017-01-04,127595.78
2017-01-05,203516.22
2017-01-06,116129.9
2017-01-07,113156.79
2017-01-08,95771.97
2017-01-09,81641.53
2017-01-10,93904.61
2017-01-11,107369.78
2017-01-12,89727.21
2017-01-13,82227.82
2017-01-14,81400.26
2017-01-15,72226.65
2017-01-16,65119.26
2017-01-17,88244.06
2017-01-18,96434.17
2017-01-19,95843.96
2017-01-20,102188.75
2017-01-21,92874.39
2017-01-22,86009.2
2017-01-23,81589.92
2017-01-24,101378.39
2017-01-25,128808.08
2017-01-26,120221.07
2017-01-27,111233.59
2017-01-28,106129.2
2017-01-29,111832.19
2017-01-30,108653.61
2017-01-31,126988.54
2017-02-01,137536.51
2017-02-02,151309.25
2017-02-03,146362.42
2017-02-04,162540.25
2017-02-05,141991.83
2017-02-06,139852.19
2017-02-07,160746.02
2017-02-08,178183.58
2017-02-09,164746.67
2017-02-10,170075.06
2017-02-11,139790.54
2017-02-12,115731.66
2017-02-13,100844.81
2017-02-14,137814.59
2017-02-15,142949.56
2017-02-16,138119.96
2017-02-17,172663.82
2017-02-18,174430.65
2017-02-19,161980.37
2017-02-20,135171.6
2017-02-21,172831.43
2017-02-22,188744.04
2017-02-23,204105.66
2017-02-24,248039.36
2017-02-25,263905.2
2017-02-26,217798.59
2017-02-27,193798.52
2017-02-28,235735.21
2017-03-01,267314.03
2017-03-02,282013.69
2017-03-03,316500.33
2017-03-04,332616.39
2017-03-05,279764.96
2017-03-06,276340.21
2017-03-07,304064.45
2017-03-08,333632.39
2017-03-09,274265.57
2017-03-10,281666.66
2017-03-11,298262.91
2017-03-12,257832.5
2017-03-13,228905.42
2017-03-14,274975.98
2017-03-15,317847.33
2017-03-16,298782.6
2017-03-17,311290.23
2017-03-18,269999.13
2017-03-19,214954.54
2017-03-20,215311.81
2017-03-21,252695.97
2017-03-22,276292.11
2017-03-23,273682.91
2017-03-24,245193.26
2017-03-25,221364.21
2017-03-26,175496.82
2017-03-27,143424.55
2017-03-28,206750.99
2017-03-29,240932.79
2017-03-30,219918.66
2017-03-31,214020.94
2017-04-01,229347.24
2017-04-02,208852.36
2017-04-03,193556.92
2017-04-04,256940.64
2017-04-05,230046.19
2017-04-06,266756.67
2017-04-07,260034.94
2017-04-08,270198.1
2017-04-09,203774.76
2017-04-10,199294.93
2017-04-11,241322.1
2017-04-12,276538.99
2017-04-13,258435.23
2017-04-14,258155.13
2017-04-15,273461.61
2017-04-16,236769.73
2017-04-17,189839.87
2017-04-18,219373.27
2017-04-19,270448.67
2017-04-20,257029.04
2017-04-21,285378.22
2017-04-22,299419.1
2017-04-23,231156.79
2017-04-24,209386.92
2017-04-25,243836.04
2017-04-26,345534.75
2017-04-27,328491.27
2017-04-28,343587.62
2017-04-29,332853.06
2017-04-30,341837.91
2017-05-01,269328.43
2017-05-02,328527.17
2017-05-03,396371.14
2017-05-04,376228.45
2017-05-05,468662.25
2017-05-06,399883.8
2017-05-07,461569.9
2017-05-08,433288.67
2017-05-09,519322.01
2017-05-10,528686.91
2017-05-11,529812.57
2017-05-12,510450.38
2017-05-13,541618.95
2017-05-14,531388.68
2017-05-15,528201.1
2017-05-16,563950.56
2017-05-17,617978.22
2017-05-18,868374.64
2017-05-19,744387.04
2017-05-20,857114.96
2017-05-21,789036.65
2017-05-22,712894.25
2017-05-23,884130.3
2017-05-24,1063396.07
2017-05-25,1156307.65
2017-05-26,1184962.35
2017-05-27,1032897.14
2017-05-28,1078281.77
2017-05-29,914495.16
2017-05-30,1129234.68
2017-05-31,1296382.69
2017-06-01,1320719.56
2017-06-02,1373800.33
2017-06-03,1172931.73
2017-06-04,1373354.59
2017-06-05,1113208.22
2017-06-06,1283098.71
2017-06-07,1471839.43
2017-06-08,1801301.41
2017-06-09,1385510.61
2017-06-10,1275009.67
2017-06-11,1119279.9
2017-06-12,1068344.85
2017-06-13,1071906.04
2017-06-14,1300400.13
2017-06-15,1130889.88
2017-06-16,1025298.99
2017-06-17,948244.2
2017-06-18,814859.66
2017-06-19,708255.5
2017-06-20,1008573.71
2017-06-21,1078628.54
2017-06-22,1235264.02
2017-06-23,1199316.27
2017-06-24,939382.66
2017-06-25,760093.33
2017-06-26,679985.59
2017-06-27,901937.75
2017-06-28,919965.31
2017-06-29,976814.9
2017-06-30,879404.22
2017-07-01,881630.33
2017-07-02,608640.5
2017-07-03,498280.85
2017-07-04,715133.98
2017-07-05,764212.16
2017-07-06,587008.74
2017-07-07,651404.79
2017-07-08,599023.05
2017-07-09,472575.78
2017-07-10,390749.55
2017-07-11,488722.17
2017-07-12,487387.58
2017-07-13,529885.32
2017-07-14,489588.54
2017-07-15,476489
2017-07-16,759165.57
2017-07-17,323432.86
2017-07-18,436393.27
2017-07-19,517310.37
2017-07-20,454304.24
2017-07-21,641832.44
2017-07-22,654889.22
2017-07-23,472010.46
2017-07-24,347497.55
2017-07-25,465931.47
2017-07-26,429932.13
2017-07-27,415409.14
2017-07-28,447580.09
2017-07-29,526998.2
2017-07-30,421880.22
2017-07-31,396816.5
2017-08-01,537619.04
2017-08-02,202796.2
2017-08-03,362114.9
2017-08-04,346022.02
2017-08-05,329124.96
2017-08-06,356116.71
2017-08-07,290136.41
2017-08-08,425992.71
2017-08-09,539107.47
2017-08-10,538059.3
2017-08-11,664214.41
2017-08-12,839023.22
2017-08-13,825679.75
2017-08-14,769578.56
2017-08-15,1097814.78
2017-08-16,1447769.75
2017-08-17,1530240.57
2017-08-18,1541592.44
2017-08-19,1375858.15
2017-08-20,1100993.57
2017-08-21,895535.23
2017-08-22,1200094
2017-08-23,1391387.95
2017-08-24,2241771.53
2017-08-25,1665672.05
2017-08-26,1894279.28
2017-08-27,1806497.99
2017-08-28,1539228.2
2017-08-29,1698934.01
2017-08-30,2103901.79
2017-08-31,1798274.57
2017-09-01,1974670.38
2017-09-02,1813552.69
2017-09-03,1364279.51
2017-09-04,1084631.52
2017-09-05,1384475.07
2017-09-06,1244825.75
2017-09-07,1266573.82
2017-09-08,1180671.36
2017-09-09,905933.33
2017-09-10,622273.81
2017-09-11,619188.57
2017-09-12,665595.76
2017-09-13,612509.41
2017-09-14,507677.18
2017-09-15,526276.66
2017-09-16,637811.46
2017-09-17,436181.15
2017-09-18,363387.06
2017-09-19,708616.06
2017-09-20,671799.71
2017-09-21,569882.82
2017-09-22,486078.67
2017-09-23,414277.57
2017-09-24,377284.28
2017-09-25,325885.38
2017-09-26,573018.44
2017-09-27,570323.81
2017-09-28,622896.38
2017-09-29,552117.27
2017-09-30,479144.54
2017-10-01,443961.33
2017-10-02,523173.72
2017-10-03,790904.4
2017-10-04,641892.07
2017-10-05,588377.69
2017-10-06,694470.37
2017-10-07,651998.46
2017-10-08,457718.09
2017-10-09,527764.32
2017-10-10,706375.09
2017-10-11,809905.98
2017-10-12,728044.39
2017-10-13,962217.37
2017-10-14,1589458.4
2017-10-15,1319300.78
2017-10-16,892582.19
2017-10-17,1115733.92
2017-10-18,1176168.74
2017-10-19,1060086.88
2017-10-20,1070720.04
2017-10-21,989264.97
2017-10-22,989115.62
2017-10-23,941263.52
2017-10-24,1092403.96
2017-10-25,1095205.72
2017-10-26,800276.85
2017-10-27,695755.9
2017-10-28,964870.23
2017-10-29,1030074.67
2017-10-30,1694173.96
2017-10-31,1585048.86
2017-11-01,1525810.06
2017-11-02,1970709.7
2017-11-03,1941308.49
2017-11-04,1988716.28
2017-11-05,1955155.9
2017-11-06,1458069.63
2017-11-07,1741727.16
2017-11-08,2035868.32
2017-11-09,1981626.24
2017-11-10,2598465.76
2017-11-11,2117438.26
2017-11-12,2048003.18
2017-11-13,3509889.69
2017-11-14,5032254.51
2017-11-15,4101192.15
2017-11-16,4279141.61
2017-11-17,3946000.59
2017-11-18,3048587.45
2017-11-19,2205822.71
2017-11-20,2023919.1
2017-11-21,2665862.89
2017-11-22,2508828.3
2017-11-23,2124673.58
2017-11-24,2154891.15
2017-11-25,1892989.34
2017-11-26,1691668.67
2017-11-27,1776149.5
2017-11-28,2319952.39
2017-11-29,2433306.58
2017-11-30,2840446.21
2017-12-01,2664195.01
2017-12-02,2622127.83
2017-12-03,2066256.15
2017-12-04,2123419.48
2017-12-05,2641789.97
2017-12-06,2581487.19
2017-12-07,3476092.29
2017-12-08,5998519.49
2017-12-09,10112633.44
2017-12-10,8139028.99
2017-12-11,6911066.32
2017-12-12,8284499.07
2017-12-13,9354596.75
2017-12-14,9681423.6
2017-12-15,10782804.22
2017-12-16,10441057.82
2017-12-17,10211242.69
2017-12-18,10108249.66
2017-12-19,11203267.65
2017-12-20,11811452.58
2017-12-21,15190001.27
2017-12-22,17865073.99
2017-12-23,21013163.26
2017-12-24,15231905.21
2017-12-25,12058074.75
2017-12-26,9661729.57
2017-12-27,11308529.44
2017-12-28,12284800.23
2017-12-29,11187935.45
2017-12-30,11454807.7
2017-12-31,9651572.55
2018-01-01,7506233.73
2018-01-02,6422873.34
2018-01-03,9589588.8
2018-01-04,11355017.07
2018-01-05,11759862.39
2018-01-06,11889153.94
2018-01-07,11696630.67
2018-01-08,11191901.42
2018-01-09,10411441.85
2018-01-10,10704156.09
2018-01-11,10700321.67
2018-01-12,9117131.57
2018-01-13,8658653.63
2018-01-14,7475734.77
2018-01-15,6701748.03
2018-01-16,6905355.16
2018-01-17,7063667.43
2018-01-18,7440586.19
2018-01-19,7333985.66
2018-01-20,5663492.71
2018-01-21,5372901.93
2018-01-22,3977431.07
2018-01-23,3401383.02
2018-01-24,3146048.42
2018-01-25,3159938.92
2018-01-26,2501079.37
2018-01-27,2271775.05
2018-01-28,1916432.69
2018-01-29,1797889.09
2018-01-30,1611628.88
2018-01-31,1622946.3
2018-02-01,1691105.55
2018-02-02,1921645.34
2018-02-03,2409345.5
2018-02-04,1308296.29
2018-02-05,919405.16
2018-02-06,1240981.36
2018-02-07,1262551.05
2018-02-08,921884.74
2018-02-09,738108.07
2018-02-10,803146.33
2018-02-11,705951.54
2018-02-12,504335.01
2018-02-13,617424.87
2018-02-14,602924.71
2018-02-15,599043.25
2018-02-16,637149.46
2018-02-17,586320.53
2018-02-18,530346.46
2018-02-19,467097.32
2018-02-20,581170.96
2018-02-21,566575.04
2018-02-22,425488.14
2018-02-23,360683.57
2018-02-24,793131.94
2018-02-25,889023.45
2018-02-26,394535.91
2018-02-27,484044.7
2018-02-28,527796.88
2018-03-01,541055.77
2018-03-02,565210.42
2018-03-03,456805.19
2018-03-04,442799.82
2018-03-05,370121.47
2018-03-06,519264.87
2018-03-07,399896.14
2018-03-08,342460.93
2018-03-09,322655.91
2018-03-10,328992.1
2018-03-11,392753.42
2018-03-12,336385.67
2018-03-13,298064.25
2018-03-14,566317.5
2018-03-15,302391.25
2018-03-16,299088.65
2018-03-17,245913
2018-03-18,166867.85
2018-03-19,208410.67
2018-03-20,265917.88
2018-03-21,280403.54
2018-03-22,278933.7
2018-03-23,235249.32
2018-03-24,231751.47
2018-03-25,188351.14
2018-03-26,175477.37
2018-03-27,220364.3
2018-03-28,210245.2
2018-03-29,196213.03
2018-03-30,189047.22
2018-03-31,175952.23
2018-04-01,140018.25
2018-04-02,122978.05
2018-04-03,150014.72
2018-04-04,190678.1
2018-04-05,167186.03
2018-04-06,165302.34
2018-04-07,226905.24
2018-04-08,188572.69
2018-04-09,148511.6
2018-04-10,150184.47
2018-04-11,158828.98
2018-04-12,155401.99
2018-04-13,290992.82
2018-04-14,280540.32
2018-04-15,194815.92
2018-04-16,199747
2018-04-17,204033.27
2018-04-18,209114.23
2018-04-19,206019.32
2018-04-20,231779.96
2018-04-21,261248.67
2018-04-22,249144.17
2018-04-23,188180.86
2018-04-24,258429.4
2018-04-25,644444.5
2018-04-26,829632.3
2018-04-27,626168.64
2018-04-28,488964.7
2018-04-29,371770.43
2018-04-30,333168.95
2018-05-01,338563.39
2018-05-02,287905.41
2018-05-03,354589.22
2018-05-04,380662.73
2018-05-05,393655.84
2018-05-06,306768.45
2018-05-07,296766.85
2018-05-08,336382.3
2018-05-09,321659.26
2018-05-10,276835.77
2018-05-11,247120.39
2018-05-12,321355.5
2018-05-13,238212.46
2018-05-14,203822.7
2018-05-15,308291.77
2018-05-16,313260.97
2018-05-17,275459.27
2018-05-18,472204.59
2018-05-19,551455.96
2018-05-20,246944.58
2018-05-21,211799.44
2018-05-22,261561.86
2018-05-23,216506.62
2018-05-24,231121.62
2018-05-25,222183.9
2018-05-26,228744.84
2018-05-27,163302.01
2018-05-28,141156.46
2018-05-29,224694.15
2018-05-30,198137.41
2018-05-31,166850.07
2018-06-01,163341.77
2018-06-02,148169.52
2018-06-03,124693.46
2018-06-04,121373.94
2018-06-05,152542.85
2018-06-06,141525.38
2018-06-07,149820.55
2018-06-08,158482.43
2018-06-09,135437.36
2018-06-10,142783.45
2018-06-11,112305.87
2018-06-12,172838.24
2018-06-13,142203.6
2018-06-14,239410.02
2018-06-15,187979.07
2018-06-16,142710.66
2018-06-17,106922.54
2018-06-18,149538.96
2018-06-19,116314.74
2018-06-20,626715.79
2018-06-21,1325167.45
2018-06-22,496075.76
2018-06-23,409964.96
2018-06-24,191663.94
2018-06-25,168369.56
2018-06-26,218828.61
2018-06-27,191556.15
2018-06-28,197574.37
2018-06-29,164997.55
2018-06-30,167292.11
2018-07-01,147647.46
2018-07-02,105462.47
2018-07-03,159604.08
2018-07-04,180563.16
2018-07-05,139644.65
2018-07-06,131533.31
2018-07-07,142153.14
2018-07-08,111473.1
2018-07-09,105160.81
2018-07-10,131664.72
2018-07-11,143781.98
2018-07-12,129908.68
2018-07-13,118266.96
2018-07-14,121353.71
2018-07-15,92646.86
2018-07-16,96016.62
2018-07-17,161379.69
2018-07-18,184709.95
2018-07-19,229970.81
2018-07-20,214805.32
2018-07-21,170122.44
2018-07-22,129549.21
2018-07-23,109095.56
2018-07-24,202513.75
2018-07-25,249967.09
2018-07-26,217182.4
2018-07-27,188924.1
2018-07-28,171535.75
2018-07-29,133787.01
2018-07-30,131828.97
2018-07-31,200136.81
2018-08-01,198127.54
2018-08-02,160202.35
2018-08-03,189422.21
2018-08-04,172848.22
2018-08-05,120922.1
2018-08-06,95442.85
2018-08-07,123515.15
2018-08-08,127408.91
2018-08-09,127184.27
2018-08-10,136461.53
2018-08-11,125698.55
2018-08-12,94892.92
2018-08-13,82022.41
2018-08-14,122967.48
2018-08-15,166826.61
2018-08-16,139704.21
2018-08-17,153670.44
2018-08-18,161281.81
2018-08-19,105397.47
2018-08-20,107140.74
2018-08-21,184686.38
2018-08-22,162553.32
2018-08-23,150077.47
2018-08-24,126310.11
2018-08-25,128878.39
2018-08-26,141299.15
2018-08-27,185151.12
2018-08-28,229043.32
2018-08-29,320664.17
2018-08-30,164944.6
2018-08-31,167577.01
2018-09-01,178807.14
2018-09-02,135468.42
2018-09-03,119004.94
2018-09-04,145184.31
2018-09-05,183044.15
2018-09-06,209301.66
2018-09-07,201786.77
2018-09-08,178508.86
2018-09-09,117568.03
2018-09-10,113989.79
2018-09-11,126711.98
2018-09-12,144327.49
2018-09-13,151750.52
2018-09-14,133942.23
2018-09-15,136200.94
2018-09-16,101389.86
2018-09-17,87817.91
2018-09-18,105931.65
2018-09-19,120194.6
2018-09-20,111103.89
2018-09-21,119966.67
2018-09-22,173268.74
2018-09-23,122204.35
2018-09-24,99004.95
2018-09-25,100167.39
2018-09-26,133575.95
2018-09-27,128035.47