Date,Avg. UTXO Amount
2009-01-10,50
2009-01-11,50
2009-01-12,49.7126
2009-01-13,49.0809
2009-01-14,49.3671
2009-01-15,49.7126
2009-01-16,49.8454
2009-01-17,50
2009-01-18,50
2009-01-19,50.1034
2009-01-20,50.7491
2009-01-21,50.9787
2009-01-22,51.3023
2009-01-23,51.2906
2009-01-24,51.3937
2009-01-25,51.5058
2009-01-26,51.3476
2009-01-27,51.7942
2009-01-28,51.7588
2009-01-29,51.6651
2009-01-30,51.8309
2009-01-31,51.7389
2009-02-01,52.0425
2009-02-02,51.9727
2009-02-03,51.8787
2009-02-04,51.5675
2009-02-05,51.5044
2009-02-06,51.4429
2009-02-07,51.388
2009-02-08,51.6285
2009-02-09,51.5661
2009-02-10,52.1334
2009-02-11,52.0634
2009-02-12,52.1561
2009-02-13,52.0903
2009-02-14,52.0259
2009-02-15,51.9596
2009-02-16,52.0224
2009-02-17,52.3112
2009-02-18,52.2509
2009-02-19,52.1933
2009-02-20,52.3017
2009-02-21,52.2436
2009-02-22,52.1919
2009-02-23,52.2117
2009-02-24,52.1655
2009-02-25,52.122
2009-02-26,52.0806
2009-02-27,52.0401
2009-02-28,52.325
2009-03-01,52.3397
2009-03-02,52.2972
2009-03-03,52.2549
2009-03-04,52.2678
2009-03-05,52.4187
2009-03-06,52.4343
2009-03-07,52.3889
2009-03-08,52.3482
2009-03-09,52.4923
2009-03-10,52.4514
2009-03-11,52.4122
2009-03-12,52.3719
2009-03-13,52.3466
2009-03-14,52.3982
2009-03-15,52.3613
2009-03-16,52.3213
2009-03-17,52.6183
2009-03-18,52.5782
2009-03-19,52.6229
2009-03-20,52.5811
2009-03-21,52.6164
2009-03-22,52.5996
2009-03-23,52.6203
2009-03-24,52.5781
2009-03-25,52.545
2009-03-26,52.509
2009-03-27,52.6432
2009-03-28,52.6102
2009-03-29,52.6782
2009-03-30,52.6425
2009-03-31,52.6065
2009-04-01,52.7575
2009-04-02,52.7226
2009-04-03,52.6883
2009-04-04,52.6546
2009-04-05,52.6226
2009-04-06,52.6699
2009-04-07,52.6395
2009-04-08,52.6123
2009-04-09,52.5843
2009-04-10,52.5584
2009-04-11,52.5308
2009-04-12,52.5319
2009-04-13,52.5335
2009-04-14,52.5002
2009-04-15,52.4706
2009-04-16,52.4442
2009-04-17,52.4161
2009-04-18,52.3911
2009-04-19,52.3587
2009-04-20,52.3665
2009-04-21,52.8763
2009-04-22,52.8399
2009-04-23,52.8095
2009-04-24,52.791
2009-04-25,52.763
2009-04-26,52.7349
2009-04-27,52.7673
2009-04-28,52.743
2009-04-29,52.7161
2009-04-30,52.7704
2009-05-01,52.7406
2009-05-02,52.7136
2009-05-03,52.7328
2009-05-04,52.7054
2009-05-05,52.7991
2009-05-06,52.8068
2009-05-07,52.7773
2009-05-08,52.7513
2009-05-09,52.7288
2009-05-10,52.7126
2009-05-11,52.6953
2009-05-12,52.6711
2009-05-13,52.6454
2009-05-14,52.6161
2009-05-15,52.5897
2009-05-16,52.5984
2009-05-17,52.5764
2009-05-18,52.5532
2009-05-19,52.5321
2009-05-20,52.5169
2009-05-21,52.496
2009-05-22,52.482
2009-05-23,52.4716
2009-05-24,52.4662
2009-05-25,52.4495
2009-05-26,52.4315
2009-05-27,52.4112
2009-05-28,52.3922
2009-05-29,52.3772
2009-05-30,52.5635
2009-05-31,52.5453
2009-06-01,52.5295
2009-06-02,52.5145
2009-06-03,52.4966
2009-06-04,52.4853
2009-06-05,52.4749
2009-06-06,52.4702
2009-06-07,52.4659
2009-06-08,52.4634
2009-06-09,52.4507
2009-06-10,52.4367
2009-06-11,52.4243
2009-06-12,52.411
2009-06-13,52.3982
2009-06-14,52.3868
2009-06-15,52.3763
2009-06-16,52.3642
2009-06-17,52.3541
2009-06-18,52.3429
2009-06-19,52.3317
2009-06-20,52.3196
2009-06-21,52.3089
2009-06-22,52.2979
2009-06-23,52.4692
2009-06-24,52.4582
2009-06-25,52.4446
2009-06-26,52.4929
2009-06-27,52.4799
2009-06-28,52.4679
2009-06-29,52.4584
2009-06-30,52.4497
2009-07-01,52.4379
2009-07-02,52.4307
2009-07-03,52.4164
2009-07-04,52.4052
2009-07-05,52.3933
2009-07-06,52.3828
2009-07-07,52.3717
2009-07-08,52.3627
2009-07-09,52.3531
2009-07-10,52.3421
2009-07-11,52.3318
2009-07-12,52.3213
2009-07-13,52.3117
2009-07-14,52.302
2009-07-15,52.2935
2009-07-16,52.288
2009-07-17,52.2794
2009-07-18,52.2737
2009-07-19,52.2732
2009-07-20,52.2648
2009-07-21,52.5856
2009-07-22,52.5744
2009-07-23,52.5663
2009-07-24,52.5561
2009-07-25,52.5464
2009-07-26,52.5422
2009-07-27,52.5394
2009-07-28,52.5296
2009-07-29,52.5243
2009-07-30,52.5245
2009-07-31,52.5199
2009-08-01,52.5177
2009-08-02,52.514
2009-08-03,52.5111
2009-08-04,52.5095
2009-08-05,52.4991
2009-08-06,52.488
2009-08-07,52.4767
2009-08-08,52.757
2009-08-09,52.7459
2009-08-10,52.7319
2009-08-11,52.7217
2009-08-12,52.7122
2009-08-13,52.7036
2009-08-14,52.6923
2009-08-15,52.6839
2009-08-16,52.6804
2009-08-17,52.6779
2009-08-18,52.6757
2009-08-19,52.6743
2009-08-20,52.672
2009-08-21,52.6691
2009-08-22,52.6673
2009-08-23,52.6663
2009-08-24,52.6644
2009-08-25,52.6624
2009-08-26,52.6559
2009-08-27,52.7604
2009-08-28,52.7565
2009-08-29,52.7464
2009-08-30,52.7359
2009-08-31,52.7232
2009-09-01,52.7247
2009-09-02,52.7145
2009-09-03,52.7059
2009-09-04,52.7307
2009-09-05,52.7224
2009-09-06,52.7126
2009-09-07,52.7039
2009-09-08,52.7237
2009-09-09,52.7149
2009-09-10,52.7081
2009-09-11,52.6996
2009-09-12,52.6912
2009-09-13,52.6826
2009-09-14,52.6733
2009-09-15,52.6642
2009-09-16,52.6589
2009-09-17,52.6501
2009-09-18,52.8785
2009-09-19,52.8682
2009-09-20,52.8586
2009-09-21,52.8485
2009-09-22,52.8563
2009-09-23,52.9462
2009-09-24,52.9414
2009-09-25,52.9286
2009-09-26,52.9736
2009-09-27,52.9958
2009-09-28,52.9842
2009-09-29,52.9729
2009-09-30,53.0573
2009-10-01,53.0459
2009-10-02,53.035
2009-10-03,53.0463
2009-10-04,53.0386
2009-10-05,53.0316
2009-10-06,53.0243
2009-10-07,53.0486
2009-10-08,53.0407
2009-10-09,53.0315
2009-10-10,53.0212
2009-10-11,53.0112
2009-10-12,53.0017
2009-10-13,53.1596
2009-10-14,53.1519
2009-10-15,53.1427
2009-10-16,53.1332
2009-10-17,53.3055
2009-10-18,53.2975
2009-10-19,53.3007
2009-10-20,53.2852
2009-10-21,53.4936
2009-10-22,53.52
2009-10-23,53.594
2009-10-24,53.5806
2009-10-25,53.5848
2009-10-26,53.5735
2009-10-27,53.563
2009-10-28,53.5867
2009-10-29,53.577
2009-10-30,53.6561
2009-10-31,53.6471
2009-11-01,53.6402
2009-11-02,53.6365
2009-11-03,53.6316
2009-11-04,53.6225
2009-11-05,53.7026
2009-11-06,53.694
2009-11-07,53.6847
2009-11-08,53.6745
2009-11-09,53.6637
2009-11-10,53.6543
2009-11-11,53.7224
2009-11-12,53.7236
2009-11-13,53.7117
2009-11-14,53.7191
2009-11-15,53.7074
2009-11-16,53.6934
2009-11-17,53.6793
2009-11-18,53.666
2009-11-19,53.6547
2009-11-20,53.8314
2009-11-21,53.8186
2009-11-22,53.8077
2009-11-23,53.7921
2009-11-24,53.7781
2009-11-25,53.7646
2009-11-26,53.7516
2009-11-27,53.7396
2009-11-28,53.7291
2009-11-29,53.719
2009-11-30,53.7106
2009-12-01,53.7001
2009-12-02,54.0276
2009-12-03,54.0133
2009-12-04,54
2009-12-05,53.9946
2009-12-06,54.0174
2009-12-07,54.0019
2009-12-08,54.0235
2009-12-09,54.0258
2009-12-10,54.0235
2009-12-11,54.0081
2009-12-12,54.1207
2009-12-13,54.1041
2009-12-14,54.087
2009-12-15,54.7201
2009-12-16,54.7432
2009-12-17,54.7197
2009-12-18,54.7007
2009-12-19,54.6627
2009-12-20,54.6297
2009-12-21,54.6009
2009-12-22,54.5725
2009-12-23,54.5466
2009-12-24,54.5221
2009-12-25,54.498
2009-12-26,54.473
2009-12-27,54.4463
2009-12-28,54.4284
2009-12-29,54.4078
2009-12-30,54.3823
2009-12-31,54.3616
2010-01-01,54.3414
2010-01-02,54.3223
2010-01-03,54.3043
2010-01-04,54.2779
2010-01-05,54.3933
2010-01-06,54.3649
2010-01-07,54.3418
2010-01-08,54.3202
2010-01-09,54.299
2010-01-10,54.2782
2010-01-11,54.2524
2010-01-12,54.231
2010-01-13,54.574
2010-01-14,54.5469
2010-01-15,54.5368
2010-01-16,54.5236
2010-01-17,54.5145
2010-01-18,54.4961
2010-01-19,54.4771
2010-01-20,54.46
2010-01-21,54.4384
2010-01-22,54.4197
2010-01-23,54.4036
2010-01-24,54.3806
2010-01-25,54.3604
2010-01-26,54.4239
2010-01-27,54.4177
2010-01-28,54.4252
2010-01-29,54.4326
2010-01-30,54.431
2010-01-31,54.4514
2010-02-01,54.4554
2010-02-02,54.4443
2010-02-03,54.4571
2010-02-04,54.429
2010-02-05,54.4527
2010-02-06,54.7945
2010-02-07,54.7932
2010-02-08,54.7686
2010-02-09,54.9201
2010-02-10,55.5328
2010-02-11,56.4596
2010-02-12,56.5394
2010-02-13,56.5809
2010-02-14,56.6672
2010-02-15,56.6999
2010-02-16,56.7909
2010-02-17,56.7666
2010-02-18,56.7438
2010-02-19,56.7834
2010-02-20,56.7461
2010-02-21,56.7248
2010-02-22,56.8709
2010-02-23,57.2265
2010-02-24,57.1776
2010-02-25,57.3004
2010-02-26,57.485
2010-02-27,57.4721
2010-02-28,57.4484
2010-03-01,57.5739
2010-03-02,57.5775
2010-03-03,57.5932
2010-03-04,57.7303
2010-03-05,58.2819
2010-03-06,58.2444
2010-03-07,58.3382
2010-03-08,58.468
2010-03-09,58.7087
2010-03-10,58.7974
2010-03-11,58.8094
2010-03-12,58.8727
2010-03-13,58.8524
2010-03-14,58.8707
2010-03-15,58.8542
2010-03-16,58.8187
2010-03-17,58.8234
2010-03-18,58.8258
2010-03-19,58.9862
2010-03-20,59.0403
2010-03-21,59.0789
2010-03-22,59.0396
2010-03-23,59.048
2010-03-24,59.0947
2010-03-25,59.0868
2010-03-26,59.5321
2010-03-27,59.5732
2010-03-28,59.5693
2010-03-29,59.5308
2010-03-30,59.5675
2010-03-31,59.524
2010-04-01,59.5043
2010-04-02,59.4885
2010-04-03,59.4741
2010-04-04,59.463
2010-04-05,59.5031
2010-04-06,59.6166
2010-04-07,59.6966
2010-04-08,59.7841
2010-04-09,59.8029
2010-04-10,59.905
2010-04-11,60.18
2010-04-12,60.303
2010-04-13,60.4145
2010-04-14,60.3964
2010-04-15,60.3864
2010-04-16,61.2195
2010-04-17,61.432
2010-04-18,61.4479
2010-04-19,57.5254
2010-04-20,57.8089
2010-04-21,58.0006
2010-04-22,58.1071
2010-04-23,58.1017
2010-04-24,58.0621
2010-04-25,58.1805
2010-04-26,58.3196
2010-04-27,58.3447
2010-04-28,58.3322
2010-04-29,58.4013
2010-04-30,58.3985
2010-05-01,58.3875
2010-05-02,58.4086
2010-05-03,58.4321
2010-05-04,58.553
2010-05-05,58.6578
2010-05-06,58.8153
2010-05-07,59.1156
2010-05-08,59.1942
2010-05-09,59.4549
2010-05-10,59.5142
2010-05-11,59.6354
2010-05-12,59.6381
2010-05-13,59.7425
2010-05-14,59.8119
2010-05-15,60.9648
2010-05-16,62.302
2010-05-17,62.3085
2010-05-18,62.405
2010-05-19,62.464
2010-05-20,62.5293
2010-05-21,62.5477
2010-05-22,62.6437
2010-05-23,62.9137
2010-05-24,62.97
2010-05-25,62.9869
2010-05-26,63.0292
2010-05-27,63.1115
2010-05-28,63.1981
2010-05-29,63.1891
2010-05-30,63.2732
2010-05-31,63.2742
2010-06-01,63.3249
2010-06-02,63.3312
2010-06-03,63.3218
2010-06-04,63.4588
2010-06-05,63.4391
2010-06-06,63.4557
2010-06-07,63.4876
2010-06-08,63.7713
2010-06-09,63.8289
2010-06-10,63.8921
2010-06-11,63.8748
2010-06-12,63.8931
2010-06-13,63.8966
2010-06-14,63.935
2010-06-15,64.0343
2010-06-16,64.0191
2010-06-17,64.1222
2010-06-18,64.1072
2010-06-19,64.1527
2010-06-20,64.3277
2010-06-21,64.3288
2010-06-22,64.319
2010-06-23,64.3713
2010-06-24,64.3902
2010-06-25,64.4277
2010-06-26,64.3925
2010-06-27,64.3707
2010-06-28,64.371
2010-06-29,64.358
2010-06-30,64.4631
2010-07-01,65.6199
2010-07-02,65.6994
2010-07-03,66.1891
2010-07-04,66.1893
2010-07-05,66.4593
2010-07-06,66.5412
2010-07-07,66.5521
2010-07-08,66.6687
2010-07-09,66.6609
2010-07-10,66.6367
2010-07-11,66.749
2010-07-12,66.5905
2010-07-13,64.9902
2010-07-14,64.3791
2010-07-15,58.9218
2010-07-16,59.8671
2010-07-17,59.64
2010-07-18,59.8091
2010-07-19,59.9305
2010-07-20,59.9036
2010-07-21,59.8954
2010-07-22,59.9293
2010-07-23,59.8478
2010-07-24,59.7844
2010-07-25,59.8243
2010-07-26,59.9488
2010-07-27,60.8282
2010-07-28,60.8643
2010-07-29,61.3836
2010-07-30,61.308
2010-07-31,61.4725
2010-08-01,61.5924
2010-08-02,61.6443
2010-08-03,61.689
2010-08-04,61.5921
2010-08-05,61.5599
2010-08-06,61.8421
2010-08-07,61.9715
2010-08-08,62.0686
2010-08-09,62.0331
2010-08-10,63.098
2010-08-11,63.1375
2010-08-12,63.2312
2010-08-13,63.1141
2010-08-14,63.2944
2010-08-15,63.4703
2010-08-16,63.5168
2010-08-17,63.6744
2010-08-18,63.6575
2010-08-19,64.6182
2010-08-20,64.5754
2010-08-21,64.5737
2010-08-22,64.5571
2010-08-23,64.6167
2010-08-24,64.6792
2010-08-25,65.1796
2010-08-26,65.146
2010-08-27,65.2927
2010-08-28,65.3249
2010-08-29,65.3805
2010-08-30,65.3582
2010-08-31,65.439
2010-09-01,65.801
2010-09-02,65.9602
2010-09-03,66.0321
2010-09-04,65.9943
2010-09-05,66.0212
2010-09-06,66.0591
2010-09-07,66.1176
2010-09-08,66.1354
2010-09-09,66.1118
2010-09-10,66.1164
2010-09-11,66.0952
2010-09-12,66.0611
2010-09-13,66.2175
2010-09-14,66.2673
2010-09-15,66.2895
2010-09-16,66.2911
2010-09-17,66.3352
2010-09-18,66.8958
2010-09-19,66.9248
2010-09-20,67.036
2010-09-21,67.0831
2010-09-22,67.1665
2010-09-23,67.1638
2010-09-24,67.2537
2010-09-25,67.2664
2010-09-26,67.3347
2010-09-27,67.3592
2010-09-28,67.7844
2010-09-29,68.9249
2010-09-30,68.9754
2010-10-01,68.9855
2010-10-02,68.7512
2010-10-03,68.8624
2010-10-04,68.8335
2010-10-05,68.97
2010-10-06,69.0125
2010-10-07,69.0272
2010-10-08,69.1089
2010-10-09,69.3406
2010-10-10,69.4971
2010-10-11,69.5212
2010-10-12,69.5662
2010-10-13,69.5906
2010-10-14,70.0143
2010-10-15,70.0782
2010-10-16,70.0762
2010-10-17,70.3169
2010-10-18,70.3503
2010-10-19,70.4009
2010-10-20,70.309
2010-10-21,70.3075
2010-10-22,70.3911
2010-10-23,70.3847
2010-10-24,70.3419
2010-10-25,70.3064
2010-10-26,70.3848
2010-10-27,70.3467
2010-10-28,70.4192
2010-10-29,70.5515
2010-10-30,70.7072
2010-10-31,70.7221
2010-11-01,70.8704
2010-11-02,70.8748
2010-11-03,70.8693
2010-11-04,70.8919
2010-11-05,70.9994
2010-11-06,71.227
2010-11-07,71.2485
2010-11-08,71.2992
2010-11-09,72.2037
2010-11-10,72.2454
2010-11-11,72.2299
2010-11-12,72.2432
2010-11-13,72.2637
2010-11-14,72.345
2010-11-15,72.6987
2010-11-16,71.5681
2010-11-17,69.0363
2010-11-18,69.065
2010-11-19,69.0435
2010-11-20,69.1201
2010-11-21,68.9071
2010-11-22,68.9577
2010-11-23,68.966
2010-11-24,68.9858
2010-11-25,69.5124
2010-11-26,72.652
2010-11-27,72.4143
2010-11-28,72.3957
2010-11-29,72.2094
2010-11-30,72.3073
2010-12-01,72.253
2010-12-02,72.351
2010-12-03,72.3026
2010-12-04,72.4979
2010-12-05,72.5077
2010-12-06,72.4363
2010-12-07,72.3156
2010-12-08,72.3974
2010-12-09,72.3143
2010-12-10,72.2983
2010-12-11,72.2452
2010-12-12,71.9861
2010-12-13,71.7088
2010-12-14,71.9964
2010-12-15,71.7758
2010-12-16,71.6176
2010-12-17,71.5306
2010-12-18,71.634
2010-12-19,71.4428
2010-12-20,71.5641
2010-12-21,71.1511
2010-12-22,70.971
2010-12-23,70.8
2010-12-24,70.5686
2010-12-25,70.3554
2010-12-26,70.0179
2010-12-27,69.7858
2010-12-28,69.8669
2010-12-29,69.6128
2010-12-30,69.5659
2010-12-31,69.4689
2011-01-01,69.2816
2011-01-02,69.1384
2011-01-03,69.0982
2011-01-04,69.2859
2011-01-05,68.9463
2011-01-06,68.8222
2011-01-07,68.7564
2011-01-08,68.4368
2011-01-09,68.0441
2011-01-10,67.8002
2011-01-11,67.5546
2011-01-12,67.3013
2011-01-13,67.0677
2011-01-14,66.9994
2011-01-15,66.9192
2011-01-16,66.7095
2011-01-17,66.4895
2011-01-18,66.1742
2011-01-19,65.9829
2011-01-20,65.7659
2011-01-21,65.4055
2011-01-22,65.2156
2011-01-23,65.2629
2011-01-24,65.1269
2011-01-25,64.8191
2011-01-26,64.5426
2011-01-27,64.4239
2011-01-28,64.2465
2011-01-29,63.9393
2011-01-30,63.8329
2011-01-31,63.4725
2011-02-01,63.5244
2011-02-02,63.7843
2011-02-03,63.7181
2011-02-04,63.4472
2011-02-05,63.3344
2011-02-06,63.2105
2011-02-07,63.1521
2011-02-08,62.9427
2011-02-09,62.74
2011-02-10,62.3821
2011-02-11,61.9803
2011-02-12,61.2112
2011-02-13,60.7146
2011-02-14,60.1999
2011-02-15,60.179
2011-02-16,59.5309
2011-02-17,59.1128
2011-02-18,58.4865
2011-02-19,58.2853
2011-02-20,57.9187
2011-02-21,57.3214
2011-02-22,56.6255
2011-02-23,56.1846
2011-02-24,55.6759
2011-02-25,55.1887
2011-02-26,54.7325
2011-02-27,54.4238
2011-02-28,54.0223
2011-03-01,53.8229
2011-03-02,53.1507
2011-03-03,52.7982
2011-03-04,51.8463
2011-03-05,51.7188
2011-03-06,51.9959
2011-03-07,51.6991
2011-03-08,51.4662
2011-03-09,51.1106
2011-03-10,50.9164
2011-03-11,50.6155
2011-03-12,50.4385
2011-03-13,50.1558
2011-03-14,50.0119
2011-03-15,50.0697
2011-03-16,49.9161
2011-03-17,49.8114
2011-03-18,49.5288
2011-03-19,49.3225
2011-03-20,49.1406
2011-03-21,48.8573
2011-03-22,48.3376
2011-03-23,47.9733
2011-03-24,47.3621
2011-03-25,46.9651
2011-03-26,46.5777
2011-03-27,46.0605
2011-03-28,45.7609
2011-03-29,45.317
2011-03-30,44.7708
2011-03-31,44.5176
2011-04-01,44.2018
2011-04-02,43.9744
2011-04-03,43.7025
2011-04-04,43.3293
2011-04-05,42.9687
2011-04-06,42.6502
2011-04-07,42.3741
2011-04-08,42.0955
2011-04-09,41.8805
2011-04-10,41.6082
2011-04-11,41.3992
2011-04-12,41.3205
2011-04-13,41.2954
2011-04-14,41.1677
2011-04-15,40.6891
2011-04-16,40.8363
2011-04-17,41.1508
2011-04-18,40.9303
2011-04-19,40.6141
2011-04-20,40.2479
2011-04-21,40.3911
2011-04-22,40.1558
2011-04-23,39.9409
2011-04-24,39.8734
2011-04-25,39.7454
2011-04-26,39.7445
2011-04-27,39.3924
2011-04-28,39.3585
2011-04-29,39.2675
2011-04-30,38.9151
2011-05-01,38.8315
2011-05-02,38.811
2011-05-03,38.4881
2011-05-04,38.2043
2011-05-05,38.0443
2011-05-06,37.8527
2011-05-07,37.5626
2011-05-08,37.0861
2011-05-09,36.846
2011-05-10,36.563
2011-05-11,36.4862
2011-05-12,36.3591
2011-05-13,36.1707
2011-05-14,36.2095
2011-05-15,35.837
2011-05-16,35.5169
2011-05-17,34.7048
2011-05-18,34.1271
2011-05-19,33.5789
2011-05-20,32.8197
2011-05-21,32.4518
2011-05-22,32.0551
2011-05-23,31.492
2011-05-24,30.9967
2011-05-25,30.3908
2011-05-26,29.7692
2011-05-27,29.4556
2011-05-28,29.1365
2011-05-29,28.6905
2011-05-30,28.1832
2011-05-31,27.7053
2011-06-01,27.3985
2011-06-02,27.0274
2011-06-03,26.8363
2011-06-04,26.8425
2011-06-05,26.4622
2011-06-06,25.9694
2011-06-07,25.6626
2011-06-08,25.4181
2011-06-09,25.5453
2011-06-10,24.9274
2011-06-11,24.4437
2011-06-12,23.8009
2011-06-13,23.3361
2011-06-14,22.9305
2011-06-15,22.0955
2011-06-16,21.632
2011-06-17,21.3132
2011-06-18,20.927
2011-06-19,20.2967
2011-06-20,19.8556
2011-06-21,19.2616
2011-06-22,18.7383
2011-06-23,18.1032
2011-06-24,17.6222
2011-06-25,17.2522
2011-06-26,17.0337
2011-06-27,16.8846
2011-06-28,16.5706
2011-06-29,16.3522
2011-06-30,16.1258
2011-07-01,15.892
2011-07-02,15.4138
2011-07-03,14.7718
2011-07-04,14.4963
2011-07-05,14.2578
2011-07-06,14.123
2011-07-07,13.9796
2011-07-08,13.8261
2011-07-09,13.5551
2011-07-10,13.3315
2011-07-11,12.9961
2011-07-12,12.7969
2011-07-13,12.5915
2011-07-14,12.3377
2011-07-15,12.0477
2011-07-16,11.8286
2011-07-17,11.6476
2011-07-18,11.4697
2011-07-19,11.4111
2011-07-20,11.2905
2011-07-21,11.1435
2011-07-22,10.9821
2011-07-23,10.8554
2011-07-24,10.7314
2011-07-25,10.5954
2011-07-26,10.4745
2011-07-27,10.381
2011-07-28,10.2506
2011-07-29,10.1199
2011-07-30,9.981
2011-07-31,9.8613
2011-08-01,9.7259
2011-08-02,9.6296
2011-08-03,9.5858
2011-08-04,9.5682
2011-08-05,9.5233
2011-08-06,9.4265
2011-08-07,9.371
2011-08-08,9.2718
2011-08-09,9.2248
2011-08-10,9.164
2011-08-11,9.1108
2011-08-12,9.065
2011-08-13,9.0386
2011-08-14,8.9882
2011-08-15,8.9117
2011-08-16,8.8947
2011-08-17,8.8522
2011-08-18,8.8149
2011-08-19,8.7335
2011-08-20,8.675
2011-08-21,8.5886
2011-08-22,8.5047
2011-08-23,8.4109
2011-08-24,8.3326
2011-08-25,8.2569
2011-08-26,8.1788
2011-08-27,8.145
2011-08-28,8.094
2011-08-29,8.0274
2011-08-30,7.998
2011-08-31,7.9721
2011-09-01,7.9409
2011-09-02,7.9216
2011-09-03,7.9011
2011-09-04,7.8794
2011-09-05,7.2835
2011-09-06,7.2576
2011-09-07,7.2495
2011-09-08,7.2313
2011-09-09,7.2151
2011-09-10,7.228
2011-09-11,7.2188
2011-09-12,7.2155
2011-09-13,7.211
2011-09-14,7.1979
2011-09-15,7.181
2011-09-16,7.177
2011-09-17,7.1641
2011-09-18,7.1528
2011-09-19,7.1328
2011-09-20,7.1247
2011-09-21,7.103
2011-09-22,7.1088
2011-09-23,7.0706
2011-09-24,7.0176
2011-09-25,6.9676
2011-09-26,6.9126
2011-09-27,6.8715
2011-09-28,6.8338
2011-09-29,6.8185
2011-09-30,6.8076
2011-10-01,6.7985
2011-10-02,6.7902
2011-10-03,6.7815
2011-10-04,6.7704
2011-10-05,6.7657
2011-10-06,6.7575
2011-10-07,6.7489
2011-10-08,6.7397
2011-10-09,6.7308
2011-10-10,6.7238
2011-10-11,6.7118
2011-10-12,6.7061
2011-10-13,6.7023
2011-10-14,6.6957
2011-10-15,6.692
2011-10-16,6.6831
2011-10-17,6.6777
2011-10-18,6.6761
2011-10-19,6.6655
2011-10-20,6.6588
2011-10-21,6.649
2011-10-22,6.6365
2011-10-23,6.6274
2011-10-24,6.6188
2011-10-25,6.6055
2011-10-26,6.5937
2011-10-27,6.5842
2011-10-28,6.5788
2011-10-29,6.5744
2011-10-30,6.5703
2011-10-31,6.5661
2011-11-01,6.5567
2011-11-02,6.5519
2011-11-03,6.5484
2011-11-04,6.5406
2011-11-05,6.5355
2011-11-06,6.5301
2011-11-07,6.5197
2011-11-08,6.5143
2011-11-09,6.5105
2011-11-10,6.5032
2011-11-11,6.4982
2011-11-12,6.4945
2011-11-13,6.4879
2011-11-14,6.4753
2011-11-15,6.4729
2011-11-16,6.4658
2011-11-17,6.4622
2011-11-18,6.4607
2011-11-19,6.4563
2011-11-20,6.4459
2011-11-21,6.4476
2011-11-22,6.4395
2011-11-23,6.4337
2011-11-24,6.4292
2011-11-25,6.4266
2011-11-26,6.4204
2011-11-27,6.4172
2011-11-28,6.4087
2011-11-29,6.4049
2011-11-30,6.4086
2011-12-01,6.4189
2011-12-02,6.4143
2011-12-03,6.4093
2011-12-04,6.4049
2011-12-05,6.398
2011-12-06,6.3889
2011-12-07,6.3819
2011-12-08,6.3805
2011-12-09,6.383
2011-12-10,6.3757
2011-12-11,6.3685
2011-12-12,6.3743
2011-12-13,6.3741
2011-12-14,6.369
2011-12-15,6.3624
2011-12-16,6.3581
2011-12-17,6.3573
2011-12-18,6.3559
2011-12-19,6.3493
2011-12-20,6.3503
2011-12-21,6.3644
2011-12-22,6.361
2011-12-23,6.3537
2011-12-24,6.3447
2011-12-25,6.3396
2011-12-26,6.3325
2011-12-27,6.3258
2011-12-28,6.3254
2011-12-29,6.3218
2011-12-30,6.3187
2011-12-31,6.3126
2012-01-01,6.3182
2012-01-02,6.3248
2012-01-03,6.3361
2012-01-04,6.3424
2012-01-05,6.3497
2012-01-06,6.3633
2012-01-07,6.3787
2012-01-08,6.3871
2012-01-09,6.3895
2012-01-10,6.4035
2012-01-11,6.4297
2012-01-12,6.4499
2012-01-13,6.4508
2012-01-14,6.4442
2012-01-15,6.4357
2012-01-16,6.435
2012-01-17,6.4325
2012-01-18,6.4285
2012-01-19,6.427
2012-01-20,6.4219
2012-01-21,6.4174
2012-01-22,6.4171
2012-01-23,6.4066
2012-01-24,6.3996
2012-01-25,6.3919
2012-01-26,6.3892
2012-01-27,6.386
2012-01-28,6.385
2012-01-29,6.3782
2012-01-30,6.3745
2012-01-31,6.3647
2012-02-01,6.3638
2012-02-02,6.3544
2012-02-03,6.3501
2012-02-04,6.3413
2012-02-05,6.3382
2012-02-06,6.3303
2012-02-07,6.3266
2012-02-08,6.3197
2012-02-09,6.3054
2012-02-10,6.2987
2012-02-11,6.2961
2012-02-12,6.2925
2012-02-13,6.2798
2012-02-14,6.2684
2012-02-15,6.2638
2012-02-16,6.2526
2012-02-17,6.2498
2012-02-18,6.2455
2012-02-19,6.232
2012-02-20,6.2182
2012-02-21,6.2074
2012-02-22,6.2038
2012-02-23,6.1952
2012-02-24,6.1903
2012-02-25,6.1815
2012-02-26,6.1746
2012-02-27,6.1699
2012-02-28,6.1612
2012-02-29,6.1515
2012-03-01,6.141
2012-03-02,6.1431
2012-03-03,6.1415
2012-03-04,6.1305
2012-03-05,6.1148
2012-03-06,6.1085
2012-03-07,6.1046
2012-03-08,6.0919
2012-03-09,6.0801
2012-03-10,6.07
2012-03-11,6.0775
2012-03-12,6.0694
2012-03-13,6.0571
2012-03-14,6.0655
2012-03-15,6.0676
2012-03-16,6.0636
2012-03-17,6.0528
2012-03-18,6.0415
2012-03-19,6.0332
2012-03-20,6.0297
2012-03-21,6.0258
2012-03-22,6.0158
2012-03-23,6.0048
2012-03-24,5.9961
2012-03-25,5.9838
2012-03-26,5.98
2012-03-27,5.978
2012-03-28,5.9676
2012-03-29,5.959
2012-03-30,5.9513
2012-03-31,5.941
2012-04-01,5.9344
2012-04-02,5.9274
2012-04-03,5.9271
2012-04-04,5.9274
2012-04-05,5.9218
2012-04-06,5.9282
2012-04-07,5.93
2012-04-08,5.9234
2012-04-09,5.9147
2012-04-10,5.9083
2012-04-11,5.8969
2012-04-12,5.8955
2012-04-13,5.8889
2012-04-14,5.8813
2012-04-15,5.8702
2012-04-16,5.8627
2012-04-17,5.8579
2012-04-18,5.8607
2012-04-19,5.8633
2012-04-20,5.8622
2012-04-21,5.8699
2012-04-22,5.8697
2012-04-23,5.8663
2012-04-24,5.8612
2012-04-25,5.8535
2012-04-26,5.8458
2012-04-27,5.8307
2012-04-28,5.8299
2012-04-29,5.8214
2012-04-30,5.8131
2012-05-01,5.8054
2012-05-02,5.8
2012-05-03,5.7997
2012-05-04,5.7881
2012-05-05,5.7795
2012-05-06,5.7694
2012-05-07,5.775
2012-05-08,5.7687
2012-05-09,5.7587
2012-05-10,5.759
2012-05-11,5.759
2012-05-12,5.7559
2012-05-13,5.7509
2012-05-14,5.7434
2012-05-15,5.7345
2012-05-16,5.7316
2012-05-17,5.7362
2012-05-18,5.7284
2012-05-19,5.7226
2012-05-20,5.7149
2012-05-21,5.7067
2012-05-22,5.6951
2012-05-23,5.6869
2012-05-24,5.6766
2012-05-25,5.667
2012-05-26,5.6579
2012-05-27,5.6497
2012-05-28,5.6434
2012-05-29,5.6402
2012-05-30,5.6338
2012-05-31,5.6303
2012-06-01,5.6225
2012-06-02,5.6152
2012-06-03,5.6063
2012-06-04,5.5963
2012-06-05,5.5971
2012-06-06,5.5847
2012-06-07,5.5799
2012-06-08,5.5777
2012-06-09,5.5813
2012-06-10,5.5727
2012-06-11,5.5575
2012-06-12,5.5466
2012-06-13,5.5376
2012-06-14,5.5157
2012-06-15,5.5096
2012-06-16,5.5029
2012-06-17,5.5033
2012-06-18,5.4705
2012-06-19,5.4646
2012-06-20,5.4591
2012-06-21,5.4426
2012-06-22,5.4308
2012-06-23,5.4287
2012-06-24,5.4211
2012-06-25,5.4169
2012-06-26,5.4072
2012-06-27,5.3862
2012-06-28,5.3679
2012-06-29,5.3574
2012-06-30,5.3399
2012-07-01,5.3251
2012-07-02,5.3119
2012-07-03,5.2975
2012-07-04,5.2848
2012-07-05,5.2711
2012-07-06,5.2606
2012-07-07,5.2496
2012-07-08,5.2442
2012-07-09,5.2322
2012-07-10,5.2213
2012-07-11,5.2126
2012-07-12,5.204
2012-07-13,5.2007
2012-07-14,5.1974
2012-07-15,5.1905
2012-07-16,5.1832
2012-07-17,5.1811
2012-07-18,5.1796
2012-07-19,5.1847
2012-07-20,5.186
2012-07-21,5.1725
2012-07-22,5.1568
2012-07-23,5.1348
2012-07-24,5.1243
2012-07-25,5.1146
2012-07-26,5.0963
2012-07-27,5.085
2012-07-28,5.0665
2012-07-29,5.0376
2012-07-30,5.0248
2012-07-31,5.0313
2012-08-01,5.0249
2012-08-02,5.0169
2012-08-03,5.0114
2012-08-04,5
2012-08-05,4.9924
2012-08-06,4.9769
2012-08-07,4.9568
2012-08-08,4.9343
2012-08-09,4.9174
2012-08-10,4.9137
2012-08-11,4.8941
2012-08-12,4.8723
2012-08-13,4.8392
2012-08-14,4.7958
2012-08-15,4.7769
2012-08-16,4.7639
2012-08-17,4.7599
2012-08-18,4.7577
2012-08-19,4.7472
2012-08-20,4.7751
2012-08-21,4.7717
2012-08-22,4.7472
2012-08-23,4.7331
2012-08-24,4.7107
2012-08-25,4.6923
2012-08-26,4.6773
2012-08-27,4.6649
2012-08-28,4.6544
2012-08-29,4.6315
2012-08-30,4.6139
2012-08-31,4.6048
2012-09-01,4.5906
2012-09-02,4.5716
2012-09-03,4.5542
2012-09-04,4.5448
2012-09-05,4.5386
2012-09-06,4.5342
2012-09-07,4.5211
2012-09-08,4.5123
2012-09-09,4.5003
2012-09-10,4.4856
2012-09-11,4.4712
2012-09-12,4.4506
2012-09-13,4.4333
2012-09-14,4.4222
2012-09-15,4.4066
2012-09-16,4.3936
2012-09-17,4.3841
2012-09-18,4.3733
2012-09-19,4.3587
2012-09-20,4.3424
2012-09-21,4.322
2012-09-22,4.3122
2012-09-23,4.3141
2012-09-24,4.2981
2012-09-25,4.2883
2012-09-26,4.2665
2012-09-27,4.2571
2012-09-28,4.2406
2012-09-29,4.2201
2012-09-30,4.2125
2012-10-01,4.2002
2012-10-02,4.1691
2012-10-03,4.1713
2012-10-04,4.1766
2012-10-05,4.177
2012-10-06,4.16
2012-10-07,4.1515
2012-10-08,4.1368
2012-10-09,4.113
2012-10-10,4.0985
2012-10-11,4.0788
2012-10-12,4.0634
2012-10-13,4.0417
2012-10-14,4.0251
2012-10-15,4.0065
2012-10-16,3.9941
2012-10-17,3.9753
2012-10-18,3.9606
2012-10-19,3.9527
2012-10-20,3.9466
2012-10-21,3.9363
2012-10-22,3.9175
2012-10-23,3.8996
2012-10-24,3.8924
2012-10-25,3.8739
2012-10-26,3.8702
2012-10-27,3.862
2012-10-28,3.8571
2012-10-29,3.8468
2012-10-30,3.8475
2012-10-31,3.8354
2012-11-01,3.8306
2012-11-02,3.8212
2012-11-03,3.8086
2012-11-04,3.7957
2012-11-05,3.7926
2012-11-06,3.7861
2012-11-07,3.7759
2012-11-08,3.7668
2012-11-09,3.7552
2012-11-10,3.742
2012-11-11,3.7379
2012-11-12,3.725
2012-11-13,3.7164
2012-11-14,3.7114
2012-11-15,3.7011
2012-11-16,3.6885
2012-11-17,3.6815
2012-11-18,3.6281
2012-11-19,3.6169
2012-11-20,3.6097
2012-11-21,3.599
2012-11-22,3.5966
2012-11-23,3.5855
2012-11-24,3.5796
2012-11-25,3.5702
2012-11-26,3.5664
2012-11-27,3.5592
2012-11-28,3.5552
2012-11-29,3.5454
2012-11-30,3.5403
2012-12-01,3.5279
2012-12-02,3.52
2012-12-03,3.5126
2012-12-04,3.5086
2012-12-05,3.5052
2012-12-06,3.5045
2012-12-07,3.4987
2012-12-08,3.494
2012-12-09,3.4844
2012-12-10,3.4799
2012-12-11,3.4667
2012-12-12,3.4485
2012-12-13,3.4459
2012-12-14,3.4437
2012-12-15,3.4368
2012-12-16,3.4295
2012-12-17,3.4171
2012-12-18,3.404
2012-12-19,3.3806
2012-12-20,3.3723
2012-12-21,3.3691
2012-12-22,3.3653
2012-12-23,3.3501
2012-12-24,3.339
2012-12-25,3.3401
2012-12-26,3.3286
2012-12-27,3.3298
2012-12-28,3.3241
2012-12-29,3.3128
2012-12-30,3.3045
2012-12-31,3.2888
2013-01-01,3.2796
2013-01-02,3.2677
2013-01-03,3.2549
2013-01-04,3.2409
2013-01-05,3.2326
2013-01-06,3.2173
2013-01-07,3.2039
2013-01-08,3.1941
2013-01-09,3.1991
2013-01-10,3.194
2013-01-11,3.1861
2013-01-12,3.1738
2013-01-13,3.1625
2013-01-14,3.157
2013-01-15,3.1525
2013-01-16,3.1378
2013-01-17,3.1319
2013-01-18,3.129
2013-01-19,3.1238
2013-01-20,3.115
2013-01-21,3.1073
2013-01-22,3.1039
2013-01-23,3.104
2013-01-24,3.0975
2013-01-25,3.1044
2013-01-26,3.099
2013-01-27,3.0929
2013-01-28,3.0829
2013-01-29,3.0743
2013-01-30,3.0711
2013-01-31,3.0666
2013-02-01,3.061
2013-02-02,3.0516
2013-02-03,3.0468
2013-02-04,3.0402
2013-02-05,3.0339
2013-02-06,3.025
2013-02-07,3.0166
2013-02-08,3.008
2013-02-09,3.0022
2013-02-10,2.9938
2013-02-11,2.9866
2013-02-12,2.9818
2013-02-13,2.9785
2013-02-14,2.9752
2013-02-15,2.9732
2013-02-16,2.9711
2013-02-17,2.9613
2013-02-18,2.9538
2013-02-19,2.9463
2013-02-20,2.9417
2013-02-21,2.9396
2013-02-22,2.9318
2013-02-23,2.924
2013-02-24,2.919
2013-02-25,2.9103
2013-02-26,2.9028
2013-02-27,2.896
2013-02-28,2.8877
2013-03-01,2.8793
2013-03-02,2.8713
2013-03-03,2.8658
2013-03-04,2.8594
2013-03-05,2.8534
2013-03-06,2.853
2013-03-07,2.8531
2013-03-08,2.8535
2013-03-09,2.8499
2013-03-10,2.848
2013-03-11,2.8364
2013-03-12,2.8309
2013-03-13,2.8247
2013-03-14,2.8159
2013-03-15,2.8048
2013-03-16,2.7871
2013-03-17,2.7717
2013-03-18,2.7646
2013-03-19,2.7585
2013-03-20,2.7553
2013-03-21,2.7473
2013-03-22,2.7426
2013-03-23,2.7363
2013-03-24,2.7312
2013-03-25,2.7211
2013-03-26,2.7135
2013-03-27,2.7007
2013-03-28,2.6888
2013-03-29,2.6877
2013-03-30,2.6801
2013-03-31,2.6893
2013-04-01,2.6859
2013-04-02,2.674
2013-04-03,2.6576
2013-04-04,2.6375
2013-04-05,2.6214
2013-04-06,2.6068
2013-04-07,2.5884
2013-04-08,2.5725
2013-04-09,2.5466
2013-04-10,2.5356
2013-04-11,2.5268
2013-04-12,2.5154
2013-04-13,2.5014
2013-04-14,2.485
2013-04-15,2.4683
2013-04-16,2.4407
2013-04-17,2.4246
2013-04-18,2.4004
2013-04-19,2.3893
2013-04-20,2.3711
2013-04-21,2.3581
2013-04-22,2.342
2013-04-23,2.3178
2013-04-24,2.3048
2013-04-25,2.2907
2013-04-26,2.2753
2013-04-27,2.2577
2013-04-28,2.243
2013-04-29,2.2067
2013-04-30,2.1873
2013-05-01,2.177
2013-05-02,2.1644
2013-05-03,2.1503
2013-05-04,2.1383
2013-05-05,2.1152
2013-05-06,2.1016
2013-05-07,2.0848
2013-05-08,2.0615
2013-05-09,2.0367
2013-05-10,2.0235
2013-05-11,2.0037
2013-05-12,1.9935
2013-05-13,1.9796
2013-05-14,1.9634
2013-05-15,1.951
2013-05-16,1.9388
2013-05-17,1.9192
2013-05-18,1.9132
2013-05-19,1.9087
2013-05-20,1.9011
2013-05-21,1.8868
2013-05-22,1.8771
2013-05-23,1.8684
2013-05-24,1.8625
2013-05-25,1.8562
2013-05-26,1.8522
2013-05-27,1.8472
2013-05-28,1.8399
2013-05-29,1.8347
2013-05-30,1.8302
2013-05-31,1.8256
2013-06-01,1.8211
2013-06-02,1.8176
2013-06-03,1.8147
2013-06-04,1.8111
2013-06-05,1.8074
2013-06-06,1.7998
2013-06-07,1.7972
2013-06-08,1.7955
2013-06-09,1.7932
2013-06-10,1.7918
2013-06-11,1.7892
2013-06-12,1.7841
2013-06-13,1.7806
2013-06-14,1.7777
2013-06-15,1.7764
2013-06-16,1.776
2013-06-17,1.775
2013-06-18,1.7727
2013-06-19,1.7719
2013-06-20,1.7695
2013-06-21,1.7693
2013-06-22,1.7691
2013-06-23,1.7672
2013-06-24,1.7664
2013-06-25,1.7647
2013-06-26,1.7634
2013-06-27,1.7609
2013-06-28,1.7596
2013-06-29,1.7584
2013-06-30,1.7539
2013-07-01,1.7519
2013-07-02,1.7502
2013-07-03,1.7488
2013-07-04,1.7461
2013-07-05,1.7446
2013-07-06,1.7426
2013-07-07,1.7429
2013-07-08,1.7407
2013-07-09,1.7392
2013-07-10,1.7386
2013-07-11,1.7335
2013-07-12,1.7279
2013-07-13,1.7253
2013-07-14,1.7237
2013-07-15,1.7218
2013-07-16,1.7198
2013-07-17,1.7178
2013-07-18,1.7162
2013-07-19,1.7149
2013-07-20,1.7127
2013-07-21,1.7104
2013-07-22,1.7092
2013-07-23,1.708
2013-07-24,1.7056
2013-07-25,1.7033
2013-07-26,1.7036
2013-07-27,1.7027
2013-07-28,1.7021
2013-07-29,1.7015
2013-07-30,1.7009
2013-07-31,1.7003
2013-08-01,1.7012
2013-08-02,1.6917
2013-08-03,1.6906
2013-08-04,1.691
2013-08-05,1.6916
2013-08-06,1.6904
2013-08-07,1.6894
2013-08-08,1.6868
2013-08-09,1.6864
2013-08-10,1.6852
2013-08-11,1.6841
2013-08-12,1.6837
2013-08-13,1.686
2013-08-14,1.6897
2013-08-15,1.691
2013-08-16,1.6903
2013-08-17,1.6895
2013-08-18,1.6887
2013-08-19,1.6875
2013-08-20,1.6866
2013-08-21,1.6861
2013-08-22,1.6856
2013-08-23,1.6837
2013-08-24,1.6851
2013-08-25,1.6847
2013-08-26,1.6867
2013-08-27,1.6857
2013-08-28,1.6878
2013-08-29,1.6857
2013-08-30,1.6836
2013-08-31,1.6829
2013-09-01,1.6776
2013-09-02,1.6759
2013-09-03,1.6741
2013-09-04,1.6762
2013-09-05,1.6759
2013-09-06,1.6735
2013-09-07,1.6722
2013-09-08,1.6703
2013-09-09,1.6694
2013-09-10,1.6685
2013-09-11,1.6678
2013-09-12,1.6655
2013-09-13,1.6645
2013-09-14,1.6627
2013-09-15,1.6612
2013-09-16,1.6617
2013-09-17,1.6627
2013-09-18,1.6616
2013-09-19,1.6608
2013-09-20,1.6583
2013-09-21,1.6557
2013-09-22,1.6536
2013-09-23,1.6514
2013-09-24,1.6496
2013-09-25,1.6475
2013-09-26,1.6449
2013-09-27,1.6439
2013-09-28,1.6426
2013-09-29,1.642
2013-09-30,1.6407
2013-10-01,1.6388
2013-10-02,1.6359
2013-10-03,1.6379
2013-10-04,1.6379
2013-10-05,1.6351
2013-10-06,1.6331
2013-10-07,1.6332
2013-10-08,1.6329
2013-10-09,1.6293
2013-10-10,1.6281
2013-10-11,1.6266
2013-10-12,1.6249
2013-10-13,1.626
2013-10-14,1.6226
2013-10-15,1.6228
2013-10-16,1.6222
2013-10-17,1.6207
2013-10-18,1.6195
2013-10-19,1.6192
2013-10-20,1.6205
2013-10-21,1.6193
2013-10-22,1.6185
2013-10-23,1.6183
2013-10-24,1.6191
2013-10-25,1.6225
2013-10-26,1.6231
2013-10-27,1.6225
2013-10-28,1.6213
2013-10-29,1.6203
2013-10-30,1.6187
2013-10-31,1.6172
2013-11-01,1.6159
2013-11-02,1.6144
2013-11-03,1.6154
2013-11-04,1.6158
2013-11-05,1.6154
2013-11-06,1.6153
2013-11-07,1.6181
2013-11-08,1.6198
2013-11-09,1.621
2013-11-10,1.6216
2013-11-11,1.6206
2013-11-12,1.6191
2013-11-13,1.6158
2013-11-14,1.6143
2013-11-15,1.6118
2013-11-16,1.6085
2013-11-17,1.6041
2013-11-18,1.6029
2013-11-19,1.6025
2013-11-20,1.6085
2013-11-21,1.6068
2013-11-22,1.6136
2013-11-23,1.6111
2013-11-24,1.6097
2013-11-25,1.6094
2013-11-26,1.6053
2013-11-27,1.603
2013-11-28,1.6017
2013-11-29,1.5981
2013-11-30,1.5972
2013-12-01,1.5931
2013-12-02,1.5936
2013-12-03,1.5907
2013-12-04,1.5868
2013-12-05,1.5851
2013-12-06,1.5828
2013-12-07,1.5784
2013-12-08,1.5741
2013-12-09,1.5699
2013-12-10,1.5639
2013-12-11,1.5646
2013-12-12,1.5606
2013-12-13,1.5565
2013-12-14,1.5534
2013-12-15,1.5569
2013-12-16,1.559
2013-12-17,1.5546
2013-12-18,1.5512
2013-12-19,1.5501
2013-12-20,1.5458
2013-12-21,1.5452
2013-12-22,1.5417
2013-12-23,1.5398
2013-12-24,1.5316
2013-12-25,1.528
2013-12-26,1.5241
2013-12-27,1.524
2013-12-28,1.5198
2013-12-29,1.5191
2013-12-30,1.5208
2013-12-31,1.5143
2014-01-01,1.5123
2014-01-02,1.5085
2014-01-03,1.5062
2014-01-04,1.5045
2014-01-05,1.5026
2014-01-06,1.5027
2014-01-07,1.5003
2014-01-08,1.4973
2014-01-09,1.4918
2014-01-10,1.488
2014-01-11,1.4846
2014-01-12,1.4818
2014-01-13,1.4791
2014-01-14,1.4709
2014-01-15,1.4686
2014-01-16,1.4641
2014-01-17,1.4622
2014-01-18,1.4573
2014-01-19,1.4545
2014-01-20,1.4524
2014-01-21,1.4472
2014-01-22,1.445
2014-01-23,1.4409
2014-01-24,1.4386
2014-01-25,1.4347
2014-01-26,1.4323
2014-01-27,1.4301
2014-01-28,1.4227
2014-01-29,1.4198
2014-01-30,1.4161
2014-01-31,1.4121
2014-02-01,1.4076
2014-02-02,1.4035
2014-02-03,1.4018
2014-02-04,1.3956
2014-02-05,1.3924
2014-02-06,1.3891
2014-02-07,1.3858
2014-02-08,1.3844
2014-02-09,1.3803
2014-02-10,1.3771
2014-02-11,1.3708
2014-02-12,1.3693
2014-02-13,1.3784
2014-02-14,1.3778
2014-02-15,1.3766
2014-02-16,1.3741
2014-02-17,1.3737
2014-02-18,1.3662
2014-02-19,1.3642
2014-02-20,1.3617
2014-02-21,1.3588
2014-02-22,1.3552
2014-02-23,1.3521
2014-02-24,1.3493
2014-02-25,1.3421
2014-02-26,1.3398
2014-02-27,1.3378
2014-02-28,1.3334
2014-03-01,1.3353
2014-03-02,1.3325
2014-03-03,1.3296
2014-03-04,1.3247
2014-03-05,1.3239
2014-03-06,1.3226
2014-03-07,1.3201
2014-03-08,1.3178
2014-03-09,1.3143
2014-03-10,1.3097
2014-03-11,1.3046
2014-03-12,1.3022
2014-03-13,1.3003
2014-03-14,1.298
2014-03-15,1.2998
2014-03-16,1.2975
2014-03-17,1.2939
2014-03-18,1.2881
2014-03-19,1.2855
2014-03-20,1.2824
2014-03-21,1.2818
2014-03-22,1.2819
2014-03-23,1.2837
2014-03-24,1.2798
2014-03-25,1.275
2014-03-26,1.2727
2014-03-27,1.2712
2014-03-28,1.2702
2014-03-29,1.2676
2014-03-30,1.2638
2014-03-31,1.257
2014-04-01,1.2555
2014-04-02,1.2531
2014-04-03,1.2515
2014-04-04,1.2519
2014-04-05,1.2499
2014-04-06,1.248
2014-04-07,1.2405
2014-04-08,1.2384
2014-04-09,1.2373
2014-04-10,1.2359
2014-04-11,1.2344
2014-04-12,1.233
2014-04-13,1.2318
2014-04-14,1.2247
2014-04-15,1.2244
2014-04-16,1.2254
2014-04-17,1.2264
2014-04-18,1.2254
2014-04-19,1.2237
2014-04-20,1.2227
2014-04-21,1.2164
2014-04-22,1.2146
2014-04-23,1.2118
2014-04-24,1.21
2014-04-25,1.2093
2014-04-26,1.207
2014-04-27,1.2062
2014-04-28,1.2001
2014-04-29,1.1973
2014-04-30,1.1965
2014-05-01,1.1957
2014-05-02,1.1935
2014-05-03,1.1915
2014-05-04,1.1901
2014-05-05,1.1834
2014-05-06,1.1815
2014-05-07,1.1801
2014-05-08,1.1783
2014-05-09,1.1774
2014-05-10,1.1758
2014-05-11,1.174
2014-05-12,1.1666
2014-05-13,1.1666
2014-05-14,1.1654
2014-05-15,1.1641
2014-05-16,1.1631
2014-05-17,1.1628
2014-05-18,1.1639
2014-05-19,1.1584
2014-05-20,1.1599
2014-05-21,1.1596
2014-05-22,1.1601
2014-05-23,1.1603
2014-05-24,1.1599
2014-05-25,1.1591
2014-05-26,1.1543
2014-05-27,1.1544
2014-05-28,1.1543
2014-05-29,1.1541
2014-05-30,1.1533
2014-05-31,1.1529
2014-06-01,1.1517
2014-06-02,1.1478
2014-06-03,1.1472
2014-06-04,1.1469
2014-06-05,1.1454
2014-06-06,1.1446
2014-06-07,1.1443
2014-06-08,1.1424
2014-06-09,1.1373
2014-06-10,1.1368
2014-06-11,1.1364
2014-06-12,1.1355
2014-06-13,1.1353
2014-06-14,1.1339
2014-06-15,1.1321
2014-06-16,1.1255
2014-06-17,1.125
2014-06-18,1.1221
2014-06-19,1.1209
2014-06-20,1.1204
2014-06-21,1.119
2014-06-22,1.1174
2014-06-23,1.1115
2014-06-24,1.11
2014-06-25,1.1094
2014-06-26,1.108
2014-06-27,1.1065
2014-06-28,1.1049
2014-06-29,1.1044
2014-06-30,1.0974
2014-07-01,1.0984
2014-07-02,1.099
2014-07-03,1.0987
2014-07-04,1.0975
2014-07-05,1.0959
2014-07-06,1.094
2014-07-07,1.0877
2014-07-08,1.0858
2014-07-09,1.0837
2014-07-10,1.0837
2014-07-11,1.0832
2014-07-12,1.0826
2014-07-13,1.0792
2014-07-14,1.0737
2014-07-15,1.0727
2014-07-16,1.0713
2014-07-17,1.0707
2014-07-18,1.0697
2014-07-19,1.07
2014-07-20,1.0689
2014-07-21,1.0625
2014-07-22,1.0619
2014-07-23,1.0617
2014-07-24,1.0608
2014-07-25,1.0599
2014-07-26,1.0588
2014-07-27,1.0571
2014-07-28,1.0517
2014-07-29,1.0509
2014-07-30,1.0497
2014-07-31,1.0496
2014-08-01,1.0492
2014-08-02,1.0475
2014-08-03,1.0463
2014-08-04,1.0409
2014-08-05,1.0413
2014-08-06,1.0406
2014-08-07,1.0395
2014-08-08,1.0388
2014-08-09,1.0387
2014-08-10,1.0378
2014-08-11,1.0324
2014-08-12,1.0316
2014-08-13,1.0303
2014-08-14,1.0307
2014-08-15,1.0315
2014-08-16,1.0317
2014-08-17,1.0356
2014-08-18,1.0293
2014-08-19,1.0281
2014-08-20,1.027
2014-08-21,1.0259
2014-08-22,1.0244
2014-08-23,1.0237
2014-08-24,1.0228
2014-08-25,1.0165
2014-08-26,1.0155
2014-08-27,1.0156
2014-08-28,1.016
2014-08-29,1.0136
2014-08-30,1.0126
2014-08-31,1.0106
2014-09-01,1.006
2014-09-02,1.0034
2014-09-03,1.0031
2014-09-04,1.0033
2014-09-05,1.0027
2014-09-06,1.0019
2014-09-07,1.001
2014-09-08,0.9917
2014-09-09,0.9913
2014-09-10,0.994
2014-09-11,0.9959
2014-09-12,0.9949
2014-09-13,0.9943
2014-09-14,0.9932
2014-09-15,0.9853
2014-09-16,0.9862
2014-09-17,0.9867
2014-09-18,0.9865
2014-09-19,0.9859
2014-09-20,0.9859
2014-09-21,0.9854
2014-09-22,0.9783
2014-09-23,0.9778
2014-09-24,0.9772
2014-09-25,0.9755
2014-09-26,0.9748
2014-09-27,0.9743
2014-09-28,0.9721
2014-09-29,0.9649
2014-09-30,0.9656
2014-10-01,0.9645
2014-10-02,0.9618
2014-10-03,0.9609
2014-10-04,0.9578
2014-10-05,0.9568
2014-10-06,0.9499
2014-10-07,0.9495
2014-10-08,0.9498
2014-10-09,0.9496
2014-10-10,0.9494
2014-10-11,0.9482
2014-10-12,0.9475
2014-10-13,0.9408
2014-10-14,0.9398
2014-10-15,0.9412
2014-10-16,0.9404
2014-10-17,0.9405
2014-10-18,0.9406
2014-10-19,0.9394
2014-10-20,0.9325
2014-10-21,0.9328
2014-10-22,0.9328
2014-10-23,0.9324
2014-10-24,0.9328
2014-10-25,0.9329
2014-10-26,0.9283
2014-10-27,0.9254
2014-10-28,0.9245
2014-10-29,0.924
2014-10-30,0.9234
2014-10-31,0.9229
2014-11-01,0.923
2014-11-02,0.9224
2014-11-03,0.9147
2014-11-04,0.9153
2014-11-05,0.9153
2014-11-06,0.9151
2014-11-07,0.9158
2014-11-08,0.9176
2014-11-09,0.9179
2014-11-10,0.9109
2014-11-11,0.9107
2014-11-12,0.9115
2014-11-13,0.9114
2014-11-14,0.9124
2014-11-15,0.9105
2014-11-16,0.9102
2014-11-17,0.9034
2014-11-18,0.9047
2014-11-19,0.9043
2014-11-20,0.9041
2014-11-21,0.9036
2014-11-22,0.9035
2014-11-23,0.9025
2014-11-24,0.8952
2014-11-25,0.8956
2014-11-26,0.8964
2014-11-27,0.8961
2014-11-28,0.8955
2014-11-29,0.8953
2014-11-30,0.8952
2014-12-01,0.8894
2014-12-02,0.8891
2014-12-03,0.8892
2014-12-04,0.889
2014-12-05,0.8893
2014-12-06,0.8867
2014-12-07,0.8864
2014-12-08,0.8796
2014-12-09,0.8804
2014-12-10,0.8805
2014-12-11,0.8804
2014-12-12,0.88
2014-12-13,0.8785
2014-12-14,0.8785
2014-12-15,0.8719
2014-12-16,0.8722
2014-12-17,0.8722
2014-12-18,0.8726
2014-12-19,0.8719
2014-12-20,0.8711
2014-12-21,0.8678
2014-12-22,0.865
2014-12-23,0.8654
2014-12-24,0.8664
2014-12-25,0.8666
2014-12-26,0.8658
2014-12-27,0.8649
2014-12-28,0.8637
2014-12-29,0.8581
2014-12-30,0.859
2014-12-31,0.8584
2015-01-01,0.8583
2015-01-02,0.8578
2015-01-03,0.8558
2015-01-04,0.8526
2015-01-05,0.8507
2015-01-06,0.8505
2015-01-07,0.8508
2015-01-08,0.851
2015-01-09,0.8505
2015-01-10,0.8491
2015-01-11,0.8444
2015-01-12,0.842
2015-01-13,0.842
2015-01-14,0.8428
2015-01-15,0.843
2015-01-16,0.8419
2015-01-17,0.8403
2015-01-18,0.8354
2015-01-19,0.833
2015-01-20,0.8328
2015-01-21,0.8321
2015-01-22,0.8321
2015-01-23,0.8329
2015-01-24,0.8322
2015-01-25,0.832
2015-01-26,0.8256
2015-01-27,0.8262
2015-01-28,0.8266
2015-01-29,0.8274
2015-01-30,0.8265
2015-01-31,0.8256
2015-02-01,0.8216
2015-02-02,0.8195
2015-02-03,0.8197
2015-02-04,0.8195
2015-02-05,0.8189
2015-02-06,0.8195
2015-02-07,0.8174
2015-02-08,0.8174
2015-02-09,0.8107
2015-02-10,0.8111
2015-02-11,0.811
2015-02-12,0.8108
2015-02-13,0.8074
2015-02-14,0.7986
2015-02-15,0.7995
2015-02-16,0.7941
2015-02-17,0.7922
2015-02-18,0.7883
2015-02-19,0.7883
2015-02-20,0.7882
2015-02-21,0.7895
2015-02-22,0.7873
2015-02-23,0.7851
2015-02-24,0.7844
2015-02-25,0.7845
2015-02-26,0.7847
2015-02-27,0.7847
2015-02-28,0.7851
2015-03-01,0.7837
2015-03-02,0.7821
2015-03-03,0.7827
2015-03-04,0.784
2015-03-05,0.7842
2015-03-06,0.786
2015-03-07,0.7878
2015-03-08,0.7856
2015-03-09,0.7835
2015-03-10,0.7841
2015-03-11,0.7855
2015-03-12,0.788
2015-03-13,0.7903
2015-03-14,0.7902
2015-03-15,0.7873
2015-03-16,0.784
2015-03-17,0.7836
2015-03-18,0.7829
2015-03-19,0.7838
2015-03-20,0.7849
2015-03-21,0.7843
2015-03-22,0.7815
2015-03-23,0.7792
2015-03-24,0.7783
2015-03-25,0.7785
2015-03-26,0.7781
2015-03-27,0.7779
2015-03-28,0.7771
2015-03-29,0.7756
2015-03-30,0.7727
2015-03-31,0.7726
2015-04-01,0.7717
2015-04-02,0.7714
2015-04-03,0.7711
2015-04-04,0.7722
2015-04-05,0.7698
2015-04-06,0.7672
2015-04-07,0.767
2015-04-08,0.7672
2015-04-09,0.7668
2015-04-10,0.7664
2015-04-11,0.7656
2015-04-12,0.7627
2015-04-13,0.7599
2015-04-14,0.7601
2015-04-15,0.7599
2015-04-16,0.7599
2015-04-17,0.7595
2015-04-18,0.7587
2015-04-19,0.7561
2015-04-20,0.7536
2015-04-21,0.7531
2015-04-22,0.7536
2015-04-23,0.7533
2015-04-24,0.7532
2015-04-25,0.7538
2015-04-26,0.7508
2015-04-27,0.7486
2015-04-28,0.7484
2015-04-29,0.7485
2015-04-30,0.7487
2015-05-01,0.7489
2015-05-02,0.7483
2015-05-03,0.745
2015-05-04,0.7428
2015-05-05,0.7426
2015-05-06,0.7423
2015-05-07,0.7417
2015-05-08,0.7412
2015-05-09,0.7385
2015-05-10,0.7376
2015-05-11,0.7359
2015-05-12,0.7358
2015-05-13,0.7357
2015-05-14,0.7352
2015-05-15,0.7347
2015-05-16,0.7339
2015-05-17,0.731
2015-05-18,0.7297
2015-05-19,0.729
2015-05-20,0.729
2015-05-21,0.7284
2015-05-22,0.7277
2015-05-23,0.727
2015-05-24,0.7258
2015-05-25,0.7221
2015-05-26,0.7211
2015-05-27,0.7205
2015-05-28,0.7212
2015-05-29,0.7214
2015-05-30,0.7204
2015-05-31,0.717
2015-06-01,0.7147
2015-06-02,0.7144
2015-06-03,0.7147
2015-06-04,0.7143
2015-06-05,0.7138
2015-06-06,0.7131
2015-06-07,0.7102
2015-06-08,0.7089
2015-06-09,0.7088
2015-06-10,0.709
2015-06-11,0.7089
2015-06-12,0.7086
2015-06-13,0.7079
2015-06-14,0.7062
2015-06-15,0.7045
2015-06-16,0.7036
2015-06-17,0.6996
2015-06-18,0.7003
2015-06-19,0.6954
2015-06-20,0.6939
2015-06-21,0.6923
2015-06-22,0.6901
2015-06-23,0.6894
2015-06-24,0.689
2015-06-25,0.6887
2015-06-26,0.6887
2015-06-27,0.6881
2015-06-28,0.686
2015-06-29,0.6845
2015-06-30,0.6846
2015-07-01,0.6728
2015-07-02,0.6749
2015-07-03,0.6749
2015-07-04,0.6747
2015-07-05,0.6733
2015-07-06,0.6714
2015-07-07,0.6607
2015-07-08,0.6474
2015-07-09,0.6175
2015-07-10,0.6077
2015-07-11,0.5967
2015-07-12,0.5719
2015-07-13,0.556
2015-07-14,0.5511
2015-07-15,0.5571
2015-07-16,0.563
2015-07-17,0.5677
2015-07-18,0.5733
2015-07-19,0.577
2015-07-20,0.5801
2015-07-21,0.5804
2015-07-22,0.58
2015-07-23,0.5805
2015-07-24,0.5803
2015-07-25,0.5811
2015-07-26,0.5809
2015-07-27,0.5765
2015-07-28,0.5737
2015-07-29,0.5717
2015-07-30,0.5473
2015-07-31,0.5323
2015-08-01,0.5089
2015-08-02,0.4885
2015-08-03,0.4856
2015-08-04,0.4835
2015-08-05,0.4696
2015-08-06,0.4551
2015-08-07,0.4394
2015-08-08,0.4366
2015-08-09,0.4362
2015-08-10,0.4356
2015-08-11,0.4364
2015-08-12,0.4368
2015-08-13,0.4367
2015-08-14,0.4369
2015-08-15,0.437
2015-08-16,0.4366
2015-08-17,0.4359
2015-08-18,0.4358
2015-08-19,0.436
2015-08-20,0.4361
2015-08-21,0.436
2015-08-22,0.4358
2015-08-23,0.4351
2015-08-24,0.4344
2015-08-25,0.4346
2015-08-26,0.4345
2015-08-27,0.4343
2015-08-28,0.434
2015-08-29,0.4338
2015-08-30,0.433
2015-08-31,0.4322
2015-09-01,0.4323
2015-09-02,0.4322
2015-09-03,0.4108
2015-09-04,0.41
2015-09-05,0.4098
2015-09-06,0.409
2015-09-07,0.4084
2015-09-08,0.4085
2015-09-09,0.4103
2015-09-10,0.4136
2015-09-11,0.4178
2015-09-12,0.4201
2015-09-13,0.4219
2015-09-14,0.423
2015-09-15,0.4263
2015-09-16,0.4294
2015-09-17,0.4315
2015-09-18,0.4323
2015-09-19,0.4325
2015-09-20,0.4324
2015-09-21,0.4307
2015-09-22,0.4309
2015-09-23,0.4306
2015-09-24,0.431
2015-09-25,0.431
2015-09-26,0.4312
2015-09-27,0.4308
2015-09-28,0.4305
2015-09-29,0.4307
2015-09-30,0.4311
2015-10-01,0.4312
2015-10-02,0.4311
2015-10-03,0.4312
2015-10-04,0.4311
2015-10-05,0.4298
2015-10-06,0.4298
2015-10-07,0.4303
2015-10-08,0.4323
2015-10-09,0.4341
2015-10-10,0.4357
2015-10-11,0.4382
2015-10-12,0.4395
2015-10-13,0.441
2015-10-14,0.4418
2015-10-15,0.4427
2015-10-16,0.4433
2015-10-17,0.4439
2015-10-18,0.4438
2015-10-19,0.4442
2015-10-20,0.4449
2015-10-21,0.4453
2015-10-22,0.4454
2015-10-23,0.4457
2015-10-24,0.4462
2015-10-25,0.4455
2015-10-26,0.4457
2015-10-27,0.4468
2015-10-28,0.447
2015-10-29,0.4473
2015-10-30,0.448
2015-10-31,0.448
2015-11-01,0.4474
2015-11-02,0.4469
2015-11-03,0.4475
2015-11-04,0.448
2015-11-05,0.4491
2015-11-06,0.4497
2015-11-07,0.4492
2015-11-08,0.4492
2015-11-09,0.4485
2015-11-10,0.4489
2015-11-11,0.449
2015-11-12,0.4495
2015-11-13,0.4493
2015-11-14,0.449
2015-11-15,0.4482
2015-11-16,0.4473
2015-11-17,0.4478
2015-11-18,0.4478
2015-11-19,0.4476
2015-11-20,0.4478
2015-11-21,0.448
2015-11-22,0.4477
2015-11-23,0.4471
2015-11-24,0.4479
2015-11-25,0.4475
2015-11-26,0.4478
2015-11-27,0.4484
2015-11-28,0.4486
2015-11-29,0.4475
2015-11-30,0.448
2015-12-01,0.4477
2015-12-02,0.448
2015-12-03,0.4484
2015-12-04,0.4494
2015-12-05,0.4493
2015-12-06,0.4486
2015-12-07,0.4478
2015-12-08,0.448
2015-12-09,0.4481
2015-12-10,0.4484
2015-12-11,0.4486
2015-12-12,0.4484
2015-12-13,0.448
2015-12-14,0.4469
2015-12-15,0.4476
2015-12-16,0.4471
2015-12-17,0.4471
2015-12-18,0.447
2015-12-19,0.4468
2015-12-20,0.4454
2015-12-21,0.4443
2015-12-22,0.444
2015-12-23,0.4437
2015-12-24,0.4436
2015-12-25,0.4431
2015-12-26,0.4427
2015-12-27,0.4419
2015-12-28,0.4414
2015-12-29,0.4416
2015-12-30,0.4418
2015-12-31,0.4417
2016-01-01,0.4419
2016-01-02,0.4415
2016-01-03,0.4412
2016-01-04,0.4402
2016-01-05,0.4403
2016-01-06,0.4404
2016-01-07,0.4407
2016-01-08,0.4404
2016-01-09,0.4406
2016-01-10,0.4396
2016-01-11,0.4389
2016-01-12,0.4392
2016-01-13,0.4388
2016-01-14,0.4389
2016-01-15,0.4387
2016-01-16,0.4387
2016-01-17,0.4385
2016-01-18,0.437
2016-01-19,0.4369
2016-01-20,0.4374
2016-01-21,0.4383
2016-01-22,0.4382
2016-01-23,0.4384
2016-01-24,0.4376
2016-01-25,0.4365
2016-01-26,0.4362
2016-01-27,0.4361
2016-01-28,0.4359
2016-01-29,0.4359
2016-01-30,0.4363
2016-01-31,0.4355
2016-02-01,0.4348
2016-02-02,0.4359
2016-02-03,0.4371
2016-02-04,0.4384
2016-02-05,0.4385
2016-02-06,0.4384
2016-02-07,0.4371
2016-02-08,0.4353
2016-02-09,0.4348
2016-02-10,0.4344
2016-02-11,0.4343
2016-02-12,0.4346
2016-02-13,0.4342
2016-02-14,0.4337
2016-02-15,0.4329
2016-02-16,0.4326
2016-02-17,0.4322
2016-02-18,0.4319
2016-02-19,0.4315
2016-02-20,0.4313
2016-02-21,0.4308
2016-02-22,0.4296
2016-02-23,0.4286
2016-02-24,0.4281
2016-02-25,0.4281
2016-02-26,0.4285
2016-02-27,0.4283
2016-02-28,0.4279
2016-02-29,0.427
2016-03-01,0.426
2016-03-02,0.4252
2016-03-03,0.4256
2016-03-04,0.425
2016-03-05,0.4261
2016-03-06,0.4256
2016-03-07,0.4254
2016-03-08,0.4253
2016-03-09,0.425
2016-03-10,0.4269
2016-03-11,0.4271
2016-03-12,0.4267
2016-03-13,0.4266
2016-03-14,0.4258
2016-03-15,0.4263
2016-03-16,0.4264
2016-03-17,0.4264
2016-03-18,0.4258
2016-03-19,0.4254
2016-03-20,0.4244
2016-03-21,0.4239
2016-03-22,0.4237
2016-03-23,0.423
2016-03-24,0.4229
2016-03-25,0.4229
2016-03-26,0.4229
2016-03-27,0.4234
2016-03-28,0.423
2016-03-29,0.4237
2016-03-30,0.4253
2016-03-31,0.426
2016-04-01,0.4259
2016-04-02,0.4262
2016-04-03,0.4269
2016-04-04,0.4269
2016-04-05,0.4265
2016-04-06,0.4266
2016-04-07,0.426
2016-04-08,0.4254
2016-04-09,0.4247
2016-04-10,0.4245
2016-04-11,0.4234
2016-04-12,0.4231
2016-04-13,0.4225
2016-04-14,0.4221
2016-04-15,0.4213
2016-04-16,0.4209
2016-04-17,0.4204
2016-04-18,0.4196
2016-04-19,0.419
2016-04-20,0.4183
2016-04-21,0.4182
2016-04-22,0.4176
2016-04-23,0.4174
2016-04-24,0.4165
2016-04-25,0.4155
2016-04-26,0.4148
2016-04-27,0.4139
2016-04-28,0.4133
2016-04-29,0.4127
2016-04-30,0.4114
2016-05-01,0.4105
2016-05-02,0.4094
2016-05-03,0.409
2016-05-04,0.4089
2016-05-05,0.4084
2016-05-06,0.4079
2016-05-07,0.4072
2016-05-08,0.4067
2016-05-09,0.406
2016-05-10,0.4052
2016-05-11,0.4044
2016-05-12,0.4036
2016-05-13,0.403
2016-05-14,0.4024
2016-05-15,0.4019
2016-05-16,0.4012
2016-05-17,0.4002
2016-05-18,0.3993
2016-05-19,0.3982
2016-05-20,0.3978
2016-05-21,0.3977
2016-05-22,0.3983
2016-05-23,0.3983
2016-05-24,0.3978
2016-05-25,0.3971
2016-05-26,0.3966
2016-05-27,0.3963
2016-05-28,0.3971
2016-05-29,0.3972
2016-05-30,0.3967
2016-05-31,0.3969
2016-06-01,0.3966
2016-06-02,0.396
2016-06-03,0.3954
2016-06-04,0.3949
2016-06-05,0.3941
2016-06-06,0.3937
2016-06-07,0.3933
2016-06-08,0.3923
2016-06-09,0.3921
2016-06-10,0.3912
2016-06-11,0.3906
2016-06-12,0.39
2016-06-13,0.3894
2016-06-14,0.3898
2016-06-15,0.3894
2016-06-16,0.3894
2016-06-17,0.3889
2016-06-18,0.3887
2016-06-19,0.3885
2016-06-20,0.3885
2016-06-21,0.3876
2016-06-22,0.3872
2016-06-23,0.387
2016-06-24,0.3866
2016-06-25,0.386
2016-06-26,0.386
2016-06-27,0.3858
2016-06-28,0.3855
2016-06-29,0.385
2016-06-30,0.3848
2016-07-01,0.3845
2016-07-02,0.3848
2016-07-03,0.3846
2016-07-04,0.384
2016-07-05,0.3835
2016-07-06,0.3833
2016-07-07,0.383
2016-07-08,0.383
2016-07-09,0.3826
2016-07-10,0.3821
2016-07-11,0.3819
2016-07-12,0.3815
2016-07-13,0.381
2016-07-14,0.3806
2016-07-15,0.3804
2016-07-16,0.3799
2016-07-17,0.3802
2016-07-18,0.3804
2016-07-19,0.3803
2016-07-20,0.3798
2016-07-21,0.3799
2016-07-22,0.3793
2016-07-23,0.379
2016-07-24,0.3787
2016-07-25,0.3783
2016-07-26,0.3777
2016-07-27,0.3772
2016-07-28,0.3772
2016-07-29,0.3765
2016-07-30,0.3767
2016-07-31,0.376
2016-08-01,0.3768
2016-08-02,0.3769
2016-08-03,0.3769
2016-08-04,0.3768
2016-08-05,0.3768
2016-08-06,0.3766
2016-08-07,0.3764
2016-08-08,0.3765
2016-08-09,0.3761
2016-08-10,0.3755
2016-08-11,0.3751
2016-08-12,0.3747
2016-08-13,0.3746
2016-08-14,0.3743
2016-08-15,0.374
2016-08-16,0.3745
2016-08-17,0.3739
2016-08-18,0.3735
2016-08-19,0.3733
2016-08-20,0.3732
2016-08-21,0.3729
2016-08-22,0.3728
2016-08-23,0.3728
2016-08-24,0.3728
2016-08-25,0.3722
2016-08-26,0.3717
2016-08-27,0.3713
2016-08-28,0.3709
2016-08-29,0.3708
2016-08-30,0.3711
2016-08-31,0.3706
2016-09-01,0.3704
2016-09-02,0.3703
2016-09-03,0.37
2016-09-04,0.3698
2016-09-05,0.37
2016-09-06,0.3696
2016-09-07,0.3692
2016-09-08,0.369
2016-09-09,0.3688
2016-09-10,0.3689
2016-09-11,0.3689
2016-09-12,0.3687
2016-09-13,0.3685
2016-09-14,0.3689
2016-09-15,0.3691
2016-09-16,0.3689
2016-09-17,0.369
2016-09-18,0.3691
2016-09-19,0.3688
2016-09-20,0.3686
2016-09-21,0.3681
2016-09-22,0.3679
2016-09-23,0.3677
2016-09-24,0.3675
2016-09-25,0.3674
2016-09-26,0.3674
2016-09-27,0.3673
2016-09-28,0.3677
2016-09-29,0.3674
2016-09-30,0.3671
2016-10-01,0.367
2016-10-02,0.3669
2016-10-03,0.3672
2016-10-04,0.3667
2016-10-05,0.3665
2016-10-06,0.3662
2016-10-07,0.3656
2016-10-08,0.3651
2016-10-09,0.365
2016-10-10,0.3649
2016-10-11,0.3648
2016-10-12,0.3645
2016-10-13,0.3646
2016-10-14,0.3645
2016-10-15,0.3638
2016-10-16,0.3635
2016-10-17,0.3631
2016-10-18,0.3632
2016-10-19,0.3633
2016-10-20,0.3639
2016-10-21,0.3635
2016-10-22,0.3633
2016-10-23,0.3639
2016-10-24,0.3648
2016-10-25,0.3657
2016-10-26,0.3664
2016-10-27,0.3681
2016-10-28,0.3679
2016-10-29,0.368
2016-10-30,0.368
2016-10-31,0.3684
2016-11-01,0.3681
2016-11-02,0.3682
2016-11-03,0.3678
2016-11-04,0.3677
2016-11-05,0.3672
2016-11-06,0.3669
2016-11-07,0.3666
2016-11-08,0.3661
2016-11-09,0.366
2016-11-10,0.3658
2016-11-11,0.3659
2016-11-12,0.366
2016-11-13,0.3657
2016-11-14,0.3656
2016-11-15,0.3655
2016-11-16,0.3649
2016-11-17,0.3647
2016-11-18,0.3649
2016-11-19,0.3645
2016-11-20,0.3638
2016-11-21,0.3629
2016-11-22,0.3618
2016-11-23,0.3604
2016-11-24,0.3603
2016-11-25,0.3595
2016-11-26,0.359
2016-11-27,0.3592
2016-11-28,0.3589
2016-11-29,0.3588
2016-11-30,0.3585
2016-12-01,0.3578
2016-12-02,0.3586
2016-12-03,0.3575
2016-12-04,0.3575
2016-12-05,0.3579
2016-12-06,0.3578
2016-12-07,0.3572
2016-12-08,0.3572
2016-12-09,0.3571
2016-12-10,0.3569
2016-12-11,0.3567
2016-12-12,0.357
2016-12-13,0.3567
2016-12-14,0.3569
2016-12-15,0.3563
2016-12-16,0.3558
2016-12-17,0.3552
2016-12-18,0.3546
2016-12-19,0.3545
2016-12-20,0.3544
2016-12-21,0.354
2016-12-22,0.3538
2016-12-23,0.3537
2016-12-24,0.3531
2016-12-25,0.353
2016-12-26,0.3534
2016-12-27,0.3533
2016-12-28,0.3531
2016-12-29,0.3529
2016-12-30,0.3526
2016-12-31,0.3523
2017-01-01,0.3517
2017-01-02,0.3516
2017-01-03,0.3511
2017-01-04,0.3501
2017-01-05,0.3494
2017-01-06,0.3493
2017-01-07,0.3486
2017-01-08,0.3482
2017-01-09,0.348
2017-01-10,0.3475
2017-01-11,0.347
2017-01-12,0.3468
2017-01-13,0.3466
2017-01-14,0.3461
2017-01-15,0.3463
2017-01-16,0.3461
2017-01-17,0.3459
2017-01-18,0.3454
2017-01-19,0.345
2017-01-20,0.3448
2017-01-21,0.3444
2017-01-22,0.344
2017-01-23,0.3438
2017-01-24,0.3443
2017-01-25,0.3447
2017-01-26,0.3445
2017-01-27,0.3447
2017-01-28,0.3452
2017-01-29,0.3453
2017-01-30,0.346
2017-01-31,0.3463
2017-02-01,0.3457
2017-02-02,0.3454
2017-02-03,0.3454
2017-02-04,0.3445
2017-02-05,0.3443
2017-02-06,0.3447
2017-02-07,0.3446
2017-02-08,0.344
2017-02-09,0.3436
2017-02-10,0.3434
2017-02-11,0.3429
2017-02-12,0.3428
2017-02-13,0.3428
2017-02-14,0.3429
2017-02-15,0.3425
2017-02-16,0.3421
2017-02-17,0.342
2017-02-18,0.341
2017-02-19,0.341
2017-02-20,0.3407
2017-02-21,0.3405
2017-02-22,0.3401
2017-02-23,0.3396
2017-02-24,0.339
2017-02-25,0.3385
2017-02-26,0.3383
2017-02-27,0.3389
2017-02-28,0.3385
2017-03-01,0.3378
2017-03-02,0.337
2017-03-03,0.3364
2017-03-04,0.3357
2017-03-05,0.3352
2017-03-06,0.335
2017-03-07,0.3343
2017-03-08,0.3338
2017-03-09,0.3334
2017-03-10,0.3329
2017-03-11,0.3328
2017-03-12,0.3328
2017-03-13,0.3335
2017-03-14,0.3333
2017-03-15,0.3331
2017-03-16,0.3326
2017-03-17,0.3319
2017-03-18,0.3317
2017-03-19,0.3319
2017-03-20,0.3321
2017-03-21,0.3314
2017-03-22,0.331
2017-03-23,0.3307
2017-03-24,0.3301
2017-03-25,0.33
2017-03-26,0.3294
2017-03-27,0.3288
2017-03-28,0.3284
2017-03-29,0.3282
2017-03-30,0.3276
2017-03-31,0.3279
2017-04-01,0.3274
2017-04-02,0.327
2017-04-03,0.3267
2017-04-04,0.3264
2017-04-05,0.3258
2017-04-06,0.3253
2017-04-07,0.3248
2017-04-08,0.3248
2017-04-09,0.3246
2017-04-10,0.3247
2017-04-11,0.3239
2017-04-12,0.3235
2017-04-13,0.3228
2017-04-14,0.3224
2017-04-15,0.3213
2017-04-16,0.3206
2017-04-17,0.3205
2017-04-18,0.3197
2017-04-19,0.3192
2017-04-20,0.3186
2017-04-21,0.3188
2017-04-22,0.3185
2017-04-23,0.3182
2017-04-24,0.3182
2017-04-25,0.318
2017-04-26,0.3175
2017-04-27,0.3168
2017-04-28,0.3165
2017-04-29,0.3157
2017-04-30,0.3153
2017-05-01,0.3153
2017-05-02,0.3148
2017-05-03,0.3144
2017-05-04,0.3138
2017-05-05,0.3129
2017-05-06,0.3122
2017-05-07,0.3116
2017-05-08,0.3116
2017-05-09,0.3111
2017-05-10,0.3105
2017-05-11,0.3097
2017-05-12,0.3088
2017-05-13,0.3081
2017-05-14,0.3077
2017-05-15,0.307
2017-05-16,0.3064
2017-05-17,0.3068
2017-05-18,0.3063
2017-05-19,0.3059
2017-05-20,0.3056
2017-05-21,0.3054
2017-05-22,0.3051
2017-05-23,0.3045
2017-05-24,0.3038
2017-05-25,0.303
2017-05-26,0.3024
2017-05-27,0.3016
2017-05-28,0.3013
2017-05-29,0.3013
2017-05-30,0.3006
2017-05-31,0.3003
2017-06-01,0.2998
2017-06-02,0.2996
2017-06-03,0.2995
2017-06-04,0.3
2017-06-05,0.3
2017-06-06,0.3001
2017-06-07,0.2998
2017-06-08,0.2996
2017-06-09,0.2996
2017-06-10,0.2996
2017-06-11,0.2997
2017-06-12,0.3001
2017-06-13,0.3
2017-06-14,0.2994
2017-06-15,0.299
2017-06-16,0.299
2017-06-17,0.2991
2017-06-18,0.2995
2017-06-19,0.3002
2017-06-20,0.3005
2017-06-21,0.3
2017-06-22,0.2995
2017-06-23,0.2994
2017-06-24,0.2997
2017-06-25,0.3001
2017-06-26,0.3005
2017-06-27,0.3005
2017-06-28,0.2999
2017-06-29,0.3001
2017-06-30,0.2999
2017-07-01,0.2999
2017-07-02,0.3006
2017-07-03,0.3015
2017-07-04,0.3016
2017-07-05,0.3014
2017-07-06,0.3015
2017-07-07,0.3016
2017-07-08,0.3014
2017-07-09,0.3017
2017-07-10,0.3017
2017-07-11,0.3015
2017-07-12,0.3014
2017-07-13,0.3019
2017-07-14,0.3018
2017-07-15,0.3016
2017-07-16,0.3018
2017-07-17,0.3023
2017-07-18,0.3026
2017-07-19,0.3028
2017-07-20,0.3028
2017-07-21,0.3032
2017-07-22,0.3032
2017-07-23,0.3039
2017-07-24,0.3042
2017-07-25,0.3047
2017-07-26,0.3045
2017-07-27,0.3049
2017-07-28,0.3055
2017-07-29,0.3055
2017-07-30,0.3064
2017-07-31,0.307
2017-08-01,0.3076
2017-08-02,0.3086
2017-08-03,0.3093
2017-08-04,0.3094
2017-08-05,0.3103
2017-08-06,0.311
2017-08-07,0.3111
2017-08-08,0.3112
2017-08-09,0.3113
2017-08-10,0.311
2017-08-11,0.3104
2017-08-12,0.31
2017-08-13,0.3098
2017-08-14,0.3097
2017-08-15,0.3093
2017-08-16,0.3083
2017-08-17,0.3076
2017-08-18,0.3075
2017-08-19,0.3069
2017-08-20,0.3067
2017-08-21,0.3068
2017-08-22,0.3062
2017-08-23,0.3053
2017-08-24,0.3049
2017-08-25,0.3045
2017-08-26,0.3037
2017-08-27,0.303
2017-08-28,0.3034
2017-08-29,0.3033
2017-08-30,0.3033
2017-08-31,0.3039
2017-09-01,0.3042
2017-09-02,0.3046
2017-09-03,0.3043
2017-09-04,0.3046
2017-09-05,0.3049
2017-09-06,0.3048
2017-09-07,0.3047
2017-09-08,0.305
2017-09-09,0.3049
2017-09-10,0.305
2017-09-11,0.305
2017-09-12,0.3051
2017-09-13,0.3049
2017-09-14,0.3048
2017-09-15,0.3048
2017-09-16,0.3044
2017-09-17,0.3042
2017-09-18,0.304
2017-09-19,0.304
2017-09-20,0.3041
2017-09-21,0.3038
2017-09-22,0.3037
2017-09-23,0.3032
2017-09-24,0.3029
2017-09-25,0.3029
2017-09-26,0.3025
2017-09-27,0.3023
2017-09-28,0.3019
2017-09-29,0.3019
2017-09-30,0.3017
2017-10-01,0.3015
2017-10-02,0.3018
2017-10-03,0.3016
2017-10-04,0.3018
2017-10-05,0.3013
2017-10-06,0.3009
2017-10-07,0.3006
2017-10-08,0.3006
2017-10-09,0.3008
2017-10-10,0.3007
2017-10-11,0.3006
2017-10-12,0.3001
2017-10-13,0.3
2017-10-14,0.299
2017-10-15,0.2986
2017-10-16,0.2992
2017-10-17,0.2988
2017-10-18,0.2983
2017-10-19,0.2976
2017-10-20,0.2973
2017-10-21,0.2971
2017-10-22,0.297
2017-10-23,0.2979
2017-10-24,0.2978
2017-10-25,0.2976
2017-10-26,0.2979
2017-10-27,0.2974
2017-10-28,0.2965
2017-10-29,0.2957
2017-10-30,0.2951
2017-10-31,0.2946
2017-11-01,0.2943
2017-11-02,0.2936
2017-11-03,0.2929
2017-11-04,0.2917
2017-11-05,0.2913
2017-11-06,0.2913
2017-11-07,0.2908
2017-11-08,0.2902
2017-11-09,0.2896
2017-11-10,0.289
2017-11-11,0.2882
2017-11-12,0.2874
2017-11-13,0.2867
2017-11-14,0.2859
2017-11-15,0.2852
2017-11-16,0.2847
2017-11-17,0.2842
2017-11-18,0.2842
2017-11-19,0.284
2017-11-20,0.2844
2017-11-21,0.2841
2017-11-22,0.2834
2017-11-23,0.2829
2017-11-24,0.2822
2017-11-25,0.2816
2017-11-26,0.2812
2017-11-27,0.2807
2017-11-28,0.2798
2017-11-29,0.2789
2017-11-30,0.2779
2017-12-01,0.2769
2017-12-02,0.276
2017-12-03,0.2758
2017-12-04,0.2755
2017-12-05,0.2747
2017-12-06,0.2737
2017-12-07,0.2725
2017-12-08,0.2712
2017-12-09,0.2699
2017-12-10,0.2691
2017-12-11,0.2692
2017-12-12,0.2683
2017-12-13,0.2671
2017-12-14,0.2663
2017-12-15,0.2647
2017-12-16,0.2636
2017-12-17,0.2633
2017-12-18,0.2629
2017-12-19,0.2621
2017-12-20,0.2606
2017-12-21,0.2593
2017-12-22,0.2579
2017-12-23,0.2567
2017-12-24,0.2559
2017-12-25,0.2561
2017-12-26,0.2562
2017-12-27,0.2563
2017-12-28,0.256
2017-12-29,0.2556
2017-12-30,0.2549
2017-12-31,0.2541
2018-01-01,0.2543
2018-01-02,0.2548
2018-01-03,0.2544
2018-01-04,0.2532
2018-01-05,0.2515
2018-01-06,0.2502
2018-01-07,0.2495
2018-01-08,0.2484
2018-01-09,0.2476
2018-01-10,0.2467
2018-01-11,0.246
2018-01-12,0.2463
2018-01-13,0.2466
2018-01-14,0.2465
2018-01-15,0.2469
2018-01-16,0.2468
2018-01-17,0.2464
2018-01-18,0.2463
2018-01-19,0.2463
2018-01-20,0.2471
2018-01-21,0.2482
2018-01-22,0.2497
2018-01-23,0.2504
2018-01-24,0.2512
2018-01-25,0.252
2018-01-26,0.2527
2018-01-27,0.2533
2018-01-28,0.254
2018-01-29,0.2545
2018-01-30,0.2547
2018-01-31,0.2553
2018-02-01,0.2553
2018-02-02,0.2557
2018-02-03,0.2563
2018-02-04,0.2573
2018-02-05,0.2585
2018-02-06,0.26
2018-02-07,0.2609
2018-02-08,0.2617
2018-02-09,0.2627
2018-02-10,0.2636
2018-02-11,0.2649
2018-02-12,0.2666
2018-02-13,0.2685
2018-02-14,0.2702
2018-02-15,0.2723
2018-02-16,0.2729
2018-02-17,0.2743
2018-02-18,0.2756
2018-02-19,0.2774
2018-02-20,0.2789
2018-02-21,0.2797
2018-02-22,0.2804
2018-02-23,0.2807
2018-02-24,0.2819
2018-02-25,0.2833
2018-02-26,0.2838
2018-02-27,0.2844
2018-02-28,0.285
2018-03-01,0.286
2018-03-02,0.2866
2018-03-03,0.2867
2018-03-04,0.2888
2018-03-05,0.2906
2018-03-06,0.2917
2018-03-07,0.2931
2018-03-08,0.2945
2018-03-09,0.2965
2018-03-10,0.2973
2018-03-11,0.2993
2018-03-12,0.3016
2018-03-13,0.3031
2018-03-14,0.3039
2018-03-15,0.3039
2018-03-16,0.3037
2018-03-17,0.3034
2018-03-18,0.303
2018-03-19,0.303
2018-03-20,0.3029
2018-03-21,0.3027
2018-03-22,0.3025
2018-03-23,0.3028
2018-03-24,0.3029
2018-03-25,0.3031
2018-03-26,0.303
2018-03-27,0.3031
2018-03-28,0.3034
2018-03-29,0.3032
2018-03-30,0.3031
2018-03-31,0.3026
2018-04-01,0.3026
2018-04-02,0.3024
2018-04-03,0.3022
2018-04-04,0.3022
2018-04-05,0.302
2018-04-06,0.3018
2018-04-07,0.3016
2018-04-08,0.302
2018-04-09,0.3016
2018-04-10,0.3018
2018-04-11,0.3017
2018-04-12,0.3018
2018-04-13,0.3019
2018-04-14,0.3015
2018-04-15,0.3017
2018-04-16,0.3023
2018-04-17,0.3032
2018-04-18,0.3033
2018-04-19,0.3031
2018-04-20,0.3026
2018-04-21,0.3021
2018-04-22,0.3023
2018-04-23,0.3019
2018-04-24,0.3016
2018-04-25,0.3019
2018-04-26,0.302
2018-04-27,0.3019
2018-04-28,0.3018
2018-04-29,0.3013
2018-04-30,0.301
2018-05-01,0.3008
2018-05-02,0.3004
2018-05-03,0.3005
2018-05-04,0.3005
2018-05-05,0.3004
2018-05-06,0.3005
2018-05-07,0.3006
2018-05-08,0.301
2018-05-09,0.3011
2018-05-10,0.301
2018-05-11,0.3008
2018-05-12,0.3009
2018-05-13,0.3009
2018-05-14,0.3007
2018-05-15,0.3006
2018-05-16,0.3003
2018-05-17,0.3
2018-05-18,0.3004
2018-05-19,0.3003
2018-05-20,0.3
2018-05-21,0.2998
2018-05-22,0.3
2018-05-23,0.2998
2018-05-24,0.2996
2018-05-25,0.2992
2018-05-26,0.299
2018-05-27,0.2986
2018-05-28,0.2983
2018-05-29,0.2986
2018-05-30,0.2985
2018-05-31,0.2984
2018-06-01,0.2984
2018-06-02,0.2978
2018-06-03,0.2976
2018-06-04,0.2981
2018-06-05,0.2994
2018-06-06,0.2999
2018-06-07,0.3003
2018-06-08,0.3009
2018-06-09,0.3009
2018-06-10,0.3007
2018-06-11,0.3005
2018-06-12,0.3003
2018-06-13,0.3007
2018-06-14,0.3009
2018-06-15,0.3007
2018-06-16,0.3007
2018-06-17,0.3004
2018-06-18,0.3001
2018-06-19,0.3
2018-06-20,0.3012
2018-06-21,0.3033
2018-06-22,0.3029
2018-06-23,0.3027
2018-06-24,0.3024
2018-06-25,0.3021
2018-06-26,0.3026
2018-06-27,0.3035
2018-06-28,0.3039
2018-06-29,0.3039
2018-06-30,0.3036
2018-07-01,0.3043
2018-07-02,0.3045
2018-07-03,0.3049
2018-07-04,0.3051
2018-07-05,0.3052
2018-07-06,0.305
2018-07-07,0.3042
2018-07-08,0.3039
2018-07-09,0.3039
2018-07-10,0.3044
2018-07-11,0.3051
2018-07-12,0.3057
2018-07-13,0.3076
2018-07-14,0.3091
2018-07-15,0.3109
2018-07-16,0.3112
2018-07-17,0.3111
2018-07-18,0.3114
2018-07-19,0.3125
2018-07-20,0.3125
2018-07-21,0.3123
2018-07-22,0.3121
2018-07-23,0.3117
2018-07-24,0.3122
2018-07-25,0.3121
2018-07-26,0.3125
2018-07-27,0.3123
2018-07-28,0.3122
2018-07-29,0.3124
2018-07-30,0.3121
2018-07-31,0.3119
2018-08-01,0.312
2018-08-02,0.3122
2018-08-03,0.3121
2018-08-04,0.3118
2018-08-05,0.3115
2018-08-06,0.3111
2018-08-07,0.3114
2018-08-08,0.3118
2018-08-09,0.3116
2018-08-10,0.3114
2018-08-11,0.3113
2018-08-12,0.3112
2018-08-13,0.311
2018-08-14,0.3112
2018-08-15,0.311
2018-08-16,0.3105
2018-08-17,0.3102
2018-08-18,0.3099
2018-08-19,0.3096
2018-08-20,0.3092
2018-08-21,0.3091
2018-08-22,0.3091
2018-08-23,0.3089
2018-08-24,0.3085
2018-08-25,0.3081
2018-08-26,0.3079
2018-08-27,0.308
2018-08-28,0.3083
2018-08-29,0.3087
2018-08-30,0.3083
2018-08-31,0.3083
2018-09-01,0.308
2018-09-02,0.308
2018-09-03,0.3077
2018-09-04,0.3077
2018-09-05,0.3075
2018-09-06,0.3075
2018-09-07,0.3074
2018-09-08,0.3073
2018-09-09,0.3072
2018-09-10,0.3072
2018-09-11,0.3073
2018-09-12,0.3074
2018-09-13,0.3073
2018-09-14,0.3071
2018-09-15,0.3072
2018-09-16,0.307
2018-09-17,0.3067
2018-09-18,0.3064
2018-09-19,0.3064
2018-09-20,0.306
2018-09-21,0.3057
2018-09-22,0.3054
2018-09-23,0.3051
2018-09-24,0.3047
2018-09-25,0.3045
2018-09-26,0.3043
2018-09-27,0.3041
2018-09-28,0.3038