Date,UTXO Set Size
2009-01-10,19
2009-01-11,80
2009-01-12,174
2009-01-13,272
2009-01-14,395
2009-01-15,522
2009-01-16,647
2009-01-17,753
2009-01-18,862
2009-01-19,967
2009-01-20,1068
2009-01-21,1175
2009-01-22,1267
2009-01-23,1356
2009-01-24,1435
2009-01-25,1627
2009-01-26,1818
2009-01-27,1895
2009-01-28,1990
2009-01-29,2102
2009-01-30,2212
2009-01-31,2329
2009-02-01,2448
2009-02-02,2560
2009-02-03,2688
2009-02-04,2839
2009-02-05,2958
2009-02-06,3084
2009-02-07,3206
2009-02-08,3316
2009-02-09,3448
2009-02-10,3539
2009-02-11,3659
2009-02-12,3780
2009-02-13,3899
2009-02-14,4023
2009-02-15,4159
2009-02-16,4277
2009-02-17,4370
2009-02-18,4487
2009-02-19,4605
2009-02-20,4714
2009-02-21,4836
2009-02-22,4950
2009-02-23,5064
2009-02-24,5172
2009-02-25,5278
2009-02-26,5383
2009-02-27,5490
2009-02-28,5570
2009-03-01,5663
2009-03-02,5768
2009-03-03,5876
2009-03-04,5975
2009-03-05,6057
2009-03-06,6162
2009-03-07,6279
2009-03-08,6388
2009-03-09,6480
2009-03-10,6588
2009-03-11,6695
2009-03-12,6809
2009-03-13,6925
2009-03-14,7026
2009-03-15,7136
2009-03-16,7259
2009-03-17,7333
2009-03-18,7447
2009-03-19,7549
2009-03-20,7671
2009-03-21,7778
2009-03-22,7828
2009-03-23,7938
2009-03-24,8068
2009-03-25,8173
2009-03-26,8290
2009-03-27,8380
2009-03-28,8486
2009-03-29,8588
2009-03-30,8704
2009-03-31,8824
2009-04-01,8903
2009-04-02,9017
2009-04-03,9132
2009-04-04,9248
2009-04-05,9361
2009-04-06,9476
2009-04-07,9585
2009-04-08,9685
2009-04-09,9790
2009-04-10,9889
2009-04-11,9997
2009-04-12,10111
2009-04-13,10223
2009-04-14,10339
2009-04-15,10463
2009-04-16,10576
2009-04-17,10699
2009-04-18,10811
2009-04-19,10938
2009-04-20,11050
2009-04-21,11056
2009-04-22,11180
2009-04-23,11301
2009-04-24,11376
2009-04-25,11491
2009-04-26,11609
2009-04-27,11708
2009-04-28,11812
2009-04-29,11929
2009-04-30,12038
2009-05-01,12169
2009-05-02,12290
2009-05-03,12405
2009-05-04,12512
2009-05-05,12611
2009-05-06,12737
2009-05-07,12872
2009-05-08,12994
2009-05-09,13101
2009-05-10,13179
2009-05-11,13264
2009-05-12,13384
2009-05-13,13514
2009-05-14,13627
2009-05-15,13766
2009-05-16,13893
2009-05-17,14012
2009-05-18,14139
2009-05-19,14257
2009-05-20,14343
2009-05-21,14463
2009-05-22,14545
2009-05-23,14606
2009-05-24,14638
2009-05-25,14738
2009-05-26,14847
2009-05-27,14972
2009-05-28,15091
2009-05-29,15186
2009-05-30,15233
2009-05-31,15342
2009-06-01,15438
2009-06-02,15510
2009-06-03,15621
2009-06-04,15692
2009-06-05,15758
2009-06-06,15788
2009-06-07,15816
2009-06-08,15832
2009-06-09,15914
2009-06-10,16005
2009-06-11,16087
2009-06-12,16176
2009-06-13,16262
2009-06-14,16340
2009-06-15,16412
2009-06-16,16496
2009-06-17,16567
2009-06-18,16646
2009-06-19,16726
2009-06-20,16813
2009-06-21,16891
2009-06-22,16972
2009-06-23,16989
2009-06-24,17065
2009-06-25,17160
2009-06-26,17209
2009-06-27,17299
2009-06-28,17383
2009-06-29,17430
2009-06-30,17512
2009-07-01,17597
2009-07-02,17670
2009-07-03,17754
2009-07-04,17836
2009-07-05,17925
2009-07-06,18004
2009-07-07,18088
2009-07-08,18157
2009-07-09,18231
2009-07-10,18317
2009-07-11,18398
2009-07-12,18481
2009-07-13,18558
2009-07-14,18636
2009-07-15,18705
2009-07-16,18750
2009-07-17,18821
2009-07-18,18868
2009-07-19,18872
2009-07-20,18942
2009-07-21,18893
2009-07-22,18975
2009-07-23,19035
2009-07-24,19111
2009-07-25,19184
2009-07-26,19216
2009-07-27,19237
2009-07-28,19311
2009-07-29,19352
2009-07-30,19370
2009-07-31,19386
2009-08-01,19403
2009-08-02,19431
2009-08-03,19454
2009-08-04,19466
2009-08-05,19547
2009-08-06,19634
2009-08-07,19724
2009-08-08,19695
2009-08-09,19775
2009-08-10,19876
2009-08-11,19951
2009-08-12,20021
2009-08-13,20084
2009-08-14,20169
2009-08-15,20232
2009-08-16,20258
2009-08-17,20277
2009-08-18,20294
2009-08-19,20304
2009-08-20,20322
2009-08-21,20344
2009-08-22,20358
2009-08-23,20365
2009-08-24,20380
2009-08-25,20395
2009-08-26,20445
2009-08-27,20450
2009-08-28,20479
2009-08-29,20554
2009-08-30,20633
2009-08-31,20729
2009-09-01,20810
2009-09-02,20888
2009-09-03,20954
2009-09-04,21002
2009-09-05,21066
2009-09-06,21142
2009-09-07,21210
2009-09-08,21276
2009-09-09,21345
2009-09-10,21399
2009-09-11,21466
2009-09-12,21533
2009-09-13,21602
2009-09-14,21677
2009-09-15,21751
2009-09-16,21795
2009-09-17,21867
2009-09-18,21852
2009-09-19,21930
2009-09-20,22004
2009-09-21,22082
2009-09-22,22144
2009-09-23,22130
2009-09-24,22166
2009-09-25,22263
2009-09-26,22330
2009-09-27,22415
2009-09-28,22502
2009-09-29,22587
2009-09-30,22634
2009-10-01,22719
2009-10-02,22801
2009-10-03,22864
2009-10-04,22922
2009-10-05,22975
2009-10-06,23030
2009-10-07,23060
2009-10-08,23120
2009-10-09,23190
2009-10-10,23269
2009-10-11,23346
2009-10-12,23420
2009-10-13,23405
2009-10-14,23462
2009-10-15,23531
2009-10-16,23602
2009-10-17,23582
2009-10-18,23639
2009-10-19,23707
2009-10-20,23819
2009-10-21,23815
2009-10-22,23878
2009-10-23,23929
2009-10-24,24018
2009-10-25,24074
2009-10-26,24150
2009-10-27,24221
2009-10-28,24270
2009-10-29,24336
2009-10-30,24343
2009-10-31,24403
2009-11-01,24449
2009-11-02,24474
2009-11-03,24507
2009-11-04,24569
2009-11-05,24591
2009-11-06,24648
2009-11-07,24710
2009-11-08,24779
2009-11-09,24852
2009-11-10,24916
2009-11-11,24957
2009-11-12,25016
2009-11-13,25083
2009-11-14,25154
2009-11-15,25233
2009-11-16,25329
2009-11-17,25426
2009-11-18,25518
2009-11-19,25597
2009-11-20,25578
2009-11-21,25664
2009-11-22,25737
2009-11-23,25843
2009-11-24,25939
2009-11-25,26032
2009-11-26,26122
2009-11-27,26206
2009-11-28,26280
2009-11-29,26351
2009-11-30,26411
2009-12-01,26486
2009-12-02,26393
2009-12-03,26487
2009-12-04,26575
2009-12-05,26611
2009-12-06,26659
2009-12-07,26762
2009-12-08,26855
2009-12-09,26951
2009-12-10,27041
2009-12-11,27145
2009-12-12,27192
2009-12-13,27302
2009-12-14,27416
2009-12-15,27192
2009-12-16,27281
2009-12-17,27417
2009-12-18,27581
2009-12-19,27806
2009-12-20,28004
2009-12-21,28179
2009-12-22,28354
2009-12-23,28516
2009-12-24,28670
2009-12-25,28824
2009-12-26,28974
2009-12-27,29148
2009-12-28,29311
2009-12-29,29448
2009-12-30,29619
2009-12-31,29760
2010-01-01,29898
2010-01-02,30030
2010-01-03,30156
2010-01-04,30342
2010-01-05,30444
2010-01-06,30642
2010-01-07,30805
2010-01-08,30959
2010-01-09,31112
2010-01-10,31263
2010-01-11,31453
2010-01-12,31612
2010-01-13,31559
2010-01-14,31725
2010-01-15,31862
2010-01-16,31999
2010-01-17,32119
2010-01-18,32250
2010-01-19,32376
2010-01-20,32500
2010-01-21,32658
2010-01-22,32830
2010-01-23,32962
2010-01-24,33123
2010-01-25,33277
2010-01-26,33432
2010-01-27,33615
2010-01-28,33761
2010-01-29,33919
2010-01-30,34101
2010-01-31,34281
2010-02-01,34430
2010-02-02,34606
2010-02-03,34731
2010-02-04,34997
2010-02-05,35192
2010-02-06,35176
2010-02-07,35352
2010-02-08,35566
2010-02-09,35650
2010-02-10,35443
2010-02-11,35010
2010-02-12,35110
2010-02-13,35246
2010-02-14,35397
2010-02-15,35560
2010-02-16,35658
2010-02-17,35845
2010-02-18,36070
2010-02-19,36228
2010-02-20,36421
2010-02-21,36618
2010-02-22,36720
2010-02-23,36719
2010-02-24,36969
2010-02-25,37039
2010-02-26,37054
2010-02-27,37212
2010-02-28,37377
2010-03-01,37431
2010-03-02,37598
2010-03-03,37751
2010-03-04,37793
2010-03-05,37594
2010-03-06,37765
2010-03-07,37856
2010-03-08,37925
2010-03-09,37876
2010-03-10,37943
2010-03-11,38073
2010-03-12,38145
2010-03-13,38261
2010-03-14,38379
2010-03-15,38496
2010-03-16,38634
2010-03-17,38738
2010-03-18,38852
2010-03-19,38865
2010-03-20,38959
2010-03-21,39096
2010-03-22,39277
2010-03-23,39423
2010-03-24,39567
2010-03-25,39717
2010-03-26,39577
2010-03-27,39715
2010-03-28,39867
2010-03-29,40049
2010-03-30,40188
2010-03-31,40398
2010-04-01,40587
2010-04-02,40739
2010-04-03,40880
2010-04-04,41023
2010-04-05,41139
2010-04-06,41189
2010-04-07,41267
2010-04-08,41368
2010-04-09,41508
2010-04-10,41595
2010-04-11,41621
2010-04-12,41721
2010-04-13,41812
2010-04-14,41981
2010-04-15,42137
2010-04-16,41740
2010-04-17,41760
2010-04-18,41929
2010-04-19,45001
2010-04-20,44981
2010-04-21,45009
2010-04-22,45115
2010-04-23,45256
2010-04-24,45416
2010-04-25,45468
2010-04-26,45495
2010-04-27,45616
2010-04-28,45780
2010-04-29,45880
2010-04-30,46008
2010-05-01,46140
2010-05-02,46280
2010-05-03,46394
2010-05-04,46434
2010-05-05,46467
2010-05-06,46459
2010-05-07,46349
2010-05-08,46399
2010-05-09,46325
2010-05-10,46399
2010-05-11,46412
2010-05-12,46503
2010-05-13,46528
2010-05-14,46581
2010-05-15,45801
2010-05-16,44891
2010-05-17,44977
2010-05-18,45022
2010-05-19,45114
2010-05-20,45198
2010-05-21,45347
2010-05-22,45418
2010-05-23,45378
2010-05-24,45505
2010-05-25,45642
2010-05-26,45778
2010-05-27,45895
2010-05-28,45984
2010-05-29,46167
2010-05-30,46251
2010-05-31,46368
2010-06-01,46443
2010-06-02,46545
2010-06-03,46668
2010-06-04,46687
2010-06-05,46800
2010-06-06,46902
2010-06-07,46995
2010-06-08,46909
2010-06-09,46992
2010-06-10,47077
2010-06-11,47215
2010-06-12,47333
2010-06-13,47436
2010-06-14,47542
2010-06-15,47594
2010-06-16,47749
2010-06-17,47783
2010-06-18,47908
2010-06-19,47991
2010-06-20,47977
2010-06-21,48120
2010-06-22,48247
2010-06-23,48329
2010-06-24,48460
2010-06-25,48563
2010-06-26,48706
2010-06-27,48846
2010-06-28,48984
2010-06-29,49112
2010-06-30,49163
2010-07-01,48435
2010-07-02,48537
2010-07-03,48304
2010-07-04,48464
2010-07-05,48392
2010-07-06,48467
2010-07-07,48586
2010-07-08,48618
2010-07-09,48737
2010-07-10,48904
2010-07-11,48970
2010-07-12,49221
2010-07-13,50940
2010-07-14,51961
2010-07-15,57264
2010-07-16,56881
2010-07-17,57521
2010-07-18,57503
2010-07-19,57530
2010-07-20,57701
2010-07-21,57860
2010-07-22,58000
2010-07-23,58226
2010-07-24,58450
2010-07-25,58569
2010-07-26,58640
2010-07-27,57992
2010-07-28,58094
2010-07-29,57732
2010-07-30,57950
2010-07-31,57943
2010-08-01,57995
2010-08-02,58140
2010-08-03,58294
2010-08-04,58570
2010-08-05,58798
2010-08-06,58706
2010-08-07,58702
2010-08-08,58735
2010-08-09,58929
2010-08-10,58085
2010-08-11,58200
2010-08-12,58298
2010-08-13,58578
2010-08-14,58581
2010-08-15,58640
2010-08-16,58760
2010-08-17,58730
2010-08-18,58847
2010-08-19,58075
2010-08-20,58218
2010-08-21,58369
2010-08-22,58518
2010-08-23,58628
2010-08-24,58736
2010-08-25,58450
2010-08-26,58646
2010-08-27,58675
2010-08-28,58777
2010-08-29,58857
2010-08-30,59001
2010-08-31,59042
2010-09-01,58857
2010-09-02,58834
2010-09-03,58888
2010-09-04,59046
2010-09-05,59159
2010-09-06,59250
2010-09-07,59317
2010-09-08,59422
2010-09-09,59568
2010-09-10,59666
2010-09-11,59819
2010-09-12,59971
2010-09-13,59963
2010-09-14,60047
2010-09-15,60180
2010-09-16,60306
2010-09-17,60431
2010-09-18,60080
2010-09-19,60231
2010-09-20,60287
2010-09-21,60396
2010-09-22,60449
2010-09-23,60581
2010-09-24,60674
2010-09-25,60832
2010-09-26,60924
2010-09-27,61054
2010-09-28,60840
2010-09-29,59987
2010-09-30,60062
2010-10-01,60159
2010-10-02,60476
2010-10-03,60451
2010-10-04,60565
2010-10-05,60556
2010-10-06,60610
2010-10-07,60721
2010-10-08,60765
2010-10-09,60673
2010-10-10,60650
2010-10-11,60757
2010-10-12,60832
2010-10-13,60922
2010-10-14,60679
2010-10-15,60770
2010-10-16,60898
2010-10-17,60873
2010-10-18,61036
2010-10-19,61169
2010-10-20,61431
2010-10-21,61620
2010-10-22,61679
2010-10-23,61794
2010-10-24,61956
2010-10-25,62133
2010-10-26,62208
2010-10-27,62413
2010-10-28,62500
2010-10-29,62538
2010-10-30,62558
2010-10-31,62723
2010-11-01,62718
2010-11-02,62839
2010-11-03,62968
2010-11-04,63082
2010-11-05,63128
2010-11-06,63080
2010-11-07,63214
2010-11-08,63338
2010-11-09,62735
2010-11-10,62849
2010-11-11,63003
2010-11-12,63143
2010-11-13,63242
2010-11-14,63325
2010-11-15,63193
2010-11-16,64331
2010-11-17,66833
2010-11-18,66984
2010-11-19,67191
2010-11-20,67225
2010-11-21,67517
2010-11-22,67569
2010-11-23,67679
2010-11-24,67761
2010-11-25,67375
2010-11-26,64588
2010-11-27,64934
2010-11-28,65075
2010-11-29,65362
2010-11-30,65418
2010-12-01,65607
2010-12-02,65648
2010-12-03,65822
2010-12-04,65775
2010-12-05,65924
2010-12-06,66154
2010-12-07,66431
2010-12-08,66521
2010-12-09,66762
2010-12-10,66931
2010-12-11,67082
2010-12-12,67445
2010-12-13,67825
2010-12-14,67652
2010-12-15,67979
2010-12-16,68266
2010-12-17,68470
2010-12-18,68487
2010-12-19,68783
2010-12-20,68795
2010-12-21,69306
2010-12-22,69620
2010-12-23,69899
2010-12-24,70231
2010-12-25,70549
2010-12-26,71009
2010-12-27,71349
2010-12-28,71385
2010-12-29,71767
2010-12-30,71934
2010-12-31,72156
2011-01-01,72468
2011-01-02,72749
2011-01-03,72918
2011-01-04,72833
2011-01-05,73294
2011-01-06,73538
2011-01-07,73711
2011-01-08,74175
2011-01-09,74728
2011-01-10,75117
2011-01-11,75510
2011-01-12,75922
2011-01-13,76311
2011-01-14,76529
2011-01-15,76756
2011-01-16,77115
2011-01-17,77501
2011-01-18,78007
2011-01-19,78340
2011-01-20,78727
2011-01-21,79303
2011-01-22,79668
2011-01-23,79736
2011-01-24,80033
2011-01-25,80558
2011-01-26,81024
2011-01-27,81313
2011-01-28,81662
2011-01-29,82178
2011-01-30,82441
2011-01-31,83032
2011-02-01,83098
2011-02-02,82888
2011-02-03,83098
2011-02-04,83579
2011-02-05,83881
2011-02-06,84187
2011-02-07,84405
2011-02-08,84847
2011-02-09,85255
2011-02-10,85898
2011-02-11,86605
2011-02-12,87845
2011-02-13,88725
2011-02-14,89648
2011-02-15,89842
2011-02-16,91009
2011-02-17,91849
2011-02-18,93030
2011-02-19,93533
2011-02-20,94264
2011-02-21,95419
2011-02-22,96763
2011-02-23,97710
2011-02-24,98821
2011-02-25,99881
2011-02-26,100919
2011-02-27,101745
2011-02-28,102727
2011-03-01,103247
2011-03-02,104675
2011-03-03,105533
2011-03-04,107650
2011-03-05,108129
2011-03-06,107819
2011-03-07,108703
2011-03-08,109400
2011-03-09,110344
2011-03-10,110922
2011-03-11,111690
2011-03-12,112211
2011-03-13,112983
2011-03-14,113425
2011-03-15,113406
2011-03-16,113867
2011-03-17,114243
2011-03-18,115037
2011-03-19,115640
2011-03-20,116185
2011-03-21,116999
2011-03-22,118410
2011-03-23,119433
2011-03-24,121140
2011-03-25,122326
2011-03-26,123529
2011-03-27,125066
2011-03-28,126041
2011-03-29,127461
2011-03-30,129198
2011-03-31,130108
2011-04-01,131265
2011-04-02,132144
2011-04-03,133172
2011-04-04,134521
2011-04-05,135857
2011-04-06,137099
2011-04-07,138168
2011-04-08,139256
2011-04-09,140169
2011-04-10,141274
2011-04-11,142196
2011-04-12,142664
2011-04-13,142948
2011-04-14,143627
2011-04-15,145513
2011-04-16,145155
2011-04-17,144256
2011-04-18,145253
2011-04-19,146566
2011-04-20,148091
2011-04-21,147744
2011-04-22,148793
2011-04-23,149814
2011-04-24,150283
2011-04-25,150971
2011-04-26,151216
2011-04-27,152815
2011-04-28,153179
2011-04-29,153743
2011-04-30,155392
2011-05-01,155970
2011-05-02,156283
2011-05-03,157850
2011-05-04,159279
2011-05-05,160208
2011-05-06,161308
2011-05-07,162844
2011-05-08,165225
2011-05-09,166599
2011-05-10,168215
2011-05-11,168820
2011-05-12,169673
2011-05-13,170790
2011-05-14,170893
2011-05-15,173007
2011-05-16,174876
2011-05-17,179324
2011-05-18,182736
2011-05-19,186148
2011-05-20,190715
2011-05-21,193216
2011-05-22,195950
2011-05-23,199854
2011-05-24,203509
2011-05-25,208058
2011-05-26,212918
2011-05-27,215687
2011-05-28,218336
2011-05-29,222000
2011-05-30,226316
2011-05-31,230497
2011-06-01,233352
2011-06-02,236904
2011-06-03,238945
2011-06-04,239266
2011-06-05,243128
2011-06-06,248142
2011-06-07,251563
2011-06-08,254317
2011-06-09,253413
2011-06-10,260139
2011-06-11,265743
2011-06-12,273450
2011-06-13,279396
2011-06-14,284832
2011-06-15,296155
2011-06-16,303146
2011-06-17,308102
2011-06-18,314233
2011-06-19,324476
2011-06-20,332246
2011-06-21,343100
2011-06-22,353356
2011-06-23,366472
2011-06-24,377156
2011-06-25,385870
2011-06-26,391240
2011-06-27,395136
2011-06-28,403132
2011-06-29,409006
2011-06-30,415282
2011-07-01,421992
2011-07-02,435644
2011-07-03,455151
2011-07-04,464371
2011-07-05,472734
2011-07-06,477738
2011-07-07,483199
2011-07-08,489040
2011-07-09,499423
2011-07-10,508361
2011-07-11,522005
2011-07-12,530746
2011-07-13,539964
2011-07-14,551845
2011-07-15,565727
2011-07-16,576891
2011-07-17,586531
2011-07-18,596369
2011-07-19,600175
2011-07-20,607213
2011-07-21,615893
2011-07-22,625635
2011-07-23,633633
2011-07-24,641636
2011-07-25,650657
2011-07-26,658953
2011-07-27,665736
2011-07-28,675055
2011-07-29,684538
2011-07-30,694884
2011-07-31,704092
2011-08-01,714794
2011-08-02,722800
2011-08-03,726903
2011-08-04,729060
2011-08-05,733175
2011-08-06,741448
2011-08-07,746491
2011-08-08,755153
2011-08-09,759741
2011-08-10,765579
2011-08-11,770878
2011-08-12,775532
2011-08-13,778522
2011-08-14,783609
2011-08-15,791074
2011-08-16,793319
2011-08-17,797957
2011-08-18,802098
2011-08-19,810400
2011-08-20,816624
2011-08-21,825727
2011-08-22,834809
2011-08-23,845122
2011-08-24,853998
2011-08-25,862634
2011-08-26,871697
2011-08-27,876223
2011-08-28,882496
2011-08-29,890538
2011-08-30,894677
2011-08-31,898497
2011-09-01,903005
2011-09-02,906018
2011-09-03,909359
2011-09-04,912783
2011-09-05,988379
2011-09-06,992982
2011-09-07,995132
2011-09-08,998572
2011-09-09,1001712
2011-09-10,1000992
2011-09-11,1003183
2011-09-12,1004509
2011-09-13,1006055
2011-09-14,1008883
2011-09-15,1012270
2011-09-16,1013920
2011-09-17,1016576
2011-09-18,1019117
2011-09-19,1023079
2011-09-20,1025134
2011-09-21,1029251
2011-09-22,1029441
2011-09-23,1036050
2011-09-24,1044830
2011-09-25,1053239
2011-09-26,1062615
2011-09-27,1069945
2011-09-28,1076819
2011-09-29,1080321
2011-09-30,1082970
2011-10-01,1085309
2011-10-02,1087700
2011-10-03,1089988
2011-10-04,1092832
2011-10-05,1094430
2011-10-06,1096829
2011-10-07,1099167
2011-10-08,1101694
2011-10-09,1104036
2011-10-10,1106124
2011-10-11,1109018
2011-10-12,1110653
2011-10-13,1112185
2011-10-14,1114005
2011-10-15,1115664
2011-10-16,1118142
2011-10-17,1119941
2011-10-18,1121103
2011-10-19,1123777
2011-10-20,1125912
2011-10-21,1128428
2011-10-22,1131477
2011-10-23,1133763
2011-10-24,1136047
2011-10-25,1139298
2011-10-26,1142316
2011-10-27,1144860
2011-10-28,1146547
2011-10-29,1148112
2011-10-30,1149696
2011-10-31,1151280
2011-11-01,1153933
2011-11-02,1155915
2011-11-03,1157714
2011-11-04,1160048
2011-11-05,1162085
2011-11-06,1164159
2011-11-07,1167125
2011-11-08,1169100
2011-11-09,1170931
2011-11-10,1173474
2011-11-11,1175466
2011-11-12,1177056
2011-11-13,1179350
2011-11-14,1182757
2011-11-15,1184305
2011-11-16,1186871
2011-11-17,1188574
2011-11-18,1189935
2011-11-19,1191783
2011-11-20,1194651
2011-11-21,1195451
2011-11-22,1197863
2011-11-23,1200024
2011-11-24,1201909
2011-11-25,1203280
2011-11-26,1205501
2011-11-27,1207023
2011-11-28,1209514
2011-11-29,1211224
2011-11-30,1211602
2011-12-01,1210933
2011-12-02,1213214
2011-12-03,1215296
2011-12-04,1217322
2011-12-05,1219687
2011-12-06,1222662
2011-12-07,1225340
2011-12-08,1226693
2011-12-09,1227496
2011-12-10,1230056
2011-12-11,1232588
2011-12-12,1232660
2011-12-13,1233689
2011-12-14,1235703
2011-12-15,1238200
2011-12-16,1239924
2011-12-17,1240989
2011-12-18,1242454
2011-12-19,1244876
2011-12-20,1245940
2011-12-21,1244233
2011-12-22,1246064
2011-12-23,1248661
2011-12-24,1251547
2011-12-25,1253703
2011-12-26,1256480
2011-12-27,1259206
2011-12-28,1260439
2011-12-29,1262368
2011-12-30,1264085
2011-12-31,1266428
2012-01-01,1266508
2012-01-02,1266392
2012-01-03,1265325
2012-01-04,1265318
2012-01-05,1265049
2012-01-06,1263488
2012-01-07,1261779
2012-01-08,1261558
2012-01-09,1262367
2012-01-10,1260897
2012-01-11,1256845
2012-01-12,1254088
2012-01-13,1255114
2012-01-14,1257504
2012-01-15,1260320
2012-01-16,1261541
2012-01-17,1263383
2012-01-18,1265390
2012-01-19,1266679
2012-01-20,1268859
2012-01-21,1270898
2012-01-22,1272214
2012-01-23,1275369
2012-01-24,1278086
2012-01-25,1280724
2012-01-26,1282419
2012-01-27,1284129
2012-01-28,1285447
2012-01-29,1287952
2012-01-30,1290009
2012-01-31,1293353
2012-02-01,1294707
2012-02-02,1297722
2012-02-03,1299861
2012-02-04,1302920
2012-02-05,1304793
2012-02-06,1307546
2012-02-07,1309457
2012-02-08,1311979
2012-02-09,1316086
2012-02-10,1318652
2012-02-11,1320293
2012-02-12,1322233
2012-02-13,1326167
2012-02-14,1329674
2012-02-15,1331756
2012-02-16,1335194
2012-02-17,1336898
2012-02-18,1339042
2012-02-19,1343325
2012-02-20,1347576
2012-02-21,1351030
2012-02-22,1352858
2012-02-23,1356019
2012-02-24,1358436
2012-02-25,1361577
2012-02-26,1364440
2012-02-27,1366702
2012-02-28,1369861
2012-02-29,1373325
2012-03-01,1377146
2012-03-02,1377897
2012-03-03,1379342
2012-03-04,1382732
2012-03-05,1387404
2012-03-06,1390028
2012-03-07,1392049
2012-03-08,1396206
2012-03-09,1400205
2012-03-10,1403923
2012-03-11,1403540
2012-03-12,1406513
2012-03-13,1410732
2012-03-14,1410100
2012-03-15,1410747
2012-03-16,1412676
2012-03-17,1416461
2012-03-18,1420509
2012-03-19,1423792
2012-03-20,1425816
2012-03-21,1428069
2012-03-22,1431750
2012-03-23,1435695
2012-03-24,1438817
2012-03-25,1443323
2012-03-26,1445548
2012-03-27,1447284
2012-03-28,1451113
2012-03-29,1454472
2012-03-30,1457545
2012-03-31,1461368
2012-04-01,1464415
2012-04-02,1467351
2012-04-03,1468402
2012-04-04,1469459
2012-04-05,1471991
2012-04-06,1471383
2012-04-07,1472089
2012-04-08,1474817
2012-04-09,1478253
2012-04-10,1481085
2012-04-11,1485196
2012-04-12,1486764
2012-04-13,1489506
2012-04-14,1492461
2012-04-15,1496476
2012-04-16,1499310
2012-04-17,1501817
2012-04-18,1502255
2012-04-19,1502699
2012-04-20,1504295
2012-04-21,1503649
2012-04-22,1505021
2012-04-23,1507067
2012-04-24,1509542
2012-04-25,1512690
2012-04-26,1515785
2012-04-27,1521023
2012-04-28,1522389
2012-04-29,1525932
2012-04-30,1529650
2012-05-01,1533207
2012-05-02,1536122
2012-05-03,1537497
2012-05-04,1541921
2012-05-05,1545611
2012-05-06,1549763
2012-05-07,1549669
2012-05-08,1552857
2012-05-09,1557079
2012-05-10,1558433
2012-05-11,1559547
2012-05-12,1561624
2012-05-13,1564116
2012-05-14,1567367
2012-05-15,1571000
2012-05-16,1572945
2012-05-17,1572744
2012-05-18,1575873
2012-05-19,1578757
2012-05-20,1582188
2012-05-21,1585664
2012-05-22,1590003
2012-05-23,1593305
2012-05-24,1597344
2012-05-25,1601140
2012-05-26,1604794
2012-05-27,1608384
2012-05-28,1611586
2012-05-29,1613742
2012-05-30,1616704
2012-05-31,1618863
2012-06-01,1622353
2012-06-02,1625817
2012-06-03,1629828
2012-06-04,1634087
2012-06-05,1635246
2012-06-06,1640197
2012-06-07,1642978
2012-06-08,1644876
2012-06-09,1645070
2012-06-10,1649156
2012-06-11,1655141
2012-06-12,1659664
2012-06-13,1663764
2012-06-14,1671741
2012-06-15,1674991
2012-06-16,1678492
2012-06-17,1679787
2012-06-18,1691343
2012-06-19,1694782
2012-06-20,1697849
2012-06-21,1704306
2012-06-22,1709274
2012-06-23,1711190
2012-06-24,1715127
2012-06-25,1717652
2012-06-26,1722149
2012-06-27,1730243
2012-06-28,1737682
2012-06-29,1742365
2012-06-30,1749437
2012-07-01,1755535
2012-07-02,1761242
2012-07-03,1767445
2012-07-04,1773213
2012-07-05,1779259
2012-07-06,1784177
2012-07-07,1789384
2012-07-08,1792815
2012-07-09,1798366
2012-07-10,1803713
2012-07-11,1808155
2012-07-12,1812430
2012-07-13,1815029
2012-07-14,1817744
2012-07-15,1821701
2012-07-16,1825634
2012-07-17,1827805
2012-07-18,1830003
2012-07-19,1829688
2012-07-20,1830531
2012-07-21,1836727
2012-07-22,1843709
2012-07-23,1853101
2012-07-24,1858266
2012-07-25,1863375
2012-07-26,1871645
2012-07-27,1877458
2012-07-28,1886063
2012-07-29,1898430
2012-07-30,1904888
2012-07-31,1904178
2012-08-01,1907908
2012-08-02,1912290
2012-08-03,1916025
2012-08-04,1922005
2012-08-05,1926527
2012-08-06,1933906
2012-08-07,1943147
2012-08-08,1953684
2012-08-09,1962086
2012-08-10,1965296
2012-08-11,1974752
2012-08-12,1985312
2012-08-13,2000534
2012-08-14,2020305
2012-08-15,2029940
2012-08-16,2037244
2012-08-17,2040563
2012-08-18,2042948
2012-08-19,2049091
2012-08-20,2039016
2012-08-21,2042268
2012-08-22,2054639
2012-08-23,2062431
2012-08-24,2073990
2012-08-25,2083673
2012-08-26,2091837
2012-08-27,2099328
2012-08-28,2105593
2012-08-29,2117668
2012-08-30,2127528
2012-08-31,2133439
2012-09-01,2141562
2012-09-02,2152193
2012-09-03,2162223
2012-09-04,2168425
2012-09-05,2173096
2012-09-06,2177195
2012-09-07,2185361
2012-09-08,2191506
2012-09-09,2198961
2012-09-10,2207918
2012-09-11,2216698
2012-09-12,2228595
2012-09-13,2239056
2012-09-14,2246130
2012-09-15,2255941
2012-09-16,2264256
2012-09-17,2270994
2012-09-18,2278513
2012-09-19,2288093
2012-09-20,2298289
2012-09-21,2310905
2012-09-22,2318109
2012-09-23,2318909
2012-09-24,2329347
2012-09-25,2336466
2012-09-26,2350016
2012-09-27,2356880
2012-09-28,2367952
2012-09-29,2381296
2012-09-30,2387580
2012-10-01,2396520
2012-10-02,2415954
2012-10-03,2416401
2012-10-04,2414956
2012-10-05,2416272
2012-10-06,2427783
2012-10-07,2434655
2012-10-08,2444783
2012-10-09,2461114
2012-10-10,2471524
2012-10-11,2485275
2012-10-12,2496392
2012-10-13,2511663
2012-10-14,2523861
2012-10-15,2537156
2012-10-16,2547163
2012-10-17,2561169
2012-10-18,2572448
2012-10-19,2579580
2012-10-20,2585250
2012-10-21,2594030
2012-10-22,2608523
2012-10-23,2622512
2012-10-24,2629086
2012-10-25,2643721
2012-10-26,2648058
2012-10-27,2655846
2012-10-28,2661470
2012-10-29,2670756
2012-10-30,2672363
2012-10-31,2682606
2012-11-01,2687845
2012-11-02,2696248
2012-11-03,2707103
2012-11-04,2718187
2012-11-05,2722497
2012-11-06,2729270
2012-11-07,2738422
2012-11-08,2747164
2012-11-09,2757705
2012-11-10,2769428
2012-11-11,2774407
2012-11-12,2785970
2012-11-13,2794218
2012-11-14,2799848
2012-11-15,2809590
2012-11-16,2820979
2012-11-17,2828365
2012-11-18,2871904
2012-11-19,2882788
2012-11-20,2890549
2012-11-21,2901224
2012-11-22,2905235
2012-11-23,2916289
2012-11-24,2923363
2012-11-25,2933193
2012-11-26,2938378
2012-11-27,2946500
2012-11-28,2951889
2012-11-29,2962000
2012-11-30,2967441
2012-12-01,2978786
2012-12-02,2986649
2012-12-03,2993943
2012-12-04,2998445
2012-12-05,3002121
2012-12-06,3003580
2012-12-07,3009566
2012-12-08,3014532
2012-12-09,3023834
2012-12-10,3028651
2012-12-11,3041185
2012-12-12,3058344
2012-12-13,3061543
2012-12-14,3064457
2012-12-15,3071351
2012-12-16,3078736
2012-12-17,3090707
2012-12-18,3103603
2012-12-19,3126022
2012-12-20,3134748
2012-12-21,3138531
2012-12-22,3143053
2012-12-23,3158459
2012-12-24,3169858
2012-12-25,3169797
2012-12-26,3181635
2012-12-27,3181711
2012-12-28,3188337
2012-12-29,3200462
2012-12-30,3209557
2012-12-31,3226203
2013-01-01,3236462
2013-01-02,3249473
2013-01-03,3263438
2013-01-04,3278749
2013-01-05,3288397
2013-01-06,3305083
2013-01-07,3319991
2013-01-08,3331574
2013-01-09,3327329
2013-01-10,3333700
2013-01-11,3343173
2013-01-12,3356957
2013-01-13,3369953
2013-01-14,3376877
2013-01-15,3382934
2013-01-16,3399757
2013-01-17,3407244
2013-01-18,3411249
2013-01-19,3417894
2013-01-20,3428776
2013-01-21,3438340
2013-01-22,3443171
2013-01-23,3444165
2013-01-24,3452409
2013-01-25,3446038
2013-01-26,3453144
2013-01-27,3461255
2013-01-28,3473656
2013-01-29,3484551
2013-01-30,3489520
2013-01-31,3495900
2013-02-01,3503792
2013-02-02,3515846
2013-02-03,3522691
2013-02-04,3531854
2013-02-05,3540558
2013-02-06,3552306
2013-02-07,3563434
2013-02-08,3574907
2013-02-09,3583063
2013-02-10,3594229
2013-02-11,3604236
2013-02-12,3611401
2013-02-13,3616643
2013-02-14,3622072
2013-02-15,3625764
2013-02-16,3629856
2013-02-17,3643379
2013-02-18,3654308
2013-02-19,3664922
2013-02-20,3671991
2013-02-21,3676319
2013-02-22,3687594
2013-02-23,3698900
2013-02-24,3706648
2013-02-25,3719056
2013-02-26,3730403
2013-02-27,3740614
2013-02-28,3752989
2013-03-01,3765435
2013-03-02,3777156
2013-03-03,3785748
2013-03-04,3795664
2013-03-05,3805146
2013-03-06,3806937
2013-03-07,3808116
2013-03-08,3809047
2013-03-09,3815239
2013-03-10,3819188
2013-03-11,3836487
2013-03-12,3845325
2013-03-13,3855032
2013-03-14,3868515
2013-03-15,3885370
2013-03-16,3911624
2013-03-17,3934945
2013-03-18,3946956
2013-03-19,3957334
2013-03-20,3963494
2013-03-21,3976903
2013-03-22,3985697
2013-03-23,3997025
2013-03-24,4006399
2013-03-25,4023046
2013-03-26,4035672
2013-03-27,4056119
2013-03-28,4075408
2013-03-29,4078767
2013-03-30,4091924
2013-03-31,4079508
2013-04-01,4086253
2013-04-02,4106292
2013-04-03,4133313
2013-04-04,4166464
2013-04-05,4193553
2013-04-06,4218573
2013-04-07,4250161
2013-04-08,4278017
2013-04-09,4322974
2013-04-10,4343578
2013-04-11,4360532
2013-04-12,4381861
2013-04-13,4408145
2013-04-14,4438851
2013-04-15,4470564
2013-04-16,4522751
2013-04-17,4554642
2013-04-18,4602315
2013-04-19,4625172
2013-04-20,4662102
2013-04-21,4689402
2013-04-22,4723530
2013-04-23,4774576
2013-04-24,4803319
2013-04-25,4834732
2013-04-26,4869351
2013-04-27,4909187
2013-04-28,4942853
2013-04-29,5026160
2013-04-30,5072887
2013-05-01,5098433
2013-05-02,5129980
2013-05-03,5165188
2013-05-04,5195667
2013-05-05,5254446
2013-05-06,5290326
2013-05-07,5335061
2013-05-08,5397364
2013-05-09,5465008
2013-05-10,5502731
2013-05-11,5559095
2013-05-12,5589906
2013-05-13,5631453
2013-05-14,5679965
2013-05-15,5718210
2013-05-16,5755805
2013-05-17,5816703
2013-05-18,5836942
2013-05-19,5852586
2013-05-20,5878237
2013-05-21,5924289
2013-05-22,5957119
2013-05-23,5986702
2013-05-24,6008080
2013-05-25,6030769
2013-05-26,6045897
2013-05-27,6064725
2013-05-28,6090989
2013-05-29,6110323
2013-05-30,6127918
2013-05-31,6145776
2013-06-01,6163340
2013-06-02,6178207
2013-06-03,6190715
2013-06-04,6205766
2013-06-05,6221685
2013-06-06,6250278
2013-06-07,6261864
2013-06-08,6270157
2013-06-09,6280854
2013-06-10,6287827
2013-06-11,6299466
2013-06-12,6319817
2013-06-13,6335317
2013-06-14,6348219
2013-06-15,6355388
2013-06-16,6359304
2013-06-17,6365193
2013-06-18,6375715
2013-06-19,6380348
2013-06-20,6391134
2013-06-21,6393910
2013-06-22,6397192
2013-06-23,6406387
2013-06-24,6411537
2013-06-25,6420160
2013-06-26,6427000
2013-06-27,6438388
2013-06-28,6445554
2013-06-29,6452655
2013-06-30,6471510
2013-07-01,6481116
2013-07-02,6489424
2013-07-03,6497059
2013-07-04,6509758
2013-07-05,6517737
2013-07-06,6527548
2013-07-07,6529416
2013-07-08,6540165
2013-07-09,6548513
2013-07-10,6553385
2013-07-11,6575601
2013-07-12,6599375
2013-07-13,6611698
2013-07-14,6619889
2013-07-15,6629923
2013-07-16,6639848
2013-07-17,6650085
2013-07-18,6658931
2013-07-19,6666223
2013-07-20,6677496
2013-07-21,6689198
2013-07-22,6696835
2013-07-23,6703987
2013-07-24,6715330
2013-07-25,6726773
2013-07-26,6727771
2013-07-27,6733723
2013-07-28,6738865
2013-07-29,6743630
2013-07-30,6748608
2013-07-31,6753672
2013-08-01,6752854
2013-08-02,6793368
2013-08-03,6800856
2013-08-04,6801720
2013-08-05,6801761
2013-08-06,6809514
2013-08-07,6816597
2013-08-08,6829547
2013-08-09,6834317
2013-08-10,6841978
2013-08-11,6849827
2013-08-12,6854395
2013-08-13,6848277
2013-08-14,6836166
2013-08-15,6833128
2013-08-16,6838662
2013-08-17,6844438
2013-08-18,6850421
2013-08-19,6858234
2013-08-20,6864575
2013-08-21,6869210
2013-08-22,6874379
2013-08-23,6885352
2013-08-24,6882546
2013-08-25,6886839
2013-08-26,6880629
2013-08-27,6887546
2013-08-28,6881133
2013-08-29,6892431
2013-08-30,6904051
2013-08-31,6909912
2013-09-01,6935076
2013-09-02,6945471
2013-09-03,6955851
2013-09-04,6950292
2013-09-05,6953994
2013-09-06,6966324
2013-09-07,6974587
2013-09-08,6984882
2013-09-09,6991019
2013-09-10,6997673
2013-09-11,7003431
2013-09-12,7016130
2013-09-13,7023758
2013-09-14,7034215
2013-09-15,7043991
2013-09-16,7044475
2013-09-17,7042622
2013-09-18,7049910
2013-09-19,7055782
2013-09-20,7069249
2013-09-21,7083322
2013-09-22,7095438
2013-09-23,7107913
2013-09-24,7118959
2013-09-25,7130898
2013-09-26,7145415
2013-09-27,7152191
2013-09-28,7160630
2013-09-29,7166160
2013-09-30,7174057
2013-10-01,7184827
2013-10-02,7200594
2013-10-03,7194720
2013-10-04,7197754
2013-10-05,7212918
2013-10-06,7225120
2013-10-07,7227232
2013-10-08,7231206
2013-10-09,7249736
2013-10-10,7257823
2013-10-11,7267340
2013-10-12,7277884
2013-10-13,7276137
2013-10-14,7294900
2013-10-15,7297871
2013-10-16,7304291
2013-10-17,7314520
2013-10-18,7322650
2013-10-19,7326905
2013-10-20,7324390
2013-10-21,7332795
2013-10-22,7339704
2013-10-23,7344382
2013-10-24,7344107
2013-10-25,7332290
2013-10-26,7332930
2013-10-27,7338674
2013-10-28,7346842
2013-10-29,7354154
2013-10-30,7363943
2013-10-31,7373739
2013-11-01,7382558
2013-11-02,7392879
2013-11-03,7391408
2013-11-04,7392608
2013-11-05,7397499
2013-11-06,7400360
2013-11-07,7390127
2013-11-08,7384577
2013-11-09,7381440
2013-11-10,7380992
2013-11-11,7388221
2013-11-12,7397822
2013-11-13,7416170
2013-11-14,7425490
2013-11-15,7439835
2013-11-16,7457874
2013-11-17,7481367
2013-11-18,7489656
2013-11-19,7493772
2013-11-20,7468650
2013-11-21,7478977
2013-11-22,7449673
2013-11-23,7464162
2013-11-24,7472971
2013-11-25,7477315
2013-11-26,7498766
2013-11-27,7512255
2013-11-28,7520996
2013-11-29,7540613
2013-11-30,7547595
2013-12-01,7569963
2013-12-02,7570682
2013-12-03,7587022
2013-12-04,7608508
2013-12-05,7619580
2013-12-06,7633195
2013-12-07,7657725
2013-12-08,7681639
2013-12-09,7705509
2013-12-10,7738066
2013-12-11,7737598
2013-12-12,7759990
2013-12-13,7783207
2013-12-14,7801540
2013-12-15,7786838
2013-12-16,7779275
2013-12-17,7804739
2013-12-18,7824924
2013-12-19,7833758
2013-12-20,7859304
2013-12-21,7864926
2013-12-22,7885543
2013-12-23,7897929
2013-12-24,7943271
2013-12-25,7964597
2013-12-26,7987556
2013-12-27,7990978
2013-12-28,8016085
2013-12-29,8022402
2013-12-30,8016048
2013-12-31,8053529
2014-01-01,8067149
2014-01-02,8091018
2014-01-03,8105459
2014-01-04,8117238
2014-01-05,8130082
2014-01-06,8132547
2014-01-07,8148613
2014-01-08,8167931
2014-01-09,8201442
2014-01-10,8225570
2014-01-11,8247599
2014-01-12,8266735
2014-01-13,8285480
2014-01-14,8334311
2014-01-15,8350201
2014-01-16,8379321
2014-01-17,8393314
2014-01-18,8424225
2014-01-19,8443415
2014-01-20,8458145
2014-01-21,8492273
2014-01-22,8507820
2014-01-23,8535510
2014-01-24,8551913
2014-01-25,8578418
2014-01-26,8596116
2014-01-27,8611986
2014-01-28,8659594
2014-01-29,8680132
2014-01-30,8705394
2014-01-31,8733095
2014-02-01,8764341
2014-02-02,8793471
2014-02-03,8807678
2014-02-04,8849655
2014-02-05,8873004
2014-02-06,8897075
2014-02-07,8921919
2014-02-08,8933873
2014-02-09,8963192
2014-02-10,8986786
2014-02-11,9030699
2014-02-12,9043549
2014-02-13,8987476
2014-02-14,8994428
2014-02-15,9005418
2014-02-16,9025779
2014-02-17,9031669
2014-02-18,9083855
2014-02-19,9100190
2014-02-20,9120553
2014-02-21,9143229
2014-02-22,9170922
2014-02-23,9195170
2014-02-24,9217392
2014-02-25,9270055
2014-02-26,9289347
2014-02-27,9306507
2014-02-28,9340509
2014-03-01,9330420
2014-03-02,9352926
2014-03-03,9376304
2014-03-04,9413595
2014-03-05,9422165
2014-03-06,9434074
2014-03-07,9455370
2014-03-08,9474908
2014-03-09,9503669
2014-03-10,9540159
2014-03-11,9580382
2014-03-12,9601573
2014-03-13,9618886
2014-03-14,9638841
2014-03-15,9628087
2014-03-16,9648548
2014-03-17,9678860
2014-03-18,9725363
2014-03-19,9747776
2014-03-20,9774309
2014-03-21,9782382
2014-03-22,9785141
2014-03-23,9774979
2014-03-24,9809015
2014-03-25,9849726
2014-03-26,9870538
2014-03-27,9885194
2014-03-28,9896430
2014-03-29,9920510
2014-03-30,9953442
2014-03-31,10009906
2014-04-01,10025890
2014-04-02,10048435
2014-04-03,10065062
2014-04-04,10066221
2014-04-05,10085868
2014-04-06,10104842
2014-04-07,10168759
2014-04-08,10189254
2014-04-09,10201077
2014-04-10,10215649
2014-04-11,10231355
2014-04-12,10246018
2014-04-13,10259123
2014-04-14,10322477
2014-04-15,10329163
2014-04-16,10324211
2014-04-17,10319775
2014-04-18,10331254
2014-04-19,10348977
2014-04-20,10360183
2014-04-21,10417904
2014-04-22,10437080
2014-04-23,10463835
2014-04-24,10483191
2014-04-25,10492404
2014-04-26,10516101
2014-04-27,10526212
2014-04-28,10583211
2014-04-29,10611432
2014-04-30,10621881
2014-05-01,10632293
2014-05-02,10655604
2014-05-03,10676931
2014-05-04,10692070
2014-05-05,10756366
2014-05-06,10775812
2014-05-07,10793265
2014-05-08,10812734
2014-05-09,10824609
2014-05-10,10843215
2014-05-11,10863422
2014-05-12,10935676
2014-05-13,10938742
2014-05-14,10953456
2014-05-15,10968758
2014-05-16,10982190
2014-05-17,10988982
2014-05-18,10982239
2014-05-19,11037807
2014-05-20,11027984
2014-05-21,11034136
2014-05-22,11033404
2014-05-23,11034639
2014-05-24,11042755
2014-05-25,11053631
2014-05-26,11102529
2014-05-27,11105229
2014-05-28,11109401
2014-05-29,11114536
2014-05-30,11125785
2014-05-31,11132686
2014-06-01,11147784
2014-06-02,11189932
2014-06-03,11199349
2014-06-04,11206249
2014-06-05,11224581
2014-06-06,11236427
2014-06-07,11242153
2014-06-08,11264569
2014-06-09,11317659
2014-06-10,11325776
2014-06-11,11333278
2014-06-12,11345986
2014-06-13,11351573
2014-06-14,11369757
2014-06-15,11391503
2014-06-16,11462768
2014-06-17,11471847
2014-06-18,11505206
2014-06-19,11520848
2014-06-20,11530399
2014-06-21,11548274
2014-06-22,11569611
2014-06-23,11635202
2014-06-24,11654489
2014-06-25,11664738
2014-06-26,11684279
2014-06-27,11703914
2014-06-28,11724752
2014-06-29,11734155
2014-06-30,11812530
2014-07-01,11805312
2014-07-02,11801414
2014-07-03,11807973
2014-07-04,11824284
2014-07-05,11845000
2014-07-06,11869433
2014-07-07,11940846
2014-07-08,11965433
2014-07-09,11992353
2014-07-10,11995747
2014-07-11,12004802
2014-07-12,12015480
2014-07-13,12057123
2014-07-14,12122010
2014-07-15,12136464
2014-07-16,12156345
2014-07-17,12166667
2014-07-18,12182532
2014-07-19,12182285
2014-07-20,12199214
2014-07-21,12276413
2014-07-22,12287036
2014-07-23,12292230
2014-07-24,12306878
2014-07-25,12320640
2014-07-26,12336903
2014-07-27,12359907
2014-07-28,12427083
2014-07-29,12439927
2014-07-30,12457587
2014-07-31,12463155
2014-08-01,12471757
2014-08-02,12495569
2014-08-03,12513988
2014-08-04,12582372
2014-08-05,12580309
2014-08-06,12592124
2014-08-07,12609662
2014-08-08,12621702
2014-08-09,12626546
2014-08-10,12641755
2014-08-11,12712612
2014-08-12,12726919
2014-08-13,12746993
2014-08-14,12745330
2014-08-15,12740540
2014-08-16,12741597
2014-08-17,12698071
2014-08-18,12780088
2014-08-19,12799538
2014-08-20,12818041
2014-08-21,12835087
2014-08-22,12858102
2014-08-23,12870406
2014-08-24,12886187
2014-08-25,12969812
2014-08-26,12985598
2014-08-27,12988385
2014-08-28,12987698
2014-08-29,13022635
2014-08-30,13040384
2014-08-31,13069538
2014-09-01,13134939
2014-09-02,13171884
2014-09-03,13178992
2014-09-04,13180732
2014-09-05,13193406
2014-09-06,13206935
2014-09-07,13223975
2014-09-08,13351135
2014-09-09,13360202
2014-09-10,13327539
2014-09-11,13306953
2014-09-12,13323719
2014-09-13,13335242
2014-09-14,13355315
2014-09-15,13465760
2014-09-16,13458531
2014-09-17,13455806
2014-09-18,13463392
2014-09-19,13475893
2014-09-20,13479853
2014-09-21,13491089
2014-09-22,13593070
2014-09-23,13604402
2014-09-24,13617386
2014-09-25,13644166
2014-09-26,13658171
2014-09-27,13669665
2014-09-28,13703202
2014-09-29,13808629
2014-09-30,13802302
2014-10-01,13822545
2014-10-02,13865170
2014-10-03,13882062
2014-10-04,13930731
2014-10-05,13948680
2014-10-06,14054513
2014-10-07,14065063
2014-10-08,14064842
2014-10-09,14070504
2014-10-10,14078339
2014-10-11,14099703
2014-10-12,14114432
2014-10-13,14219105
2014-10-14,14237677
2014-10-15,14219671
2014-10-16,14235461
2014-10-17,14239116
2014-10-18,14240371
2014-10-19,14263661
2014-10-20,14373124
2014-10-21,14371632
2014-10-22,14374893
2014-10-23,14385945
2014-10-24,14383556
2014-10-25,14386920
2014-10-26,14462629
2014-10-27,14511485
2014-10-28,14528984
2014-10-29,14540071
2014-10-30,14553793
2014-10-31,14567003
2014-11-01,14570974
2014-11-02,14583841
2014-11-03,14711472
2014-11-04,14706783
2014-11-05,14710702
2014-11-06,14717142
2014-11-07,14710403
2014-11-08,14686366
2014-11-09,14685647
2014-11-10,14802889
2014-11-11,14808760
2014-11-12,14800408
2014-11-13,14805591
2014-11-14,14793542
2014-11-15,14827867
2014-11-16,14837649
2014-11-17,14953144
2014-11-18,14935243
2014-11-19,14946680
2014-11-20,14953254
2014-11-21,14965690
2014-11-22,14971082
2014-11-23,14991829
2014-11-24,15117733
2014-11-25,15114776
2014-11-26,15105886
2014-11-27,15114901
2014-11-28,15127822
2014-11-29,15135207
2014-11-30,15142298
2014-12-01,15246062
2014-12-02,15254586
2014-12-03,15257232
2014-12-04,15262472
2014-12-05,15262927
2014-12-06,15311546
2014-12-07,15321207
2014-12-08,15441775
2014-12-09,15433897
2014-12-10,15435206
2014-12-11,15441035
2014-12-12,15453242
2014-12-13,15482420
2014-12-14,15486864
2014-12-15,15607867
2014-12-16,15606438
2014-12-17,15611266
2014-12-18,15606671
2014-12-19,15624186
2014-12-20,15641304
2014-12-21,15705096
2014-12-22,15760152
2014-12-23,15757056
2014-12-24,15743944
2014-12-25,15744158
2014-12-26,15763128
2014-12-27,15783426
2014-12-28,15811482
2014-12-29,15918708
2014-12-30,15907274
2014-12-31,15922138
2015-01-01,15929449
2015-01-02,15942973
2015-01-03,15985570
2015-01-04,16048969
2015-01-05,16089994
2015-01-06,16098905
2015-01-07,16097433
2015-01-08,16097393
2015-01-09,16111280
2015-01-10,16142159
2015-01-11,16236857
2015-01-12,16288189
2015-01-13,16291732
2015-01-14,16281032
2015-01-15,16281633
2015-01-16,16306000
2015-01-17,16341206
2015-01-18,16441418
2015-01-19,16494231
2015-01-20,16502131
2015-01-21,16520149
2015-01-22,16524560
2015-01-23,16512600
2015-01-24,16529596
2015-01-25,16537240
2015-01-26,16668584
2015-01-27,16660187
2015-01-28,16658293
2015-01-29,16646329
2015-01-30,16669415
2015-01-31,16692229
2015-02-01,16777107
2015-02-02,16825677
2015-02-03,16825688
2015-02-04,16834473
2015-02-05,16851227
2015-02-06,16845168
2015-02-07,16892288
2015-02-08,16898494
2015-02-09,17041760
2015-02-10,17037100
2015-02-11,17044809
2015-02-12,17054614
2015-02-13,17129734
2015-02-14,17323389
2015-02-15,17308369
2015-02-16,17429180
2015-02-17,17475864
2015-02-18,17567081
2015-02-19,17573425
2015-02-20,17580506
2015-02-21,17556584
2015-02-22,17609537
2015-02-23,17664190
2015-02-24,17684069
2015-02-25,17686673
2015-02-26,17686434
2015-02-27,17692064
2015-02-28,17687301
2015-03-01,17724877
2015-03-02,17764057
2015-03-03,17756424
2015-03-04,17732131
2015-03-05,17730841
2015-03-06,17696209
2015-03-07,17660697
2015-03-08,17714000
2015-03-09,17766481
2015-03-10,17756834
2015-03-11,17729345
2015-03-12,17679410
2015-03-13,17632340
2015-03-14,17639253
2015-03-15,17707511
2015-03-16,17786001
2015-03-17,17801112
2015-03-18,17819516
2015-03-19,17805011
2015-03-20,17784016
2015-03-21,17802606
2015-03-22,17871289
2015-03-23,17926742
2015-03-24,17953096
2015-03-25,17954918
2015-03-26,17969509
2015-03-27,17978392
2015-03-28,18003054
2015-03-29,18041610
2015-03-30,18114763
2015-03-31,18120577
2015-04-01,18146441
2015-04-02,18158708
2015-04-03,18169967
2015-04-04,18149572
2015-04-05,18212355
2015-04-06,18278656
2015-04-07,18285923
2015-04-08,18287105
2015-04-09,18300835
2015-04-10,18315016
2015-04-11,18338017
2015-04-12,18412571
2015-04-13,18483857
2015-04-14,18484347
2015-04-15,18493924
2015-04-16,18497792
2015-04-17,18513900
2015-04-18,18536461
2015-04-19,18606535
2015-04-20,18671830
2015-04-21,18690183
2015-04-22,18681252
2015-04-23,18694543
2015-04-24,18702147
2015-04-25,18689800
2015-04-26,18770154
2015-04-27,18831417
2015-04-28,18840384
2015-04-29,18843463
2015-04-30,18842627
2015-05-01,18841206
2015-05-02,18861495
2015-05-03,18950961
2015-05-04,19011458
2015-05-05,19019338
2015-05-06,19032701
2015-05-07,19054675
2015-05-08,19070824
2015-05-09,19147070
2015-05-10,19174075
2015-05-11,19223211
2015-05-12,19232261
2015-05-13,19238695
2015-05-14,19257752
2015-05-15,19276552
2015-05-16,19300935
2015-05-17,19383651
2015-05-18,19423709
2015-05-19,19446376
2015-05-20,19450956
2015-05-21,19471402
2015-05-22,19497246
2015-05-23,19519178
2015-05-24,19556810
2015-05-25,19661988
2015-05-26,19693826
2015-05-27,19714266
2015-05-28,19699385
2015-05-29,19699085
2015-05-30,19733012
2015-05-31,19830163
2015-06-01,19900226
2015-06-02,19911590
2015-06-03,19910208
2015-06-04,19926426
2015-06-05,19944214
2015-06-06,19968416
2015-06-07,20055748
2015-06-08,20099098
2015-06-09,20107041
2015-06-10,20105823
2015-06-11,20116385
2015-06-12,20128236
2015-06-13,20154311
2015-06-14,20207321
2015-06-15,20260404
2015-06-16,20291406
2015-06-17,20412123
2015-06-18,20399705
2015-06-19,20548108
2015-06-20,20598777
2015-06-21,20649304
2015-06-22,20720681
2015-06-23,20746031
2015-06-24,20762836
2015-06-25,20777284
2015-06-26,20784439
2015-06-27,20808843
2015-06-28,20876870
2015-06-29,20928459
2015-06-30,20929937
2015-07-01,21300999
2015-07-02,21241525
2015-07-03,21246882
2015-07-04,21258805
2015-07-05,21309051
2015-07-06,21372497
2015-07-07,21725430
2015-07-08,22178319
2015-07-09,23259468
2015-07-10,23638427
2015-07-11,24081744
2015-07-12,25133341
2015-07-13,25854692
2015-07-14,26092898
2015-07-15,25821037
2015-07-16,25557336
2015-07-17,25349825
2015-07-18,25110381
2015-07-19,24951732
2015-07-20,24827211
2015-07-21,24822079
2015-07-22,24845137
2015-07-23,24828948
2015-07-24,24842046
2015-07-25,24814575
2015-07-26,24832086
2015-07-27,25028649
2015-07-28,25153999
2015-07-29,25250069
2015-07-30,26384725
2015-07-31,27134122
2015-08-01,28389138
2015-08-02,29578830
2015-08-03,29767184
2015-08-04,29905447
2015-08-05,30794459
2015-08-06,31781903
2015-08-07,32925162
2015-08-08,33146168
2015-08-09,33186894
2015-08-10,33240877
2015-08-11,33188357
2015-08-12,33165896
2015-08-13,33181407
2015-08-14,33172804
2015-08-15,33172523
2015-08-16,33212356
2015-08-17,33278536
2015-08-18,33289802
2015-08-19,33280751
2015-08-20,33284515
2015-08-21,33300290
2015-08-22,33324210
2015-08-23,33386359
2015-08-24,33451547
2015-08-25,33440447
2015-08-26,33457209
2015-08-27,33483797
2015-08-28,33516509
2015-08-29,33543288
2015-08-30,33614608
2015-08-31,33685130
2015-09-01,33686202
2015-09-02,33699900
2015-09-03,35461373
2015-09-04,35542341
2015-09-05,35565985
2015-09-06,35646905
2015-09-07,35707405
2015-09-08,35710126
2015-09-09,35559489
2015-09-10,35283941
2015-09-11,34941231
2015-09-12,34756567
2015-09-13,34623495
2015-09-14,34539117
2015-09-15,34282182
2015-09-16,34044384
2015-09-17,33887977
2015-09-18,33830125
2015-09-19,33826636
2015-09-20,33840862
2015-09-21,33982597
2015-09-22,33970508
2015-09-23,34006255
2015-09-24,33980910
2015-09-25,33987012
2015-09-26,33982072
2015-09-27,34020035
2015-09-28,34055084
2015-09-29,34048011
2015-09-30,34024492
2015-10-01,34028781
2015-10-02,34045577
2015-10-03,34040847
2015-10-04,34058801
2015-10-05,34174228
2015-10-06,34180379
2015-10-07,34150666
2015-10-08,33997191
2015-10-09,33864610
2015-10-10,33747727
2015-10-11,33570135
2015-10-12,33472660
2015-10-13,33372632
2015-10-14,33318320
2015-10-15,33256758
2015-10-16,33219253
2015-10-17,33181884
2015-10-18,33198826
2015-10-19,33179819
2015-10-20,33138929
2015-10-21,33115626
2015-10-22,33110816
2015-10-23,33097909
2015-10-24,33071449
2015-10-25,33133940
2015-10-26,33126215
2015-10-27,33050881
2015-10-28,33047056
2015-10-29,33030661
2015-10-30,32991709
2015-10-31,32995259
2015-11-01,33052194
2015-11-02,33097592
2015-11-03,33061372
2015-11-04,33034771
2015-11-05,32961993
2015-11-06,32925190
2015-11-07,32970827
2015-11-08,32977403
2015-11-09,33035435
2015-11-10,33015531
2015-11-11,33015788
2015-11-12,32992158
2015-11-13,33014388
2015-11-14,33040160
2015-11-15,33111670
2015-11-16,33185811
2015-11-17,33155925
2015-11-18,33170018
2015-11-19,33192314
2015-11-20,33180153
2015-11-21,33177295
2015-11-22,33205721
2015-11-23,33261489
2015-11-24,33214796
2015-11-25,33250470
2015-11-26,33240173
2015-11-27,33205239
2015-11-28,33195948
2015-11-29,33285326
2015-11-30,33256041
2015-12-01,33284898
2015-12-02,33278063
2015-12-03,33251870
2015-12-04,33186518
2015-12-05,33203573
2015-12-06,33265924
2015-12-07,33330409
2015-12-08,33329432
2015-12-09,33326763
2015-12-10,33315756
2015-12-11,33313871
2015-12-12,33340395
2015-12-13,33378132
2015-12-14,33469661
2015-12-15,33427657
2015-12-16,33470215
2015-12-17,33481883
2015-12-18,33497224
2015-12-19,33525235
2015-12-20,33634006
2015-12-21,33731836
2015-12-22,33761169
2015-12-23,33789345
2015-12-24,33808280
2015-12-25,33855734
2015-12-26,33893658
2015-12-27,33962927
2015-12-28,34015181
2015-12-29,34007252
2015-12-30,34004907
2015-12-31,34019133
2016-01-01,34013303
2016-01-02,34047480
2016-01-03,34079148
2016-01-04,34168117
2016-01-05,34166266
2016-01-06,34172994
2016-01-07,34156745
2016-01-08,34190511
2016-01-09,34181226
2016-01-10,34264213
2016-01-11,34334913
2016-01-12,34320317
2016-01-13,34360211
2016-01-14,34357740
2016-01-15,34380452
2016-01-16,34388440
2016-01-17,34413770
2016-01-18,34539773
2016-01-19,34560111
2016-01-20,34524462
2016-01-21,34464934
2016-01-22,34480566
2016-01-23,34471399
2016-01-24,34551280
2016-01-25,34642611
2016-01-26,34679614
2016-01-27,34696613
2016-01-28,34722470
2016-01-29,34726439
2016-01-30,34706769
2016-01-31,34779382
2016-02-01,34845916
2016-02-02,34764671
2016-02-03,34683619
2016-02-04,34592147
2016-02-05,34590283
2016-02-06,34609915
2016-02-07,34726603
2016-02-08,34880324
2016-02-09,34928118
2016-02-10,34972089
2016-02-11,34990204
2016-02-12,34975417
2016-02-13,35014999
2016-02-14,35064471
2016-02-15,35142681
2016-02-16,35172940
2016-02-17,35213605
2016-02-18,35247444
2016-02-19,35286961
2016-02-20,35315642
2016-02-21,35364519
2016-02-22,35470030
2016-02-23,35559537
2016-02-24,35605566
2016-02-25,35617590
2016-02-26,35591987
2016-02-27,35613876
2016-02-28,35654769
2016-02-29,35745499
2016-03-01,35833083
2016-03-02,35908572
2016-03-03,35881676
2016-03-04,35946744
2016-03-05,35859732
2016-03-06,35909491
2016-03-07,35934836
2016-03-08,35948744
2016-03-09,35987631
2016-03-10,35837443
2016-03-11,35829258
2016-03-12,35871473
2016-03-13,35888831
2016-03-14,35960110
2016-03-15,35929764
2016-03-16,35931267
2016-03-17,35944028
2016-03-18,35999046
2016-03-19,36037780
2016-03-20,36130883
2016-03-21,36189504
2016-03-22,36213639
2016-03-23,36283555
2016-03-24,36294870
2016-03-25,36302945
2016-03-26,36313330
2016-03-27,36280014
2016-03-28,36323725
2016-03-29,36273493
2016-03-30,36144275
2016-03-31,36097826
2016-04-01,36110101
2016-04-02,36096542
2016-04-03,36040618
2016-04-04,36053325
2016-04-05,36096252
2016-04-06,36094365
2016-04-07,36154578
2016-04-08,36213319
2016-04-09,36286194
2016-04-10,36313726
2016-04-11,36414519
2016-04-12,36450905
2016-04-13,36507092
2016-04-14,36557130
2016-04-15,36634375
2016-04-16,36679519
2016-04-17,36725320
2016-04-18,36805431
2016-04-19,36866818
2016-04-20,36937037
2016-04-21,36956285
2016-04-22,37020371
2016-04-23,37042000
2016-04-24,37135072
2016-04-25,37234064
2016-04-26,37303215
2016-04-27,37392222
2016-04-28,37456711
2016-04-29,37517592
2016-04-30,37647445
2016-05-01,37738260
2016-05-02,37850773
2016-05-03,37892140
2016-05-04,37911745
2016-05-05,37969306
2016-05-06,38026957
2016-05-07,38098584
2016-05-08,38153928
2016-05-09,38234692
2016-05-10,38322961
2016-05-11,38405268
2016-05-12,38488218
2016-05-13,38557558
2016-05-14,38623117
2016-05-15,38674872
2016-05-16,38751262
2016-05-17,38858118
2016-05-18,38960371
2016-05-19,39072342
2016-05-20,39123375
2016-05-21,39138877
2016-05-22,39088239
2016-05-23,39097110
2016-05-24,39163985
2016-05-25,39239844
2016-05-26,39298618
2016-05-27,39335116
2016-05-28,39270475
2016-05-29,39267694
2016-05-30,39326113
2016-05-31,39313011
2016-06-01,39354496
2016-06-02,39420510
2016-06-03,39487401
2016-06-04,39542244
2016-06-05,39631194
2016-06-06,39686709
2016-06-07,39741266
2016-06-08,39844400
2016-06-09,39879862
2016-06-10,39980423
2016-06-11,40046550
2016-06-12,40120206
2016-06-13,40189655
2016-06-14,40161871
2016-06-15,40215397
2016-06-16,40221521
2016-06-17,40280840
2016-06-18,40311299
2016-06-19,40347928
2016-06-20,40358479
2016-06-21,40459690
2016-06-22,40514252
2016-06-23,40539655
2016-06-24,40595221
2016-06-25,40664331
2016-06-26,40676805
2016-06-27,40706713
2016-06-28,40744827
2016-06-29,40811325
2016-06-30,40841070
2016-07-01,40875404
2016-07-02,40856112
2016-07-03,40888419
2016-07-04,40960970
2016-07-05,41027749
2016-07-06,41053732
2016-07-07,41093773
2016-07-08,41109566
2016-07-09,41155650
2016-07-10,41216448
2016-07-11,41246089
2016-07-12,41299944
2016-07-13,41350966
2016-07-14,41400958
2016-07-15,41431821
2016-07-16,41493124
2016-07-17,41463998
2016-07-18,41439845
2016-07-19,41458549
2016-07-20,41520601
2016-07-21,41514800
2016-07-22,41581214
2016-07-23,41619469
2016-07-24,41652785
2016-07-25,41702089
2016-07-26,41774115
2016-07-27,41833039
2016-07-28,41842231
2016-07-29,41915828
2016-07-30,41907735
2016-07-31,41986127
2016-08-01,41901016
2016-08-02,41899417
2016-08-03,41902578
2016-08-04,41912614
2016-08-05,41924434
2016-08-06,41948294
2016-08-07,41976405
2016-08-08,41974693
2016-08-09,42021745
2016-08-10,42094129
2016-08-11,42140023
2016-08-12,42191046
2016-08-13,42210568
2016-08-14,42243611
2016-08-15,42288569
2016-08-16,42238355
2016-08-17,42307244
2016-08-18,42352754
2016-08-19,42380063
2016-08-20,42399652
2016-08-21,42438411
2016-08-22,42455373
2016-08-23,42461357
2016-08-24,42471495
2016-08-25,42543250
2016-08-26,42599624
2016-08-27,42659234
2016-08-28,42702424
2016-08-29,42717336
2016-08-30,42695068
2016-08-31,42752125
2016-09-01,42780885
2016-09-02,42795219
2016-09-03,42839135
2016-09-04,42865261
2016-09-05,42844950
2016-09-06,42895168
2016-09-07,42955533
2016-09-08,42984171
2016-09-09,43013591
2016-09-10,42997711
2016-09-11,43006547
2016-09-12,43038460
2016-09-13,43059484
2016-09-14,43026973
2016-09-15,43004249
2016-09-16,43034878
2016-09-17,43025556
2016-09-18,43018536
2016-09-19,43063435
2016-09-20,43092530
2016-09-21,43153345
2016-09-22,43177739
2016-09-23,43212306
2016-09-24,43240800
2016-09-25,43252870
2016-09-26,43256821
2016-09-27,43275455
2016-09-28,43238825
2016-09-29,43276047
2016-09-30,43312408
2016-10-01,43337822
2016-10-02,43346759
2016-10-03,43325138
2016-10-04,43385691
2016-10-05,43413792
2016-10-06,43460168
2016-10-07,43536654
2016-10-08,43598226
2016-10-09,43610506
2016-10-10,43633343
2016-10-11,43650964
2016-10-12,43686964
2016-10-13,43681646
2016-10-14,43700967
2016-10-15,43790968
2016-10-16,43831993
2016-10-17,43876039
2016-10-18,43871751
2016-10-19,43863982
2016-10-20,43801354
2016-10-21,43846346
2016-10-22,43885759
2016-10-23,43814680
2016-10-24,43711280
2016-10-25,43612510
2016-10-26,43533117
2016-10-27,43338270
2016-10-28,43362954
2016-10-29,43351326
2016-10-30,43355204
2016-10-31,43319541
2016-11-01,43359070
2016-11-02,43351086
2016-11-03,43398023
2016-11-04,43417696
2016-11-05,43483223
2016-11-06,43519597
2016-11-07,43567880
2016-11-08,43627353
2016-11-09,43645760
2016-11-10,43670343
2016-11-11,43672086
2016-11-12,43669267
2016-11-13,43702239
2016-11-14,43725398
2016-11-15,43741649
2016-11-16,43812288
2016-11-17,43852234
2016-11-18,43834343
2016-11-19,43881259
2016-11-20,43965616
2016-11-21,44088715
2016-11-22,44227935
2016-11-23,44396210
2016-11-24,44416881
2016-11-25,44517890
2016-11-26,44584733
2016-11-27,44564038
2016-11-28,44612458
2016-11-29,44624179
2016-11-30,44676911
2016-12-01,44764735
2016-12-02,44672867
2016-12-03,44816503
2016-12-04,44814204
2016-12-05,44767957
2016-12-06,44793810
2016-12-07,44877945
2016-12-08,44878484
2016-12-09,44892596
2016-12-10,44921128
2016-12-11,44960362
2016-12-12,44918196
2016-12-13,44966267
2016-12-14,44949735
2016-12-15,45025593
2016-12-16,45098029
2016-12-17,45175350
2016-12-18,45265650
2016-12-19,45276813
2016-12-20,45298541
2016-12-21,45351220
2016-12-22,45376458
2016-12-23,45406108
2016-12-24,45485425
2016-12-25,45503612
2016-12-26,45458799
2016-12-27,45472211
2016-12-28,45509383
2016-12-29,45535088
2016-12-30,45578030
2016-12-31,45623915
2017-01-01,45708730
2017-01-02,45732778
2017-01-03,45802077
2017-01-04,45936673
2017-01-05,46026157
2017-01-06,46045061
2017-01-07,46143688
2017-01-08,46211458
2017-01-09,46238243
2017-01-10,46314971
2017-01-11,46376541
2017-01-12,46416487
2017-01-13,46447084
2017-01-14,46514727
2017-01-15,46500588
2017-01-16,46532958
2017-01-17,46571022
2017-01-18,46635911
2017-01-19,46699633
2017-01-20,46724547
2017-01-21,46787707
2017-01-22,46857938
2017-01-23,46884302
2017-01-24,46830240
2017-01-25,46780107
2017-01-26,46807643
2017-01-27,46788272
2017-01-28,46724264
2017-01-29,46711162
2017-01-30,46631620
2017-01-31,46586752
2017-02-01,46673301
2017-02-02,46728397
2017-02-03,46733124
2017-02-04,46862304
2017-02-05,46896589
2017-02-06,46843755
2017-02-07,46858206
2017-02-08,46944990
2017-02-09,47008547
2017-02-10,47046071
2017-02-11,47112226
2017-02-12,47139637
2017-02-13,47138751
2017-02-14,47138537
2017-02-15,47191067
2017-02-16,47258287
2017-02-17,47269873
2017-02-18,47416870
2017-02-19,47426005
2017-02-20,47467064
2017-02-21,47504607
2017-02-22,47569271
2017-02-23,47631999
2017-02-24,47729355
2017-02-25,47799842
2017-02-26,47834836
2017-02-27,47755484
2017-02-28,47822360
2017-03-01,47924413
2017-03-02,48040282
2017-03-03,48138051
2017-03-04,48248445
2017-03-05,48320461
2017-03-06,48349805
2017-03-07,48457130
2017-03-08,48543087
2017-03-09,48610000
2017-03-10,48682490
2017-03-11,48708123
2017-03-12,48713558
2017-03-13,48618495
2017-03-14,48641865
2017-03-15,48687430
2017-03-16,48765052
2017-03-17,48873522
2017-03-18,48901623
2017-03-19,48878834
2017-03-20,48861383
2017-03-21,48964828
2017-03-22,49036364
2017-03-23,49088124
2017-03-24,49174690
2017-03-25,49194113
2017-03-26,49286080
2017-03-27,49381390
2017-03-28,49454483
2017-03-29,49484731
2017-03-30,49589160
2017-03-31,49546516
2017-04-01,49619715
2017-04-02,49689338
2017-04-03,49746466
2017-04-04,49797472
2017-04-05,49888327
2017-04-06,49981235
2017-04-07,50055205
2017-04-08,50067421
2017-04-09,50103063
2017-04-10,50090558
2017-04-11,50221626
2017-04-12,50290754
2017-04-13,50410881
2017-04-14,50464753
2017-04-15,50657121
2017-04-16,50759357
2017-04-17,50788161
2017-04-18,50922465
2017-04-19,51009839
2017-04-20,51102811
2017-04-21,51085287
2017-04-22,51141934
2017-04-23,51195819
2017-04-24,51200394
2017-04-25,51225609
2017-04-26,51327530
2017-04-27,51435028
2017-04-28,51493479
2017-04-29,51632007
2017-04-30,51701510
2017-05-01,51715717
2017-05-02,51788302
2017-05-03,51867595
2017-05-04,51975351
2017-05-05,52123772
2017-05-06,52244094
2017-05-07,52363274
2017-05-08,52365335
2017-05-09,52450505
2017-05-10,52559807
2017-05-11,52700866
2017-05-12,52856338
2017-05-13,52986932
2017-05-14,53074467
2017-05-15,53200809
2017-05-16,53299291
2017-05-17,53246392
2017-05-18,53330809
2017-05-19,53408254
2017-05-20,53473873
2017-05-21,53511720
2017-05-22,53567381
2017-05-23,53686749
2017-05-24,53808518
2017-05-25,53956488
2017-05-26,54075835
2017-05-27,54219839
2017-05-28,54278004
2017-05-29,54286812
2017-05-30,54416726
2017-05-31,54490397
2017-06-01,54591257
2017-06-02,54621627
2017-06-03,54648293
2017-06-04,54567984
2017-06-05,54568028
2017-06-06,54557618
2017-06-07,54618802
2017-06-08,54661565
2017-06-09,54671855
2017-06-10,54687757
2017-06-11,54666082
2017-06-12,54604482
2017-06-13,54618735
2017-06-14,54745069
2017-06-15,54818028
2017-06-16,54825160
2017-06-17,54813653
2017-06-18,54744284
2017-06-19,54617525
2017-06-20,54573643
2017-06-21,54668274
2017-06-22,54775633
2017-06-23,54797900
2017-06-24,54743527
2017-06-25,54674767
2017-06-26,54619726
2017-06-27,54627526
2017-06-28,54728977
2017-06-29,54711594
2017-06-30,54746056
2017-07-01,54747416
2017-07-02,54631767
2017-07-03,54484371
2017-07-04,54466496
2017-07-05,54512239
2017-07-06,54503040
2017-07-07,54474598
2017-07-08,54530444
2017-07-09,54479732
2017-07-10,54477919
2017-07-11,54530101
2017-07-12,54546778
2017-07-13,54474973
2017-07-14,54494081
2017-07-15,54533637
2017-07-16,54514027
2017-07-17,54416668
2017-07-18,54377310
2017-07-19,54350383
2017-07-20,54344176
2017-07-21,54280484
2017-07-22,54292502
2017-07-23,54182803
2017-07-24,54124181
2017-07-25,54042791
2017-07-26,54080467
2017-07-27,54018900
2017-07-28,53931451
2017-07-29,53929181
2017-07-30,53784345
2017-07-31,53676530
2017-08-01,53571174
2017-08-02,53409449
2017-08-03,53303889
2017-08-04,53276994
2017-08-05,53134840
2017-08-06,53025576
2017-08-07,53021171
2017-08-08,53004748
2017-08-09,52999328
2017-08-10,53048715
2017-08-11,53151526
2017-08-12,53237368
2017-08-13,53266263
2017-08-14,53297101
2017-08-15,53373614
2017-08-16,53550834
2017-08-17,53682958
2017-08-18,53705860
2017-08-19,53812100
2017-08-20,53856599
2017-08-21,53837591
2017-08-22,53950266
2017-08-23,54105481
2017-08-24,54188868
2017-08-25,54262355
2017-08-26,54414377
2017-08-27,54540106
2017-08-28,54475392
2017-08-29,54503948
2017-08-30,54498076
2017-08-31,54407243
2017-09-01,54366903
2017-09-02,54298797
2017-09-03,54347551
2017-09-04,54305754
2017-09-05,54267734
2017-09-06,54283665
2017-09-07,54316098
2017-09-08,54267591
2017-09-09,54288126
2017-09-10,54288494
2017-09-11,54280442
2017-09-12,54268596
2017-09-13,54318755
2017-09-14,54342895
2017-09-15,54343735
2017-09-16,54429238
2017-09-17,54465123
2017-09-18,54509521
2017-09-19,54529578
2017-09-20,54508807
2017-09-21,54568474
2017-09-22,54599290
2017-09-23,54693956
2017-09-24,54741935
2017-09-25,54763987
2017-09-26,54837162
2017-09-27,54884229
2017-09-28,54960331
2017-09-29,54957743
2017-09-30,55013077
2017-10-01,55053554
2017-10-02,54990382
2017-10-03,55037813
2017-10-04,55020285
2017-10-05,55110144
2017-10-06,55186902
2017-10-07,55240983
2017-10-08,55250495
2017-10-09,55224542
2017-10-10,55251510
2017-10-11,55285464
2017-10-12,55370389
2017-10-13,55398250
2017-10-14,55584647
2017-10-15,55662300
2017-10-16,55568409
2017-10-17,55639403
2017-10-18,55742097
2017-10-19,55894276
2017-10-20,55951737
2017-10-21,55986777
2017-10-22,56017064
2017-10-23,55867917
2017-10-24,55875847
2017-10-25,55935970
2017-10-26,55873160
2017-10-27,55975726
2017-10-28,56159143
2017-10-29,56315638
2017-10-30,56430384
2017-10-31,56526362
2017-11-01,56602562
2017-11-02,56748990
2017-11-03,56878769
2017-11-04,57129278
2017-11-05,57206308
2017-11-06,57207611
2017-11-07,57309115
2017-11-08,57449352
2017-11-09,57565449
2017-11-10,57692928
2017-11-11,57849605
2017-11-12,58023198
2017-11-13,58158910
2017-11-14,58337401
2017-11-15,58481537
2017-11-16,58596345
2017-11-17,58695471
2017-11-18,58711972
2017-11-19,58759304
2017-11-20,58678191
2017-11-21,58759061
2017-11-22,58898353
2017-11-23,59007977
2017-11-24,59166747
2017-11-25,59295946
2017-11-26,59391137
2017-11-27,59505577
2017-11-28,59697346
2017-11-29,59911214
2017-11-30,60138618
2017-12-01,60354757
2017-12-02,60550517
2017-12-03,60613973
2017-12-04,60687516
2017-12-05,60867825
2017-12-06,61095175
2017-12-07,61374331
2017-12-08,61680855
2017-12-09,61987344
2017-12-10,62163133
2017-12-11,62170094
2017-12-12,62382425
2017-12-13,62661535
2017-12-14,62848604
2017-12-15,63243390
2017-12-16,63514028
2017-12-17,63607003
2017-12-18,63717024
2017-12-19,63915394
2017-12-20,64272617
2017-12-21,64613923
2017-12-22,64974365
2017-12-23,65275557
2017-12-24,65480565
2017-12-25,65446299
2017-12-26,65431450
2017-12-27,65406121
2017-12-28,65505430
2017-12-29,65607166
2017-12-30,65787193
2017-12-31,66000850
2018-01-01,65967552
2018-01-02,65829217
2018-01-03,65956870
2018-01-04,66282157
2018-01-05,66725250
2018-01-06,67090513
2018-01-07,67290664
2018-01-08,67580808
2018-01-09,67809240
2018-01-10,68060839
2018-01-11,68267499
2018-01-12,68198687
2018-01-13,68135989
2018-01-14,68151820
2018-01-15,68053623
2018-01-16,68103488
2018-01-17,68211345
2018-01-18,68249013
2018-01-19,68250011
2018-01-20,68029787
2018-01-21,67739263
2018-01-22,67362123
2018-01-23,67167956
2018-01-24,66955481
2018-01-25,66750852
2018-01-26,66581307
2018-01-27,66423609
2018-01-28,66273061
2018-01-29,66137223
2018-01-30,66084595
2018-01-31,65940962
2018-02-01,65953399
2018-02-02,65859990
2018-02-03,65699665
2018-02-04,65476061
2018-02-05,65176955
2018-02-06,64795574
2018-02-07,64581495
2018-02-08,64393723
2018-02-09,64153809
2018-02-10,63941820
2018-02-11,63631669
2018-02-12,63230505
2018-02-13,62807042
2018-02-14,62409584
2018-02-15,61948429
2018-02-16,61796494
2018-02-17,61498502
2018-02-18,61205542
2018-02-19,60819313
2018-02-20,60507474
2018-02-21,60332938
2018-02-22,60191759
2018-02-23,60139584
2018-02-24,59889743
2018-02-25,59590058
2018-02-26,59509130
2018-02-27,59379194
2018-02-28,59273166
2018-03-01,59064948
2018-03-02,58941239
2018-03-03,58931113
2018-03-04,58519962
2018-03-05,58163584
2018-03-06,57950504
2018-03-07,57669378
2018-03-08,57408758
2018-03-09,57035746
2018-03-10,56883143
2018-03-11,56505078
2018-03-12,56088954
2018-03-13,55818197
2018-03-14,55669474
2018-03-15,55679277
2018-03-16,55719946
2018-03-17,55787711
2018-03-18,55857126
2018-03-19,55861881
2018-03-20,55886264
2018-03-21,55932300
2018-03-22,55975148
2018-03-23,55923351
2018-03-24,55904768
2018-03-25,55887147
2018-03-26,55898106
2018-03-27,55897147
2018-03-28,55850224
2018-03-29,55883678
2018-03-30,55920904
2018-03-31,56008794
2018-04-01,56007782
2018-04-02,56062866
2018-04-03,56102638
2018-04-04,56116843
2018-04-05,56161415
2018-04-06,56190321
2018-04-07,56236915
2018-04-08,56182497
2018-04-09,56254073
2018-04-10,56221585
2018-04-11,56250537
2018-04-12,56237969
2018-04-13,56229223
2018-04-14,56304858
2018-04-15,56278923
2018-04-16,56168423
2018-04-17,56003515
2018-04-18,55989656
2018-04-19,56042235
2018-04-20,56135486
2018-04-21,56229778
2018-04-22,56205444
2018-04-23,56284495
2018-04-24,56360492
2018-04-25,56308516
2018-04-26,56281827
2018-04-27,56316631
2018-04-28,56330825
2018-04-29,56430409
2018-04-30,56500232
2018-05-01,56536823
2018-05-02,56631805
2018-05-03,56610418
2018-05-04,56616984
2018-05-05,56636774
2018-05-06,56629580
2018-05-07,56617933
2018-05-08,56545677
2018-05-09,56536577
2018-05-10,56559266
2018-05-11,56596812
2018-05-12,56587199
2018-05-13,56598988
2018-05-14,56642174
2018-05-15,56672192
2018-05-16,56723727
2018-05-17,56786258
2018-05-18,56716602
2018-05-19,56752188
2018-05-20,56803891
2018-05-21,56859168
2018-05-22,56831463
2018-05-23,56871431
2018-05-24,56914777
2018-05-25,56987986
2018-05-26,57045359
2018-05-27,57116837
2018-05-28,57188332
2018-05-29,57145951
2018-05-30,57160987
2018-05-31,57195452
2018-06-01,57188796
2018-06-02,57317251
2018-06-03,57359933
2018-06-04,57277240
2018-06-05,57023224
2018-06-06,56944541
2018-06-07,56866029
2018-06-08,56757787
2018-06-09,56772879
2018-06-10,56813139
2018-06-11,56862476
2018-06-12,56911876
2018-06-13,56825331
2018-06-14,56803003
2018-06-15,56855369
2018-06-16,56852302
2018-06-17,56925013
2018-06-18,56974051
2018-06-19,57005647
2018-06-20,56786666
2018-06-21,56405474
2018-06-22,56471020
2018-06-23,56528809
2018-06-24,56589041
2018-06-25,56656942
2018-06-26,56553088
2018-06-27,56395671
2018-06-28,56329620
2018-06-29,56344548
2018-06-30,56400444
2018-07-01,56272604
2018-07-02,56253656
2018-07-03,56179957
2018-07-04,56138345
2018-07-05,56135445
2018-07-06,56181720
2018-07-07,56323708
2018-07-08,56391295
2018-07-09,56397597
2018-07-10,56301287
2018-07-11,56190908
2018-07-12,56082619
2018-07-13,55735356
2018-07-14,55476325
2018-07-15,55160948
2018-07-16,55111613
2018-07-17,55135458
2018-07-18,55080120
2018-07-19,54898504
2018-07-20,54914958
2018-07-21,54957806
2018-07-22,54994042
2018-07-23,55069443
2018-07-24,54985055
2018-07-25,55009239
2018-07-26,54946290
2018-07-27,54989711
2018-07-28,55006269
2018-07-29,54985856
2018-07-30,55036811
2018-07-31,55078713
2018-08-01,55070647
2018-08-02,55044343
2018-08-03,55068146
2018-08-04,55118354
2018-08-05,55188975
2018-08-06,55259076
2018-08-07,55210884
2018-08-08,55148482
2018-08-09,55192849
2018-08-10,55236106
2018-08-11,55251769
2018-08-12,55283911
2018-08-13,55323952
2018-08-14,55298829
2018-08-15,55344773
2018-08-16,55434659
2018-08-17,55487991
2018-08-18,55553884
2018-08-19,55620208
2018-08-20,55695591
2018-08-21,55706528
2018-08-22,55727268
2018-08-23,55770641
2018-08-24,55833261
2018-08-25,55922965
2018-08-26,55969304
2018-08-27,55945497
2018-08-28,55909289
2018-08-29,55846185
2018-08-30,55909977
2018-08-31,55921666
2018-09-01,55987717
2018-09-02,55992726
2018-09-03,56048665
2018-09-04,56046376
2018-09-05,56093023
2018-09-06,56094620
2018-09-07,56119942
2018-09-08,56155532
2018-09-09,56172403
2018-09-10,56190947
2018-09-11,56177079
2018-09-12,56155126
2018-09-13,56186793
2018-09-14,56217257
2018-09-15,56204946
2018-09-16,56250152
2018-09-17,56321605
2018-09-18,56371535
2018-09-19,56387038
2018-09-20,56453747
2018-09-21,56523787
2018-09-22,56584286
2018-09-23,56643045
2018-09-24,56735874
2018-09-25,56776264
2018-09-26,56823656
2018-09-27,56854838