Date,Avg. UTXO Value
2009-01-10,0
2009-01-11,0
2009-01-12,0
2009-01-13,0
2009-01-14,0
2009-01-15,0
2009-01-16,0
2009-01-17,0
2009-01-18,0
2009-01-19,0
2009-01-20,0
2009-01-21,0
2009-01-22,0
2009-01-23,0
2009-01-24,0
2009-01-25,0
2009-01-26,0
2009-01-27,0
2009-01-28,0
2009-01-29,0
2009-01-30,0
2009-01-31,0
2009-02-01,0
2009-02-02,0
2009-02-03,0
2009-02-04,0
2009-02-05,0
2009-02-06,0
2009-02-07,0
2009-02-08,0
2009-02-09,0
2009-02-10,0
2009-02-11,0
2009-02-12,0
2009-02-13,0
2009-02-14,0
2009-02-15,0
2009-02-16,0
2009-02-17,0
2009-02-18,0
2009-02-19,0
2009-02-20,0
2009-02-21,0
2009-02-22,0
2009-02-23,0
2009-02-24,0
2009-02-25,0
2009-02-26,0
2009-02-27,0
2009-02-28,0
2009-03-01,0
2009-03-02,0
2009-03-03,0
2009-03-04,0
2009-03-05,0
2009-03-06,0
2009-03-07,0
2009-03-08,0
2009-03-09,0
2009-03-10,0
2009-03-11,0
2009-03-12,0
2009-03-13,0
2009-03-14,0
2009-03-15,0
2009-03-16,0
2009-03-17,0
2009-03-18,0
2009-03-19,0
2009-03-20,0
2009-03-21,0
2009-03-22,0
2009-03-23,0
2009-03-24,0
2009-03-25,0
2009-03-26,0
2009-03-27,0
2009-03-28,0
2009-03-29,0
2009-03-30,0
2009-03-31,0
2009-04-01,0
2009-04-02,0
2009-04-03,0
2009-04-04,0
2009-04-05,0
2009-04-06,0
2009-04-07,0
2009-04-08,0
2009-04-09,0
2009-04-10,0
2009-04-11,0
2009-04-12,0
2009-04-13,0
2009-04-14,0
2009-04-15,0
2009-04-16,0
2009-04-17,0
2009-04-18,0
2009-04-19,0
2009-04-20,0
2009-04-21,0
2009-04-22,0
2009-04-23,0
2009-04-24,0
2009-04-25,0
2009-04-26,0
2009-04-27,0
2009-04-28,0
2009-04-29,0
2009-04-30,0
2009-05-01,0
2009-05-02,0
2009-05-03,0
2009-05-04,0
2009-05-05,0
2009-05-06,0
2009-05-07,0
2009-05-08,0
2009-05-09,0
2009-05-10,0
2009-05-11,0
2009-05-12,0
2009-05-13,0
2009-05-14,0
2009-05-15,0
2009-05-16,0
2009-05-17,0
2009-05-18,0
2009-05-19,0
2009-05-20,0
2009-05-21,0
2009-05-22,0
2009-05-23,0
2009-05-24,0
2009-05-25,0
2009-05-26,0
2009-05-27,0
2009-05-28,0
2009-05-29,0
2009-05-30,0
2009-05-31,0
2009-06-01,0
2009-06-02,0
2009-06-03,0
2009-06-04,0
2009-06-05,0
2009-06-06,0
2009-06-07,0
2009-06-08,0
2009-06-09,0
2009-06-10,0
2009-06-11,0
2009-06-12,0
2009-06-13,0
2009-06-14,0
2009-06-15,0
2009-06-16,0
2009-06-17,0
2009-06-18,0
2009-06-19,0
2009-06-20,0
2009-06-21,0
2009-06-22,0
2009-06-23,0
2009-06-24,0
2009-06-25,0
2009-06-26,0
2009-06-27,0
2009-06-28,0
2009-06-29,0
2009-06-30,0
2009-07-01,0
2009-07-02,0
2009-07-03,0
2009-07-04,0
2009-07-05,0
2009-07-06,0
2009-07-07,0
2009-07-08,0
2009-07-09,0
2009-07-10,0
2009-07-11,0
2009-07-12,0
2009-07-13,0
2009-07-14,0
2009-07-15,0
2009-07-16,0
2009-07-17,0
2009-07-18,0
2009-07-19,0
2009-07-20,0
2009-07-21,0
2009-07-22,0
2009-07-23,0
2009-07-24,0
2009-07-25,0
2009-07-26,0
2009-07-27,0
2009-07-28,0
2009-07-29,0
2009-07-30,0
2009-07-31,0
2009-08-01,0
2009-08-02,0
2009-08-03,0
2009-08-04,0
2009-08-05,0
2009-08-06,0
2009-08-07,0
2009-08-08,0
2009-08-09,0
2009-08-10,0
2009-08-11,0
2009-08-12,0
2009-08-13,0
2009-08-14,0
2009-08-15,0
2009-08-16,0
2009-08-17,0
2009-08-18,0
2009-08-19,0
2009-08-20,0
2009-08-21,0
2009-08-22,0
2009-08-23,0
2009-08-24,0
2009-08-25,0
2009-08-26,0
2009-08-27,0
2009-08-28,0
2009-08-29,0
2009-08-30,0
2009-08-31,0
2009-09-01,0
2009-09-02,0
2009-09-03,0
2009-09-04,0
2009-09-05,0
2009-09-06,0
2009-09-07,0
2009-09-08,0
2009-09-09,0
2009-09-10,0
2009-09-11,0
2009-09-12,0
2009-09-13,0
2009-09-14,0
2009-09-15,0
2009-09-16,0
2009-09-17,0
2009-09-18,0
2009-09-19,0
2009-09-20,0
2009-09-21,0
2009-09-22,0
2009-09-23,0
2009-09-24,0
2009-09-25,0
2009-09-26,0
2009-09-27,0
2009-09-28,0
2009-09-29,0
2009-09-30,0
2009-10-01,0
2009-10-02,0
2009-10-03,0
2009-10-04,0
2009-10-05,0
2009-10-06,0
2009-10-07,0
2009-10-08,0
2009-10-09,0
2009-10-10,0
2009-10-11,0
2009-10-12,0
2009-10-13,0
2009-10-14,0
2009-10-15,0
2009-10-16,0
2009-10-17,0
2009-10-18,0
2009-10-19,0
2009-10-20,0
2009-10-21,0
2009-10-22,0
2009-10-23,0
2009-10-24,0
2009-10-25,0
2009-10-26,0
2009-10-27,0
2009-10-28,0
2009-10-29,0
2009-10-30,0
2009-10-31,0
2009-11-01,0
2009-11-02,0
2009-11-03,0
2009-11-04,0
2009-11-05,0
2009-11-06,0
2009-11-07,0
2009-11-08,0
2009-11-09,0
2009-11-10,0
2009-11-11,0
2009-11-12,0
2009-11-13,0
2009-11-14,0
2009-11-15,0
2009-11-16,0
2009-11-17,0
2009-11-18,0
2009-11-19,0
2009-11-20,0
2009-11-21,0
2009-11-22,0
2009-11-23,0
2009-11-24,0
2009-11-25,0
2009-11-26,0
2009-11-27,0
2009-11-28,0
2009-11-29,0
2009-11-30,0
2009-12-01,0
2009-12-02,0
2009-12-03,0
2009-12-04,0
2009-12-05,0
2009-12-06,0
2009-12-07,0
2009-12-08,0
2009-12-09,0
2009-12-10,0
2009-12-11,0
2009-12-12,0
2009-12-13,0
2009-12-14,0
2009-12-15,0
2009-12-16,0
2009-12-17,0
2009-12-18,0
2009-12-19,0
2009-12-20,0
2009-12-21,0
2009-12-22,0
2009-12-23,0
2009-12-24,0
2009-12-25,0
2009-12-26,0
2009-12-27,0
2009-12-28,0
2009-12-29,0
2009-12-30,0
2009-12-31,0
2010-01-01,0
2010-01-02,0
2010-01-03,0
2010-01-04,0
2010-01-05,0
2010-01-06,0
2010-01-07,0
2010-01-08,0
2010-01-09,0
2010-01-10,0
2010-01-11,0
2010-01-12,0
2010-01-13,0
2010-01-14,0
2010-01-15,0
2010-01-16,0
2010-01-17,0
2010-01-18,0
2010-01-19,0
2010-01-20,0
2010-01-21,0
2010-01-22,0
2010-01-23,0
2010-01-24,0
2010-01-25,0
2010-01-26,0
2010-01-27,0
2010-01-28,0
2010-01-29,0
2010-01-30,0
2010-01-31,0
2010-02-01,0
2010-02-02,0
2010-02-03,0
2010-02-04,0
2010-02-05,0
2010-02-06,0
2010-02-07,0
2010-02-08,0
2010-02-09,0
2010-02-10,0
2010-02-11,0
2010-02-12,0
2010-02-13,0
2010-02-14,0
2010-02-15,0
2010-02-16,0
2010-02-17,0
2010-02-18,0
2010-02-19,0
2010-02-20,0
2010-02-21,0
2010-02-22,0
2010-02-23,0
2010-02-24,0
2010-02-25,0
2010-02-26,0
2010-02-27,0
2010-02-28,0
2010-03-01,0
2010-03-02,0
2010-03-03,0
2010-03-04,0
2010-03-05,0
2010-03-06,0
2010-03-07,0
2010-03-08,0
2010-03-09,0
2010-03-10,0
2010-03-11,0
2010-03-12,0
2010-03-13,0
2010-03-14,0
2010-03-15,0
2010-03-16,0
2010-03-17,0
2010-03-18,0
2010-03-19,0
2010-03-20,0
2010-03-21,0
2010-03-22,0
2010-03-23,0
2010-03-24,0
2010-03-25,0
2010-03-26,0
2010-03-27,0
2010-03-28,0
2010-03-29,0
2010-03-30,0
2010-03-31,0
2010-04-01,0
2010-04-02,0
2010-04-03,0
2010-04-04,0
2010-04-05,0
2010-04-06,0
2010-04-07,0
2010-04-08,0
2010-04-09,0
2010-04-10,0
2010-04-11,0
2010-04-12,0
2010-04-13,0
2010-04-14,0
2010-04-15,0
2010-04-16,0
2010-04-17,0
2010-04-18,0
2010-04-19,0
2010-04-20,0
2010-04-21,0
2010-04-22,0
2010-04-23,0
2010-04-24,0
2010-04-25,0
2010-04-26,0
2010-04-27,0
2010-04-28,0
2010-04-29,0
2010-04-30,0
2010-05-01,0
2010-05-02,0
2010-05-03,0
2010-05-04,0
2010-05-05,0
2010-05-06,0
2010-05-07,0
2010-05-08,0
2010-05-09,0
2010-05-10,0
2010-05-11,0
2010-05-12,0
2010-05-13,0
2010-05-14,0
2010-05-15,0
2010-05-16,0
2010-05-17,0
2010-05-18,0
2010-05-19,0
2010-05-20,0
2010-05-21,0
2010-05-22,0
2010-05-23,0
2010-05-24,0
2010-05-25,0
2010-05-26,0
2010-05-27,0
2010-05-28,0
2010-05-29,0
2010-05-30,0
2010-05-31,0
2010-06-01,0
2010-06-02,0
2010-06-03,0
2010-06-04,0
2010-06-05,0
2010-06-06,0
2010-06-07,0
2010-06-08,0
2010-06-09,0
2010-06-10,0
2010-06-11,0
2010-06-12,0
2010-06-13,0
2010-06-14,0
2010-06-15,0
2010-06-16,0
2010-06-17,0
2010-06-18,0
2010-06-19,0
2010-06-20,0
2010-06-21,0
2010-06-22,0
2010-06-23,0
2010-06-24,0
2010-06-25,0
2010-06-26,0
2010-06-27,0
2010-06-28,0
2010-06-29,0
2010-06-30,0
2010-07-01,0
2010-07-02,0
2010-07-03,0
2010-07-04,0
2010-07-05,0
2010-07-06,0
2010-07-07,0
2010-07-08,0
2010-07-09,0
2010-07-10,0
2010-07-11,0
2010-07-12,0
2010-07-13,0
2010-07-14,0
2010-07-15,0
2010-07-16,0
2010-07-17,0
2010-07-18,2.99
2010-07-19,4.79
2010-07-20,5.39
2010-07-21,4.79
2010-07-22,4.79
2010-07-23,3.59
2010-07-24,3.59
2010-07-25,2.99
2010-07-26,3
2010-07-27,3.65
2010-07-28,3.65
2010-07-29,3.68
2010-07-30,4.29
2010-07-31,4.3
2010-08-01,4.31
2010-08-02,3.7
2010-08-03,3.7
2010-08-04,3.7
2010-08-05,3.69
2010-08-06,3.71
2010-08-07,3.72
2010-08-08,3.72
2010-08-09,3.72
2010-08-10,4.42
2010-08-11,4.42
2010-08-12,4.43
2010-08-13,4.42
2010-08-14,4.43
2010-08-15,4.44
2010-08-16,4.45
2010-08-17,4.46
2010-08-18,4.46
2010-08-19,4.52
2010-08-20,4.52
2010-08-21,4.52
2010-08-22,4.52
2010-08-23,4.52
2010-08-24,4.53
2010-08-25,4.56
2010-08-26,4.56
2010-08-27,4.57
2010-08-28,4.57
2010-08-29,3.92
2010-08-30,3.92
2010-08-31,4.58
2010-09-01,3.95
2010-09-02,3.96
2010-09-03,3.96
2010-09-04,3.96
2010-09-05,3.96
2010-09-06,3.96
2010-09-07,3.97
2010-09-08,3.97
2010-09-09,3.97
2010-09-10,3.97
2010-09-11,3.97
2010-09-12,3.96
2010-09-13,3.97
2010-09-14,3.98
2010-09-15,3.98
2010-09-16,3.98
2010-09-17,3.98
2010-09-18,4.01
2010-09-19,4.02
2010-09-20,4.02
2010-09-21,4.02
2010-09-22,4.03
2010-09-23,4.03
2010-09-24,4.04
2010-09-25,4.04
2010-09-26,4.04
2010-09-27,4.04
2010-09-28,4.07
2010-09-29,4.14
2010-09-30,4.14
2010-10-01,4.14
2010-10-02,4.13
2010-10-03,4.13
2010-10-04,4.13
2010-10-05,4.14
2010-10-06,4.14
2010-10-07,4.14
2010-10-08,4.84
2010-10-09,6.24
2010-10-10,6.25
2010-10-11,6.95
2010-10-12,6.96
2010-10-13,6.26
2010-10-14,7.7
2010-10-15,7.01
2010-10-16,7.71
2010-10-17,7.03
2010-10-18,7.04
2010-10-19,7.04
2010-10-20,7.03
2010-10-21,7.03
2010-10-22,7.74
2010-10-23,7.74
2010-10-24,7.74
2010-10-25,8.44
2010-10-26,9.85
2010-10-27,11.26
2010-10-28,13.38
2010-10-29,12.7
2010-10-30,13.43
2010-10-31,14.14
2010-11-01,13.47
2010-11-02,14.17
2010-11-03,13.47
2010-11-04,13.47
2010-11-05,15.62
2010-11-06,17.81
2010-11-07,24.22
2010-11-08,24.95
2010-11-09,20.22
2010-11-10,17.34
2010-11-11,15.89
2010-11-12,15.89
2010-11-13,19.51
2010-11-14,20.26
2010-11-15,20.36
2010-11-16,19.32
2010-11-17,16.57
2010-11-18,17.27
2010-11-19,18.64
2010-11-20,19.35
2010-11-21,19.29
2010-11-22,19.31
2010-11-23,19.31
2010-11-24,19.32
2010-11-25,19.46
2010-11-26,20.34
2010-11-27,20.28
2010-11-28,20.27
2010-11-29,20.22
2010-11-30,17.35
2010-12-01,15.17
2010-12-02,15.92
2010-12-03,18.08
2010-12-04,18.12
2010-12-05,15.95
2010-12-06,14.49
2010-12-07,14.46
2010-12-08,15.93
2010-12-09,17.36
2010-12-10,15.18
2010-12-11,14.45
2010-12-12,15.84
2010-12-13,15.78
2010-12-14,15.84
2010-12-15,17.23
2010-12-16,17.19
2010-12-17,17.88
2010-12-18,17.91
2010-12-19,17.86
2010-12-20,17.18
2010-12-21,19.21
2010-12-22,17.74
2010-12-23,17.7
2010-12-24,17.64
2010-12-25,17.59
2010-12-26,17.5
2010-12-27,18.14
2010-12-28,18.86
2010-12-29,19.49
2010-12-30,20.87
2010-12-31,20.84
2011-01-01,20.78
2011-01-02,20.74
2011-01-03,20.73
2011-01-04,20.79
2011-01-05,20.68
2011-01-06,20.65
2011-01-07,20.63
2011-01-08,21.9
2011-01-09,21.77
2011-01-10,21.7
2011-01-11,22.29
2011-01-12,22.21
2011-01-13,22.13
2011-01-14,22.78
2011-01-15,26.77
2011-01-16,26.02
2011-01-17,25.93
2011-01-18,23.16
2011-01-19,21.11
2011-01-20,20.39
2011-01-21,24.2
2011-01-22,26.74
2011-01-23,28.72
2011-01-24,28.66
2011-01-25,27.22
2011-01-26,27.11
2011-01-27,27.06
2011-01-28,27.63
2011-01-29,28.13
2011-01-30,28.09
2011-01-31,29.83
2011-02-01,33.03
2011-02-02,45.92
2011-02-03,45.88
2011-02-04,44.41
2011-02-05,51.3
2011-02-06,56.26
2011-02-07,56.21
2011-02-08,55.39
2011-02-09,57.09
2011-02-10,64.25
2011-02-11,60.12
2011-02-12,63.05
2011-02-13,64.96
2011-02-14,63.21
2011-02-15,64.39
2011-02-16,62.51
2011-02-17,62.07
2011-02-18,60.83
2011-02-19,52.46
2011-02-20,53.86
2011-02-21,48.72
2011-02-22,47.57
2011-02-23,48.88
2011-02-24,50.11
2011-02-25,54.08
2011-02-26,51.45
2011-02-27,51.7
2011-02-28,49.16
2011-03-01,46.83
2011-03-02,49.96
2011-03-03,49.1
2011-03-04,48.22
2011-03-05,47.06
2011-03-06,46.8
2011-03-07,44.98
2011-03-08,45.8
2011-03-09,44.47
2011-03-10,43.79
2011-03-11,46.06
2011-03-12,44.89
2011-03-13,45.64
2011-03-14,45.01
2011-03-15,44.56
2011-03-16,43.43
2011-03-17,42.84
2011-03-18,41.6
2011-03-19,39.46
2011-03-20,37.84
2011-03-21,37.13
2011-03-22,36.25
2011-03-23,38.38
2011-03-24,39.78
2011-03-25,40.86
2011-03-26,40.99
2011-03-27,40.07
2011-03-28,37.98
2011-03-29,36.71
2011-03-30,35.37
2011-03-31,35.17
2011-04-01,34.48
2011-04-02,34.3
2011-04-03,34.09
2011-04-04,33.8
2011-04-05,29.65
2011-04-06,29.43
2011-04-07,30.93
2011-04-08,31.57
2011-04-09,31.41
2011-04-10,30.79
2011-04-11,30.64
2011-04-12,31.82
2011-04-13,35.51
2011-04-14,38.29
2011-04-15,39.88
2011-04-16,40.84
2011-04-17,43.21
2011-04-18,45.02
2011-04-19,47.11
2011-04-20,47.9
2011-04-21,46.45
2011-04-22,48.19
2011-04-23,53.92
2011-04-24,64.59
2011-04-25,65.58
2011-04-26,62.4
2011-04-27,68.15
2011-04-28,74.78
2011-04-29,83.25
2011-04-30,106.63
2011-05-01,132.03
2011-05-02,119.93
2011-05-03,123.93
2011-05-04,128.75
2011-05-05,130.49
2011-05-06,127.56
2011-05-07,130.34
2011-05-08,134.62
2011-05-09,140.75
2011-05-10,138.94
2011-05-11,192.65
2011-05-12,197.43
2011-05-13,219.56
2011-05-14,283.88
2011-05-15,269.85
2011-05-16,244
2011-05-17,274.17
2011-05-18,250.83
2011-05-19,235.39
2011-05-20,225.8
2011-05-21,192.76
2011-05-22,193.93
2011-05-23,207.22
2011-05-24,221.01
2011-05-25,222.76
2011-05-26,243.81
2011-05-27,255.67
2011-05-28,250.28
2011-05-29,240.43
2011-05-30,235.89
2011-05-31,242.7
2011-06-01,241.38
2011-06-02,253.79
2011-06-03,278.02
2011-06-04,367.47
2011-06-05,467.06
2011-06-06,441.74
2011-06-07,475.01
2011-06-08,556.91
2011-06-09,726.25
2011-06-10,729.13
2011-06-11,594.23
2011-06-12,383.91
2011-06-13,405.58
2011-06-14,458.15
2011-06-15,425.56
2011-06-16,423.77
2011-06-17,382.15
2011-06-18,326.46
2011-06-19,334.08
2011-06-20,350.25
2011-06-21,337.27
2011-06-22,328.11
2011-06-23,316.99
2011-06-24,308.56
2011-06-25,302.09
2011-06-26,298.26
2011-06-27,270.49
2011-06-28,279.71
2011-06-29,277.01
2011-06-30,271.88
2011-07-01,259.2
2011-07-02,241.23
2011-07-03,228.52
2011-07-04,224.11
2011-07-05,202.03
2011-07-06,181.62
2011-07-07,206.76
2011-07-08,206.98
2011-07-09,194.24
2011-07-10,191.84
2011-07-11,194.81
2011-07-12,182.87
2011-07-13,177.29
2011-07-14,172.6
2011-07-15,168.19
2011-07-16,163.83
2011-07-17,159.22
2011-07-18,151.97
2011-07-19,151.31
2011-07-20,157.5
2011-07-21,152.55
2011-07-22,149.8
2011-07-23,148.5
2011-07-24,146.59
2011-07-25,147.49
2011-07-26,148
2011-07-27,144.3
2011-07-28,143
2011-07-29,137.12
2011-07-30,134.84
2011-07-31,133.42
2011-08-01,130.72
2011-08-02,126.44
2011-08-03,117.14
2011-08-04,94.34
2011-08-05,101.61
2011-08-06,94.64
2011-08-07,67.38
2011-08-08,72.41
2011-08-09,71.68
2011-08-10,90.36
2011-08-11,91.02
2011-08-12,85.85
2011-08-13,84.87
2011-08-14,89.61
2011-08-15,95.44
2011-08-16,99.89
2011-08-17,97.46
2011-08-18,96.26
2011-08-19,94.93
2011-08-20,100.02
2011-08-21,98.51
2011-08-22,96.53
2011-08-23,92.27
2011-08-24,91.58
2011-08-25,90
2011-08-26,80.48
2011-08-27,68.58
2011-08-28,69.69
2011-08-29,72.41
2011-08-30,71.58
2011-08-31,70.07
2011-09-01,65.67
2011-09-02,65.12
2011-09-03,67.48
2011-09-04,67.05
2011-09-05,59.58
2011-09-06,55.3
2011-09-07,49.3
2011-09-08,51.41
2011-09-09,48.12
2011-09-10,37.37
2011-09-11,35.37
2011-09-12,43
2011-09-13,43.7
2011-09-14,41.75
2011-09-15,40.14
2011-09-16,35.24
2011-09-17,34.53
2011-09-18,34.12
2011-09-19,36.81
2011-09-20,38.19
2011-09-21,43.4
2011-09-22,39.95
2011-09-23,38.61
2011-09-24,39.09
2011-09-25,37.9
2011-09-26,36.84
2011-09-27,33.74
2011-09-28,33.35
2011-09-29,32.46
2011-09-30,32.27
2011-10-01,34.54
2011-10-02,34.22
2011-10-03,33.98
2011-10-04,33.72
2011-10-05,33.35
2011-10-06,32.91
2011-10-07,31.79
2011-10-08,28.85
2011-10-09,27.06
2011-10-10,27.9
2011-10-11,27.52
2011-10-12,26.42
2011-10-13,27.55
2011-10-14,27.25
2011-10-15,26.77
2011-10-16,25.86
2011-10-17,24.04
2011-10-18,18.09
2011-10-19,16.8
2011-10-20,15.18
2011-10-21,15.49
2011-10-22,16.99
2011-10-23,20.48
2011-10-24,20.72
2011-10-25,17.7
2011-10-26,18.2
2011-10-27,18.17
2011-10-28,19.6
2011-10-29,20.71
2011-10-30,23.39
2011-10-31,21.87
2011-11-01,21.11
2011-11-02,20.77
2011-11-03,21.22
2011-11-04,20.8
2011-11-05,20.39
2011-11-06,19.52
2011-11-07,19.3
2011-11-08,19.61
2011-11-09,19.99
2011-11-10,19.38
2011-11-11,18.58
2011-11-12,19.68
2011-11-13,19.79
2011-11-14,19.43
2011-11-15,15.34
2011-11-16,15
2011-11-17,16.22
2011-11-18,14.47
2011-11-19,13.49
2011-11-20,14.12
2011-11-21,14.44
2011-11-22,14.55
2011-11-23,14.93
2011-11-24,14.98
2011-11-25,15.62
2011-11-26,15.99
2011-11-27,15.91
2011-11-28,15.83
2011-11-29,16.2
2011-11-30,17.75
2011-12-01,18.87
2011-12-02,19.63
2011-12-03,19.93
2011-12-04,18.32
2011-12-05,17.85
2011-12-06,18.4
2011-12-07,19.21
2011-12-08,19.14
2011-12-09,18.96
2011-12-10,19
2011-12-11,19.42
2011-12-12,20.59
2011-12-13,20.14
2011-12-14,20.57
2011-12-15,19.91
2011-12-16,20.28
2011-12-17,20.28
2011-12-18,20.34
2011-12-19,20.32
2011-12-20,22.04
2011-12-21,25.2
2011-12-22,24.87
2011-12-23,24.4
2011-12-24,24.93
2011-12-25,24.91
2011-12-26,26.47
2011-12-27,25.49
2011-12-28,25.62
2011-12-29,26.36
2011-12-30,26.48
2011-12-31,26.64
2012-01-01,29.44
2012-01-02,32.95
2012-01-03,33.07
2012-01-04,31.01
2012-01-05,34.35
2012-01-06,41.23
2012-01-07,42.86
2012-01-08,43.18
2012-01-09,45.24
2012-01-10,40.53
2012-01-11,41.15
2012-01-12,44.18
2012-01-13,43.61
2012-01-14,42.02
2012-01-15,43.12
2012-01-16,44.72
2012-01-17,43.16
2012-01-18,38.51
2012-01-19,38.11
2012-01-20,40.01
2012-01-21,41.52
2012-01-22,40.11
2012-01-23,40.49
2012-01-24,40.45
2012-01-25,40.33
2012-01-26,37.06
2012-01-27,35.19
2012-01-28,33.78
2012-01-29,35.85
2012-01-30,34.55
2012-01-31,35.01
2012-02-01,35.13
2012-02-02,37.17
2012-02-03,38.55
2012-02-04,37.73
2012-02-05,36.95
2012-02-06,35.77
2012-02-07,35.11
2012-02-08,35.83
2012-02-09,35.37
2012-02-10,35.9
2012-02-11,37.08
2012-02-12,35.55
2012-02-13,34.85
2012-02-14,33.47
2012-02-15,28.5
2012-02-16,27.89
2012-02-17,26.44
2012-02-18,27.67
2012-02-19,26.42
2012-02-20,27.61
2012-02-21,27.06
2012-02-22,26.68
2012-02-23,27.57
2012-02-24,30.64
2012-02-25,30.66
2012-02-26,29.76
2012-02-27,30.6
2012-02-28,30.5
2012-02-29,29.9
2012-03-01,29.42
2012-03-02,30.29
2012-03-03,28.87
2012-03-04,28.45
2012-03-05,29.47
2012-03-06,30.18
2012-03-07,30.34
2012-03-08,29.97
2012-03-09,29.79
2012-03-10,29.62
2012-03-11,29.72
2012-03-12,29.68
2012-03-13,29.56
2012-03-14,31.66
2012-03-15,32.58
2012-03-16,31.89
2012-03-17,32.32
2012-03-18,31.96
2012-03-19,31.61
2012-03-20,29
2012-03-21,28.74
2012-03-22,28.88
2012-03-23,28.46
2012-03-24,28.12
2012-03-25,27.88
2012-03-26,27.39
2012-03-27,27.68
2012-03-28,28.17
2012-03-29,28.54
2012-03-30,28.39
2012-03-31,28.7
2012-04-01,29.02
2012-04-02,28.39
2012-04-03,29.28
2012-04-04,29.1
2012-04-05,28.96
2012-04-06,29.11
2012-04-07,29.35
2012-04-08,28.08
2012-04-09,28.15
2012-04-10,28.48
2012-04-11,28.36
2012-04-12,28.89
2012-04-13,28.74
2012-04-14,28.76
2012-04-15,29.17
2012-04-16,28.9
2012-04-17,28.76
2012-04-18,29.07
2012-04-19,29.9
2012-04-20,30.13
2012-04-21,30.93
2012-04-22,30.87
2012-04-23,30.39
2012-04-24,29.72
2012-04-25,29.68
2012-04-26,29.93
2012-04-27,29.62
2012-04-28,29.67
2012-04-29,28.87
2012-04-30,28.77
2012-05-01,28.74
2012-05-02,28.83
2012-05-03,29.35
2012-05-04,29.52
2012-05-05,29.36
2012-05-06,29.08
2012-05-07,29.11
2012-05-08,29.13
2012-05-09,28.97
2012-05-10,28.85
2012-05-11,28.33
2012-05-12,28.38
2012-05-13,28.41
2012-05-14,28.37
2012-05-15,28.73
2012-05-16,28.66
2012-05-17,29.14
2012-05-18,29.1
2012-05-19,29.24
2012-05-20,29.09
2012-05-21,29.1
2012-05-22,28.93
2012-05-23,28.89
2012-05-24,29.01
2012-05-25,29.02
2012-05-26,28.91
2012-05-27,28.76
2012-05-28,28.78
2012-05-29,28.88
2012-05-30,28.96
2012-05-31,28.94
2012-06-01,29.01
2012-06-02,29.48
2012-06-03,29.26
2012-06-04,29.44
2012-06-05,29.33
2012-06-06,30.21
2012-06-07,30.35
2012-06-08,30.84
2012-06-09,31.31
2012-06-10,30.98
2012-06-11,30.34
2012-06-12,30.62
2012-06-13,31.4
2012-06-14,32.93
2012-06-15,32.56
2012-06-16,34.39
2012-06-17,35.33
2012-06-18,34.14
2012-06-19,34.75
2012-06-20,35.27
2012-06-21,36.08
2012-06-22,36.17
2012-06-23,35.67
2012-06-24,34.86
2012-06-25,34.4
2012-06-26,34.07
2012-06-27,34.42
2012-06-28,35.32
2012-06-29,35.31
2012-06-30,35.3
2012-07-01,35.52
2012-07-02,35.06
2012-07-03,35.6
2012-07-04,34.51
2012-07-05,34.26
2012-07-06,35.04
2012-07-07,34.91
2012-07-08,35.45
2012-07-09,36
2012-07-10,35.92
2012-07-11,37.11
2012-07-12,37.05
2012-07-13,38.64
2012-07-14,40.23
2012-07-15,39.29
2012-07-16,39.24
2012-07-17,42.59
2012-07-18,44.29
2012-07-19,46.51
2012-07-20,46.78
2012-07-21,43.5
2012-07-22,45.69
2012-07-23,43.7
2012-07-24,43.97
2012-07-25,44.04
2012-07-26,44.03
2012-07-27,44.85
2012-07-28,44.99
2012-07-29,45.19
2012-07-30,43.92
2012-07-31,45.33
2012-08-01,46.68
2012-08-02,47.41
2012-08-03,51.92
2012-08-04,54.45
2012-08-05,54.87
2012-08-06,52.95
2012-08-07,53.83
2012-08-08,54.43
2012-08-09,54.29
2012-08-10,55.13
2012-08-11,55.74
2012-08-12,56.03
2012-08-13,57.73
2012-08-14,56.69
2012-08-15,57.66
2012-08-16,61.36
2012-08-17,63.54
2012-08-18,56.95
2012-08-19,55.68
2012-08-20,40.16
2012-08-21,46.52
2012-08-22,47.57
2012-08-23,47.61
2012-08-24,47.34
2012-08-25,48.85
2012-08-26,49.02
2012-08-27,49.31
2012-08-28,50.73
2012-08-29,50.67
2012-08-30,50.11
2012-08-31,49.55
2012-09-01,46.59
2012-09-02,46.17
2012-09-03,46.13
2012-09-04,47.36
2012-09-05,46.93
2012-09-06,48.92
2012-09-07,49.91
2012-09-08,50
2012-09-09,49.55
2012-09-10,49.43
2012-09-11,49.63
2012-09-12,50.16
2012-09-13,50.05
2012-09-14,50.24
2012-09-15,51.25
2012-09-16,51.45
2012-09-17,52.35
2012-09-18,51.95
2012-09-19,52.83
2012-09-20,54.28
2012-09-21,53.64
2012-09-22,52.87
2012-09-23,52.68
2012-09-24,51.96
2012-09-25,51.85
2012-09-26,51.75
2012-09-27,52.15
2012-09-28,52.16
2012-09-29,52.12
2012-09-30,52.15
2012-10-01,52
2012-10-02,51.74
2012-10-03,52.81
2012-10-04,53.46
2012-10-05,53.63
2012-10-06,52.87
2012-10-07,51.35
2012-10-08,49.15
2012-10-09,47.26
2012-10-10,48.9
2012-10-11,49.23
2012-10-12,48.64
2012-10-13,48.54
2012-10-14,47.7
2012-10-15,47.36
2012-10-16,46.97
2012-10-17,46.83
2012-10-18,46.89
2012-10-19,46.96
2012-10-20,46.25
2012-10-21,46.05
2012-10-22,45.17
2012-10-23,45.51
2012-10-24,45.5
2012-10-25,45.09
2012-10-26,42.22
2012-10-27,39.66
2012-10-28,39.92
2012-10-29,40.7
2012-10-30,40.75
2012-10-31,41.23
2012-11-01,41.95
2012-11-02,41.35
2012-11-03,39.99
2012-11-04,40.01
2012-11-05,40.2
2012-11-06,40.51
2012-11-07,40.86
2012-11-08,41.13
2012-11-09,40.93
2012-11-10,40.45
2012-11-11,40.59
2012-11-12,40.04
2012-11-13,40.73
2012-11-14,40.6
2012-11-15,40.45
2012-11-16,41.42
2012-11-17,42.71
2012-11-18,42.45
2012-11-19,42.21
2012-11-20,42.38
2012-11-21,42.5
2012-11-22,42.15
2012-11-23,43.56
2012-11-24,44.03
2012-11-25,44.2
2012-11-26,44.33
2012-11-27,43.92
2012-11-28,43.12
2012-11-29,43.54
2012-11-30,43.97
2012-12-01,44.42
2012-12-02,44.14
2012-12-03,43.98
2012-12-04,44.14
2012-12-05,46.09
2012-12-06,46.68
2012-12-07,46.92
2012-12-08,46.89
2012-12-09,46.76
2012-12-10,46.28
2012-12-11,46.59
2012-12-12,46.62
2012-12-13,47
2012-12-14,47.08
2012-12-15,46.4
2012-12-16,46.2
2012-12-17,45.55
2012-12-18,45.07
2012-12-19,44.76
2012-12-20,45.29
2012-12-21,45.21
2012-12-22,45.3
2012-12-23,44.69
2012-12-24,44.21
2012-12-25,44.66
2012-12-26,44.37
2012-12-27,44.49
2012-12-28,44.38
2012-12-29,44.36
2012-12-30,44.41
2012-12-31,44.1
2013-01-01,44.14
2013-01-02,43.3
2013-01-03,43.23
2013-01-04,43.2
2013-01-05,43.51
2013-01-06,43.11
2013-01-07,43.09
2013-01-08,43.12
2013-01-09,43.86
2013-01-10,44.11
2013-01-11,44.86
2013-01-12,44.88
2013-01-13,44.88
2013-01-14,44.45
2013-01-15,45.52
2013-01-16,44.65
2013-01-17,45.79
2013-01-18,48
2013-01-19,48.89
2013-01-20,49.53
2013-01-21,48.66
2013-01-22,51.46
2013-01-23,53.48
2013-01-24,53.77
2013-01-25,53.8
2013-01-26,52.96
2013-01-27,53.88
2013-01-28,54.57
2013-01-29,56.91
2013-01-30,59.95
2013-01-31,60.07
2013-02-01,63.15
2013-02-02,63.08
2013-02-03,59.69
2013-02-04,62.75
2013-02-05,61.8
2013-02-06,62.19
2013-02-07,63.71
2013-02-08,65.82
2013-02-09,69.02
2013-02-10,70.35
2013-02-11,70.6
2013-02-12,72.52
2013-02-13,75.18
2013-02-14,75.87
2013-02-15,78.79
2013-02-16,80.25
2013-02-17,80.46
2013-02-18,78.39
2013-02-19,81.05
2013-02-20,85.19
2013-02-21,87.01
2013-02-22,87.22
2013-02-23,88.95
2013-02-24,86.78
2013-02-25,86.76
2013-02-26,87.81
2013-02-27,89.83
2013-02-28,89.89
2013-03-01,96.63
2013-03-02,98.66
2013-03-03,97.41
2013-03-04,97.79
2013-03-05,101.89
2013-03-06,117.26
2013-03-07,125.65
2013-03-08,119.25
2013-03-09,124.2
2013-03-10,131.15
2013-03-11,131.33
2013-03-12,135.4
2013-03-13,124.94
2013-03-14,131.19
2013-03-15,131.83
2013-03-16,133.64
2013-03-17,129.66
2013-03-18,130.19
2013-03-19,136.93
2013-03-20,157.33
2013-03-21,178.16
2013-03-22,192.83
2013-03-23,192.5
2013-03-24,172.28
2013-03-25,191.35
2013-03-26,210.68
2013-03-27,210.01
2013-03-28,234.19
2013-03-29,237.22
2013-03-30,239.84
2013-03-31,261.88
2013-04-01,248.96
2013-04-02,272.43
2013-04-03,297.76
2013-04-04,343.98
2013-04-05,367.57
2013-04-06,366.99
2013-04-07,366.41
2013-04-08,405.97
2013-04-09,469.8
2013-04-10,503.32
2013-04-11,417.15
2013-04-12,283.28
2013-04-13,239.73
2013-04-14,249.72
2013-04-15,230.56
2013-04-16,210.41
2013-04-17,163.1
2013-04-18,213.32
2013-04-19,241.2
2013-04-20,285.29
2013-04-21,293.7
2013-04-22,276.96
2013-04-23,288.38
2013-04-24,316.73
2013-04-25,336.6
2013-04-26,326
2013-04-27,302.35
2013-04-28,288.61
2013-04-29,294
2013-04-30,294.91
2013-05-01,300.8
2013-05-02,253.97
2013-05-03,227.52
2013-05-04,200.66
2013-05-05,234.36
2013-05-06,242.27
2013-05-07,241.11
2013-05-08,221.82
2013-05-09,230.45
2013-05-10,228.43
2013-05-11,235.39
2013-05-12,229.77
2013-05-13,226.31
2013-05-14,229.99
2013-05-15,222.55
2013-05-16,215.23
2013-05-17,221.97
2013-05-18,232.63
2013-05-19,232.59
2013-05-20,228.91
2013-05-21,228.04
2013-05-22,227.8
2013-05-23,227.12
2013-05-24,232.24
2013-05-25,242.01
2013-05-26,242.49
2013-05-27,246.4
2013-05-28,236.98
2013-05-29,234.82
2013-05-30,236.59
2013-05-31,235.25
2013-06-01,233.37
2013-06-02,233.63
2013-06-03,221.1
2013-06-04,215.79
2013-06-05,218.42
2013-06-06,218.93
2013-06-07,214.57
2013-06-08,200.43
2013-06-09,192.93
2013-06-10,178.25
2013-06-11,188.21
2013-06-12,192.27
2013-06-13,193.5
2013-06-14,185.65
2013-06-15,178.24
2013-06-16,177.96
2013-06-17,177.23
2013-06-18,179.41
2013-06-19,188.42
2013-06-20,189.97
2013-06-21,195.86
2013-06-22,191.47
2013-06-23,187.91
2013-06-24,182.82
2013-06-25,179.01
2013-06-26,181.58
2013-06-27,180.83
2013-06-28,177.61
2013-06-29,163.71
2013-06-30,166.18
2013-07-01,166.94
2013-07-02,152.95
2013-07-03,153.96
2013-07-04,136.63
2013-07-05,136.74
2013-07-06,118.57
2013-07-07,118.59
2013-07-08,123.83
2013-07-09,135.29
2013-07-10,129.94
2013-07-11,142.48
2013-07-12,152.5
2013-07-13,158.73
2013-07-14,158.13
2013-07-15,159.06
2013-07-16,163.86
2013-07-17,160.84
2013-07-18,158.97
2013-07-19,149.73
2013-07-20,152.41
2013-07-21,150.31
2013-07-22,148.34
2013-07-23,149.04
2013-07-24,152.09
2013-07-25,153.4
2013-07-26,156
2013-07-27,157.13
2013-07-28,155.27
2013-07-29,162.19
2013-07-30,163.71
2013-07-31,166.15
2013-08-01,172.3
2013-08-02,167.61
2013-08-03,167.39
2013-08-04,166.99
2013-08-05,168.45
2013-08-06,168.03
2013-08-07,169.97
2013-08-08,165.36
2013-08-09,163.26
2013-08-10,160.72
2013-08-11,160.8
2013-08-12,165.05
2013-08-13,167.82
2013-08-14,171
2013-08-15,175.86
2013-08-16,172.95
2013-08-17,170.98
2013-08-18,175.98
2013-08-19,176.38
2013-08-20,182.34
2013-08-21,187.88
2013-08-22,191.89
2013-08-23,190.12
2013-08-24,187.4
2013-08-25,189.61
2013-08-26,190.82
2013-08-27,192.89
2013-08-28,206.01
2013-08-29,205.15
2013-08-30,202.99
2013-08-31,215.13
2013-09-01,225.32
2013-09-02,221.03
2013-09-03,221.17
2013-09-04,222.06
2013-09-05,212.4
2013-09-06,204.59
2013-09-07,201.99
2013-09-08,202.07
2013-09-09,202.11
2013-09-10,208.45
2013-09-11,211.09
2013-09-12,214.85
2013-09-13,217.38
2013-09-14,215.64
2013-09-15,211.59
2013-09-16,213.18
2013-09-17,212.61
2013-09-18,215.46
2013-09-19,214.89
2013-09-20,210.99
2013-09-21,209.13
2013-09-22,208.09
2013-09-23,208.29
2013-09-24,206.46
2013-09-25,207.45
2013-09-26,209.26
2013-09-27,209.89
2013-09-28,213.29
2013-09-29,218.32
2013-09-30,212.86
2013-10-01,212.78
2013-10-02,208.89
2013-10-03,182.33
2013-10-04,201.2
2013-10-05,206.2
2013-10-06,202.78
2013-10-07,204.88
2013-10-08,203.74
2013-10-09,207.25
2013-10-10,208.22
2013-10-11,210.29
2013-10-12,216.23
2013-10-13,214.92
2013-10-14,219.67
2013-10-15,224.48
2013-10-16,229.7
2013-10-17,237.5
2013-10-18,239.72
2013-10-19,256.4
2013-10-20,271.45
2013-10-21,277.5
2013-10-22,297.37
2013-10-23,316.41
2013-10-24,323.56
2013-10-25,300.91
2013-10-26,288.23
2013-10-27,302.5
2013-10-28,305.97
2013-10-29,316.56
2013-10-30,326.17
2013-10-31,321.26
2013-11-01,332.15
2013-11-02,328.13
2013-11-03,329.8
2013-11-04,342.6
2013-11-05,367.75
2013-11-06,421.43
2013-11-07,433.44
2013-11-08,477.47
2013-11-09,540.99
2013-11-10,548.31
2013-11-11,543.63
2013-11-12,550.54
2013-11-13,579.52
2013-11-14,655.73
2013-11-15,666.96
2013-11-16,735.02
2013-11-17,713.79
2013-11-18,808.7
2013-11-19,1047.63
2013-11-20,876.75
2013-11-21,1035.05
2013-11-22,1120.82
2013-11-23,1244.27
2013-11-24,1237.78
2013-11-25,1244.44
2013-11-26,1369.51
2013-11-27,1445.39
2013-11-28,1543.77
2013-11-29,1676.97
2013-11-30,1760.98
2013-12-01,1744.43
2013-12-02,1516.44
2013-12-03,1641.09
2013-12-04,1714.71
2013-12-05,1730.04
2013-12-06,1570.55
2013-12-07,1225.41
2013-12-08,1149.25
2013-12-09,1283.57
2013-12-10,1403.66
2013-12-11,1481.44
2013-12-12,1362.45
2013-12-13,1392.18
2013-12-14,1369.46
2013-12-15,1337.58
2013-12-16,1259.89
2013-12-17,1098.9
2013-12-18,966.99
2013-12-19,871.67
2013-12-20,1072.94
2013-12-21,967.6
2013-12-22,962.13
2013-12-23,969.23
2013-12-24,1016.08
2013-12-25,1022.37
2013-12-26,1070.12
2013-12-27,1159.52
2013-12-28,1116.48
2013-12-29,1102.09
2013-12-30,1129.07
2013-12-31,1147.4
2014-01-01,1150.72
2014-01-02,1163.51
2014-01-03,1222.24
2014-01-04,1232.53
2014-01-05,1299.22
2014-01-06,1438.61
2014-01-07,1409.19
2014-01-08,1261.68
2014-01-09,1258.84
2014-01-10,1254.35
2014-01-11,1318.4
2014-01-12,1329.93
2014-01-13,1268.7
2014-01-14,1243.65
2014-01-15,1225.19
2014-01-16,1268.25
2014-01-17,1235.84
2014-01-18,1191.53
2014-01-19,1218
2014-01-20,1242.5
2014-01-21,1266.04
2014-01-22,1258.07
2014-01-23,1229.92
2014-01-24,1199.69
2014-01-25,1155.11
2014-01-26,1224.46
2014-01-27,1269.9
2014-01-28,1119.92
2014-01-29,1172.19
2014-01-30,1163.94
2014-01-31,1161.18
2014-02-01,1164.86
2014-02-02,1187.96
2014-02-03,1165.18
2014-02-04,1129.84
2014-02-05,1171.72
2014-02-06,1132.66
2014-02-07,1088.71
2014-02-08,990.9
2014-02-09,939.4
2014-02-10,947.29
2014-02-11,923.66
2014-02-12,906.97
2014-02-13,901.09
2014-02-14,847.1
2014-02-15,907.54
2014-02-16,890.91
2014-02-17,835.95
2014-02-18,853.81
2014-02-19,838.89
2014-02-20,847.44
2014-02-21,764.49
2014-02-22,769.97
2014-02-23,812.13
2014-02-24,802.1
2014-02-25,734.32
2014-02-26,709.01
2014-02-27,777.26
2014-02-28,772.08
2014-03-01,758.36
2014-03-02,753.69
2014-03-03,740.99
2014-03-04,877.32
2014-03-05,880.39
2014-03-06,866.98
2014-03-07,869.56
2014-03-08,826.74
2014-03-09,809.69
2014-03-10,834.33
2014-03-11,817.27
2014-03-12,819.19
2014-03-13,823.86
2014-03-14,829.55
2014-03-15,816.26
2014-03-16,816.58
2014-03-17,815.84
2014-03-18,802.36
2014-03-19,789.09
2014-03-20,782.32
2014-03-21,748.15
2014-03-22,741.4
2014-03-23,721.7
2014-03-24,722.13
2014-03-25,732.97
2014-03-26,717.68
2014-03-27,738.69
2014-03-28,651.49
2014-03-29,635.47
2014-03-30,628.17
2014-03-31,580.99
2014-04-01,574.52
2014-04-02,599.82
2014-04-03,562.05
2014-04-04,554.1
2014-04-05,559.89
2014-04-06,571
2014-04-07,571.09
2014-04-08,556.83
2014-04-09,557.76
2014-04-10,540.67
2014-04-11,477.29
2014-04-12,511.12
2014-04-13,519.86
2014-04-14,506.54
2014-04-15,569.9
2014-04-16,613.91
2014-04-17,636.22
2014-04-18,610.8
2014-04-19,588.8
2014-04-20,607.05
2014-04-21,606.69
2014-04-22,600.77
2014-04-23,592.61
2014-04-24,589.09
2014-04-25,582.13
2014-04-26,556.7
2014-04-27,552.36
2014-04-28,528.54
2014-04-29,525.96
2014-04-30,530.42
2014-05-01,533.55
2014-05-02,543.2
2014-05-03,533.89
2014-05-04,519.03
2014-05-05,514.34
2014-05-06,508.84
2014-05-07,504.55
2014-05-08,516.3
2014-05-09,516
2014-05-10,524.69
2014-05-11,529.98
2014-05-12,512.56
2014-05-13,511.99
2014-05-14,510.26
2014-05-15,516
2014-05-16,517.49
2014-05-17,518.99
2014-05-18,519.59
2014-05-19,515.37
2014-05-20,534.11
2014-05-21,554.86
2014-05-22,568.95
2014-05-23,600.64
2014-05-24,608.01
2014-05-25,620.54
2014-05-26,653.77
2014-05-27,671.35
2014-05-28,661.78
2014-05-29,659.96
2014-05-30,672.99
2014-05-31,700.44
2014-06-01,713.8
2014-06-02,731.91
2014-06-03,739.14
2014-06-04,757.78
2014-06-05,732.36
2014-06-06,748.85
2014-06-07,744.55
2014-06-08,745.61
2014-06-09,736.96
2014-06-10,737.94
2014-06-11,740.29
2014-06-12,723.55
2014-06-13,687.34
2014-06-14,672.54
2014-06-15,646.26
2014-06-16,648.7
2014-06-17,668.54
2014-06-18,675.53
2014-06-19,676.44
2014-06-20,671.98
2014-06-21,661.45
2014-06-22,661.28
2014-06-23,665.9
2014-06-24,652.19
2014-06-25,648.21
2014-06-26,627.97
2014-06-27,640.92
2014-06-28,658.54
2014-06-29,669.64
2014-06-30,654.27
2014-07-01,693.19
2014-07-02,710.47
2014-07-03,713.23
2014-07-04,700.89
2014-07-05,693.29
2014-07-06,688.86
2014-07-07,689.35
2014-07-08,676.95
2014-07-09,674.62
2014-07-10,675.7
2014-07-11,669.13
2014-07-12,679.97
2014-07-13,682.7
2014-07-14,672.07
2014-07-15,666.11
2014-07-16,665.92
2014-07-17,661.47
2014-07-18,664.77
2014-07-19,668.29
2014-07-20,670.67
2014-07-21,662.2
2014-07-22,658.61
2014-07-23,658.94
2014-07-24,650.21
2014-07-25,638.95
2014-07-26,635.45
2014-07-27,629.08
2014-07-28,622.82
2014-07-29,613.44
2014-07-30,611.79
2014-07-31,599.32
2014-08-01,606.94
2014-08-02,622.41
2014-08-03,614.85
2014-08-04,609.33
2014-08-05,611.48
2014-08-06,607.72
2014-08-07,606.22
2014-08-08,609.18
2014-08-09,613.81
2014-08-10,610.49
2014-08-11,608.58
2014-08-12,597.23
2014-08-13,572.01
2014-08-14,565.01
2014-08-15,531.68
2014-08-16,515.23
2014-08-17,528.31
2014-08-18,511.12
2014-08-19,478.67
2014-08-20,494.54
2014-08-21,517.1
2014-08-22,532.48
2014-08-23,524.3
2014-08-24,512.16
2014-08-25,516.35
2014-08-26,510.92
2014-08-27,518.94
2014-08-28,517.1
2014-08-29,516.04
2014-08-30,515.32
2014-08-31,507.96
2014-09-01,485.32
2014-09-02,480.11
2014-09-03,479.23
2014-09-04,478.54
2014-09-05,488.94
2014-09-06,484.25
2014-09-07,482.55
2014-09-08,478.92
2014-09-09,468.48
2014-09-10,468.1
2014-09-11,478.82
2014-09-12,473.1
2014-09-13,471.74
2014-09-14,474.91
2014-09-15,470.23
2014-09-16,467.36
2014-09-17,449.29
2014-09-18,448.75
2014-09-19,420.7
2014-09-20,392.97
2014-09-21,402.08
2014-09-22,393.92
2014-09-23,391.08
2014-09-24,415.51
2014-09-25,414.8
2014-09-26,400.05
2014-09-27,389.36
2014-09-28,389.68
2014-09-29,370.64
2014-09-30,363.72
2014-10-01,371.04
2014-10-02,358.89
2014-10-03,361.26
2014-10-04,346.83
2014-10-05,320.47
2014-10-06,299.3
2014-10-07,316.83
2014-10-08,314.38
2014-10-09,328.18
2014-10-10,347.77
2014-10-11,341.04
2014-10-12,347.1
2014-10-13,347.85
2014-10-14,360.22
2014-10-15,378.8
2014-10-16,369.14
2014-10-17,359.1
2014-10-18,358.08
2014-10-19,364.15
2014-10-20,362.24
2014-10-21,355.67
2014-10-22,352.89
2014-10-23,356.1
2014-10-24,338.04
2014-10-25,332.76
2014-10-26,323.45
2014-10-27,324.19
2014-10-28,325.72
2014-10-29,326.97
2014-10-30,314.14
2014-10-31,315.74
2014-11-01,310.34
2014-11-02,301.03
2014-11-03,296.77
2014-11-04,298.8
2014-11-05,300.2
2014-11-06,312.08
2014-11-07,317.65
2014-11-08,314.73
2014-11-09,315.97
2014-11-10,325.68
2014-11-11,341.29
2014-11-12,334.28
2014-11-13,377.11
2014-11-14,382.11
2014-11-15,361.29
2014-11-16,345.64
2014-11-17,349.38
2014-11-18,351.84
2014-11-19,340.53
2014-11-20,340.78
2014-11-21,326.83
2014-11-22,317.14
2014-11-23,320.61
2014-11-24,325.01
2014-11-25,338.81
2014-11-26,338.78
2014-11-27,331.21
2014-11-28,331.15
2014-11-29,335.76
2014-11-30,336.85
2014-12-01,335.83
2014-12-02,337.18
2014-12-03,339.13
2014-12-04,335.63
2014-12-05,331.01
2014-12-06,330.35
2014-12-07,332.51
2014-12-08,330.15
2014-12-09,321.96
2014-12-10,310.24
2014-12-11,306.4
2014-12-12,307.98
2014-12-13,309.36
2014-12-14,305.22
2014-12-15,306.13
2014-12-16,296.76
2014-12-17,288.43
2014-12-18,279.92
2014-12-19,272.41
2014-12-20,274.39
2014-12-21,283.74
2014-12-22,279.02
2014-12-23,285.64
2014-12-24,290.02
2014-12-25,281.81
2014-12-26,275.74
2014-12-27,282.04
2014-12-28,273.39
2014-12-29,271.73
2014-12-30,270.09
2014-12-31,265.94
2015-01-01,272
2015-01-02,270.4
2015-01-03,269.6
2015-01-04,249.91
2015-01-05,231.12
2015-01-06,230.82
2015-01-07,240.65
2015-01-08,249.73
2015-01-09,244.24
2015-01-10,236.16
2015-01-11,234.02
2015-01-12,226.44
2015-01-13,226.42
2015-01-14,197.75
2015-01-15,161.97
2015-01-16,175.78
2015-01-17,175.46
2015-01-18,167.26
2015-01-19,174.15
2015-01-20,179.65
2015-01-21,176.01
2015-01-22,183.06
2015-01-23,193.53
2015-01-24,193.39
2015-01-25,204.91
2015-01-26,206.85
2015-01-27,226.35
2015-01-28,216.45
2015-01-29,199.16
2015-01-30,191.76
2015-01-31,189.05
2015-02-01,183.75
2015-02-02,183.19
2015-02-03,189.02
2015-02-04,187.74
2015-02-05,185.58
2015-02-06,179.36
2015-02-07,181.53
2015-02-08,185.71
2015-02-09,181.25
2015-02-10,178.92
2015-02-11,178.24
2015-02-12,178.59
2015-02-13,178.72
2015-02-14,188.98
2015-02-15,201.23
2015-02-16,190.3
2015-02-17,186.06
2015-02-18,190.34
2015-02-19,187.45
2015-02-20,188.95
2015-02-21,191.85
2015-02-22,192.42
2015-02-23,186.7
2015-02-24,187.57
2015-02-25,187.02
2015-02-26,186.36
2015-02-27,185.39
2015-02-28,198.34
2015-03-01,201.61
2015-03-02,198.25
2015-03-03,209.73
2015-03-04,219.4
2015-03-05,216.39
2015-03-06,215.09
2015-03-07,215.24
2015-03-08,216.82
2015-03-09,215.47
2015-03-10,224.67
2015-03-11,229.7
2015-03-12,232.53
2015-03-13,233.09
2015-03-14,227.44
2015-03-15,222.66
2015-03-16,221.2
2015-03-17,227.89
2015-03-18,224.99
2015-03-19,207.75
2015-03-20,202.66
2015-03-21,204.18
2015-03-22,203.18
2015-03-23,206.84
2015-03-24,206.99
2015-03-25,194.75
2015-03-26,191.54
2015-03-27,194.16
2015-03-28,192.33
2015-03-29,195.55
2015-03-30,188.43
2015-03-31,191.3
2015-04-01,188.81
2015-04-02,189.23
2015-04-03,193.85
2015-04-04,195.91
2015-04-05,194.79
2015-04-06,197.85
2015-04-07,196.28
2015-04-08,195.08
2015-04-09,189.23
2015-04-10,184.57
2015-04-11,181.12
2015-04-12,180.29
2015-04-13,179.65
2015-04-14,173.14
2015-04-15,167.48
2015-04-16,168.71
2015-04-17,173.36
2015-04-18,169.69
2015-04-19,168.63
2015-04-20,170.03
2015-04-21,168.99
2015-04-22,173.28
2015-04-23,177.3
2015-04-24,177.21
2015-04-25,173.02
2015-04-26,171.08
2015-04-27,163.83
2015-04-28,168.17
2015-04-29,168.92
2015-04-30,171.34
2015-05-01,176.05
2015-05-02,175.24
2015-05-03,175.35
2015-05-04,178.81
2015-05-05,177.3
2015-05-06,175.25
2015-05-07,173.05
2015-05-08,174.91
2015-05-09,179.44
2015-05-10,178.23
2015-05-11,177.24
2015-05-12,178.32
2015-05-13,177.92
2015-05-14,176.86
2015-05-15,175.25
2015-05-16,174.58
2015-05-17,173.2
2015-05-18,172.98
2015-05-19,171.38
2015-05-20,170.8
2015-05-21,170.75
2015-05-22,171.62
2015-05-23,174.22
2015-05-24,174.04
2015-05-25,173.71
2015-05-26,171.61
2015-05-27,171.2
2015-05-28,171.37
2015-05-29,171.61
2015-05-30,169.45
2015-05-31,167.68
2015-06-01,165.63
2015-06-02,160.49
2015-06-03,161.25
2015-06-04,161.5
2015-06-05,160.93
2015-06-06,160.78
2015-06-07,160.55
2015-06-08,159.06
2015-06-09,162.02
2015-06-10,163.2
2015-06-11,162.83
2015-06-12,163.27
2015-06-13,163.53
2015-06-14,165.91
2015-06-15,164.95
2015-06-16,166.74
2015-06-17,172.58
2015-06-18,175.48
2015-06-19,172.57
2015-06-20,170.87
2015-06-21,169.48
2015-06-22,168.52
2015-06-23,170.05
2015-06-24,168.74
2015-06-25,166.8
2015-06-26,167.4
2015-06-27,167.19
2015-06-28,170.81
2015-06-29,172.02
2015-06-30,174.54
2015-07-01,176.52
2015-07-02,174.8
2015-07-03,172.81
2015-07-04,174.46
2015-07-05,174.4
2015-07-06,180.42
2015-07-07,179.16
2015-07-08,172.55
2015-07-09,169.61
2015-07-10,163.7
2015-07-11,170.14
2015-07-12,167.06
2015-07-13,170.84
2015-07-14,159.39
2015-07-15,161.09
2015-07-16,162.2
2015-07-17,158.47
2015-07-18,159.41
2015-07-19,159.21
2015-07-20,158.77
2015-07-21,161.08
2015-07-22,161.04
2015-07-23,160.66
2015-07-24,162.58
2015-07-25,166.2
2015-07-26,167.5
2015-07-27,168.03
2015-07-28,167.92
2015-07-29,166.88
2015-07-30,159.17
2015-07-31,153.24
2015-08-01,145.05
2015-08-02,137.36
2015-08-03,136.66
2015-08-04,136.61
2015-08-05,133.73
2015-08-06,128.64
2015-08-07,122.78
2015-08-08,120.47
2015-08-09,116.85
2015-08-10,115.01
2015-08-11,115.35
2015-08-12,117.07
2015-08-13,116.18
2015-08-14,115.74
2015-08-15,116.15
2015-08-16,115.19
2015-08-17,112.79
2015-08-18,109.87
2015-08-19,105.39
2015-08-20,100.36
2015-08-21,102.03
2015-08-22,101.58
2015-08-23,98.95
2015-08-24,99.24
2015-08-25,93.55
2015-08-26,95.16
2015-08-27,98.29
2015-08-28,98.34
2015-08-29,99.94
2015-08-30,99.62
2015-08-31,98.88
2015-09-01,99.62
2015-09-02,99.13
2015-09-03,94.09
2015-09-04,93.57
2015-09-05,94.47
2015-09-06,95.76
2015-09-07,98.09
2015-09-08,98.22
2015-09-09,99.94
2015-09-10,99.37
2015-09-11,99.86
2015-09-12,100.13
2015-09-13,99.86
2015-09-14,97.99
2015-09-15,98.15
2015-09-16,98.93
2015-09-17,99.15
2015-09-18,100.73
2015-09-19,100.8
2015-09-20,100.36
2015-09-21,99.78
2015-09-22,98.75
2015-09-23,99.25
2015-09-24,99.51
2015-09-25,101
2015-09-26,101.5
2015-09-27,101.55
2015-09-28,100.54
2015-09-29,102.67
2015-09-30,102.58
2015-10-01,102.28
2015-10-02,102.99
2015-10-03,102.59
2015-10-04,103.18
2015-10-05,102.96
2015-10-06,103.16
2015-10-07,105.8
2015-10-08,105.84
2015-10-09,105.88
2015-10-10,106.65
2015-10-11,107.72
2015-10-12,109.62
2015-10-13,108.6
2015-10-14,110.22
2015-10-15,112.07
2015-10-16,113.16
2015-10-17,117.51
2015-10-18,119.67
2015-10-19,117.6
2015-10-20,117.64
2015-10-21,120.3
2015-10-22,121.31
2015-10-23,122.07
2015-10-24,123.85
2015-10-25,125.52
2015-10-26,128.61
2015-10-27,131.02
2015-10-28,131.56
2015-10-29,135.14
2015-10-30,139.63
2015-10-31,146.17
2015-11-01,149.53
2015-11-02,143.45
2015-11-03,155.61
2015-11-04,175.62
2015-11-05,197.07
2015-11-06,176.9
2015-11-07,167.31
2015-11-08,172.69
2015-11-09,170.15
2015-11-10,169.87
2015-11-11,155.4
2015-11-12,141.18
2015-11-13,148.66
2015-11-14,150.36
2015-11-15,149.65
2015-11-16,145.44
2015-11-17,146.77
2015-11-18,150.21
2015-11-19,149.94
2015-11-20,147.42
2015-11-21,144.15
2015-11-22,146.02
2015-11-23,144.85
2015-11-24,144.78
2015-11-25,143.76
2015-11-26,150.37
2015-11-27,155.66
2015-11-28,160.31
2015-11-29,159.67
2015-11-30,164.25
2015-12-01,167.43
2015-12-02,163.32
2015-12-03,160.64
2015-12-04,162.79
2015-12-05,162.69
2015-12-06,174.13
2015-12-07,175.96
2015-12-08,176.77
2015-12-09,181.31
2015-12-10,186.92
2015-12-11,189.89
2015-12-12,199.51
2015-12-13,193.49
2015-12-14,194.92
2015-12-15,198.15
2015-12-16,206.22
2015-12-17,203.51
2015-12-18,203.28
2015-12-19,206.42
2015-12-20,205.75
2015-12-21,198.76
2015-12-22,194.05
2015-12-23,193.92
2015-12-24,196.38
2015-12-25,201.38
2015-12-26,197.78
2015-12-27,186.8
2015-12-28,185.69
2015-12-29,186.45
2015-12-30,189.66
2015-12-31,189.37
2016-01-01,189.51
2016-01-02,191.33
2016-01-03,191.2
2016-01-04,188.77
2016-01-05,191.93
2016-01-06,190.53
2016-01-07,189.72
2016-01-08,200.07
2016-01-09,199.9
2016-01-10,196.7
2016-01-11,196.32
2016-01-12,196.8
2016-01-13,194.13
2016-01-14,188.83
2016-01-15,182.84
2016-01-16,167.12
2016-01-17,167.44
2016-01-18,167.79
2016-01-19,168.19
2016-01-20,168.18
2016-01-21,179.68
2016-01-22,178.3
2016-01-23,169.44
2016-01-24,171.11
2016-01-25,174.79
2016-01-26,171.65
2016-01-27,171.81
2016-01-28,171.18
2016-01-29,166.2
2016-01-30,165.08
2016-01-31,164.84
2016-02-01,163
2016-02-02,162.65
2016-02-03,163.69
2016-02-04,163.78
2016-02-05,169.48
2016-02-06,168.78
2016-02-07,164.87
2016-02-08,163.89
2016-02-09,162.74
2016-02-10,163.33
2016-02-11,165.46
2016-02-12,164.81
2016-02-13,167.44
2016-02-14,171.08
2016-02-15,175.3
2016-02-16,174.62
2016-02-17,176.95
2016-02-18,180.84
2016-02-19,181.93
2016-02-20,182.73
2016-02-21,188.66
2016-02-22,188.87
2016-02-23,187.06
2016-02-24,181.24
2016-02-25,181.84
2016-02-26,182.03
2016-02-27,184.07
2016-02-28,185.2
2016-02-29,185.78
2016-03-01,186.38
2016-03-02,184.77
2016-03-03,181.8
2016-03-04,178.84
2016-03-05,175.74
2016-03-06,171.37
2016-03-07,173.45
2016-03-08,175.77
2016-03-09,175.63
2016-03-10,176.73
2016-03-11,178.4
2016-03-12,178.92
2016-03-13,176.31
2016-03-14,176.35
2016-03-15,177.21
2016-03-16,177.71
2016-03-17,178.2
2016-03-18,178.06
2016-03-19,174.38
2016-03-20,173.72
2016-03-21,174.59
2016-03-22,174.95
2016-03-23,176.64
2016-03-24,176.76
2016-03-25,176.21
2016-03-26,176.55
2016-03-27,177.32
2016-03-28,179.76
2016-03-29,178.91
2016-03-30,176.96
2016-03-31,176.43
2016-04-01,177.28
2016-04-02,177.96
2016-04-03,179.16
2016-04-04,179.15
2016-04-05,179.17
2016-04-06,180.2
2016-04-07,179.79
2016-04-08,179.43
2016-04-09,178.06
2016-04-10,177.73
2016-04-11,178.31
2016-04-12,179.06
2016-04-13,179.83
2016-04-14,179.08
2016-04-15,179.3
2016-04-16,181.01
2016-04-17,181.17
2016-04-18,179.85
2016-04-19,179.78
2016-04-20,182.01
2016-04-21,184.81
2016-04-22,187.27
2016-04-23,186.73
2016-04-24,187.98
2016-04-25,190.89
2016-04-26,191.76
2016-04-27,192.73
2016-04-28,185.79
2016-04-29,185.08
2016-04-30,186.78
2016-05-01,184.7
2016-05-02,184.54
2016-05-03,182.05
2016-05-04,183.68
2016-05-05,182.7
2016-05-06,183.23
2016-05-07,186.11
2016-05-08,186.87
2016-05-09,186.41
2016-05-10,186.58
2016-05-11,183.29
2016-05-12,182.76
2016-05-13,183.03
2016-05-14,183.49
2016-05-15,183.44
2016-05-16,183.93
2016-05-17,182.03
2016-05-18,181.47
2016-05-19,180.8
2016-05-20,176.2
2016-05-21,176.18
2016-05-22,176.65
2016-05-23,175.59
2016-05-24,176.72
2016-05-25,177.7
2016-05-26,178.65
2016-05-27,181.83
2016-05-28,190.89
2016-05-29,206.35
2016-05-30,211.62
2016-05-31,212.79
2016-06-01,211.35
2016-06-02,212.42
2016-06-03,214.24
2016-06-04,224.67
2016-06-05,226.25
2016-06-06,227.34
2016-06-07,229.73
2016-06-08,226.96
2016-06-09,227.77
2016-06-10,225.87
2016-06-11,226.82
2016-06-12,237.6
2016-06-13,259.38
2016-06-14,271.3
2016-06-15,267.03
2016-06-16,273.85
2016-06-17,294.38
2016-06-18,291.3
2016-06-19,294.55
2016-06-20,295.54
2016-06-21,281.48
2016-06-22,257.42
2016-06-23,238
2016-06-24,241.16
2016-06-25,256.17
2016-06-26,254.71
2016-06-27,244.37
2016-06-28,250.49
2016-06-29,248.31
2016-06-30,247.04
2016-07-01,257.77
2016-07-02,261.27
2016-07-03,266.59
2016-07-04,255.68
2016-07-05,259.22
2016-07-06,257.09
2016-07-07,256.01
2016-07-08,244.94
2016-07-09,251
2016-07-10,247.77
2016-07-11,247.68
2016-07-12,248.29
2016-07-13,252.86
2016-07-14,250.42
2016-07-15,251.33
2016-07-16,252.31
2016-07-17,253.12
2016-07-18,257.89
2016-07-19,256.23
2016-07-20,255.07
2016-07-21,253.02
2016-07-22,251.61
2016-07-23,247.85
2016-07-24,247.98
2016-07-25,249.37
2016-07-26,247.14
2016-07-27,245.99
2016-07-28,247.02
2016-07-29,246.91
2016-07-30,247.41
2016-07-31,244.61
2016-08-01,236.33
2016-08-02,229.48
2016-08-03,211.54
2016-08-04,212.16
2016-08-05,216.18
2016-08-06,216.03
2016-08-07,220.31
2016-08-08,222.55
2016-08-09,221.7
2016-08-10,220.32
2016-08-11,222.46
2016-08-12,220.78
2016-08-13,219.79
2016-08-14,218.5
2016-08-15,213.7
2016-08-16,212.94
2016-08-17,215.06
2016-08-18,213.97
2016-08-19,214.15
2016-08-20,214.62
2016-08-21,216.44
2016-08-22,216.75
2016-08-23,217.92
2016-08-24,216.97
2016-08-25,215.31
2016-08-26,214.14
2016-08-27,214.17
2016-08-28,211.47
2016-08-29,212.5
2016-08-30,213.16
2016-08-31,213.49
2016-09-01,212.35
2016-09-02,212.09
2016-09-03,212.96
2016-09-04,219.93
2016-09-05,224.97
2016-09-06,224.41
2016-09-07,225.37
2016-09-08,227.08
2016-09-09,230.04
2016-09-10,229.51
2016-09-11,229.56
2016-09-12,224.78
2016-09-13,223.71
2016-09-14,224.76
2016-09-15,224.82
2016-09-16,223.92
2016-09-17,224.04
2016-09-18,223.9
2016-09-19,224.77
2016-09-20,224.45
2016-09-21,221.85
2016-09-22,219.4
2016-09-23,219.27
2016-09-24,220.84
2016-09-25,220.8
2016-09-26,220.83
2016-09-27,222.58
2016-09-28,222.47
2016-09-29,222.02
2016-09-30,222.2
2016-10-01,223.21
2016-10-02,224.95
2016-10-03,224.11
2016-10-04,224.36
2016-10-05,223.66
2016-10-06,224
2016-10-07,223.87
2016-10-08,225.1
2016-10-09,225.37
2016-10-10,224.75
2016-10-11,226.58
2016-10-12,232.77
2016-10-13,232.33
2016-10-14,232.17
2016-10-15,232.63
2016-10-16,232.44
2016-10-17,232.78
2016-10-18,231.94
2016-10-19,231
2016-10-20,229.21
2016-10-21,229.03
2016-10-22,230.63
2016-10-23,238.01
2016-10-24,238.68
2016-10-25,239.01
2016-10-26,241.17
2016-10-27,249.18
2016-10-28,252.57
2016-10-29,255.23
2016-10-30,262.27
2016-10-31,259.03
2016-11-01,260.08
2016-11-02,268.43
2016-11-03,270.12
2016-11-04,257.22
2016-11-05,257.38
2016-11-06,259.01
2016-11-07,260.05
2016-11-08,258.57
2016-11-09,261.13
2016-11-10,264.54
2016-11-11,262.02
2016-11-12,261.89
2016-11-13,257.5
2016-11-14,256.91
2016-11-15,258.72
2016-11-16,262.16
2016-11-17,271.46
2016-11-18,272.18
2016-11-19,274
2016-11-20,273.43
2016-11-21,265.72
2016-11-22,267.2
2016-11-23,269
2016-11-24,267.14
2016-11-25,264.89
2016-11-26,264.61
2016-11-27,263.27
2016-11-28,262.36
2016-11-29,262.88
2016-11-30,263.14
2016-12-01,266.1
2016-12-02,271.39
2016-12-03,275.29
2016-12-04,273.78
2016-12-05,273.6
2016-12-06,269.8
2016-12-07,271.24
2016-12-08,273.54
2016-12-09,274.47
2016-12-10,275.43
2016-12-11,275.3
2016-12-12,274.93
2016-12-13,277.43
2016-12-14,277.68
2016-12-15,276.91
2016-12-16,276.68
2016-12-17,278.05
2016-12-18,279.47
2016-12-19,279.74
2016-12-20,280.24
2016-12-21,283.14
2016-12-22,294.69
2016-12-23,306.94
2016-12-24,320.7
2016-12-25,315.06
2016-12-26,315.22
2016-12-27,320.14
2016-12-28,330.13
2016-12-29,342.76
2016-12-30,340.84
2016-12-31,337.92
2017-01-01,340.3
2017-01-02,351.06
2017-01-03,357.75
2017-01-04,364.85
2017-01-05,373.67
2017-01-06,346.66
2017-01-07,313.34
2017-01-08,313.17
2017-01-09,315.23
2017-01-10,311.83
2017-01-11,314.15
2017-01-12,276.61
2017-01-13,277.65
2017-01-14,284.24
2017-01-15,284.86
2017-01-16,283.45
2017-01-17,287.06
2017-01-18,309.64
2017-01-19,304.23
2017-01-20,309.86
2017-01-21,308.25
2017-01-22,316.99
2017-01-23,317.37
2017-01-24,314.79
2017-01-25,308.78
2017-01-26,308.18
2017-01-27,314.46
2017-01-28,316.74
2017-01-29,317.46
2017-01-30,316.16
2017-01-31,318.51
2017-02-01,330.84
2017-02-02,338.3
2017-02-03,348.07
2017-02-04,349.96
2017-02-05,354.54
2017-02-06,349.63
2017-02-07,354.11
2017-02-08,361.91
2017-02-09,361.89
2017-02-10,336.27
2017-02-11,338.91
2017-02-12,344.86
2017-02-13,342.63
2017-02-14,341.68
2017-02-15,344.94
2017-02-16,344.03
2017-02-17,354.09
2017-02-18,359.33
2017-02-19,360.58
2017-02-20,357.8
2017-02-21,366.3
2017-02-22,380.74
2017-02-23,381.79
2017-02-24,395.47
2017-02-25,399.5
2017-02-26,390.88
2017-02-27,397.12
2017-02-28,402.73
2017-03-01,402.25
2017-03-02,411.37
2017-03-03,421.96
2017-03-04,430.76
2017-03-05,424.47
2017-03-06,425.37
2017-03-07,426.96
2017-03-08,414.35
2017-03-09,387.58
2017-03-10,395.92
2017-03-11,388.89
2017-03-12,390.78
2017-03-13,406.47
2017-03-14,411.86
2017-03-15,414.11
2017-03-16,416.96
2017-03-17,394.45
2017-03-18,364.16
2017-03-19,329.48
2017-03-20,339.57
2017-03-21,344.84
2017-03-22,366.32
2017-03-23,343.58
2017-03-24,341.79
2017-03-25,316.02
2017-03-26,313.81
2017-03-27,318.65
2017-03-28,337.05
2017-03-29,341.43
2017-03-30,339.92
2017-03-31,339.79
2017-04-01,350.8
2017-04-02,355.02
2017-04-03,358.22
2017-04-04,373.16
2017-04-05,371.86
2017-04-06,368.28
2017-04-07,383.99
2017-04-08,387.12
2017-04-09,384.37
2017-04-10,391.36
2017-04-11,392.16
2017-04-12,395.03
2017-04-13,393.13
2017-04-14,380.43
2017-04-15,380.42
2017-04-16,379.85
2017-04-17,381.28
2017-04-18,384.47
2017-04-19,391.05
2017-04-20,388.98
2017-04-21,397.53
2017-04-22,399.37
2017-04-23,399.97
2017-04-24,400.02
2017-04-25,399.98
2017-04-26,405.12
2017-04-27,412.07
2017-04-28,421.78
2017-04-29,420.49
2017-04-30,424.14
2017-05-01,426.98
2017-05-02,446.89
2017-05-03,458.56
2017-05-04,471.5
2017-05-05,483.15
2017-05-06,476.3
2017-05-07,485.33
2017-05-08,486.53
2017-05-09,511.03
2017-05-10,536.19
2017-05-11,545.91
2017-05-12,561.83
2017-05-13,521.36
2017-05-14,541.56
2017-05-15,545.62
2017-05-16,525.73
2017-05-17,533.81
2017-05-18,555.44
2017-05-19,577.39
2017-05-20,597.95
2017-05-21,622.74
2017-05-22,622.47
2017-05-23,653
2017-05-24,689.2
2017-05-25,741.21
2017-05-26,717.27
2017-05-27,660.6
2017-05-28,620.54
2017-05-29,650.74
2017-05-30,682.32
2017-05-31,660.51
2017-06-01,691.96
2017-06-02,722.1
2017-06-03,741.51
2017-06-04,760.63
2017-06-05,759.5
2017-06-06,806.28
2017-06-07,861.6
2017-06-08,812.74
2017-06-09,837.51
2017-06-10,845.64
2017-06-11,868.34
2017-06-12,892.82
2017-06-13,779.73
2017-06-14,814.46
2017-06-15,743.54
2017-06-16,714.64
2017-06-17,746.77
2017-06-18,791.43
2017-06-19,761.26
2017-06-20,783.23
2017-06-21,824.95
2017-06-22,799.81
2017-06-23,812.65
2017-06-24,814.63
2017-06-25,772.44
2017-06-26,761.37
2017-06-27,725.08
2017-06-28,754.79
2017-06-29,766.22
2017-06-30,763.69
2017-07-01,744.8
2017-07-02,727.18
2017-07-03,753.24
2017-07-04,770.42
2017-07-05,781.31
2017-07-06,788.62
2017-07-07,783.33
2017-07-08,754.38
2017-07-09,771.09
2017-07-10,760.25
2017-07-11,710.29
2017-07-12,695.56
2017-07-13,720.69
2017-07-14,704.74
2017-07-15,665.75
2017-07-16,609.2
2017-07-17,577.62
2017-07-18,661.62
2017-07-19,703.77
2017-07-20,686.18
2017-07-21,836
2017-07-22,805.35
2017-07-23,858.15
2017-07-24,838.77
2017-07-25,839.63
2017-07-26,772.61
2017-07-27,766.27
2017-07-28,820.72
2017-07-29,851.15
2017-07-30,834.19
2017-07-31,842.52
2017-08-01,873.33
2017-08-02,845.45
2017-08-03,837.91
2017-08-04,865.67
2017-08-05,888.4
2017-08-06,1019.48
2017-08-07,1010.34
2017-08-08,1056.34
2017-08-09,1064.2
2017-08-10,1042.97
2017-08-11,1063.6
2017-08-12,1126.51
2017-08-13,1205.83
2017-08-14,1261.61
2017-08-15,1327.58
2017-08-16,1276.62
2017-08-17,1345.82
2017-08-18,1317.19
2017-08-19,1259.46
2017-08-20,1271.4
2017-08-21,1258.28
2017-08-22,1229.89
2017-08-23,1253.64
2017-08-24,1269.3
2017-08-25,1312.48
2017-08-26,1328.6
2017-08-27,1319.51
2017-08-28,1322.29
2017-08-29,1332.11
2017-08-30,1396.03
2017-08-31,1395.45
2017-09-01,1443.33
2017-09-02,1496.45
2017-09-03,1397.28
2017-09-04,1399.38
2017-09-05,1297.03
2017-09-06,1345.51
2017-09-07,1401.18
2017-09-08,1410.01
2017-09-09,1311.99
2017-09-10,1306.48
2017-09-11,1291.48
2017-09-12,1281.74
2017-09-13,1263.96
2017-09-14,1169.49
2017-09-15,1005.59
2017-09-16,1122.93
2017-09-17,1122.32
2017-09-18,1125.58
2017-09-19,1234.77
2017-09-20,1188.12
2017-09-21,1184.63
2017-09-22,1099.25
2017-09-23,1091.3
2017-09-24,1142.51
2017-09-25,1110.09
2017-09-26,1187.06
2017-09-27,1176.82
2017-09-28,1266.09
2017-09-29,1261.45
2017-09-30,1256.44
2017-10-01,1310.95
2017-10-02,1319.55
2017-10-03,1325.24
2017-10-04,1299.73
2017-10-05,1269.86
2017-10-06,1300.46
2017-10-07,1310.25
2017-10-08,1326.3
2017-10-09,1381.36
2017-10-10,1435.68
2017-10-11,1441.35
2017-10-12,1472.54
2017-10-13,1637.85
2017-10-14,1682.54
2017-10-15,1721.69
2017-10-16,1689.72
2017-10-17,1716.14
2017-10-18,1668.83
2017-10-19,1635.52
2017-10-20,1689.75
2017-10-21,1779.57
2017-10-22,1788.03
2017-10-23,1768.82
2017-10-24,1751.05
2017-10-25,1659.99
2017-10-26,1696.34
2017-10-27,1750.31
2017-10-28,1709.28
2017-10-29,1696.06
2017-10-30,1803.41
2017-10-31,1803.19
2017-11-01,1884.97
2017-11-02,1969.91
2017-11-03,2044.01
2017-11-04,2100.68
2017-11-05,2149.66
2017-11-06,2162.68
2017-11-07,2037.88
2017-11-08,2054.66
2017-11-09,2132.96
2017-11-10,2070.66
2017-11-11,1886.52
2017-11-12,1809.38
2017-11-13,1706.94
2017-11-14,1851.25
2017-11-15,1884.44
2017-11-16,2068.21
2017-11-17,2222.27
2017-11-18,2190.21
2017-11-19,2204.4
2017-11-20,2286.59
2017-11-21,2339.13
2017-11-22,2301.24
2017-11-23,2325.3
2017-11-24,2272.08
2017-11-25,2313.79
2017-11-26,2455.04
2017-11-27,2612.14
2017-11-28,2698
2017-11-29,2763.24
2017-11-30,2715.72
2017-12-01,2729.91
2017-12-02,2973.11
2017-12-03,3008.66
2017-12-04,3133.29
2017-12-05,3156.6
2017-12-06,3206.86
2017-12-07,3663.01
2017-12-08,4398.63
2017-12-09,4224.92
2017-12-10,3898.35
2017-12-11,4100.02
2017-12-12,4508.4
2017-12-13,4616.71
2017-12-14,4345.2
2017-12-15,4374.33
2017-12-16,4632.79
2017-12-17,5053.71
2017-12-18,4991.76
2017-12-19,4963.18
2017-12-20,4569.51
2017-12-21,4277.62
2017-12-22,4047.94
2017-12-23,3606.27
2017-12-24,3694.37
2017-12-25,3577.57
2017-12-26,3568.33
2017-12-27,4013.96
2017-12-28,3946.79
2017-12-29,3690.37
2017-12-30,3680.07
2017-12-31,3206.37
2018-01-01,3510.7
2018-01-02,3429.3
2018-01-03,3753.92
2018-01-04,3833.35
2018-01-05,3806.35
2018-01-06,4223.5
2018-01-07,4265.25
2018-01-08,3995.04
2018-01-09,3701.88
2018-01-10,3554.26
2018-01-11,3660.96
2018-01-12,3236
2018-01-13,3421.33
2018-01-14,3498.1
2018-01-15,3363.67
2018-01-16,3349.37
2018-01-17,2834.72
2018-01-18,2717.57
2018-01-19,2776.86
2018-01-20,2856.86
2018-01-21,3162.04
2018-01-22,2884.98
2018-01-23,2703.68
2018-01-24,2726.76
2018-01-25,2868.29
2018-01-26,2815.42
2018-01-27,2817.24
2018-01-28,2900.08
2018-01-29,2971.93
2018-01-30,2841.83
2018-01-31,2546.98
2018-02-01,2594.56
2018-02-02,2302.02
2018-02-03,2261.09
2018-02-04,2363.14
2018-02-05,2130.56
2018-02-06,1820.8
2018-02-07,2020.48
2018-02-08,2003.39
2018-02-09,2159.02
2018-02-10,2306.76
2018-02-11,2253.86
2018-02-12,2158
2018-02-13,2388.99
2018-02-14,2304.5
2018-02-15,2571.58
2018-02-16,2738.23
2018-02-17,2783.26
2018-02-18,3054.48
2018-02-19,2888.63
2018-02-20,3114.75
2018-02-21,3123.37
2018-02-22,2917.77
2018-02-23,2737.35
2018-02-24,2862.62
2018-02-25,2733.1
2018-02-26,2721.56
2018-02-27,2934.94
2018-02-28,3012.71
2018-03-01,2941.6
2018-03-02,3127.68
2018-03-03,3164.63
2018-03-04,3299.14
2018-03-05,3331.61
2018-03-06,3323.34
2018-03-07,3142.9
2018-03-08,2918.78
2018-03-09,2764.47
2018-03-10,2758.2
2018-03-11,2623.14
2018-03-12,2879.18
2018-03-13,2759.61
2018-03-14,2786.19
2018-03-15,2497.73
2018-03-16,2516.18
2018-03-17,2510.06
2018-03-18,2381.26
2018-03-19,2501.69
2018-03-20,2596.6
2018-03-21,2698.24
2018-03-22,2691.17
2018-03-23,2636
2018-03-24,2700.61
2018-03-25,2584.63
2018-03-26,2562.62
2018-03-27,2472.24
2018-03-28,2365.07
2018-03-29,2406.84
2018-03-30,2148.74
2018-03-31,2074.51
2018-04-01,2101.95
2018-04-02,2057.57
2018-04-03,2132.95
2018-04-04,2240.66
2018-04-05,2049.67
2018-04-06,2045.68
2018-04-07,1996.09
2018-04-08,2083.37
2018-04-09,2119.03
2018-04-10,2044.83
2018-04-11,2061.09
2018-04-12,2095.2
2018-04-13,2396.07
2018-04-14,2373.84
2018-04-15,2420.06
2018-04-16,2525.62
2018-04-17,2440.78
2018-04-18,2393.7
2018-04-19,2473.58
2018-04-20,2505.91
2018-04-21,2677.22
2018-04-22,2693.11
2018-04-23,2654.21
2018-04-24,2695.02
2018-04-25,2911.71
2018-04-26,2668.51
2018-04-27,2799.12
2018-04-28,2697.36
2018-04-29,2816.35
2018-04-30,2828.75
2018-05-01,2777.23
2018-05-02,2725.32
2018-05-03,2770.88
2018-05-04,2905.7
2018-05-05,2911.33
2018-05-06,2951.66
2018-05-07,2892.52
2018-05-08,2819.06
2018-05-09,2762.82
2018-05-10,2802.18
2018-05-11,2704.02
2018-05-12,2534.73
2018-05-13,2551.75
2018-05-14,2610.14
2018-05-15,2611.02
2018-05-16,2544.35
2018-05-17,2503.95
2018-05-18,2420.33
2018-05-19,2476.09
2018-05-20,2470.19
2018-05-21,2555.04
2018-05-22,2519.14
2018-05-23,2395.78
2018-05-24,2251.69
2018-05-25,2267.19
2018-05-26,2230.09
2018-05-27,2188.38
2018-05-28,2190.46
2018-05-29,2123.16
2018-05-30,2226.89
2018-05-31,2200.14
2018-06-01,2235.05
2018-06-02,2238.99
2018-06-03,2272.63
2018-06-04,2298.77
2018-06-05,2243.49
2018-06-06,2284.82
2018-06-07,2300.23
2018-06-08,2312.56
2018-06-09,2295.08
2018-06-10,2249.42
2018-06-11,2030.67
2018-06-12,2064.07
2018-06-13,1969.8
2018-06-14,1897.64
2018-06-15,1996.54
2018-06-16,1924.91
2018-06-17,1949.06
2018-06-18,1934.86
2018-06-19,2013.35
2018-06-20,2029.77
2018-06-21,2049.47
2018-06-22,2035.15
2018-06-23,1834.41
2018-06-24,1867.53
2018-06-25,1857.73
2018-06-26,1890.97
2018-06-27,1841.58
2018-06-28,1863.91
2018-06-29,1780.6
2018-06-30,1883.75
2018-07-01,1945.41
2018-07-02,1932.33
2018-07-03,2016.4
2018-07-04,1985.14
2018-07-05,2009.58
2018-07-06,1992.59
2018-07-07,2008.63
2018-07-08,2054.41
2018-07-09,2036.8
2018-07-10,2027.08
2018-07-11,1922.73
2018-07-12,1950.55
2018-07-13,1919.61
2018-07-14,1922.29
2018-07-15,1942.77
2018-07-16,1976.2
2018-07-17,2092.25
2018-07-18,2278.28
2018-07-19,2305.08
2018-07-20,2332
2018-07-21,2288.06
2018-07-22,2308.36
2018-07-23,2304.88
2018-07-24,2410.16
2018-07-25,2623.34
2018-07-26,2554.27
2018-07-27,2476.8
2018-07-28,2556.45
2018-07-29,2571.5
2018-07-30,2559.62
2018-07-31,2546.82
2018-08-01,2410.93
2018-08-02,2373.88
2018-08-03,2349.46
2018-08-04,2310.21
2018-08-05,2183.33
2018-08-06,2186.91
2018-08-07,2162.44
2018-08-08,2092.53
2018-08-09,1958.41
2018-08-10,2036.09
2018-08-11,1912.72
2018-08-12,1939.95
2018-08-13,1964.76
2018-08-14,1945.87
2018-08-15,1927.61
2018-08-16,1947.2
2018-08-17,1958.56
2018-08-18,2040
2018-08-19,1980.21
2018-08-20,2005.9
2018-08-21,1934.18
2018-08-22,2002.08
2018-08-23,1963.4
2018-08-24,2013.63
2018-08-25,2061.73
2018-08-26,2073.64
2018-08-27,2064.74
2018-08-28,2129.68
2018-08-29,2184.2
2018-08-30,2169.01
2018-08-31,2152.79
2018-09-01,2161.8
2018-09-02,2215.04
2018-09-03,2245.32
2018-09-04,2233.69
2018-09-05,2262.97
2018-09-06,2056.07
2018-09-07,1995.3
2018-09-08,1967.35
2018-09-09,1899.59
2018-09-10,1917.98
2018-09-11,1937.51
2018-09-12,1930.76
2018-09-13,1945.01
2018-09-14,1992.71
2018-09-15,1992.38
2018-09-16,2000.93
2018-09-17,1993.8
2018-09-18,1916.72
2018-09-19,1940.38
2018-09-20,1955.67
2018-09-21,1986.65
2018-09-22,2065.57
2018-09-23,2048.05
2018-09-24,2041.01
2018-09-25,2002.08
2018-09-26,1956.71
2018-09-27,1964.75