Date,Velocity - Daily
2009-01-10,0
2009-01-11,0
2009-01-12,0.00578035
2009-01-13,0.00966292
2009-01-14,0
2009-01-15,0.00235067
2009-01-16,0.0155039
2009-01-17,0.00531209
2009-01-18,0
2009-01-19,0.00309598
2009-01-20,0.0142989
2009-01-21,0.0066778
2009-01-22,0.00923077
2009-01-23,0.00215672
2009-01-24,0.0040678
2009-01-25,0.00596659
2009-01-26,0.000535619
2009-01-27,0.0101885
2009-01-28,0.00145631
2009-01-29,0
2009-01-30,0.00523332
2009-01-31,0
2009-02-01,0.00784929
2009-02-02,0.000751597
2009-02-03,0.000358551
2009-02-04,0.00503087
2009-02-05,0
2009-02-06,0
2009-02-07,0
2009-02-08,0.00699766
2009-02-09,0.0056243
2009-02-10,0.0119241
2009-02-11,0
2009-02-12,0.00278996
2009-02-13,0
2009-02-14,0
2009-02-15,0
2009-02-16,0.00404494
2009-02-17,0.00656168
2009-02-18,0
2009-02-19,0
2009-02-20,0.00324478
2009-02-21,0
2009-02-22,0
2009-02-23,0.00397126
2009-02-24,0
2009-02-25,0
2009-02-26,0
2009-02-27,0
2009-02-28,0.00617602
2009-03-01,0.00118084
2009-03-02,0
2009-03-03,0
2009-03-04,0.00128082
2009-03-05,0.00393701
2009-03-06,0.00123801
2009-03-07,0
2009-03-08,0
2009-03-09,0.00455681
2009-03-10,0
2009-03-11,0
2009-03-12,0
2009-03-13,0.000413793
2009-03-14,0.00203721
2009-03-15,0
2009-03-16,0
2009-03-17,0.00622003
2009-03-18,0
2009-03-19,0.00176211
2009-03-20,0
2009-03-21,0.0014661
2009-03-22,0
2009-03-23,0.00131673
2009-03-24,0
2009-03-25,0
2009-03-26,0
2009-03-27,0.00317352
2009-03-28,0
2009-03-29,0.00221043
2009-03-30,0
2009-03-31,0
2009-04-01,0.00340643
2009-04-02,0
2009-04-03,0
2009-04-04,0
2009-04-05,0
2009-04-06,0.00170307
2009-04-07,0
2009-04-08,0
2009-04-09,0
2009-04-10,0
2009-04-11,0
2009-04-12,0.000658948
2009-04-13,0.00176892
2009-04-14,0.000092115
2009-04-15,0
2009-04-16,0
2009-04-17,0
2009-04-18,0
2009-04-19,0.000318683
2009-04-20,0.000691264
2009-04-21,0.00983579
2009-04-22,0.0000846382
2009-04-23,0
2009-04-24,0
2009-04-25,0
2009-04-26,0
2009-04-27,0.00121399
2009-04-28,0
2009-04-29,0
2009-04-30,0.00157418
2009-05-01,0
2009-05-02,0
2009-05-03,0.00114643
2009-05-04,0.000166806
2009-05-05,0.00225276
2009-05-06,0.000743384
2009-05-07,0
2009-05-08,0
2009-05-09,0
2009-05-10,0
2009-05-11,0
2009-05-12,0.000141854
2009-05-13,0
2009-05-14,0.000209219
2009-05-15,0.000276248
2009-05-16,0.000684229
2009-05-17,0
2009-05-18,0
2009-05-19,0
2009-05-20,0
2009-05-21,0
2009-05-22,0
2009-05-23,0
2009-05-24,0
2009-05-25,0
2009-05-26,0
2009-05-27,0
2009-05-28,0
2009-05-29,0
2009-05-30,0.00374672
2009-05-31,0
2009-06-01,0
2009-06-02,0.0000613874
2009-06-03,0
2009-06-04,0
2009-06-05,0
2009-06-06,0
2009-06-07,0
2009-06-08,0
2009-06-09,0
2009-06-10,0
2009-06-11,0
2009-06-12,0
2009-06-13,0
2009-06-14,0
2009-06-15,0
2009-06-16,0
2009-06-17,0
2009-06-18,0
2009-06-19,0
2009-06-20,0
2009-06-21,0
2009-06-22,0
2009-06-23,0.00336549
2009-06-24,0
2009-06-25,0.000165543
2009-06-26,0.00110699
2009-06-27,0
2009-06-28,0
2009-06-29,0.0000546837
2009-06-30,0.000157866
2009-07-01,0
2009-07-02,0.000107939
2009-07-03,0.0000537288
2009-07-04,0
2009-07-05,0
2009-07-06,0
2009-07-07,0
2009-07-08,0
2009-07-09,0
2009-07-10,0
2009-07-11,0
2009-07-12,0
2009-07-13,0
2009-07-14,0
2009-07-15,0
2009-07-16,0
2009-07-17,0
2009-07-18,0
2009-07-19,0
2009-07-20,0
2009-07-21,0.00608925
2009-07-22,0
2009-07-23,0
2009-07-24,0
2009-07-25,0
2009-07-26,0
2009-07-27,0
2009-07-28,0
2009-07-29,0
2009-07-30,0.0000982898
2009-07-31,0.0000491087
2009-08-01,0
2009-08-02,0
2009-08-03,0
2009-08-04,0
2009-08-05,0
2009-08-06,0
2009-08-07,0
2009-08-08,0.00534097
2009-08-09,0
2009-08-10,0
2009-08-11,0
2009-08-12,0
2009-08-13,0
2009-08-14,0
2009-08-15,0
2009-08-16,0
2009-08-17,0
2009-08-18,0
2009-08-19,0
2009-08-20,0
2009-08-21,0
2009-08-22,0
2009-08-23,0
2009-08-24,0
2009-08-25,0
2009-08-26,0
2009-08-27,0.00217625
2009-08-28,0
2009-08-29,0
2009-08-30,0
2009-08-31,0.0000457498
2009-09-01,0.000273423
2009-09-02,0
2009-09-03,0
2009-09-04,0.000632083
2009-09-05,0
2009-09-06,0
2009-09-07,0
2009-09-08,0.000579452
2009-09-09,0
2009-09-10,0
2009-09-11,0
2009-09-12,0
2009-09-13,0
2009-09-14,0
2009-09-15,0
2009-09-16,0
2009-09-17,8.68583e-7
2009-09-18,0.0043704
2009-09-19,0
2009-09-20,0
2009-09-21,0
2009-09-22,0.000341749
2009-09-23,0.00170692
2009-09-24,0
2009-09-25,0
2009-09-26,0.00109899
2009-09-27,0.000673457
2009-09-28,0
2009-09-29,0
2009-09-30,0.00179032
2009-10-01,0
2009-10-02,0
2009-10-03,0.000412252
2009-10-04,0
2009-10-05,0
2009-10-06,0
2009-10-07,0.000735715
2009-10-08,0
2009-10-09,0
2009-10-10,0
2009-10-11,0
2009-10-12,0
2009-10-13,0.00405883
2009-10-14,0
2009-10-15,0
2009-10-16,0
2009-10-17,0.00771648
2009-10-18,0
2009-10-19,0.000276986
2009-10-20,0
2009-10-21,0.00396395
2009-10-22,0.000704065
2009-10-23,0.0093181
2009-10-24,0
2009-10-25,0.00949612
2009-10-26,0
2009-10-27,0
2009-10-28,0.00999577
2009-10-29,0
2009-10-30,0.0015695
2009-10-31,0
2009-11-01,0
2009-11-02,0
2009-11-03,0
2009-11-04,0
2009-11-05,0.0117371
2009-11-06,0
2009-11-07,0
2009-11-08,0
2009-11-09,0
2009-11-10,0
2009-11-11,0.0130524
2009-11-12,0.0539455
2009-11-13,0.0000742253
2009-11-14,0.000370028
2009-11-15,0
2009-11-16,0
2009-11-17,0
2009-11-18,0
2009-11-19,0
2009-11-20,0.03221
2009-11-21,0
2009-11-22,0
2009-11-23,0
2009-11-24,0
2009-11-25,0
2009-11-26,0
2009-11-27,0
2009-11-28,0
2009-11-29,0
2009-11-30,0
2009-12-01,0
2009-12-02,0.00704793
2009-12-03,0
2009-12-04,0
2009-12-05,0
2009-12-06,0.000624978
2009-12-07,0.0000968724
2009-12-08,0.000689275
2009-12-09,0.000343395
2009-12-10,0.00161208
2009-12-11,0
2009-12-12,0.00353345
2009-12-13,0
2009-12-14,0
2009-12-15,0.0218728
2009-12-16,0.00422445
2009-12-17,0
2009-12-18,0.000198515
2009-12-19,0
2009-12-20,0.0000326829
2009-12-21,0.0000324971
2009-12-22,0
2009-12-23,0
2009-12-24,0
2009-12-25,0
2009-12-26,0.0000316797
2009-12-27,0
2009-12-28,0.000156705
2009-12-29,0
2009-12-30,0
2009-12-31,0
2010-01-01,0
2010-01-02,0.0000613008
2010-01-03,0
2010-01-04,0
2010-01-05,0.0125634
2010-01-06,0
2010-01-07,0
2010-01-08,0
2010-01-09,0
2010-01-10,0
2010-01-11,0
2010-01-12,0
2010-01-13,0.00627061
2010-01-14,0.0000335163
2010-01-15,0.000233073
2010-01-16,0.000115057
2010-01-17,0.000143351
2010-01-18,0
2010-01-19,0.0000283487
2010-01-20,0
2010-01-21,0
2010-01-22,0.000385251
2010-01-23,0.000139412
2010-01-24,0.0000283137
2010-01-25,0.0000276403
2010-01-26,0.00181369
2010-01-27,0.000477245
2010-01-28,0.000544232
2010-01-29,0.000568705
2010-01-30,0.000511812
2010-01-31,0.000910722
2010-02-01,0.000586698
2010-02-02,0.00137997
2010-02-03,0.000555159
2010-02-04,0.000157493
2010-02-05,0.00106976
2010-02-06,0.00635503
2010-02-07,0.00108412
2010-02-08,0.000256173
2010-02-09,0.00342357
2010-02-10,0.0106186
2010-02-11,0.015329
2010-02-12,0.00186389
2010-02-13,0.00383603
2010-02-14,0.00309046
2010-02-15,0.00973317
2010-02-16,0.00224685
2010-02-17,0.000375157
2010-02-18,0.0286906
2010-02-19,0.00140923
2010-02-20,0.00004839
2010-02-21,0.000312929
2010-02-22,0.00300092
2010-02-23,0.00680531
2010-02-24,0.0000236541
2010-02-25,0.00249723
2010-02-26,0.00497641
2010-02-27,0.00511958
2010-02-28,0.000210036
2010-03-01,0.00245888
2010-03-02,0.000739098
2010-03-03,0.000919879
2010-03-04,0.00467504
2010-03-05,0.00883138
2010-03-06,0.0000681942
2010-03-07,0.010753
2010-03-08,0.00338234
2010-03-09,0.00406772
2010-03-10,0.00181537
2010-03-11,0.0011612
2010-03-12,0.00142495
2010-03-13,0.000155435
2010-03-14,0.000796672
2010-03-15,0.00068413
2010-03-16,0.0000668896
2010-03-17,0.000527055
2010-03-18,0.000546926
2010-03-19,0.00300981
2010-03-20,0.00147643
2010-03-21,0.00214309
2010-03-22,0.000216482
2010-03-23,0.00103099
2010-03-24,0.00170513
2010-03-25,0.000767018
2010-03-26,0.0102292
2010-03-27,0.00169065
2010-03-28,0.00128429
2010-03-29,0.000713042
2010-03-30,0.00144116
2010-03-31,0.000228724
2010-04-01,0.000672519
2010-04-02,0.000515783
2010-04-03,0.000411303
2010-04-04,0.000706533
2010-04-05,0.00140937
2010-04-06,0.0043319
2010-04-07,0.00208687
2010-04-08,0.00222515
2010-04-09,0.00150616
2010-04-10,0.0116015
2010-04-11,0.0060102
2010-04-12,0.00637472
2010-04-13,0.011356
2010-04-14,0.000844409
2010-04-15,0.0243844
2010-04-16,0.0224554
2010-04-17,0.00502045
2010-04-18,0.00164883
2010-04-19,0.0147019
2010-04-20,0.00908697
2010-04-21,0.00554864
2010-04-22,0.00310082
2010-04-23,0.00824996
2010-04-24,0.00148051
2010-04-25,0.0044845
2010-04-26,0.00599861
2010-04-27,0.00646095
2010-04-28,0.0012859
2010-04-29,0.00351512
2010-04-30,0.00170437
2010-05-01,0.0227804
2010-05-02,0.00199715
2010-05-03,0.00158545
2010-05-04,0.00356842
2010-05-05,0.00550332
2010-05-06,0.00699347
2010-05-07,0.00591289
2010-05-08,0.0125991
2010-05-09,0.00592548
2010-05-10,0.00374028
2010-05-11,0.00303988
2010-05-12,0.000739232
2010-05-13,0.00781383
2010-05-14,0.00389712
2010-05-15,0.00564453
2010-05-16,0.00113581
2010-05-17,0.000870181
2010-05-18,0.0038178
2010-05-19,0.00476256
2010-05-20,0.00399993
2010-05-21,0.00165176
2010-05-22,0.0136991
2010-05-23,0.0157895
2010-05-24,0.00756892
2010-05-25,0.00215872
2010-05-26,0.002634
2010-05-27,0.00581425
2010-05-28,0.00502788
2010-05-29,0.0100633
2010-05-30,0.0152406
2010-05-31,0.00184475
2010-06-01,0.0027069
2010-06-02,0.00196556
2010-06-03,0.00257203
2010-06-04,0.00335193
2010-06-05,0.0108211
2010-06-06,0.00220079
2010-06-07,0.00285002
2010-06-08,0.0090758
2010-06-09,0.00610145
2010-06-10,0.0210421
2010-06-11,0.0105329
2010-06-12,0.00343185
2010-06-13,0.00466219
2010-06-14,0.00476938
2010-06-15,0.0140686
2010-06-16,0.0117844
2010-06-17,0.009321
2010-06-18,0.00709107
2010-06-19,0.0037472
2010-06-20,0.0189478
2010-06-21,0.00871039
2010-06-22,0.0122964
2010-06-23,0.0103965
2010-06-24,0.0123688
2010-06-25,0.0103063
2010-06-26,0.00611166
2010-06-27,0.0187707
2010-06-28,0.00420786
2010-06-29,0.0154593
2010-06-30,0.0119619
2010-07-01,0.0168647
2010-07-02,0.00865607
2010-07-03,0.0347078
2010-07-04,0.00967018
2010-07-05,0.00573972
2010-07-06,0.0164329
2010-07-07,0.0060416
2010-07-08,0.0159104
2010-07-09,0.00439631
2010-07-10,0.003551
2010-07-11,0.00627244
2010-07-12,0.0204314
2010-07-13,0.780082
2010-07-14,0.0909268
2010-07-15,0.0943268
2010-07-16,0.0252731
2010-07-17,0.0179562
2010-07-18,0.0123382
2010-07-19,0.00563378
2010-07-20,0.0128816
2010-07-21,0.00905665
2010-07-22,0.00779137
2010-07-23,0.0111269
2010-07-24,0.00605483
2010-07-25,0.0123954
2010-07-26,0.0133212
2010-07-27,0.0246656
2010-07-28,0.0094682
2010-07-29,0.0186176
2010-07-30,0.00555067
2010-07-31,0.00546312
2010-08-01,0.00432298
2010-08-02,0.0753992
2010-08-03,0.0176642
2010-08-04,0.0117423
2010-08-05,0.00877209
2010-08-06,0.0112734
2010-08-07,0.005568
2010-08-08,0.0064855
2010-08-09,0.00279435
2010-08-10,0.0210975
2010-08-11,0.00921658
2010-08-12,0.0150859
2010-08-13,0.00535326
2010-08-14,0.00811659
2010-08-15,0.00439339
2010-08-16,0.0057203
2010-08-17,0.0179171
2010-08-18,0.012878
2010-08-19,0.00983401
2010-08-20,0.00539467
2010-08-21,0.00787832
2010-08-22,0.0103134
2010-08-23,0.00528415
2010-08-24,0.0047318
2010-08-25,0.00555521
2010-08-26,0.00413551
2010-08-27,0.0037094
2010-08-28,0.00745529
2010-08-29,0.0043076
2010-08-30,0.00238045
2010-08-31,0.00346069
2010-09-01,0.0104573
2010-09-02,0.00744327
2010-09-03,0.00879847
2010-09-04,0.00766131
2010-09-05,0.00865388
2010-09-06,0.0340739
2010-09-07,0.0192952
2010-09-08,0.00470591
2010-09-09,0.00443951
2010-09-10,0.00868852
2010-09-11,0.00357349
2010-09-12,0.00254209
2010-09-13,0.00464968
2010-09-14,0.0294817
2010-09-15,0.00763611
2010-09-16,0.0099881
2010-09-17,0.00854753
2010-09-18,0.0187687
2010-09-19,0.0108317
2010-09-20,0.0127455
2010-09-21,0.0102102
2010-09-22,0.00687592
2010-09-23,0.0109523
2010-09-24,0.031182
2010-09-25,0.00454625
2010-09-26,0.00727634
2010-09-27,0.00544798
2010-09-28,0.00840581
2010-09-29,0.0194458
2010-09-30,0.0228125
2010-10-01,0.0167378
2010-10-02,0.00716996
2010-10-03,0.0935051
2010-10-04,0.0120934
2010-10-05,0.133928
2010-10-06,0.0456344
2010-10-07,0.0288512
2010-10-08,0.0303706
2010-10-09,0.0364156
2010-10-10,0.044044
2010-10-11,0.0285569
2010-10-12,0.017143
2010-10-13,0.0137489
2010-10-14,0.0275289
2010-10-15,0.0410764
2010-10-16,0.0343331
2010-10-17,0.0465767
2010-10-18,0.0249933
2010-10-19,0.0505052
2010-10-20,0.0617477
2010-10-21,0.0471429
2010-10-22,0.043136
2010-10-23,0.028728
2010-10-24,0.00962488
2010-10-25,0.0237743
2010-10-26,0.0344276
2010-10-27,0.0412506
2010-10-28,0.0460136
2010-10-29,0.0425428
2010-10-30,0.0196285
2010-10-31,0.0127574
2010-11-01,0.0150525
2010-11-02,0.00950975
2010-11-03,0.0135193
2010-11-04,0.0127415
2010-11-05,0.0354988
2010-11-06,0.0094017
2010-11-07,0.027847
2010-11-08,0.0195924
2010-11-09,0.110377
2010-11-10,0.0114882
2010-11-11,0.0126778
2010-11-12,0.00919823
2010-11-13,0.00737036
2010-11-14,0.00830479
2010-11-15,0.00813023
2010-11-16,0.0573114
2010-11-17,0.0811652
2010-11-18,0.0132571
2010-11-19,0.0137225
2010-11-20,0.0114838
2010-11-21,0.0337179
2010-11-22,0.027091
2010-11-23,0.00779822
2010-11-24,0.00804461
2010-11-25,0.00806352
2010-11-26,0.0110642
2010-11-27,0.0187884
2010-11-28,0.00498872
2010-11-29,0.00515554
2010-11-30,0.00742805
2010-12-01,0.0137481
2010-12-02,0.0117326
2010-12-03,0.0123107
2010-12-04,0.00592402
2010-12-05,0.0137132
2010-12-06,0.00403231
2010-12-07,0.0194794
2010-12-08,0.0179663
2010-12-09,0.00615589
2010-12-10,0.0103601
2010-12-11,0.00795373
2010-12-12,0.0124117
2010-12-13,0.0100828
2010-12-14,0.0392405
2010-12-15,0.0214956
2010-12-16,0.0228764
2010-12-17,0.0172399
2010-12-18,0.0126754
2010-12-19,0.0175394
2010-12-20,0.0197244
2010-12-21,0.0173304
2010-12-22,0.0203564
2010-12-23,0.0172697
2010-12-24,0.0119999
2010-12-25,0.0129904
2010-12-26,0.0217631
2010-12-27,0.0138696
2010-12-28,0.0183529
2010-12-29,0.011884
2010-12-30,0.0217936
2010-12-31,0.0128182
2011-01-01,0.0114381
2011-01-02,0.0109621
2011-01-03,0.00971744
2011-01-04,0.0133016
2011-01-05,0.00785113
2011-01-06,0.010027
2011-01-07,0.00631693
2011-01-08,0.0109404
2011-01-09,0.011333
2011-01-10,0.00802572
2011-01-11,0.0156835
2011-01-12,0.0207123
2011-01-13,0.011567
2011-01-14,0.0241421
2011-01-15,0.0157052
2011-01-16,0.011146
2011-01-17,0.0125618
2011-01-18,0.0116904
2011-01-19,0.0201137
2011-01-20,0.0114635
2011-01-21,0.0101627
2011-01-22,0.0120107
2011-01-23,0.0127672
2011-01-24,0.0153995
2011-01-25,0.0143295
2011-01-26,0.0092973
2011-01-27,0.0932027
2011-01-28,0.116788
2011-01-29,0.0092287
2011-01-30,0.012364
2011-01-31,0.0820318
2011-02-01,0.0289602
2011-02-02,0.024197
2011-02-03,0.0202616
2011-02-04,0.0113771
2011-02-05,0.0103496
2011-02-06,0.015426
2011-02-07,0.0116426
2011-02-08,0.0290143
2011-02-09,0.0126683
2011-02-10,0.0245242
2011-02-11,0.0407107
2011-02-12,0.0468762
2011-02-13,0.0241153
2011-02-14,0.0191384
2011-02-15,0.0242027
2011-02-16,0.0163649
2011-02-17,0.0115008
2011-02-18,0.0174977
2011-02-19,0.0220089
2011-02-20,0.0356079
2011-02-21,0.0359849
2011-02-22,0.0421784
2011-02-23,0.0668551
2011-02-24,0.0621055
2011-02-25,0.0399005
2011-02-26,0.0316089
2011-02-27,0.0291491
2011-02-28,0.0345274
2011-03-01,0.0220566
2011-03-02,0.186099
2011-03-03,0.436959
2011-03-04,0.0538781
2011-03-05,0.0409746
2011-03-06,0.0229008
2011-03-07,0.0329601
2011-03-08,0.036151
2011-03-09,0.0338227
2011-03-10,0.0431553
2011-03-11,0.0742299
2011-03-12,0.0296516
2011-03-13,0.0275196
2011-03-14,0.0426386
2011-03-15,0.0304425
2011-03-16,0.0210918
2011-03-17,0.0266666
2011-03-18,0.0282284
2011-03-19,0.0316877
2011-03-20,0.0189629
2011-03-21,0.024318
2011-03-22,0.03048
2011-03-23,0.0346403
2011-03-24,0.0412924
2011-03-25,0.0451058
2011-03-26,0.050759
2011-03-27,0.0535871
2011-03-28,0.0257192
2011-03-29,0.0233018
2011-03-30,0.0189803
2011-03-31,0.0208102
2011-04-01,0.0233624
2011-04-02,0.0131952
2011-04-03,0.0166398
2011-04-04,0.0135635
2011-04-05,0.0269837
2011-04-06,0.0185797
2011-04-07,0.0141861
2011-04-08,0.0188765
2011-04-09,0.0227125
2011-04-10,0.0232256
2011-04-11,0.0144485
2011-04-12,0.0160652
2011-04-13,0.022361
2011-04-14,0.0304692
2011-04-15,0.0248824
2011-04-16,0.0213231
2011-04-17,0.0533159
2011-04-18,0.218715
2011-04-19,0.0214946
2011-04-20,0.444611
2011-04-21,0.801762
2011-04-22,0.0725023
2011-04-23,0.0263623
2011-04-24,0.0288527
2011-04-25,0.0163501
2011-04-26,0.0157029
2011-04-27,0.0308559
2011-04-28,0.0398277
2011-04-29,0.0244789
2011-04-30,0.128413
2011-05-01,0.066995
2011-05-02,0.0264443
2011-05-03,0.0193465
2011-05-04,0.0321071
2011-05-05,0.0452849
2011-05-06,0.0260837
2011-05-07,0.0466074
2011-05-08,0.0352632
2011-05-09,0.086573
2011-05-10,0.0248014
2011-05-11,0.0919336
2011-05-12,0.0285674
2011-05-13,0.0335929
2011-05-14,0.0731546
2011-05-15,0.291471
2011-05-16,0.0538986
2011-05-17,0.0379262
2011-05-18,0.0341483
2011-05-19,0.0299388
2011-05-20,0.02855
2011-05-21,0.0564528
2011-05-22,0.102763
2011-05-23,0.13919
2011-05-24,0.0733655
2011-05-25,0.056079
2011-05-26,0.0603871
2011-05-27,0.0647074
2011-05-28,0.0841513
2011-05-29,0.0352599
2011-05-30,0.0417036
2011-05-31,0.0422845
2011-06-01,0.0436503
2011-06-02,0.0426595
2011-06-03,0.0554107
2011-06-04,0.0947676
2011-06-05,0.0748544
2011-06-06,0.0851834
2011-06-07,0.129214
2011-06-08,0.0812652
2011-06-09,0.12104
2011-06-10,0.121523
2011-06-11,0.141635
2011-06-12,0.227691
2011-06-13,0.282002
2011-06-14,0.191146
2011-06-15,0.236288
2011-06-16,0.686475
2011-06-17,1.29018
2011-06-18,0.240393
2011-06-19,0.189824
2011-06-20,0.691433
2011-06-21,0.199486
2011-06-22,0.506544
2011-06-23,0.196504
2011-06-24,0.243248
2011-06-25,0.71804
2011-06-26,1.6272
2011-06-27,0.593239
2011-06-28,0.303094
2011-06-29,1.07405
2011-06-30,0.339118
2011-07-01,0.225703
2011-07-02,0.16513
2011-07-03,0.12923
2011-07-04,0.0773298
2011-07-05,0.20263
2011-07-06,0.0599626
2011-07-07,0.0835871
2011-07-08,0.0683883
2011-07-09,0.0452477
2011-07-10,0.305769
2011-07-11,0.359245
2011-07-12,0.147194
2011-07-13,0.156601
2011-07-14,0.209725
2011-07-15,0.282491
2011-07-16,0.0889164
2011-07-17,0.181246
2011-07-18,0.0827546
2011-07-19,0.481587
2011-07-20,0.399047
2011-07-21,0.0788866
2011-07-22,0.193511
2011-07-23,0.226331
2011-07-24,0.0932483
2011-07-25,0.0729515
2011-07-26,0.207735
2011-07-27,0.170013
2011-07-28,0.183172
2011-07-29,0.499081
2011-07-30,0.0939037
2011-07-31,0.0428847
2011-08-01,0.0868271
2011-08-02,0.0788211
2011-08-03,0.055613
2011-08-04,0.0617893
2011-08-05,0.0422403
2011-08-06,0.0738647
2011-08-07,0.0540435
2011-08-08,0.0487673
2011-08-09,0.176886
2011-08-10,0.32684
2011-08-11,0.159594
2011-08-12,0.0693915
2011-08-13,0.0488219
2011-08-14,0.0578712
2011-08-15,0.0512356
2011-08-16,0.0490234
2011-08-17,0.0460023
2011-08-18,0.0464352
2011-08-19,0.0572255
2011-08-20,0.0779148
2011-08-21,0.0310972
2011-08-22,0.033784
2011-08-23,0.0388351
2011-08-24,0.0615525
2011-08-25,0.0790307
2011-08-26,0.0522666
2011-08-27,0.0391063
2011-08-28,0.379283
2011-08-29,0.0248125
2011-08-30,0.034974
2011-08-31,0.0320933
2011-09-01,0.0368211
2011-09-02,0.0448627
2011-09-03,0.0356841
2011-09-04,0.0310177
2011-09-05,0.244653
2011-09-06,0.317725
2011-09-07,0.443302
2011-09-08,0.0745296
2011-09-09,0.0530504
2011-09-10,0.0550858
2011-09-11,0.037095
2011-09-12,0.141179
2011-09-13,0.0835113
2011-09-14,0.0493408
2011-09-15,0.0409361
2011-09-16,0.0403085
2011-09-17,0.093802
2011-09-18,0.0453005
2011-09-19,0.040277
2011-09-20,0.0445984
2011-09-21,0.0469073
2011-09-22,0.054532
2011-09-23,0.0402699
2011-09-24,0.0464078
2011-09-25,0.0304264
2011-09-26,0.0399943
2011-09-27,0.0377767
2011-09-28,0.0583877
2011-09-29,0.0480729
2011-09-30,0.0425665
2011-10-01,0.039039
2011-10-02,0.0564973
2011-10-03,0.0437209
2011-10-04,0.0547734
2011-10-05,0.0535309
2011-10-06,0.0533836
2011-10-07,0.0716286
2011-10-08,0.0510496
2011-10-09,0.0384342
2011-10-10,0.0413821
2011-10-11,0.0404349
2011-10-12,0.0433495
2011-10-13,0.0426494
2011-10-14,0.0387008
2011-10-15,0.0481872
2011-10-16,0.0388067
2011-10-17,0.0339762
2011-10-18,0.065989
2011-10-19,0.0446611
2011-10-20,0.0402696
2011-10-21,0.0410557
2011-10-22,0.0717823
2011-10-23,0.0813919
2011-10-24,0.0714699
2011-10-25,0.0467678
2011-10-26,0.0478972
2011-10-27,0.0670613
2011-10-28,0.0713216
2011-10-29,0.0448999
2011-10-30,0.0587055
2011-10-31,0.0251811
2011-11-01,0.0574245
2011-11-02,0.0644886
2011-11-03,0.0569488
2011-11-04,0.0425374
2011-11-05,0.0513721
2011-11-06,0.0363746
2011-11-07,0.0290239
2011-11-08,0.0351892
2011-11-09,0.151799
2011-11-10,0.124366
2011-11-11,0.04561
2011-11-12,0.0395468
2011-11-13,0.0306581
2011-11-14,0.0332086
2011-11-15,0.0440827
2011-11-16,0.0487311
2011-11-17,0.265525
2011-11-18,0.493391
2011-11-19,0.592516
2011-11-20,0.532404
2011-11-21,0.199595
2011-11-22,0.283158
2011-11-23,0.399857
2011-11-24,0.200637
2011-11-25,0.202137
2011-11-26,0.133407
2011-11-27,0.206222
2011-11-28,0.232449
2011-11-29,0.51641
2011-11-30,0.509045
2011-12-01,0.903578
2011-12-02,0.218681
2011-12-03,0.755005
2011-12-04,0.448623
2011-12-05,0.318049
2011-12-06,0.380064
2011-12-07,0.937465
2011-12-08,0.71628
2011-12-09,0.586891
2011-12-10,0.201742
2011-12-11,0.145324
2011-12-12,0.10441
2011-12-13,0.0932562
2011-12-14,0.0435173
2011-12-15,0.0553434
2011-12-16,0.0575455
2011-12-17,0.0610814
2011-12-18,0.0422349
2011-12-19,0.0426072
2011-12-20,0.0594748
2011-12-21,0.0682903
2011-12-22,0.0705583
2011-12-23,0.0557709
2011-12-24,0.0310013
2011-12-25,0.0390971
2011-12-26,0.0370907
2011-12-27,0.0885869
2011-12-28,0.0827296
2011-12-29,0.0351963
2011-12-30,0.0624801
2011-12-31,0.0341322
2012-01-01,0.0331925
2012-01-02,0.0424113
2012-01-03,0.0323126
2012-01-04,0.0326874
2012-01-05,0.0525437
2012-01-06,0.08226
2012-01-07,0.073622
2012-01-08,0.0396121
2012-01-09,0.0434367
2012-01-10,0.0546748
2012-01-11,0.0471405
2012-01-12,0.047277
2012-01-13,0.0485626
2012-01-14,0.0448945
2012-01-15,0.0419086
2012-01-16,0.0331097
2012-01-17,0.052659
2012-01-18,0.0562291
2012-01-19,0.0429698
2012-01-20,0.0484617
2012-01-21,0.0440004
2012-01-22,0.0361921
2012-01-23,0.0340246
2012-01-24,0.0345495
2012-01-25,0.046597
2012-01-26,0.0526975
2012-01-27,0.0476526
2012-01-28,0.0425906
2012-01-29,0.0322277
2012-01-30,0.0400721
2012-01-31,0.0387506
2012-02-01,0.0419549
2012-02-02,0.0523498
2012-02-03,0.0432536
2012-02-04,0.0463905
2012-02-05,0.0428295
2012-02-06,0.0407643
2012-02-07,0.0392749
2012-02-08,0.0371517
2012-02-09,0.0371115
2012-02-10,0.03181
2012-02-11,0.0389011
2012-02-12,0.0546403
2012-02-13,0.0370959
2012-02-14,0.0616616
2012-02-15,0.155756
2012-02-16,0.1713
2012-02-17,0.176655
2012-02-18,0.115614
2012-02-19,0.0822619
2012-02-20,0.0460021
2012-02-21,0.0530169
2012-02-22,0.0457822
2012-02-23,0.094846
2012-02-24,0.0823916
2012-02-25,0.0655084
2012-02-26,0.0476684
2012-02-27,0.039797
2012-02-28,0.0451521
2012-02-29,0.0430148
2012-03-01,0.0394198
2012-03-02,0.0772032
2012-03-03,0.0703496
2012-03-04,0.0537652
2012-03-05,0.0682404
2012-03-06,0.0439071
2012-03-07,0.04257
2012-03-08,0.0431315
2012-03-09,0.0618618
2012-03-10,0.0702037
2012-03-11,0.045274
2012-03-12,0.0473359
2012-03-13,0.0747193
2012-03-14,0.057479
2012-03-15,0.0742167
2012-03-16,0.0528683
2012-03-17,0.0577589
2012-03-18,0.0561256
2012-03-19,0.0409998
2012-03-20,0.0544079
2012-03-21,0.0560486
2012-03-22,0.0585234
2012-03-23,0.100688
2012-03-24,0.0909048
2012-03-25,0.0933223
2012-03-26,0.0477281
2012-03-27,0.0617767
2012-03-28,0.0664237
2012-03-29,0.0764475
2012-03-30,0.144428
2012-03-31,0.109453
2012-04-01,0.100916
2012-04-02,0.0703001
2012-04-03,0.0808836
2012-04-04,0.0940054
2012-04-05,0.0869023
2012-04-06,0.112233
2012-04-07,0.0613055
2012-04-08,0.0466932
2012-04-09,0.14002
2012-04-10,0.19321
2012-04-11,0.0879596
2012-04-12,0.189889
2012-04-13,0.123606
2012-04-14,0.0975327
2012-04-15,0.112666
2012-04-16,0.149653
2012-04-17,0.178244
2012-04-18,0.128999
2012-04-19,0.115229
2012-04-20,0.0768921
2012-04-21,0.327074
2012-04-22,0.146238
2012-04-23,0.0958049
2012-04-24,0.0929619
2012-04-25,0.0803955
2012-04-26,0.114778
2012-04-27,0.210013
2012-04-28,0.163742
2012-04-29,0.0995782
2012-04-30,0.111453
2012-05-01,0.118905
2012-05-02,0.122713
2012-05-03,0.119313
2012-05-04,0.138039
2012-05-05,0.127937
2012-05-06,0.132176
2012-05-07,0.0689086
2012-05-08,0.258051
2012-05-09,0.431588
2012-05-10,0.258133
2012-05-11,0.142461
2012-05-12,0.182185
2012-05-13,0.356134
2012-05-14,0.136375
2012-05-15,0.260333
2012-05-16,0.457435
2012-05-17,0.347915
2012-05-18,0.381867
2012-05-19,0.192702
2012-05-20,0.144952
2012-05-21,0.227616
2012-05-22,0.443296
2012-05-23,0.424739
2012-05-24,0.189467
2012-05-25,0.124754
2012-05-26,0.301809
2012-05-27,0.490841
2012-05-28,0.232937
2012-05-29,0.245246
2012-05-30,0.334959
2012-05-31,0.287431
2012-06-01,0.514807
2012-06-02,0.303281
2012-06-03,0.22299
2012-06-04,0.202276
2012-06-05,0.52655
2012-06-06,0.458
2012-06-07,0.269456
2012-06-08,0.540626
2012-06-09,0.577655
2012-06-10,0.15061
2012-06-11,0.383729
2012-06-12,0.311353
2012-06-13,0.285288
2012-06-14,0.251259
2012-06-15,0.524354
2012-06-16,0.375941
2012-06-17,0.41891
2012-06-18,0.159516
2012-06-19,0.26137
2012-06-20,0.238762
2012-06-21,0.178664
2012-06-22,0.106623
2012-06-23,0.246179
2012-06-24,0.330456
2012-06-25,0.196888
2012-06-26,0.201889
2012-06-27,0.176891
2012-06-28,0.226163
2012-06-29,0.371241
2012-06-30,0.268221
2012-07-01,0.133415
2012-07-02,0.148664
2012-07-03,0.124056
2012-07-04,0.160728
2012-07-05,0.235502
2012-07-06,0.212588
2012-07-07,0.149876
2012-07-08,0.435401
2012-07-09,0.0863326
2012-07-10,0.230209
2012-07-11,0.227391
2012-07-12,0.118231
2012-07-13,0.149588
2012-07-14,0.268476
2012-07-15,0.252312
2012-07-16,0.144747
2012-07-17,0.227762
2012-07-18,0.259801
2012-07-19,0.165857
2012-07-20,0.13005
2012-07-21,0.177927
2012-07-22,0.248318
2012-07-23,0.184773
2012-07-24,0.221912
2012-07-25,0.182908
2012-07-26,0.100089
2012-07-27,0.25381
2012-07-28,0.21702
2012-07-29,0.180771
2012-07-30,0.114735
2012-07-31,0.102241
2012-08-01,0.322618
2012-08-02,0.228779
2012-08-03,0.182248
2012-08-04,0.143422
2012-08-05,0.15124
2012-08-06,0.204194
2012-08-07,0.20714
2012-08-08,0.201921
2012-08-09,0.182798
2012-08-10,0.135895
2012-08-11,0.176316
2012-08-12,0.16568
2012-08-13,0.161548
2012-08-14,0.192793
2012-08-15,0.166255
2012-08-16,0.172584
2012-08-17,0.220046
2012-08-18,0.287012
2012-08-19,0.224915
2012-08-20,0.616905
2012-08-21,0.982517
2012-08-22,0.594133
2012-08-23,0.767914
2012-08-24,0.824232
2012-08-25,1.06919
2012-08-26,0.440557
2012-08-27,0.343027
2012-08-28,0.688002
2012-08-29,0.794003
2012-08-30,1.37469
2012-08-31,1.16419
2012-09-01,1.00458
2012-09-02,0.848615
2012-09-03,0.544801
2012-09-04,0.397979
2012-09-05,0.635594
2012-09-06,0.94241
2012-09-07,2.29421
2012-09-08,1.7945
2012-09-09,0.759873
2012-09-10,0.378352
2012-09-11,2.11991
2012-09-12,1.85377
2012-09-13,1.1425
2012-09-14,2.24426
2012-09-15,1.78744
2012-09-16,0.739381
2012-09-17,1.34926
2012-09-18,1.34707
2012-09-19,1.30673
2012-09-20,3.14557
2012-09-21,1.59537
2012-09-22,2.57244
2012-09-23,1.48241
2012-09-24,0.744674
2012-09-25,0.793444
2012-09-26,0.188533
2012-09-27,0.163825
2012-09-28,0.132335
2012-09-29,0.259397
2012-09-30,0.13565
2012-10-01,0.138638
2012-10-02,0.16387
2012-10-03,0.193366
2012-10-04,0.127481
2012-10-05,0.124281
2012-10-06,0.257381
2012-10-07,0.191822
2012-10-08,0.176947
2012-10-09,0.172217
2012-10-10,0.129552
2012-10-11,0.0850466
2012-10-12,0.123382
2012-10-13,0.266148
2012-10-14,0.259172
2012-10-15,0.133096
2012-10-16,0.124953
2012-10-17,0.229092
2012-10-18,0.353086
2012-10-19,0.327028
2012-10-20,0.250374
2012-10-21,0.25627
2012-10-22,0.229961
2012-10-23,0.221918
2012-10-24,0.254402
2012-10-25,0.186639
2012-10-26,0.136584
2012-10-27,0.104474
2012-10-28,0.162905
2012-10-29,0.0886245
2012-10-30,0.101808
2012-10-31,0.411183
2012-11-01,0.366055
2012-11-02,0.247005
2012-11-03,0.0800169
2012-11-04,0.188469
2012-11-05,0.229789
2012-11-06,0.208367
2012-11-07,0.194266
2012-11-08,0.168002
2012-11-09,0.125053
2012-11-10,0.0816817
2012-11-11,0.0401508
2012-11-12,0.0406076
2012-11-13,0.0466169
2012-11-14,0.0818358
2012-11-15,0.148092
2012-11-16,0.243003
2012-11-17,0.366537
2012-11-18,0.23183
2012-11-19,0.205071
2012-11-20,0.124903
2012-11-21,0.153947
2012-11-22,0.0836783
2012-11-23,0.144973
2012-11-24,0.108545
2012-11-25,0.104882
2012-11-26,0.078009
2012-11-27,0.110275
2012-11-28,0.134214
2012-11-29,0.179973
2012-11-30,0.113131
2012-12-01,0.0719165
2012-12-02,0.0595025
2012-12-03,0.100242
2012-12-04,0.16557
2012-12-05,0.240864
2012-12-06,0.275845
2012-12-07,0.302051
2012-12-08,0.189005
2012-12-09,0.0938042
2012-12-10,0.131175
2012-12-11,0.109765
2012-12-12,0.151577
2012-12-13,0.334949
2012-12-14,0.370606
2012-12-15,0.268691
2012-12-16,0.155026
2012-12-17,0.176579
2012-12-18,0.167438
2012-12-19,0.218725
2012-12-20,0.112465
2012-12-21,0.0887788
2012-12-22,0.153236
2012-12-23,0.12609
2012-12-24,0.0858783
2012-12-25,0.0963197
2012-12-26,0.0577431
2012-12-27,0.0608067
2012-12-28,0.0793262
2012-12-29,0.0976091
2012-12-30,0.0943609
2012-12-31,0.0687207
2013-01-01,0.136183
2013-01-02,0.148678
2013-01-03,0.167123
2013-01-04,0.170499
2013-01-05,0.215705
2013-01-06,0.193895
2013-01-07,0.10513
2013-01-08,0.157188
2013-01-09,0.198915
2013-01-10,0.146643
2013-01-11,0.135911
2013-01-12,0.118061
2013-01-13,0.0860087
2013-01-14,0.086424
2013-01-15,0.108032
2013-01-16,0.210888
2013-01-17,0.188554
2013-01-18,0.173447
2013-01-19,0.152863
2013-01-20,0.148141
2013-01-21,0.106811
2013-01-22,0.112771
2013-01-23,0.134616
2013-01-24,0.223796
2013-01-25,0.153685
2013-01-26,0.142145
2013-01-27,0.125622
2013-01-28,0.137321
2013-01-29,0.16221
2013-01-30,0.226543
2013-01-31,0.244474
2013-02-01,0.152176
2013-02-02,0.161444
2013-02-03,0.129701
2013-02-04,0.124091
2013-02-05,0.195619
2013-02-06,0.182714
2013-02-07,0.169798
2013-02-08,0.16714
2013-02-09,0.206451
2013-02-10,0.163232
2013-02-11,0.125072
2013-02-12,0.121331
2013-02-13,0.121781
2013-02-14,0.10912
2013-02-15,0.143163
2013-02-16,0.112133
2013-02-17,0.119952
2013-02-18,0.108078
2013-02-19,0.110443
2013-02-20,0.13477
2013-02-21,0.113883
2013-02-22,0.104107
2013-02-23,0.139506
2013-02-24,0.113651
2013-02-25,0.162711
2013-02-26,0.172668
2013-02-27,0.145122
2013-02-28,0.141898
2013-03-01,0.14069
2013-03-02,0.153287
2013-03-03,0.132719
2013-03-04,0.0825713
2013-03-05,0.0951987
2013-03-06,0.172491
2013-03-07,0.220439
2013-03-08,0.147093
2013-03-09,0.111567
2013-03-10,0.092852
2013-03-11,0.112991
2013-03-12,0.0928442
2013-03-13,0.136367
2013-03-14,0.138584
2013-03-15,0.109446
2013-03-16,0.495991
2013-03-17,0.204041
2013-03-18,0.085588
2013-03-19,0.34427
2013-03-20,0.181148
2013-03-21,0.16627
2013-03-22,0.193028
2013-03-23,0.130628
2013-03-24,0.132121
2013-03-25,0.0903755
2013-03-26,0.140419
2013-03-27,0.209879
2013-03-28,0.211835
2013-03-29,0.164126
2013-03-30,0.13204
2013-03-31,0.166127
2013-04-01,0.14165
2013-04-02,0.134864
2013-04-03,0.231021
2013-04-04,0.219625
2013-04-05,0.208782
2013-04-06,0.179098
2013-04-07,0.121442
2013-04-08,0.0984253
2013-04-09,0.140008
2013-04-10,0.202579
2013-04-11,0.253351
2013-04-12,0.212687
2013-04-13,0.159442
2013-04-14,0.116338
2013-04-15,0.0774762
2013-04-16,0.0943836
2013-04-17,0.157558
2013-04-18,0.162005
2013-04-19,0.5304
2013-04-20,0.161562
2013-04-21,0.0979321
2013-04-22,0.0902184
2013-04-23,0.1482
2013-04-24,0.143947
2013-04-25,0.197465
2013-04-26,0.142573
2013-04-27,0.108752
2013-04-28,0.067674
2013-04-29,0.0555642
2013-04-30,0.171508
2013-05-01,0.0886438
2013-05-02,0.121235
2013-05-03,0.0796151
2013-05-04,0.071813
2013-05-05,0.0455914
2013-05-06,0.0564327
2013-05-07,0.0762221
2013-05-08,0.0880076
2013-05-09,0.0745395
2013-05-10,0.0633271
2013-05-11,0.0804869
2013-05-12,0.0612699
2013-05-13,0.0488958
2013-05-14,0.100953
2013-05-15,0.0697402
2013-05-16,0.0658441
2013-05-17,0.0651015
2013-05-18,0.077629
2013-05-19,0.0647213
2013-05-20,0.0367917
2013-05-21,0.0485101
2013-05-22,0.0604814
2013-05-23,0.0656884
2013-05-24,0.062919
2013-05-25,0.0663396
2013-05-26,0.0652422
2013-05-27,0.0346524
2013-05-28,0.0603316
2013-05-29,0.0643093
2013-05-30,0.0688784
2013-05-31,0.0545518
2013-06-01,0.0600776
2013-06-02,0.0419595
2013-06-03,0.0384799
2013-06-04,0.0708328
2013-06-05,0.056845
2013-06-06,0.0600907
2013-06-07,0.0671882
2013-06-08,0.0594579
2013-06-09,0.035423
2013-06-10,0.0594959
2013-06-11,0.0424765
2013-06-12,0.0523413
2013-06-13,0.0499505
2013-06-14,0.0546957
2013-06-15,0.0616936
2013-06-16,0.0369896
2013-06-17,0.0463868
2013-06-18,0.0503183
2013-06-19,0.0564388
2013-06-20,0.051337
2013-06-21,0.0672905
2013-06-22,0.0595469
2013-06-23,0.0378992
2013-06-24,0.028858
2013-06-25,0.0548351
2013-06-26,0.0619307
2013-06-27,0.0565593
2013-06-28,0.0480361
2013-06-29,0.0602987
2013-06-30,0.0454919
2013-07-01,0.0353606
2013-07-02,0.0755982
2013-07-03,0.0648527
2013-07-04,0.0715744
2013-07-05,0.0744488
2013-07-06,0.093695
2013-07-07,0.0611181
2013-07-08,0.0569077
2013-07-09,0.072902
2013-07-10,0.101375
2013-07-11,0.0973463
2013-07-12,0.0910283
2013-07-13,0.0911293
2013-07-14,0.0757255
2013-07-15,0.0476446
2013-07-16,0.0617303
2013-07-17,0.0867058
2013-07-18,0.0924714
2013-07-19,0.0870713
2013-07-20,0.0705627
2013-07-21,0.0424826
2013-07-22,0.0431507
2013-07-23,0.0783487
2013-07-24,0.0880393
2013-07-25,0.0784985
2013-07-26,0.0714268
2013-07-27,0.0683907
2013-07-28,0.0386236
2013-07-29,0.0564959
2013-07-30,0.062535
2013-07-31,0.0894297
2013-08-01,0.0758466
2013-08-02,0.0966601
2013-08-03,0.0807936
2013-08-04,0.0554339
2013-08-05,0.0474626
2013-08-06,0.0705537
2013-08-07,0.0659426
2013-08-08,0.0710023
2013-08-09,0.061237
2013-08-10,0.0545644
2013-08-11,0.0432941
2013-08-12,0.0374397
2013-08-13,0.0731319
2013-08-14,0.114894
2013-08-15,0.114118
2013-08-16,0.0694127
2013-08-17,0.0939795
2013-08-18,0.0852102
2013-08-19,0.0689994
2013-08-20,0.0943028
2013-08-21,0.0829788
2013-08-22,0.113028
2013-08-23,0.0676368
2013-08-24,0.0720842
2013-08-25,0.0478605
2013-08-26,0.0472487
2013-08-27,0.0611253
2013-08-28,0.0771921
2013-08-29,0.0699819
2013-08-30,0.22509
2013-08-31,0.0703082
2013-09-01,0.0746337
2013-09-02,0.0701578
2013-09-03,0.0727101
2013-09-04,0.079674
2013-09-05,0.0760229
2013-09-06,0.0754767
2013-09-07,0.0641701
2013-09-08,0.0497901
2013-09-09,0.0332999
2013-09-10,0.0890329
2013-09-11,0.0541306
2013-09-12,0.0702978
2013-09-13,0.0621795
2013-09-14,0.0544477
2013-09-15,0.0479294
2013-09-16,0.0335577
2013-09-17,0.0579493
2013-09-18,0.0545379
2013-09-19,0.066633
2013-09-20,0.0719745
2013-09-21,0.060536
2013-09-22,0.0381013
2013-09-23,0.0419549
2013-09-24,0.0853367
2013-09-25,0.0801928
2013-09-26,0.0717106
2013-09-27,0.0612509
2013-09-28,0.0585951
2013-09-29,0.0445474
2013-09-30,0.0465055
2013-10-01,0.0703426
2013-10-02,0.092152
2013-10-03,0.0998349
2013-10-04,0.0795152
2013-10-05,0.0658621
2013-10-06,0.0372479
2013-10-07,0.035757
2013-10-08,0.0603675
2013-10-09,0.0594536
2013-10-10,0.0768801
2013-10-11,0.0633741
2013-10-12,0.0678897
2013-10-13,0.0588136
2013-10-14,0.0593536
2013-10-15,0.0771411
2013-10-16,0.079648
2013-10-17,0.0840266
2013-10-18,0.0739708
2013-10-19,0.0765176
2013-10-20,0.086429
2013-10-21,0.057673
2013-10-22,0.0890695
2013-10-23,0.101301
2013-10-24,0.0914666
2013-10-25,0.0857483
2013-10-26,0.236488
2013-10-27,0.0562142
2013-10-28,0.0433026
2013-10-29,0.053044
2013-10-30,0.142666
2013-10-31,0.0607537
2013-11-01,0.054603
2013-11-02,0.0525348
2013-11-03,0.0543684
2013-11-04,0.0486047
2013-11-05,0.0827968
2013-11-06,0.0931954
2013-11-07,0.0773068
2013-11-08,0.102803
2013-11-09,0.0887488
2013-11-10,0.0732502
2013-11-11,0.064833
2013-11-12,0.0628586
2013-11-13,0.0919758
2013-11-14,0.106737
2013-11-15,0.0956747
2013-11-16,0.216072
2013-11-17,0.121203
2013-11-18,0.0963155
2013-11-19,0.19216
2013-11-20,0.176637
2013-11-21,0.137998
2013-11-22,0.186909
2013-11-23,0.195858
2013-11-24,0.124909
2013-11-25,0.124939
2013-11-26,0.120719
2013-11-27,0.349359
2013-11-28,0.263036
2013-11-29,0.283917
2013-11-30,0.21385
2013-12-01,0.152457
2013-12-02,0.123477
2013-12-03,0.120985
2013-12-04,0.0945109
2013-12-05,0.118998
2013-12-06,0.123304
2013-12-07,0.094825
2013-12-08,0.191841
2013-12-09,0.100955
2013-12-10,0.0996803
2013-12-11,0.0703529
2013-12-12,0.0917119
2013-12-13,0.0736938
2013-12-14,0.0755444
2013-12-15,0.0505045
2013-12-16,0.0373863
2013-12-17,0.174801
2013-12-18,0.127093
2013-12-19,0.164298
2013-12-20,0.111989
2013-12-21,0.0796293
2013-12-22,0.0780384
2013-12-23,0.0757487
2013-12-24,0.0585511
2013-12-25,0.0813749
2013-12-26,0.0617323
2013-12-27,0.0514224
2013-12-28,0.0526237
2013-12-29,0.0464173
2013-12-30,0.0691582
2013-12-31,0.0657697
2014-01-01,0.041223
2014-01-02,0.0429082
2014-01-03,0.0607973
2014-01-04,0.0711671
2014-01-05,0.0529037
2014-01-06,0.0748807
2014-01-07,0.0816525
2014-01-08,0.0762928
2014-01-09,0.0628412
2014-01-10,0.0492469
2014-01-11,0.0455465
2014-01-12,0.0351118
2014-01-13,0.0329397
2014-01-14,0.0441117
2014-01-15,0.0592568
2014-01-16,0.0501943
2014-01-17,0.0479442
2014-01-18,0.0347524
2014-01-19,0.0285461
2014-01-20,0.0466074
2014-01-21,0.0629359
2014-01-22,0.050341
2014-01-23,0.0397354
2014-01-24,0.0409115
2014-01-25,0.0620887
2014-01-26,0.0356957
2014-01-27,0.0325754
2014-01-28,0.0745657
2014-01-29,0.050437
2014-01-30,0.0392516
2014-01-31,0.0427762
2014-02-01,0.0321647
2014-02-02,0.0378732
2014-02-03,0.0382463
2014-02-04,0.0396922
2014-02-05,0.0628064
2014-02-06,0.0695907
2014-02-07,0.0482849
2014-02-08,0.0723352
2014-02-09,0.0439774
2014-02-10,0.039527
2014-02-11,0.0647242
2014-02-12,0.0553401
2014-02-13,0.0492011
2014-02-14,0.0529657
2014-02-15,0.0583006
2014-02-16,0.0771297
2014-02-17,0.050331
2014-02-18,0.0401506
2014-02-19,0.039696
2014-02-20,0.0380809
2014-02-21,0.0444737
2014-02-22,0.041104
2014-02-23,0.0315257
2014-02-24,0.0331778
2014-02-25,0.0627069
2014-02-26,0.0867285
2014-02-27,0.0560674
2014-02-28,0.0468548
2014-03-01,0.0482008
2014-03-02,0.0641622
2014-03-03,0.044992
2014-03-04,0.0863418
2014-03-05,0.0802976
2014-03-06,0.0550332
2014-03-07,0.0492445
2014-03-08,0.198589
2014-03-09,0.128985
2014-03-10,0.0730488
2014-03-11,0.122195
2014-03-12,0.078453
2014-03-13,0.0840603
2014-03-14,0.0629501
2014-03-15,0.0473497
2014-03-16,0.0469374
2014-03-17,0.0309377
2014-03-18,0.0429911
2014-03-19,0.214292
2014-03-20,0.0853022
2014-03-21,0.0556837
2014-03-22,0.0454049
2014-03-23,0.0332957
2014-03-24,0.0276597
2014-03-25,0.0519702
2014-03-26,0.0443548
2014-03-27,0.0405096
2014-03-28,0.0652975
2014-03-29,0.0626551
2014-03-30,0.032654
2014-03-31,0.0466829
2014-04-01,0.0594903
2014-04-02,0.0548118
2014-04-03,0.0588795
2014-04-04,0.0630979
2014-04-05,0.0524905
2014-04-06,0.0569239
2014-04-07,0.0349864
2014-04-08,0.0375165
2014-04-09,0.0357237
2014-04-10,0.0473903
2014-04-11,0.0683412
2014-04-12,0.0591359
2014-04-13,0.0317705
2014-04-14,0.032524
2014-04-15,0.0483734
2014-04-16,0.0546522
2014-04-17,0.0616849
2014-04-18,0.0656304
2014-04-19,0.0603865
2014-04-20,0.03571
2014-04-21,0.0330568
2014-04-22,0.0577363
2014-04-23,0.0698053
2014-04-24,0.0523543
2014-04-25,0.033822
2014-04-26,0.0441034
2014-04-27,0.0257979
2014-04-28,0.0240531
2014-04-29,0.0455944
2014-04-30,0.0442659
2014-05-01,0.0386146
2014-05-02,0.0341616
2014-05-03,0.05283
2014-05-04,0.0434391
2014-05-05,0.0353124
2014-05-06,0.0466425
2014-05-07,0.0530885
2014-05-08,0.0668194
2014-05-09,0.107368
2014-05-10,0.0969059
2014-05-11,0.0520034
2014-05-12,0.0351293
2014-05-13,0.0423966
2014-05-14,0.052782
2014-05-15,0.0569533
2014-05-16,0.0646158
2014-05-17,0.0499759
2014-05-18,0.0378055
2014-05-19,0.0218966
2014-05-20,0.0402725
2014-05-21,0.117237
2014-05-22,0.0572714
2014-05-23,0.0604217
2014-05-24,0.0982754
2014-05-25,0.0708856
2014-05-26,0.0636215
2014-05-27,0.0585897
2014-05-28,0.0747525
2014-05-29,0.0684241
2014-05-30,0.0498355
2014-05-31,0.072465
2014-06-01,0.045228
2014-06-02,0.0576199
2014-06-03,0.0754535
2014-06-04,0.0674294
2014-06-05,0.0831763
2014-06-06,0.0722635
2014-06-07,0.0798601
2014-06-08,0.0486716
2014-06-09,0.0575413
2014-06-10,0.0294313
2014-06-11,0.0472277
2014-06-12,0.0409014
2014-06-13,0.0861868
2014-06-14,0.0563362
2014-06-15,0.0355077
2014-06-16,0.0369982
2014-06-17,0.0548757
2014-06-18,0.037043
2014-06-19,0.0424018
2014-06-20,0.0558471
2014-06-21,0.04285
2014-06-22,0.0353672
2014-06-23,0.0408627
2014-06-24,0.0493929
2014-06-25,0.0654756
2014-06-26,0.0386081
2014-06-27,0.0396586
2014-06-28,0.0367824
2014-06-29,0.026344
2014-06-30,0.0287167
2014-07-01,0.0532453
2014-07-02,0.0680832
2014-07-03,0.0711703
2014-07-04,0.0451253
2014-07-05,0.0301477
2014-07-06,0.031611
2014-07-07,0.0287726
2014-07-08,0.0362805
2014-07-09,0.0281605
2014-07-10,0.0368447
2014-07-11,0.0380245
2014-07-12,0.0325771
2014-07-13,0.0358159
2014-07-14,0.0360719
2014-07-15,0.0397562
2014-07-16,0.0435714
2014-07-17,0.0448148
2014-07-18,0.0360664
2014-07-19,0.0385428
2014-07-20,0.0230884
2014-07-21,0.022581
2014-07-22,0.0333227
2014-07-23,0.0290942
2014-07-24,0.0313062
2014-07-25,0.040863
2014-07-26,0.037666
2014-07-27,0.0237516
2014-07-28,0.0194835
2014-07-29,0.0372973
2014-07-30,0.0388707
2014-07-31,0.0306736
2014-08-01,0.0329837
2014-08-02,0.034388
2014-08-03,0.0302687
2014-08-04,0.0313706
2014-08-05,0.0328826
2014-08-06,0.0475072
2014-08-07,0.0340163
2014-08-08,0.0324844
2014-08-09,0.0256499
2014-08-10,0.0272928
2014-08-11,0.0282658
2014-08-12,0.0412842
2014-08-13,0.0574609
2014-08-14,0.0521863
2014-08-15,0.0587534
2014-08-16,0.0567151
2014-08-17,0.0505252
2014-08-18,0.0392436
2014-08-19,0.0756923
2014-08-20,0.0473772
2014-08-21,0.0422781
2014-08-22,0.058235
2014-08-23,0.24048
2014-08-24,0.0532607
2014-08-25,0.0313585
2014-08-26,0.0740627
2014-08-27,0.134121
2014-08-28,0.108248
2014-08-29,0.0547243
2014-08-30,0.0456904
2014-08-31,0.0437243
2014-09-01,0.0411025
2014-09-02,0.0516994
2014-09-03,0.0436571
2014-09-04,0.0366359
2014-09-05,0.0335696
2014-09-06,0.0392173
2014-09-07,0.0213703
2014-09-08,0.028004
2014-09-09,0.0381648
2014-09-10,0.0388379
2014-09-11,0.0362865
2014-09-12,0.0334841
2014-09-13,0.0339425
2014-09-14,0.0239713
2014-09-15,0.0284069
2014-09-16,0.0339105
2014-09-17,0.0342254
2014-09-18,0.0341788
2014-09-19,0.0526825
2014-09-20,0.0538843
2014-09-21,0.0564783
2014-09-22,0.0587927
2014-09-23,0.0403596
2014-09-24,0.0619685
2014-09-25,0.0654617
2014-09-26,0.0508942
2014-09-27,0.0417204
2014-09-28,0.0384508
2014-09-29,0.0354015
2014-09-30,0.0533224
2014-10-01,0.0490064
2014-10-02,0.0527877
2014-10-03,0.0448345
2014-10-04,0.0545761
2014-10-05,0.0481792
2014-10-06,0.0692831
2014-10-07,0.0856739
2014-10-08,0.0621135
2014-10-09,0.0680301
2014-10-10,0.0720809
2014-10-11,0.0736187
2014-10-12,0.0436478
2014-10-13,0.0357457
2014-10-14,0.0574635
2014-10-15,0.0674177
2014-10-16,0.088545
2014-10-17,0.078665
2014-10-18,0.0669478
2014-10-19,0.044736
2014-10-20,0.0342096
2014-10-21,0.0618358
2014-10-22,0.0430167
2014-10-23,0.0639038
2014-10-24,0.0808179
2014-10-25,0.0600502
2014-10-26,0.0600039
2014-10-27,0.064979
2014-10-28,0.0805949
2014-10-29,0.0624703
2014-10-30,0.059746
2014-10-31,0.0524462
2014-11-01,0.095034
2014-11-02,0.05625
2014-11-03,0.0360555
2014-11-04,0.0795966
2014-11-05,0.0859496
2014-11-06,0.0702938
2014-11-07,0.0572951
2014-11-08,0.0608323
2014-11-09,0.0424724
2014-11-10,0.0402262
2014-11-11,0.0699549
2014-11-12,0.0507854
2014-11-13,0.0878702
2014-11-14,0.116569
2014-11-15,0.0714246
2014-11-16,0.0581989
2014-11-17,0.0544149
2014-11-18,0.0611054
2014-11-19,0.0730902
2014-11-20,0.0725939
2014-11-21,0.0737292
2014-11-22,0.0965651
2014-11-23,0.0575677
2014-11-24,0.0455168
2014-11-25,0.0596407
2014-11-26,0.0689196
2014-11-27,0.0785606
2014-11-28,0.0725533
2014-11-29,0.0994653
2014-11-30,0.0722335
2014-12-01,0.0738124
2014-12-02,0.0961429
2014-12-03,0.102442
2014-12-04,0.0865554
2014-12-05,0.0809812
2014-12-06,0.0825833
2014-12-07,0.0444512
2014-12-08,0.0606802
2014-12-09,0.121905
2014-12-10,0.0846429
2014-12-11,0.0972748
2014-12-12,0.0601258
2014-12-13,0.0705904
2014-12-14,0.0507228
2014-12-15,0.0464277
2014-12-16,0.0647586
2014-12-17,0.0729742
2014-12-18,0.0817629
2014-12-19,0.083874
2014-12-20,0.064674
2014-12-21,0.0522103
2014-12-22,0.0709903
2014-12-23,0.0729263
2014-12-24,0.0944481
2014-12-25,0.0542651
2014-12-26,0.0634592
2014-12-27,0.0529692
2014-12-28,0.0485608
2014-12-29,0.0499728
2014-12-30,0.0588883
2014-12-31,0.0784602
2015-01-01,0.0690124
2015-01-02,0.0350858
2015-01-03,0.054588
2015-01-04,0.0649371
2015-01-05,0.0776559
2015-01-06,0.0833457
2015-01-07,0.0868006
2015-01-08,0.092922
2015-01-09,0.10164
2015-01-10,0.0921381
2015-01-11,0.0706482
2015-01-12,0.0896003
2015-01-13,0.0753617
2015-01-14,0.129107
2015-01-15,0.177962
2015-01-16,0.185179
2015-01-17,0.142434
2015-01-18,0.0790572
2015-01-19,0.0716392
2015-01-20,0.074042
2015-01-21,0.103717
2015-01-22,0.101255
2015-01-23,0.0885103
2015-01-24,0.0753685
2015-01-25,0.0855357
2015-01-26,0.0679038
2015-01-27,0.154733
2015-01-28,0.0829992
2015-01-29,0.0680373
2015-01-30,0.0720201
2015-01-31,0.064155
2015-02-01,0.0576324
2015-02-02,0.0532086
2015-02-03,0.0742768
2015-02-04,0.0931279
2015-02-05,0.0857755
2015-02-06,0.0907379
2015-02-07,0.0673323
2015-02-08,0.0461266
2015-02-09,0.0458994
2015-02-10,0.0632544
2015-02-11,0.0599793
2015-02-12,0.063713
2015-02-13,0.0538655
2015-02-14,0.0743871
2015-02-15,0.0534582
2015-02-16,0.0508944
2015-02-17,0.0519492
2015-02-18,0.0581079
2015-02-19,0.060491
2015-02-20,0.050933
2015-02-21,0.0576951
2015-02-22,0.0437836
2015-02-23,0.0337827
2015-02-24,0.0628416
2015-02-25,0.050762
2015-02-26,0.0587956
2015-02-27,0.084831
2015-02-28,0.107004
2015-03-01,0.0445603
2015-03-02,0.0943692
2015-03-03,0.138337
2015-03-04,0.0776506
2015-03-05,0.0653409
2015-03-06,0.075822
2015-03-07,0.0589567
2015-03-08,0.0834411
2015-03-09,0.162261
2015-03-10,0.0829821
2015-03-11,0.0782534
2015-03-12,0.0641514
2015-03-13,0.0748723
2015-03-14,0.067569
2015-03-15,0.0578112
2015-03-16,0.0409603
2015-03-17,0.0683002
2015-03-18,0.0552372
2015-03-19,0.110445
2015-03-20,0.0778542
2015-03-21,0.0581049
2015-03-22,0.0471638
2015-03-23,0.0356421
2015-03-24,0.0625725
2015-03-25,0.0688123
2015-03-26,0.0771216
2015-03-27,0.0714583
2015-03-28,0.0704301
2015-03-29,0.0454908
2015-03-30,0.0414812
2015-03-31,0.059843
2015-04-01,0.0602178
2015-04-02,0.0779946
2015-04-03,0.055117
2015-04-04,0.0545657
2015-04-05,0.0306582
2015-04-06,0.0334188
2015-04-07,0.0517683
2015-04-08,0.0591631
2015-04-09,0.0644143
2015-04-10,0.0630387
2015-04-11,0.0712078
2015-04-12,0.0442695
2015-04-13,0.0345675
2015-04-14,0.0682994
2015-04-15,0.0684509
2015-04-16,0.058084
2015-04-17,0.0820044
2015-04-18,0.0807305
2015-04-19,0.0549545
2015-04-20,0.076394
2015-04-21,0.0898983
2015-04-22,0.0892388
2015-04-23,0.0931055
2015-04-24,0.0818908
2015-04-25,0.0863783
2015-04-26,0.0678889
2015-04-27,0.0801648
2015-04-28,0.09259
2015-04-29,0.0941044
2015-04-30,0.0905016
2015-05-01,0.0837587
2015-05-02,0.088896
2015-05-03,0.0561498
2015-05-04,0.0575345
2015-05-05,0.0891101
2015-05-06,0.0858101
2015-05-07,0.0832092
2015-05-08,0.0913635
2015-05-09,0.0773374
2015-05-10,0.0645827
2015-05-11,0.0666779
2015-05-12,0.0821683
2015-05-13,0.0738015
2015-05-14,0.0804272
2015-05-15,0.0737542
2015-05-16,0.0657031
2015-05-17,0.0532353
2015-05-18,0.0447776
2015-05-19,0.0656974
2015-05-20,0.0873887
2015-05-21,0.0738241
2015-05-22,0.0667756
2015-05-23,0.0936815
2015-05-24,0.0652114
2015-05-25,0.0498203
2015-05-26,0.0671226
2015-05-27,0.0728623
2015-05-28,0.0798815
2015-05-29,0.0703969
2015-05-30,0.0771885
2015-05-31,0.0633352
2015-06-01,0.0662412
2015-06-02,0.107947
2015-06-03,0.0984953
2015-06-04,0.0981572
2015-06-05,0.085033
2015-06-06,0.0994605
2015-06-07,0.0766674
2015-06-08,0.0673561
2015-06-09,0.0818596
2015-06-10,0.089485
2015-06-11,0.0900786
2015-06-12,0.088233
2015-06-13,0.0952167
2015-06-14,0.0743162
2015-06-15,0.0932184
2015-06-16,0.103872
2015-06-17,0.130983
2015-06-18,0.131418
2015-06-19,0.104423
2015-06-20,0.129794
2015-06-21,0.0761323
2015-06-22,0.068586
2015-06-23,0.0772983
2015-06-24,0.0810586
2015-06-25,0.0806672
2015-06-26,0.0668095
2015-06-27,0.106107
2015-06-28,0.0867637
2015-06-29,0.0583862
2015-06-30,0.093661
2015-07-01,0.115642
2015-07-02,0.0906735
2015-07-03,0.0939752
2015-07-04,0.0883978
2015-07-05,0.0629916
2015-07-06,0.0798942
2015-07-07,0.106313
2015-07-08,0.0880692
2015-07-09,0.0879612
2015-07-10,0.095983
2015-07-11,0.12397
2015-07-12,0.0885005
2015-07-13,0.0870205
2015-07-14,0.0974034
2015-07-15,0.0935475
2015-07-16,0.0858823
2015-07-17,0.0983613
2015-07-18,0.0804649
2015-07-19,0.0619481
2015-07-20,0.053794
2015-07-21,0.070246
2015-07-22,0.0742468
2015-07-23,0.0734413
2015-07-24,0.0792969
2015-07-25,0.0840349
2015-07-26,0.0535616
2015-07-27,0.0419623
2015-07-28,0.0704367
2015-07-29,0.086095
2015-07-30,0.0761667
2015-07-31,0.0729756
2015-08-01,0.0707536
2015-08-02,0.0555439
2015-08-03,0.043893
2015-08-04,0.0739622
2015-08-05,0.0819941
2015-08-06,0.0856245
2015-08-07,0.0791841
2015-08-08,0.0812673
2015-08-09,0.0873214
2015-08-10,0.0862512
2015-08-11,0.0831233
2015-08-12,0.0823002
2015-08-13,0.0949165
2015-08-14,0.101707
2015-08-15,0.0941169
2015-08-16,0.0725433
2015-08-17,0.075762
2015-08-18,0.113906
2015-08-19,0.131104
2015-08-20,0.102214
2015-08-21,0.110658
2015-08-22,0.0992454
2015-08-23,0.0884973
2015-08-24,0.0719272
2015-08-25,0.142619
2015-08-26,0.143897
2015-08-27,0.112485
2015-08-28,0.10079
2015-08-29,0.115465
2015-08-30,0.0670743
2015-08-31,0.0529653
2015-09-01,0.0895433
2015-09-02,0.0999668
2015-09-03,0.0974138
2015-09-04,0.0833404
2015-09-05,0.0765103
2015-09-06,0.0654442
2015-09-07,0.065518
2015-09-08,0.0708198
2015-09-09,0.0992848
2015-09-10,0.087509
2015-09-11,0.094081
2015-09-12,0.0834171
2015-09-13,0.0549203
2015-09-14,0.0579681
2015-09-15,0.0882184
2015-09-16,0.0894345
2015-09-17,0.101228
2015-09-18,0.0868703
2015-09-19,0.090176
2015-09-20,0.0742584
2015-09-21,0.0632529
2015-09-22,0.11002
2015-09-23,0.102689
2015-09-24,0.087767
2015-09-25,0.0837065
2015-09-26,0.0932837
2015-09-27,0.0691159
2015-09-28,0.0523316
2015-09-29,0.100568
2015-09-30,0.116849
2015-10-01,0.0973926
2015-10-02,0.121994
2015-10-03,0.106204
2015-10-04,0.0659444
2015-10-05,0.0590177
2015-10-06,0.095342
2015-10-07,0.119122
2015-10-08,0.101237
2015-10-09,0.134199
2015-10-10,0.0880118
2015-10-11,0.0802568
2015-10-12,0.0674813
2015-10-13,0.0962566
2015-10-14,0.115775
2015-10-15,0.116597
2015-10-16,0.132593
2015-10-17,0.126086
2015-10-18,0.106036
2015-10-19,0.0696872
2015-10-20,0.101706
2015-10-21,0.107675
2015-10-22,0.092596
2015-10-23,0.109537
2015-10-24,0.0958119
2015-10-25,0.094104
2015-10-26,0.0966155
2015-10-27,0.104825
2015-10-28,0.124029
2015-10-29,0.136657
2015-10-30,0.160088
2015-10-31,0.170895
2015-11-01,0.126566
2015-11-02,0.116479
2015-11-03,0.176153
2015-11-04,0.466628
2015-11-05,0.532634
2015-11-06,0.246918
2015-11-07,0.18928
2015-11-08,0.150925
2015-11-09,0.134595
2015-11-10,0.203767
2015-11-11,0.19793
2015-11-12,0.233358
2015-11-13,0.20502
2015-11-14,0.189266
2015-11-15,0.207584
2015-11-16,0.143225
2015-11-17,0.181375
2015-11-18,0.132518
2015-11-19,0.123962
2015-11-20,0.132565
2015-11-21,0.151312
2015-11-22,0.0979934
2015-11-23,0.0768409
2015-11-24,0.0912911
2015-11-25,0.0971187
2015-11-26,0.126894
2015-11-27,0.141944
2015-11-28,0.148405
2015-11-29,0.128789
2015-11-30,0.0938887
2015-12-01,0.167825
2015-12-02,0.165017
2015-12-03,0.183347
2015-12-04,0.138942
2015-12-05,0.178021
2015-12-06,0.357745
2015-12-07,0.338277
2015-12-08,0.21539
2015-12-09,0.205368
2015-12-10,0.262341
2015-12-11,0.215537
2015-12-12,0.251382
2015-12-13,0.227774
2015-12-14,0.345353
2015-12-15,0.324263
2015-12-16,0.29409
2015-12-17,0.296232
2015-12-18,0.276167
2015-12-19,0.27298
2015-12-20,0.255599
2015-12-21,0.267139
2015-12-22,0.35519
2015-12-23,0.317049
2015-12-24,0.29534
2015-12-25,0.318225
2015-12-26,0.253295
2015-12-27,0.178327
2015-12-28,0.0961501
2015-12-29,0.145352
2015-12-30,0.142581
2015-12-31,0.152284
2016-01-01,0.0762811
2016-01-02,0.0631375
2016-01-03,0.0679436
2016-01-04,0.0609317
2016-01-05,0.0698619
2016-01-06,0.0930354
2016-01-07,0.0907274
2016-01-08,0.104342
2016-01-09,0.0780256
2016-01-10,0.0584316
2016-01-11,0.0752996
2016-01-12,0.12112
2016-01-13,0.0860139
2016-01-14,0.0949208
2016-01-15,0.0802097
2016-01-16,0.115783
2016-01-17,0.096833
2016-01-18,0.681789
2016-01-19,0.62811
2016-01-20,0.602779
2016-01-21,0.245422
2016-01-22,0.343561
2016-01-23,0.518617
2016-01-24,1.96081
2016-01-25,4.45484
2016-01-26,1.14977
2016-01-27,0.693015
2016-01-28,0.988919
2016-01-29,0.321977
2016-01-30,0.473706
2016-01-31,0.225317
2016-02-01,0.1156
2016-02-02,0.378887
2016-02-03,0.223509
2016-02-04,0.102663
2016-02-05,0.1655
2016-02-06,0.227006
2016-02-07,0.214074
2016-02-08,0.19717
2016-02-09,0.173676
2016-02-10,0.145369
2016-02-11,0.17011
2016-02-12,0.177292
2016-02-13,0.174304
2016-02-14,0.169788
2016-02-15,0.188888
2016-02-16,0.254719
2016-02-17,0.259442
2016-02-18,0.260163
2016-02-19,0.253787
2016-02-20,0.314365
2016-02-21,0.27069
2016-02-22,0.278917
2016-02-23,0.287872
2016-02-24,0.266033
2016-02-25,0.233121
2016-02-26,0.205574
2016-02-27,0.213634
2016-02-28,0.16432
2016-02-29,0.56581
2016-03-01,0.647009
2016-03-02,0.716347
2016-03-03,0.370546
2016-03-04,0.234634
2016-03-05,0.481221
2016-03-06,1.27758
2016-03-07,0.131112
2016-03-08,0.19422
2016-03-09,0.146447
2016-03-10,0.13264
2016-03-11,0.162051
2016-03-12,0.156156
2016-03-13,0.119451
2016-03-14,0.106353
2016-03-15,0.153451
2016-03-16,0.233983
2016-03-17,0.857714
2016-03-18,0.507851
2016-03-19,0.340729
2016-03-20,0.143041
2016-03-21,0.113544
2016-03-22,0.133479
2016-03-23,0.144523
2016-03-24,0.137263
2016-03-25,0.150422
2016-03-26,0.133615
2016-03-27,0.0978267
2016-03-28,0.112032
2016-03-29,0.138447
2016-03-30,0.142391
2016-03-31,0.129452
2016-04-01,0.1417
2016-04-02,0.136275
2016-04-03,0.116947
2016-04-04,0.0977969
2016-04-05,0.139104
2016-04-06,0.147765
2016-04-07,0.156521
2016-04-08,0.182284
2016-04-09,0.17021
2016-04-10,0.145568
2016-04-11,0.130419
2016-04-12,0.170043
2016-04-13,0.222619
2016-04-14,0.209288
2016-04-15,0.193246
2016-04-16,0.248885
2016-04-17,0.194098
2016-04-18,0.172308
2016-04-19,0.259945
2016-04-20,0.240252
2016-04-21,0.257337
2016-04-22,0.330932
2016-04-23,0.344395
2016-04-24,0.211704
2016-04-25,0.14295
2016-04-26,0.176725
2016-04-27,0.177347
2016-04-28,0.167593
2016-04-29,0.16766
2016-04-30,0.16288
2016-05-01,0.12331
2016-05-02,0.11782
2016-05-03,0.158184
2016-05-04,0.14512
2016-05-05,0.149819
2016-05-06,0.138388
2016-05-07,0.157113
2016-05-08,0.11402
2016-05-09,0.101953
2016-05-10,0.134854
2016-05-11,0.144643
2016-05-12,0.161507
2016-05-13,0.146207
2016-05-14,0.162754
2016-05-15,0.122544
2016-05-16,0.135464
2016-05-17,0.169038
2016-05-18,0.178967
2016-05-19,0.144841
2016-05-20,0.157723
2016-05-21,0.13782
2016-05-22,0.0983145
2016-05-23,0.0976303
2016-05-24,0.139417
2016-05-25,0.159592
2016-05-26,0.213861
2016-05-27,0.235069
2016-05-28,0.264861
2016-05-29,0.22956
2016-05-30,0.186105
2016-05-31,0.134382
2016-06-01,0.164782
2016-06-02,0.148938
2016-06-03,0.150566
2016-06-04,0.120864
2016-06-05,0.0950912
2016-06-06,0.117589
2016-06-07,0.125964
2016-06-08,0.141085
2016-06-09,0.125316
2016-06-10,0.132469
2016-06-11,0.145369
2016-06-12,0.124325
2016-06-13,0.185402
2016-06-14,0.170415
2016-06-15,0.148514
2016-06-16,0.150411
2016-06-17,0.179607
2016-06-18,0.171452
2016-06-19,0.151834
2016-06-20,0.124837
2016-06-21,0.169811
2016-06-22,0.184537
2016-06-23,0.178233
2016-06-24,0.190357
2016-06-25,0.178068
2016-06-26,0.135474
2016-06-27,0.113297
2016-06-28,0.14105
2016-06-29,0.116424
2016-06-30,0.128352
2016-07-01,0.129992
2016-07-02,0.128916
2016-07-03,0.134284
2016-07-04,0.113074
2016-07-05,0.165763
2016-07-06,0.128494
2016-07-07,0.133781
2016-07-08,0.177988
2016-07-09,0.143229
2016-07-10,0.118874
2016-07-11,0.0956786
2016-07-12,0.141578
2016-07-13,0.147169
2016-07-14,0.146052
2016-07-15,0.134808
2016-07-16,0.208987
2016-07-17,0.126375
2016-07-18,0.128133
2016-07-19,0.142114
2016-07-20,0.161433
2016-07-21,0.154226
2016-07-22,0.142001
2016-07-23,0.153451
2016-07-24,0.116424
2016-07-25,0.11748
2016-07-26,0.120802
2016-07-27,0.145907
2016-07-28,0.156824
2016-07-29,0.158006
2016-07-30,0.134243
2016-07-31,0.118436
2016-08-01,0.121438
2016-08-02,0.106016
2016-08-03,0.225688
2016-08-04,0.154353
2016-08-05,0.190498
2016-08-06,0.147603
2016-08-07,0.0990753
2016-08-08,0.111543
2016-08-09,0.123949
2016-08-10,0.142022
2016-08-11,0.138196
2016-08-12,0.142419
2016-08-13,0.120413
2016-08-14,0.132377
2016-08-15,0.105708
2016-08-16,0.133466
2016-08-17,0.173087
2016-08-18,0.124089
2016-08-19,0.14645
2016-08-20,0.149465
2016-08-21,0.136155
2016-08-22,0.0826228
2016-08-23,0.122579
2016-08-24,0.132843
2016-08-25,0.133333
2016-08-26,0.136615
2016-08-27,0.130063
2016-08-28,0.0912166
2016-08-29,0.0826015
2016-08-30,0.110551
2016-08-31,0.112546
2016-09-01,0.112778
2016-09-02,0.110071
2016-09-03,0.101866
2016-09-04,0.0830752
2016-09-05,0.0702607
2016-09-06,0.114106
2016-09-07,0.0951956
2016-09-08,0.102097
2016-09-09,0.102856
2016-09-10,0.108628
2016-09-11,0.094662
2016-09-12,0.0946026
2016-09-13,0.106266
2016-09-14,0.124446
2016-09-15,0.117384
2016-09-16,0.100557
2016-09-17,0.117533
2016-09-18,0.0937998
2016-09-19,0.1016
2016-09-20,0.132188
2016-09-21,0.142587
2016-09-22,0.116907
2016-09-23,0.150127
2016-09-24,0.139851
2016-09-25,0.123176
2016-09-26,0.116181
2016-09-27,0.144489
2016-09-28,0.11085
2016-09-29,0.159896
2016-09-30,0.112908
2016-10-01,0.156375
2016-10-02,0.0974865
2016-10-03,0.0877638
2016-10-04,0.125119
2016-10-05,0.124698
2016-10-06,0.138977
2016-10-07,0.14275
2016-10-08,0.150488
2016-10-09,0.147337
2016-10-10,0.176534
2016-10-11,0.156589
2016-10-12,0.180344
2016-10-13,0.169942
2016-10-14,0.12912
2016-10-15,0.129541
2016-10-16,0.216349
2016-10-17,0.152204
2016-10-18,0.11582
2016-10-19,0.158887
2016-10-20,0.11996
2016-10-21,0.162015
2016-10-22,0.190084
2016-10-23,0.0839257
2016-10-24,0.125727
2016-10-25,0.230808
2016-10-26,0.193961
2016-10-27,0.140316
2016-10-28,0.213727
2016-10-29,0.0948003
2016-10-30,0.0978157
2016-10-31,0.0801796
2016-11-01,0.11624
2016-11-02,0.117229
2016-11-03,0.306081
2016-11-04,0.431732
2016-11-05,0.364702
2016-11-06,0.359572
2016-11-07,0.334872
2016-11-08,0.280031
2016-11-09,0.217173
2016-11-10,0.166986
2016-11-11,0.10692
2016-11-12,0.0887612
2016-11-13,0.0600966
2016-11-14,0.0680386
2016-11-15,0.0979057
2016-11-16,0.111913
2016-11-17,0.12199
2016-11-18,0.099385
2016-11-19,0.098522
2016-11-20,0.0689019
2016-11-21,0.0776168
2016-11-22,0.095429
2016-11-23,0.10589
2016-11-24,0.109641
2016-11-25,0.113104
2016-11-26,0.0915823
2016-11-27,0.073872
2016-11-28,0.0625194
2016-11-29,0.0939241
2016-11-30,0.0864109
2016-12-01,0.0851249
2016-12-02,0.0956338
2016-12-03,0.11104
2016-12-04,0.0767232
2016-12-05,0.0574275
2016-12-06,0.108826
2016-12-07,0.10157
2016-12-08,0.0965319
2016-12-09,0.0898188
2016-12-10,0.0944524
2016-12-11,0.0705747
2016-12-12,0.0655582
2016-12-13,0.106777
2016-12-14,0.0983977
2016-12-15,0.104326
2016-12-16,0.126311
2016-12-17,0.117566
2016-12-18,0.0815716
2016-12-19,0.0889573
2016-12-20,0.11527
2016-12-21,0.121764
2016-12-22,0.174955
2016-12-23,0.154104
2016-12-24,0.165067
2016-12-25,0.0919452
2016-12-26,0.0677251
2016-12-27,0.0975656
2016-12-28,0.136612
2016-12-29,0.128413
2016-12-30,0.113162
2016-12-31,0.134613
2017-01-01,0.0855423
2017-01-02,0.0662035
2017-01-03,0.0976805
2017-01-04,0.125563
2017-01-05,0.152432
2017-01-06,0.188857
2017-01-07,0.189452
2017-01-08,0.133315
2017-01-09,0.103786
2017-01-10,0.132413
2017-01-11,0.143745
2017-01-12,0.24933
2017-01-13,0.215761
2017-01-14,0.146894
2017-01-15,0.0945445
2017-01-16,0.106471
2017-01-17,0.131657
2017-01-18,0.143448
2017-01-19,0.124744
2017-01-20,0.155126
2017-01-21,0.164089
2017-01-22,0.0900194
2017-01-23,0.0705522
2017-01-24,0.0953236
2017-01-25,0.122416
2017-01-26,0.119342
2017-01-27,0.133339
2017-01-28,0.107371
2017-01-29,0.0773401
2017-01-30,0.0855305
2017-01-31,0.0916446
2017-02-01,0.108973
2017-02-02,0.128752
2017-02-03,0.117109
2017-02-04,0.148305
2017-02-05,0.130309
2017-02-06,0.113916
2017-02-07,0.103319
2017-02-08,0.126269
2017-02-09,0.11965
2017-02-10,0.203441
2017-02-11,0.165072
2017-02-12,0.0881526
2017-02-13,0.0568941
2017-02-14,0.0987488
2017-02-15,0.1196
2017-02-16,0.108121
2017-02-17,0.18965
2017-02-18,0.150678
2017-02-19,0.0787876
2017-02-20,0.0849542
2017-02-21,0.0975368
2017-02-22,0.109214
2017-02-23,0.167769
2017-02-24,0.196676
2017-02-25,0.115951
2017-02-26,0.0744684
2017-02-27,0.0737459
2017-02-28,0.115145
2017-03-01,0.119652
2017-03-02,0.154944
2017-03-03,0.172404
2017-03-04,0.278502
2017-03-05,0.120202
2017-03-06,0.0776671
2017-03-07,0.116283
2017-03-08,0.129327
2017-03-09,0.16826
2017-03-10,0.350244
2017-03-11,0.158305
2017-03-12,0.103142
2017-03-13,0.071952
2017-03-14,0.131688
2017-03-15,0.163794
2017-03-16,0.143132
2017-03-17,0.205189
2017-03-18,0.193117
2017-03-19,0.156574
2017-03-20,0.40191
2017-03-21,0.193697
2017-03-22,0.40174
2017-03-23,0.301508
2017-03-24,0.147932
2017-03-25,0.25548
2017-03-26,0.190502
2017-03-27,0.104746
2017-03-28,0.150013
2017-03-29,0.139295
2017-03-30,0.110788
2017-03-31,0.135522
2017-04-01,0.217518
2017-04-02,0.196254
2017-04-03,0.228777
2017-04-04,0.264632
2017-04-05,0.147806
2017-04-06,0.137376
2017-04-07,0.127301
2017-04-08,0.389056
2017-04-09,0.586732
2017-04-10,0.0821855
2017-04-11,0.128706
2017-04-12,0.12393
2017-04-13,0.126744
2017-04-14,0.131865
2017-04-15,0.133736
2017-04-16,0.0981825
2017-04-17,0.117796
2017-04-18,0.152348
2017-04-19,0.150039
2017-04-20,0.138095
2017-04-21,0.136197
2017-04-22,0.137237
2017-04-23,0.107588
2017-04-24,0.0958857
2017-04-25,0.122327
2017-04-26,0.198625
2017-04-27,0.147829
2017-04-28,0.163324
2017-04-29,0.150253
2017-04-30,0.12632
2017-05-01,0.109215
2017-05-02,0.156173
2017-05-03,0.153515
2017-05-04,0.160355
2017-05-05,0.178114
2017-05-06,0.175452
2017-05-07,0.167692
2017-05-08,0.135179
2017-05-09,0.24104
2017-05-10,0.193615
2017-05-11,0.233203
2017-05-12,0.186443
2017-05-13,0.186997
2017-05-14,0.185307
2017-05-15,0.156284
2017-05-16,0.190059
2017-05-17,0.173698
2017-05-18,0.246504
2017-05-19,0.19887
2017-05-20,0.174321
2017-05-21,0.173273
2017-05-22,0.139629
2017-05-23,0.206579
2017-05-24,0.250807
2017-05-25,0.216475
2017-05-26,0.216156
2017-05-27,0.172682
2017-05-28,0.160523
2017-05-29,0.171315
2017-05-30,0.154095
2017-05-31,0.238776
2017-06-01,0.20069
2017-06-02,0.205652
2017-06-03,0.173475
2017-06-04,0.198647
2017-06-05,0.217224
2017-06-06,0.199397
2017-06-07,0.149859
2017-06-08,0.161343
2017-06-09,0.148186
2017-06-10,0.159693
2017-06-11,0.147345
2017-06-12,0.141456
2017-06-13,0.180231
2017-06-14,0.199847
2017-06-15,0.198873
2017-06-16,0.186219
2017-06-17,0.213159
2017-06-18,0.138645
2017-06-19,0.141716
2017-06-20,0.185866
2017-06-21,0.180578
2017-06-22,0.227396
2017-06-23,0.195126
2017-06-24,0.151898
2017-06-25,0.127817
2017-06-26,0.124234
2017-06-27,0.223238
2017-06-28,0.171825
2017-06-29,0.16731
2017-06-30,0.194373
2017-07-01,0.214826
2017-07-02,0.136737
2017-07-03,0.111267
2017-07-04,0.170043
2017-07-05,0.139501
2017-07-06,0.151394
2017-07-07,0.138817
2017-07-08,0.148534
2017-07-09,0.168643
2017-07-10,0.135441
2017-07-11,0.201138
2017-07-12,0.176288
2017-07-13,0.161286
2017-07-14,0.151652
2017-07-15,0.159011
2017-07-16,0.11602
2017-07-17,0.126096
2017-07-18,0.165282
2017-07-19,0.158139
2017-07-20,0.152076
2017-07-21,0.147153
2017-07-22,0.137573
2017-07-23,0.10548
2017-07-24,0.0987655
2017-07-25,0.14622
2017-07-26,0.454535
2017-07-27,0.21502
2017-07-28,0.151697
2017-07-29,0.261551
2017-07-30,0.262659
2017-07-31,0.519291
2017-08-01,0.176767
2017-08-02,0.159268
2017-08-03,0.172707
2017-08-04,0.129816
2017-08-05,0.142196
2017-08-06,0.11563
2017-08-07,0.106999
2017-08-08,0.146249
2017-08-09,0.160419
2017-08-10,0.148543
2017-08-11,0.172607
2017-08-12,0.193283
2017-08-13,0.146893
2017-08-14,0.134591
2017-08-15,0.17272
2017-08-16,0.165307
2017-08-17,0.179412
2017-08-18,0.163707
2017-08-19,0.160078
2017-08-20,0.143412
2017-08-21,0.112404
2017-08-22,0.149035
2017-08-23,0.111318
2017-08-24,0.141287
2017-08-25,0.0995351
2017-08-26,0.0877883
2017-08-27,0.0824063
2017-08-28,0.0771117
2017-08-29,0.105321
2017-08-30,0.117391
2017-08-31,0.101431
2017-09-01,0.107512
2017-09-02,0.105544
2017-09-03,0.097965
2017-09-04,0.0861699
2017-09-05,0.145897
2017-09-06,0.393233
2017-09-07,0.151834
2017-09-08,0.135578
2017-09-09,0.1272
2017-09-10,0.111732
2017-09-11,0.0982392
2017-09-12,0.16381
2017-09-13,0.145261
2017-09-14,0.170198
2017-09-15,0.199182
2017-09-16,0.209434
2017-09-17,0.13399
2017-09-18,0.10466
2017-09-19,0.142504
2017-09-20,0.115463
2017-09-21,0.118076
2017-09-22,0.116996
2017-09-23,0.109052
2017-09-24,0.0799937
2017-09-25,0.0719876
2017-09-26,0.117305
2017-09-27,0.123941
2017-09-28,0.136195
2017-09-29,0.136774
2017-09-30,0.117426
2017-10-01,0.0993475
2017-10-02,0.0875562
2017-10-03,0.118128
2017-10-04,0.0976348
2017-10-05,0.0888305
2017-10-06,0.100497
2017-10-07,0.0857437
2017-10-08,0.059596
2017-10-09,0.0840238
2017-10-10,0.147605
2017-10-11,0.118705
2017-10-12,0.107293
2017-10-13,0.119364
2017-10-14,0.117121
2017-10-15,0.0918307
2017-10-16,0.0790292
2017-10-17,0.119046
2017-10-18,0.171277
2017-10-19,0.126122
2017-10-20,0.114774
2017-10-21,0.114416
2017-10-22,0.0924612
2017-10-23,0.0966066
2017-10-24,0.177857
2017-10-25,0.15146
2017-10-26,0.118211
2017-10-27,0.11247
2017-10-28,0.115291
2017-10-29,0.0852065
2017-10-30,0.100683
2017-10-31,0.107667
2017-11-01,0.11919
2017-11-02,0.131231
2017-11-03,0.13409
2017-11-04,0.182195
2017-11-05,0.359912
2017-11-06,0.355347
2017-11-07,0.161044
2017-11-08,0.221797
2017-11-09,0.24617
2017-11-10,0.135455
2017-11-11,0.138586
2017-11-12,0.103384
2017-11-13,0.126312
2017-11-14,0.263494
2017-11-15,0.230886
2017-11-16,0.204499
2017-11-17,0.227702
2017-11-18,0.228955
2017-11-19,0.158515
2017-11-20,0.334521
2017-11-21,0.244506
2017-11-22,0.2206
2017-11-23,0.20715
2017-11-24,0.206002
2017-11-25,0.157621
2017-11-26,0.172901
2017-11-27,0.121336
2017-11-28,0.147689
2017-11-29,0.173765
2017-11-30,0.193003
2017-12-01,0.160549
2017-12-02,0.138014
2017-12-03,0.12739
2017-12-04,0.110658
2017-12-05,0.160337
2017-12-06,0.180219
2017-12-07,0.211504
2017-12-08,0.204759
2017-12-09,0.149664
2017-12-10,0.171657
2017-12-11,0.116204
2017-12-12,0.168274
2017-12-13,0.192324
2017-12-14,0.193628
2017-12-15,0.178128
2017-12-16,0.162401
2017-12-17,0.143263
2017-12-18,0.140099
2017-12-19,0.183008
2017-12-20,0.113709
2017-12-21,0.135246
2017-12-22,0.104788
2017-12-23,0.114552
2017-12-24,0.105172
2017-12-25,0.0840519
2017-12-26,0.108345
2017-12-27,0.131529
2017-12-28,0.13918
2017-12-29,0.121994
2017-12-30,0.138561
2017-12-31,0.131747
2018-01-01,0.100366
2018-01-02,0.0984954
2018-01-03,0.152473
2018-01-04,0.165205
2018-01-05,0.165173
2018-01-06,0.175103
2018-01-07,0.175706
2018-01-08,0.166897
2018-01-09,0.147384
2018-01-10,0.131607
2018-01-11,0.128747
2018-01-12,0.110539
2018-01-13,0.105661
2018-01-14,0.0809776
2018-01-15,0.0756388
2018-01-16,0.0893892
2018-01-17,0.175007
2018-01-18,0.144925
2018-01-19,0.131678
2018-01-20,0.111889
2018-01-21,0.0842148
2018-01-22,0.0665192
2018-01-23,0.0921352
2018-01-24,0.090188
2018-01-25,0.0892295
2018-01-26,0.0816386
2018-01-27,0.100041
2018-01-28,0.0803927
2018-01-29,0.188233
2018-01-30,0.111981
2018-01-31,0.141006
2018-02-01,0.114067
2018-02-02,0.122021
2018-02-03,0.0873986
2018-02-04,0.052396
2018-02-05,0.0575878
2018-02-06,0.111346
2018-02-07,0.113461
2018-02-08,0.0668894
2018-02-09,0.071385
2018-02-10,0.0678778
2018-02-11,0.0901948
2018-02-12,0.082476
2018-02-13,0.0983689
2018-02-14,0.0845643
2018-02-15,0.0893872
2018-02-16,0.0831453
2018-02-17,0.0636447
2018-02-18,0.086298
2018-02-19,0.0983858
2018-02-20,0.1081
2018-02-21,0.0724662
2018-02-22,0.08061
2018-02-23,0.0871399
2018-02-24,0.0583891
2018-02-25,0.0432603
2018-02-26,0.0353541
2018-02-27,0.0507637
2018-02-28,0.0550469
2018-03-01,0.0843773
2018-03-02,0.0774118
2018-03-03,0.0579334
2018-03-04,0.0459082
2018-03-05,0.0351699
2018-03-06,0.0557854
2018-03-07,0.0562561
2018-03-08,0.0550791
2018-03-09,0.0573805
2018-03-10,0.0721638
2018-03-11,0.0384807
2018-03-12,0.0449728
2018-03-13,0.062494
2018-03-14,0.0918696
2018-03-15,0.0623563
2018-03-16,0.113434
2018-03-17,0.0620447
2018-03-18,0.143017
2018-03-19,0.0962637
2018-03-20,0.0787008
2018-03-21,0.064739
2018-03-22,0.057179
2018-03-23,0.0626771
2018-03-24,0.057903
2018-03-25,0.048373
2018-03-26,0.046455
2018-03-27,0.103326
2018-03-28,0.0590286
2018-03-29,0.068937
2018-03-30,0.051631
2018-03-31,0.0735835
2018-04-01,0.0524437
2018-04-02,0.0518025
2018-04-03,0.082844
2018-04-04,0.0801916
2018-04-05,0.0820544
2018-04-06,0.0608722
2018-04-07,0.0733724
2018-04-08,0.0442412
2018-04-09,0.0457881
2018-04-10,0.0677183
2018-04-11,0.0567806
2018-04-12,0.0575233
2018-04-13,0.127774
2018-04-14,0.0718435
2018-04-15,0.0410937
2018-04-16,0.0464805
2018-04-17,0.0769784
2018-04-18,0.074255
2018-04-19,0.0620341
2018-04-20,0.0792823
2018-04-21,0.0907691
2018-04-22,0.053111
2018-04-23,0.0436149
2018-04-24,0.0639326
2018-04-25,0.106524
2018-04-26,0.115344
2018-04-27,0.0630383
2018-04-28,0.0960062
2018-04-29,0.100981
2018-04-30,0.0968135
2018-05-01,0.0703012
2018-05-02,0.0600101
2018-05-03,0.0619768
2018-05-04,0.0795636
2018-05-05,0.0812685
2018-05-06,0.0592426
2018-05-07,0.0654637
2018-05-08,0.0799001
2018-05-09,0.0626938
2018-05-10,0.0612706
2018-05-11,0.0739912
2018-05-12,0.0736579
2018-05-13,0.0585936
2018-05-14,0.0501192
2018-05-15,0.0743163
2018-05-16,0.060501
2018-05-17,0.0690108
2018-05-18,0.0622918
2018-05-19,0.0669138
2018-05-20,0.0414272
2018-05-21,0.0434824
2018-05-22,0.0480602
2018-05-23,0.0554951
2018-05-24,0.0636555
2018-05-25,0.0689272
2018-05-26,0.0557162
2018-05-27,0.0352274
2018-05-28,0.0479211
2018-05-29,0.0774222
2018-05-30,0.0753629
2018-05-31,0.0747291
2018-06-01,0.079112
2018-06-02,0.06933
2018-06-03,0.0560453
2018-06-04,0.055736
2018-06-05,0.085834
2018-06-06,0.072332
2018-06-07,0.0668606
2018-06-08,0.0713176
2018-06-09,0.0821335
2018-06-10,0.057248
2018-06-11,0.0788363
2018-06-12,0.0982189
2018-06-13,0.0838092
2018-06-14,0.109
2018-06-15,0.109399
2018-06-16,0.0986333
2018-06-17,0.0462201
2018-06-18,0.040036
2018-06-19,0.0613302
2018-06-20,0.086112
2018-06-21,0.0678924
2018-06-22,0.0539697
2018-06-23,0.111146
2018-06-24,0.0802496
2018-06-25,0.0537474
2018-06-26,0.0758623
2018-06-27,0.0495432
2018-06-28,0.0585492
2018-06-29,0.0568211
2018-06-30,0.060402
2018-07-01,0.0419948
2018-07-02,0.0496728
2018-07-03,0.059579
2018-07-04,0.0616234
2018-07-05,0.0514668
2018-07-06,0.0614184
2018-07-07,0.0555805
2018-07-08,0.0341428
2018-07-09,0.0449522
2018-07-10,0.0604855
2018-07-11,0.0682055
2018-07-12,0.0486866
2018-07-13,0.0495729
2018-07-14,0.0514848
2018-07-15,0.0422367
2018-07-16,0.042769
2018-07-17,0.0726979
2018-07-18,0.0614065
2018-07-19,0.0644361
2018-07-20,0.0563617
2018-07-21,0.0537352
2018-07-22,0.0377026
2018-07-23,0.0337091
2018-07-24,0.0566165
2018-07-25,0.0689943
2018-07-26,0.0583742
2018-07-27,0.0502134
2018-07-28,0.0571482
2018-07-29,0.0370273
2018-07-30,0.0391928
2018-07-31,0.0510594
2018-08-01,0.0500817
2018-08-02,0.0526646
2018-08-03,0.0528078
2018-08-04,0.0580165
2018-08-05,0.0564522
2018-08-06,0.0607101
2018-08-07,0.0725306
2018-08-08,0.0676189
2018-08-09,0.0738356
2018-08-10,0.0655854
2018-08-11,0.0559963
2018-08-12,0.0463363
2018-08-13,0.036125
2018-08-14,0.0521374
2018-08-15,0.0698506
2018-08-16,0.0609267
2018-08-17,0.0535036
2018-08-18,0.0496687
2018-08-19,0.0373758
2018-08-20,0.0342192
2018-08-21,0.050573
2018-08-22,0.0606495
2018-08-23,0.0513203
2018-08-24,0.050601
2018-08-25,0.0446145
2018-08-26,0.0374082
2018-08-27,0.0293074
2018-08-28,0.0578965
2018-08-29,0.110213
2018-08-30,0.0512681
2018-08-31,0.0494978
2018-09-01,0.0903827
2018-09-02,0.0504357
2018-09-03,0.0475264
2018-09-04,0.0535723
2018-09-05,0.0564055
2018-09-06,0.0543149
2018-09-07,0.0730049
2018-09-08,0.0630719
2018-09-09,0.0411602
2018-09-10,0.0416104
2018-09-11,0.0498503
2018-09-12,0.0529333
2018-09-13,0.0511457
2018-09-14,0.0662943
2018-09-15,0.0425202
2018-09-16,0.0424742
2018-09-17,0.0407857
2018-09-18,0.0602408
2018-09-19,0.0591673
2018-09-20,0.0556604
2018-09-21,0.0532957
2018-09-22,0.0675991
2018-09-23,0.0417044
2018-09-24,0.0319761
2018-09-25,0.0441314
2018-09-26,0.0794494
2018-09-27,0.0615745