Date,Velocity - Quarterly
2009-01-10,0
2009-01-11,0
2009-01-12,0.00578035
2009-01-13,0.0134082
2009-01-14,0.00917949
2009-01-15,0.00924855
2009-01-16,0.0229457
2009-01-17,0.0249668
2009-01-18,0.0218097
2009-01-19,0.0224974
2009-01-20,0.0344096
2009-01-21,0.037813
2009-01-22,0.0440769
2009-01-23,0.0433501
2009-01-24,0.0449492
2009-01-25,0.0455251
2009-01-26,0.0414033
2009-01-27,0.049567
2009-01-28,0.0486893
2009-01-29,0.0461786
2009-01-30,0.0489751
2009-01-31,0.0465975
2009-02-01,0.0519231
2009-02-02,0.0504697
2009-02-03,0.048512
2009-02-04,0.0512399
2009-02-05,0.0492387
2009-02-06,0.0472835
2009-02-07,0.0455327
2009-02-08,0.050815
2009-02-09,0.054553
2009-02-10,0.064496
2009-02-11,0.0624647
2009-02-12,0.0631477
2009-02-13,0.0612977
2009-02-14,0.0594819
2009-02-15,0.0576102
2009-02-16,0.059998
2009-02-17,0.0649587
2009-02-18,0.0633379
2009-02-19,0.0617831
2009-02-20,0.0634742
2009-02-21,0.0619417
2009-02-22,0.060575
2009-02-23,0.0631602
2009-02-24,0.0618961
2009-02-25,0.0607036
2009-02-26,0.0595668
2009-02-27,0.0584514
2009-02-28,0.0634742
2009-03-01,0.063595
2009-03-02,0.0624882
2009-03-03,0.0613892
2009-03-04,0.061638
2009-03-05,0.0645655
2009-03-06,0.0646845
2009-03-07,0.0635342
2009-03-08,0.0624987
2009-03-09,0.065999
2009-03-10,0.0649676
2009-03-11,0.0639771
2009-03-12,0.0629545
2009-03-13,0.0623436
2009-03-14,0.063424
2009-03-15,0.0624905
2009-03-16,0.0614786
2009-03-17,0.0667346
2009-03-18,0.0657631
2009-03-19,0.0665817
2009-03-20,0.0655747
2009-03-21,0.0660954
2009-03-22,0.0656941
2009-03-23,0.0660751
2009-03-24,0.0650626
2009-03-25,0.0642672
2009-03-26,0.0634035
2009-03-27,0.0657363
2009-03-28,0.0649559
2009-03-29,0.066312
2009-03-30,0.0654726
2009-03-31,0.0646264
2009-04-01,0.067276
2009-04-02,0.0664694
2009-04-03,0.0656751
2009-04-04,0.0648928
2009-04-05,0.0641485
2009-04-06,0.0650162
2009-04-07,0.0643139
2009-04-08,0.0636828
2009-04-09,0.0630333
2009-04-10,0.062433
2009-04-11,0.061791
2009-04-12,0.0616578
2009-04-13,0.0625092
2009-04-14,0.0619391
2009-04-15,0.0611285
2009-04-16,0.0596044
2009-04-17,0.0585941
2009-04-18,0.0580148
2009-04-19,0.0574333
2009-04-20,0.0561947
2009-04-21,0.0647743
2009-04-22,0.063169
2009-04-23,0.0622773
2009-04-24,0.0613888
2009-04-25,0.059982
2009-04-26,0.0593222
2009-04-27,0.0583798
2009-04-28,0.0576518
2009-04-29,0.0571155
2009-04-30,0.0571697
2009-05-01,0.0565863
2009-05-02,0.0545143
2009-05-03,0.0549828
2009-05-04,0.0546319
2009-05-05,0.0552534
2009-05-06,0.0554423
2009-05-07,0.0548914
2009-05-08,0.0544029
2009-05-09,0.0522474
2009-05-10,0.0505146
2009-05-11,0.0470599
2009-05-12,0.0468012
2009-05-13,0.0456005
2009-05-14,0.0454567
2009-05-15,0.0452966
2009-05-16,0.0455593
2009-05-17,0.0439697
2009-05-18,0.0415752
2009-05-19,0.0412477
2009-05-20,0.0410122
2009-05-21,0.0396344
2009-05-22,0.0394216
2009-05-23,0.0392647
2009-05-24,0.0378157
2009-05-25,0.0375711
2009-05-26,0.037308
2009-05-27,0.0370109
2009-05-28,0.0367324
2009-05-29,0.03425
2009-05-30,0.0373329
2009-05-31,0.0370805
2009-06-01,0.036861
2009-06-02,0.0362707
2009-06-03,0.0345009
2009-06-04,0.0338665
2009-06-05,0.0337313
2009-06-06,0.0336703
2009-06-07,0.0317455
2009-06-08,0.031715
2009-06-09,0.0315592
2009-06-10,0.0313881
2009-06-11,0.0310576
2009-06-12,0.03001
2009-06-13,0.0298585
2009-06-14,0.0297225
2009-06-15,0.026806
2009-06-16,0.0266757
2009-06-17,0.0257594
2009-06-18,0.0256427
2009-06-19,0.02484
2009-06-20,0.0247172
2009-06-21,0.0239856
2009-06-22,0.0238761
2009-06-23,0.0271398
2009-06-24,0.0270246
2009-06-25,0.0254919
2009-06-26,0.0265029
2009-06-27,0.0252701
2009-06-28,0.0251537
2009-06-29,0.0251451
2009-06-30,0.0234474
2009-07-01,0.0233394
2009-07-02,0.0233541
2009-07-03,0.0233037
2009-07-04,0.0232015
2009-07-05,0.0221865
2009-07-06,0.0220936
2009-07-07,0.0219956
2009-07-08,0.0219158
2009-07-09,0.0218308
2009-07-10,0.0217329
2009-07-11,0.021278
2009-07-12,0.0202042
2009-07-13,0.0200725
2009-07-14,0.0199922
2009-07-15,0.0199217
2009-07-16,0.019876
2009-07-17,0.0198043
2009-07-18,0.0195721
2009-07-19,0.0191626
2009-07-20,0.0132868
2009-07-21,0.0192789
2009-07-22,0.0191997
2009-07-23,0.0191421
2009-07-24,0.0190697
2009-07-25,0.0190006
2009-07-26,0.0182277
2009-07-27,0.0182088
2009-07-28,0.0181423
2009-07-29,0.0171219
2009-07-30,0.0172042
2009-07-31,0.0172407
2009-08-01,0.0164903
2009-08-02,0.0163599
2009-08-03,0.0148731
2009-08-04,0.0143752
2009-08-05,0.0143185
2009-08-06,0.0142581
2009-08-07,0.0141961
2009-08-08,0.0194824
2009-08-09,0.0194077
2009-08-10,0.0192188
2009-08-11,0.0191502
2009-08-12,0.0189446
2009-08-13,0.0186993
2009-08-14,0.018154
2009-08-15,0.0181004
2009-08-16,0.0180783
2009-08-17,0.0180622
2009-08-18,0.0180479
2009-08-19,0.0180394
2009-08-20,0.0180243
2009-08-21,0.0180058
2009-08-22,0.017994
2009-08-23,0.0179881
2009-08-24,0.0179756
2009-08-25,0.017963
2009-08-26,0.0179213
2009-08-27,0.0200577
2009-08-28,0.017254
2009-08-29,0.0171943
2009-08-30,0.0171319
2009-08-31,0.0170567
2009-09-01,0.0172633
2009-09-02,0.0172021
2009-09-03,0.0171507
2009-09-04,0.0177356
2009-09-05,0.0176845
2009-09-06,0.0176242
2009-09-07,0.0175706
2009-09-08,0.0180889
2009-09-09,0.0180335
2009-09-10,0.0179903
2009-09-11,0.017937
2009-09-12,0.017884
2009-09-13,0.0178298
2009-09-14,0.0177713
2009-09-15,0.0177139
2009-09-16,0.0176799
2009-09-17,0.0176255
2009-09-18,0.0219318
2009-09-19,0.0218581
2009-09-20,0.0217885
2009-09-21,0.019145
2009-09-22,0.0194303
2009-09-23,0.0209894
2009-09-24,0.020105
2009-09-25,0.0200223
2009-09-26,0.0210443
2009-09-27,0.0215871
2009-09-28,0.0213867
2009-09-29,0.0213107
2009-09-30,0.0229397
2009-10-01,0.0228173
2009-10-02,0.0227399
2009-10-03,0.0230847
2009-10-04,0.0230296
2009-10-05,0.0229795
2009-10-06,0.0229278
2009-10-07,0.0236232
2009-10-08,0.0235654
2009-10-09,0.0234983
2009-10-10,0.0234231
2009-10-11,0.0233502
2009-10-12,0.0232806
2009-10-13,0.0272852
2009-10-14,0.0272229
2009-10-15,0.0271477
2009-10-16,0.0270709
2009-10-17,0.0347228
2009-10-18,0.0346442
2009-10-19,0.0300321
2009-10-20,0.0298996
2009-10-21,0.0337521
2009-10-22,0.0343505
2009-10-23,0.0435481
2009-10-24,0.0433975
2009-10-25,0.0527893
2009-10-26,0.0526343
2009-10-27,0.0524903
2009-10-28,0.06228
2009-10-29,0.062084
2009-10-30,0.0635442
2009-10-31,0.0633986
2009-11-01,0.0632874
2009-11-02,0.0632271
2009-11-03,0.0631477
2009-11-04,0.0629992
2009-11-05,0.074586
2009-11-06,0.0702321
2009-11-07,0.070068
2009-11-08,0.0698862
2009-11-09,0.069695
2009-11-10,0.0695281
2009-11-11,0.0823783
2009-11-12,0.136128
2009-11-13,0.135868
2009-11-14,0.135836
2009-11-15,0.13544
2009-11-16,0.134962
2009-11-17,0.134483
2009-11-18,0.134031
2009-11-19,0.133645
2009-11-20,0.165516
2009-11-21,0.165001
2009-11-22,0.164566
2009-11-23,0.163938
2009-11-24,0.163374
2009-11-25,0.161154
2009-11-26,0.160637
2009-11-27,0.160158
2009-11-28,0.159738
2009-11-29,0.159302
2009-11-30,0.158754
2009-12-01,0.158336
2009-12-02,0.164978
2009-12-03,0.163947
2009-12-04,0.163444
2009-12-05,0.163239
2009-12-06,0.163502
2009-12-07,0.162566
2009-12-08,0.162628
2009-12-09,0.162385
2009-12-10,0.163463
2009-12-11,0.162884
2009-12-12,0.165797
2009-12-13,0.16518
2009-12-14,0.164545
2009-12-15,0.185854
2009-12-16,0.189393
2009-12-17,0.185169
2009-12-18,0.18433
2009-12-19,0.182966
2009-12-20,0.181814
2009-12-21,0.180553
2009-12-22,0.178239
2009-12-23,0.177311
2009-12-24,0.176438
2009-12-25,0.174745
2009-12-26,0.173445
2009-12-27,0.172495
2009-12-28,0.171748
2009-12-29,0.169672
2009-12-30,0.168772
2009-12-31,0.168036
2010-01-01,0.167015
2010-01-02,0.1664
2010-01-03,0.16576
2010-01-04,0.164824
2010-01-05,0.175943
2010-01-06,0.174898
2010-01-07,0.174046
2010-01-08,0.173249
2010-01-09,0.172465
2010-01-10,0.171697
2010-01-11,0.167782
2010-01-12,0.167004
2010-01-13,0.172504
2010-01-14,0.17172
2010-01-15,0.165664
2010-01-16,0.16511
2010-01-17,0.164464
2010-01-18,0.163851
2010-01-19,0.160435
2010-01-20,0.159365
2010-01-21,0.151935
2010-01-22,0.151576
2010-01-23,0.144323
2010-01-24,0.14371
2010-01-25,0.143126
2010-01-26,0.136965
2010-01-27,0.136712
2010-01-28,0.13553
2010-01-29,0.13545
2010-01-30,0.135243
2010-01-31,0.135393
2010-02-01,0.135383
2010-02-02,0.136102
2010-02-03,0.127941
2010-02-04,0.127191
2010-02-05,0.127501
2010-02-06,0.133119
2010-02-07,0.133543
2010-02-08,0.133055
2010-02-09,0.126861
2010-02-10,0.0999779
2010-02-11,0.114831
2010-02-12,0.115955
2010-02-13,0.119259
2010-02-14,0.121659
2010-02-15,0.130765
2010-02-16,0.132444
2010-02-17,0.132184
2010-02-18,0.138434
2010-02-19,0.139144
2010-02-20,0.138546
2010-02-21,0.138165
2010-02-22,0.140428
2010-02-23,0.146365
2010-02-24,0.145523
2010-02-25,0.147434
2010-02-26,0.151877
2010-02-27,0.156386
2010-02-28,0.15597
2010-03-01,0.157864
2010-03-02,0.15325
2010-03-03,0.153507
2010-03-04,0.157648
2010-03-05,0.165813
2010-03-06,0.164828
2010-03-07,0.174857
2010-03-08,0.177083
2010-03-09,0.180428
2010-03-10,0.180597
2010-03-11,0.181105
2010-03-12,0.179678
2010-03-13,0.179351
2010-03-14,0.17954
2010-03-15,0.165364
2010-03-16,0.162164
2010-03-17,0.162242
2010-03-18,0.162175
2010-03-19,0.16469
2010-03-20,0.165597
2010-03-21,0.16703
2010-03-22,0.166588
2010-03-23,0.166978
2010-03-24,0.167944
2010-03-25,0.168099
2010-03-26,0.17764
2010-03-27,0.178591
2010-03-28,0.179101
2010-03-29,0.179115
2010-03-30,0.179827
2010-03-31,0.179252
2010-04-01,0.179149
2010-04-02,0.179002
2010-04-03,0.178839
2010-04-04,0.178956
2010-04-05,0.171241
2010-04-06,0.17504
2010-04-07,0.176562
2010-04-08,0.178098
2010-04-09,0.178947
2010-04-10,0.18987
2010-04-11,0.194895
2010-04-12,0.200406
2010-04-13,0.206681
2010-04-14,0.206733
2010-04-15,0.230227
2010-04-16,0.25163
2010-04-17,0.255562
2010-04-18,0.256115
2010-04-19,0.269586
2010-04-20,0.27747
2010-04-21,0.281929
2010-04-22,0.28359
2010-04-23,0.290887
2010-04-24,0.291521
2010-04-25,0.295061
2010-04-26,0.298937
2010-04-27,0.304149
2010-04-28,0.304036
2010-04-29,0.306138
2010-04-30,0.306651
2010-05-01,0.327981
2010-05-02,0.328461
2010-05-03,0.328148
2010-05-04,0.330371
2010-05-05,0.33494
2010-05-06,0.340343
2010-05-07,0.34086
2010-05-08,0.351876
2010-05-09,0.356636
2010-05-10,0.357026
2010-05-11,0.351689
2010-05-12,0.340799
2010-05-13,0.346503
2010-05-14,0.346859
2010-05-15,0.349519
2010-05-16,0.34307
2010-05-17,0.341625
2010-05-18,0.344301
2010-05-19,0.327199
2010-05-20,0.329224
2010-05-21,0.329662
2010-05-22,0.342113
2010-05-23,0.354539
2010-05-24,0.355812
2010-05-25,0.35679
2010-05-26,0.356289
2010-05-27,0.357072
2010-05-28,0.357153
2010-05-29,0.365697
2010-05-30,0.377977
2010-05-31,0.378316
2010-06-01,0.37943
2010-06-02,0.377066
2010-06-03,0.372153
2010-06-04,0.374499
2010-06-05,0.376533
2010-06-06,0.375297
2010-06-07,0.374185
2010-06-08,0.380925
2010-06-09,0.385143
2010-06-10,0.404046
2010-06-11,0.413391
2010-06-12,0.415079
2010-06-13,0.418306
2010-06-14,0.421842
2010-06-15,0.434402
2010-06-16,0.44447
2010-06-17,0.450509
2010-06-18,0.455424
2010-06-19,0.456454
2010-06-20,0.474129
2010-06-21,0.480648
2010-06-22,0.490467
2010-06-23,0.499055
2010-06-24,0.502205
2010-06-25,0.509876
2010-06-26,0.513796
2010-06-27,0.530727
2010-06-28,0.532343
2010-06-29,0.546348
2010-06-30,0.556341
2010-07-01,0.571219
2010-07-02,0.577672
2010-07-03,0.610332
2010-07-04,0.61691
2010-07-05,0.61775
2010-07-06,0.630874
2010-07-07,0.633565
2010-07-08,0.646798
2010-07-09,0.640793
2010-07-10,0.637768
2010-07-11,0.637202
2010-07-12,0.647142
2010-07-13,1.42014
2010-07-14,1.47783
2010-07-15,1.54249
2010-07-16,1.54985
2010-07-17,1.55516
2010-07-18,1.55252
2010-07-19,1.54743
2010-07-20,1.55222
2010-07-21,1.55488
2010-07-22,1.5518
2010-07-23,1.55789
2010-07-24,1.55622
2010-07-25,1.55988
2010-07-26,1.56318
2010-07-27,1.58149
2010-07-28,1.58458
2010-07-29,1.59836
2010-07-30,1.58258
2010-07-31,1.58249
2010-08-01,1.58111
2010-08-02,1.64853
2010-08-03,1.65648
2010-08-04,1.65771
2010-08-05,1.65644
2010-08-06,1.65321
2010-08-07,1.65095
2010-08-08,1.65109
2010-08-09,1.64709
2010-08-10,1.66336
2010-08-11,1.66234
2010-08-12,1.66923
2010-08-13,1.66542
2010-08-14,1.66785
2010-08-15,1.6653
2010-08-16,1.66352
2010-08-17,1.67458
2010-08-18,1.68156
2010-08-19,1.68717
2010-08-20,1.67916
2010-08-21,1.67078
2010-08-22,1.67153
2010-08-23,1.6705
2010-08-24,1.66855
2010-08-25,1.66497
2010-08-26,1.66058
2010-08-27,1.65207
2010-08-28,1.64423
2010-08-29,1.6435
2010-08-30,1.64037
2010-08-31,1.63917
2010-09-01,1.64377
2010-09-02,1.64533
2010-09-03,1.64256
2010-09-04,1.64509
2010-09-05,1.64775
2010-09-06,1.67141
2010-09-07,1.68268
2010-09-08,1.66785
2010-09-09,1.66073
2010-09-10,1.66395
2010-09-11,1.66022
2010-09-12,1.65575
2010-09-13,1.64591
2010-09-14,1.66281
2010-09-15,1.65905
2010-09-16,1.66009
2010-09-17,1.66122
2010-09-18,1.66114
2010-09-19,1.6604
2010-09-20,1.65941
2010-09-21,1.65748
2010-09-22,1.65134
2010-09-23,1.65084
2010-09-24,1.67259
2010-09-25,1.65805
2010-09-26,1.65791
2010-09-27,1.64734
2010-09-28,1.64198
2010-09-29,1.64426
2010-09-30,1.65715
2010-10-01,1.64423
2010-10-02,1.6409
2010-10-03,1.728
2010-10-04,1.72485
2010-10-05,1.85094
2010-10-06,1.88146
2010-10-07,1.90307
2010-10-08,1.92706
2010-10-09,1.95507
2010-10-10,1.97956
2010-10-11,1.39254
2010-10-12,1.33519
2010-10-13,1.27143
2010-10-14,1.27606
2010-10-15,1.2996
2010-10-16,1.3213
2010-10-17,1.35936
2010-10-18,1.36971
2010-10-19,1.40896
2010-10-20,1.46026
2010-10-21,1.49401
2010-10-22,1.52907
2010-10-23,1.54511
2010-10-24,1.54088
2010-10-25,1.54112
2010-10-26,1.56433
2010-10-27,1.58626
2010-10-28,1.62396
2010-10-29,1.65806
2010-10-30,1.67002
2010-10-31,1.61711
2010-11-01,1.61462
2010-11-02,1.61141
2010-11-03,1.61463
2010-11-04,1.61479
2010-11-05,1.64215
2010-11-06,1.64229
2010-11-07,1.66389
2010-11-08,1.66192
2010-11-09,1.75978
2010-11-10,1.75482
2010-11-11,1.75923
2010-11-12,1.75761
2010-11-13,1.75815
2010-11-14,1.75752
2010-11-15,1.74616
2010-11-16,1.78921
2010-11-17,1.85855
2010-11-18,1.86246
2010-11-19,1.86463
2010-11-20,1.86472
2010-11-21,1.89181
2010-11-22,1.9122
2010-11-23,1.91212
2010-11-24,1.91392
2010-11-25,1.91534
2010-11-26,1.91661
2010-11-27,1.92792
2010-11-28,1.92727
2010-11-29,1.92608
2010-11-30,1.92069
2010-12-01,1.92426
2010-12-02,1.92498
2010-12-03,1.92721
2010-12-04,1.92223
2010-12-05,1.90344
2010-12-06,1.88693
2010-12-07,1.89783
2010-12-08,1.90746
2010-12-09,1.90181
2010-12-10,1.90487
2010-12-11,1.90786
2010-12-12,1.91303
2010-12-13,1.89563
2010-12-14,1.92587
2010-12-15,1.93581
2010-12-16,1.94779
2010-12-17,1.94619
2010-12-18,1.94667
2010-12-19,1.95054
2010-12-20,1.95822
2010-12-21,1.96673
2010-12-22,1.97417
2010-12-23,1.9626
2010-12-24,1.96797
2010-12-25,1.97201
2010-12-26,1.98594
2010-12-27,1.98995
2010-12-28,1.98887
2010-12-29,1.97848
2010-12-30,1.98313
2010-12-31,1.98666
2011-01-01,1.91736
2011-01-02,1.91485
2011-01-03,1.81023
2011-01-04,1.7829
2011-01-05,1.76434
2011-01-06,1.74648
2011-01-07,1.72014
2011-01-08,1.69173
2011-01-09,1.67651
2011-01-10,1.66761
2011-01-11,1.66922
2011-01-12,1.66423
2011-01-13,1.6389
2011-01-14,1.63147
2011-01-15,1.60548
2011-01-16,1.59332
2011-01-17,1.56098
2011-01-18,1.51827
2011-01-19,1.4968
2011-01-20,1.46965
2011-01-21,1.45309
2011-01-22,1.45458
2011-01-23,1.4451
2011-01-24,1.42922
2011-01-25,1.40629
2011-01-26,1.37477
2011-01-27,1.42978
2011-01-28,1.52783
2011-01-29,1.524
2011-01-30,1.52132
2011-01-31,1.59306
2011-02-01,1.60803
2011-02-02,1.61895
2011-02-03,1.60675
2011-02-04,1.60773
2011-02-05,1.59154
2011-02-06,1.58766
2011-02-07,1.50287
2011-02-08,1.51926
2011-02-09,1.51876
2011-02-10,1.53273
2011-02-11,1.56451
2011-02-12,1.60161
2011-02-13,1.61587
2011-02-14,1.58316
2011-02-15,1.53522
2011-02-16,1.53708
2011-02-17,1.53357
2011-02-18,1.53801
2011-02-19,1.52825
2011-02-20,1.53849
2011-02-21,1.56503
2011-02-22,1.59758
2011-02-23,1.65448
2011-02-24,1.7035
2011-02-25,1.72417
2011-02-26,1.74802
2011-02-27,1.76841
2011-02-28,1.79272
2011-03-01,1.80063
2011-03-02,1.97461
2011-03-03,2.39808
2011-03-04,2.4429
2011-03-05,2.46732
2011-03-06,2.48068
2011-03-07,2.49094
2011-03-08,2.50706
2011-03-09,2.53146
2011-03-10,2.56215
2011-03-11,2.62707
2011-03-12,2.64306
2011-03-13,2.65866
2011-03-14,2.66486
2011-03-15,2.6742
2011-03-16,2.67298
2011-03-17,2.68162
2011-03-18,2.69561
2011-03-19,2.70935
2011-03-20,2.70858
2011-03-21,2.7147
2011-03-22,2.7241
2011-03-23,2.74099
2011-03-24,2.76817
2011-03-25,2.79839
2011-03-26,2.82614
2011-03-27,2.86435
2011-03-28,2.87065
2011-03-29,2.8795
2011-03-30,2.87557
2011-03-31,2.88141
2011-04-01,2.88989
2011-04-02,2.88922
2011-04-03,2.89298
2011-04-04,2.89068
2011-04-05,2.90646
2011-04-06,2.91154
2011-04-07,2.91655
2011-04-08,2.92232
2011-04-09,2.93109
2011-04-10,2.94347
2011-04-11,2.94
2011-04-12,2.93405
2011-04-13,2.94233
2011-04-14,2.94704
2011-04-15,2.95432
2011-04-16,2.96258
2011-04-17,3.00067
2011-04-18,3.20469
2011-04-19,3.20474
2011-04-20,3.63525
2011-04-21,4.42379
2011-04-22,4.48041
2011-04-23,4.48908
2011-04-24,4.4981
2011-04-25,4.4959
2011-04-26,4.49633
2011-04-27,4.4388
2011-04-28,4.37026
2011-04-29,4.38077
2011-04-30,4.49118
2011-05-01,4.47978
2011-05-02,4.47442
2011-05-03,4.46545
2011-05-04,4.47274
2011-05-05,4.50089
2011-05-06,4.5099
2011-05-07,4.53505
2011-05-08,4.55227
2011-05-09,4.60548
2011-05-10,4.61031
2011-05-11,4.67406
2011-05-12,4.65997
2011-05-13,4.64639
2011-05-14,4.69078
2011-05-15,4.95644
2011-05-16,4.98049
2011-05-17,4.99429
2011-05-18,5.00813
2011-05-19,5.0113
2011-05-20,5.01384
2011-05-21,5.03049
2011-05-22,5.09311
2011-05-23,5.18538
2011-05-24,5.18881
2011-05-25,5.17858
2011-05-26,5.19173
2011-05-27,5.21686
2011-05-28,5.26879
2011-05-29,5.26755
2011-05-30,5.28261
2011-05-31,5.15639
2011-06-01,4.81318
2011-06-02,4.80181
2011-06-03,4.81437
2011-06-04,4.88158
2011-06-05,4.91915
2011-06-06,4.9648
2011-06-07,5.05551
2011-06-08,5.09242
2011-06-09,5.14136
2011-06-10,5.22821
2011-06-11,5.33686
2011-06-12,5.51706
2011-06-13,5.76269
2011-06-14,5.92547
2011-06-15,6.12738
2011-06-16,6.77629
2011-06-17,8.02966
2011-06-18,8.24223
2011-06-19,8.39862
2011-06-20,9.04941
2011-06-21,9.20285
2011-06-22,9.65603
2011-06-23,9.79455
2011-06-24,9.97617
2011-06-25,10.6317
2011-06-26,12.2252
2011-06-27,12.7846
2011-06-28,13.0551
2011-06-29,14.0955
2011-06-30,14.3963
2011-07-01,14.59
2011-07-02,14.722
2011-07-03,14.8209
2011-07-04,14.8567
2011-07-05,15.0245
2011-07-06,15.0566
2011-07-07,15.1064
2011-07-08,15.1404
2011-07-09,15.147
2011-07-10,15.4236
2011-07-11,15.7533
2011-07-12,15.8629
2011-07-13,15.9765
2011-07-14,16.1422
2011-07-15,16.3891
2011-07-16,16.4122
2011-07-17,16.3842
2011-07-18,16.4279
2011-07-19,16.5022
2011-07-20,16.1862
2011-07-21,16.1844
2011-07-22,16.3371
2011-07-23,16.5203
2011-07-24,16.5818
2011-07-25,16.6211
2011-07-26,16.7821
2011-07-27,16.896
2011-07-28,17.0365
2011-07-29,17.4045
2011-07-30,17.4193
2011-07-31,17.42
2011-08-01,17.468
2011-08-02,17.4981
2011-08-03,17.4947
2011-08-04,17.514
2011-08-05,17.4992
2011-08-06,17.5246
2011-08-07,17.4874
2011-08-08,17.4987
2011-08-09,17.5778
2011-08-10,17.8612
2011-08-11,17.9719
2011-08-12,17.9594
2011-08-13,17.7347
2011-08-14,17.7287
2011-08-15,17.7299
2011-08-16,17.7325
2011-08-17,17.7335
2011-08-18,17.7377
2011-08-19,17.7268
2011-08-20,17.6972
2011-08-21,17.5858
2011-08-22,17.5346
2011-08-23,17.5027
2011-08-24,17.4914
2011-08-25,17.4963
2011-08-26,17.4569
2011-08-27,17.4466
2011-08-28,17.7737
2011-08-29,17.7463
2011-08-30,17.7252
2011-08-31,17.7011
2011-09-01,17.6692
2011-09-02,17.6134
2011-09-03,17.5629
2011-09-04,17.4999
2011-09-05,17.6124
2011-09-06,17.8382
2011-09-07,18.1542
2011-09-08,18.1025
2011-09-09,18.0121
2011-09-10,17.8432
2011-09-11,17.61
2011-09-12,17.5638
2011-09-13,17.418
2011-09-14,16.8304
2011-09-15,15.689
2011-09-16,15.4952
2011-09-17,15.4047
2011-09-18,14.8101
2011-09-19,14.6537
2011-09-20,14.2264
2011-09-21,14.0813
2011-09-22,13.9009
2011-09-23,13.2746
2011-09-24,11.83
2011-09-25,11.3107
2011-09-26,11.0645
2011-09-27,10.1151
2011-09-28,9.85578
2011-09-29,9.68854
2011-09-30,9.57249
2011-10-01,9.48586
2011-10-02,9.46269
2011-10-03,9.31389
2011-10-04,9.30486
2011-10-05,9.2751
2011-10-06,9.25702
2011-10-07,9.27937
2011-10-08,9.04271
2011-10-09,8.74594
2011-10-10,8.64544
2011-10-11,8.53569
2011-10-12,8.382
2011-10-13,8.1596
2011-10-14,8.11166
2011-10-15,7.98645
2011-10-16,7.94234
2011-10-17,7.52898
2011-10-18,7.22351
2011-10-19,7.19011
2011-10-20,7.04666
2011-10-21,6.87482
2011-10-22,6.85556
2011-10-23,6.86555
2011-10-24,6.7414
2011-10-25,6.62635
2011-10-26,6.5003
2011-10-27,6.10365
2011-10-28,6.08459
2011-10-29,6.08581
2011-10-30,6.06005
2011-10-31,6.00821
2011-11-01,6.00921
2011-11-02,6.01084
2011-11-03,6.02278
2011-11-04,5.99231
2011-11-05,5.98811
2011-11-06,5.97382
2011-11-07,5.83427
2011-11-08,5.56332
2011-11-09,5.56264
2011-11-10,5.61722
2011-11-11,5.61267
2011-11-12,5.59452
2011-11-13,5.57275
2011-11-14,5.55555
2011-11-15,5.55206
2011-11-16,5.55204
2011-11-17,5.75996
2011-11-18,6.17634
2011-11-19,6.73486
2011-11-20,7.23074
2011-11-21,7.38781
2011-11-22,7.60853
2011-11-23,7.92858
2011-11-24,8.07412
2011-11-25,8.23427
2011-11-26,8.01046
2011-11-27,8.18758
2011-11-28,8.38172
2011-11-29,8.86164
2011-11-30,9.3288
2011-12-01,10.1812
2011-12-02,10.3551
2011-12-03,11.0717
2011-12-04,11.2837
2011-12-05,11.2985
2011-12-06,11.2577
2011-12-07,12.114
2011-12-08,12.7706
2011-12-09,13.2933
2011-12-10,13.4483
2011-12-11,13.451
2011-12-12,13.4653
2011-12-13,13.5021
2011-12-14,13.4965
2011-12-15,13.5015
2011-12-16,13.4628
2011-12-17,13.4719
2011-12-18,13.4641
2011-12-19,13.4533
2011-12-20,13.4559
2011-12-21,13.4624
2011-12-22,13.4831
2011-12-23,13.4834
2011-12-24,13.4742
2011-12-25,13.4641
2011-12-26,13.4515
2011-12-27,13.4712
2011-12-28,13.4973
2011-12-29,13.48
2011-12-30,13.4948
2011-12-31,13.4648
2012-01-01,13.4449
2012-01-02,13.4238
2012-01-03,13.3941
2012-01-04,13.3642
2012-01-05,13.3382
2012-01-06,13.3611
2012-01-07,13.3851
2012-01-08,13.3712
2012-01-09,13.3638
2012-01-10,13.3649
2012-01-11,13.3611
2012-01-12,13.36
2012-01-13,13.3514
2012-01-14,13.3489
2012-01-15,13.3472
2012-01-16,13.308
2012-01-17,13.3052
2012-01-18,13.3114
2012-01-19,13.3061
2012-01-20,13.2762
2012-01-21,13.2333
2012-01-22,13.1905
2012-01-23,13.1704
2012-01-24,13.1472
2012-01-25,13.1209
2012-01-26,13.0961
2012-01-27,13.0914
2012-01-28,13.0687
2012-01-29,13.0662
2012-01-30,13.0402
2012-01-31,13.006
2012-02-01,12.9837
2012-02-02,12.9858
2012-02-03,12.9693
2012-02-04,12.9698
2012-02-05,12.9736
2012-02-06,12.9709
2012-02-07,12.859
2012-02-08,12.7711
2012-02-09,12.7551
2012-02-10,12.7393
2012-02-11,12.7395
2012-02-12,12.752
2012-02-13,12.7365
2012-02-14,12.7428
2012-02-15,12.6435
2012-02-16,12.3503
2012-02-17,11.9711
2012-02-18,11.5856
2012-02-19,11.4723
2012-02-20,11.2468
2012-02-21,10.9223
2012-02-22,10.775
2012-02-23,10.6736
2012-02-24,10.6227
2012-02-25,10.489
2012-02-26,10.3125
2012-02-27,9.86803
2012-02-28,9.43587
2012-02-29,8.63859
2012-03-01,8.46764
2012-03-02,7.84253
2012-03-03,7.49377
2012-03-04,7.24975
2012-03-05,6.96219
2012-03-06,6.13677
2012-03-07,5.51466
2012-03-08,5.01217
2012-03-09,4.88359
2012-03-10,4.81512
2012-03-11,4.75956
2012-03-12,4.71726
2012-03-13,4.74731
2012-03-14,4.74937
2012-03-15,4.76679
2012-03-16,4.76004
2012-03-17,4.77465
2012-03-18,4.7868
2012-03-19,4.76856
2012-03-20,4.7561
2012-03-21,4.74274
2012-03-22,4.74554
2012-03-23,4.81333
2012-03-24,4.8647
2012-03-25,4.91867
2012-03-26,4.8803
2012-03-27,4.86158
2012-03-28,4.89119
2012-03-29,4.90583
2012-03-30,5.01481
2012-03-31,5.08922
2012-04-01,5.14607
2012-04-02,5.18238
2012-04-03,5.22967
2012-04-04,5.27123
2012-04-05,5.27812
2012-04-06,5.31888
2012-04-07,5.33948
2012-04-08,5.34212
2012-04-09,5.42707
2012-04-10,5.57222
2012-04-11,5.61184
2012-04-12,5.75236
2012-04-13,5.83032
2012-04-14,5.88504
2012-04-15,5.96246
2012-04-16,6.05979
2012-04-17,6.18088
2012-04-18,6.26541
2012-04-19,6.33119
2012-04-20,6.36176
2012-04-21,6.64981
2012-04-22,6.75878
2012-04-23,6.81727
2012-04-24,6.86191
2012-04-25,6.8882
2012-04-26,6.95394
2012-04-27,7.11846
2012-04-28,7.24696
2012-04-29,7.30324
2012-04-30,7.37147
2012-05-01,7.44413
2012-05-02,7.51129
2012-05-03,7.58424
2012-05-04,7.67266
2012-05-05,7.75404
2012-05-06,7.84123
2012-05-07,7.8666
2012-05-08,8.0828
2012-05-09,8.47211
2012-05-10,8.69297
2012-05-11,8.79318
2012-05-12,8.9178
2012-05-13,9.23324
2012-05-14,9.30534
2012-05-15,9.41428
2012-05-16,9.7063
2012-05-17,9.88409
2012-05-18,10.1525
2012-05-19,10.2608
2012-05-20,10.3547
2012-05-21,10.5253
2012-05-22,10.9188
2012-05-23,11.2487
2012-05-24,11.3537
2012-05-25,11.4099
2012-05-26,11.6598
2012-05-27,12.1046
2012-05-28,12.2851
2012-05-29,12.4808
2012-05-30,12.7706
2012-05-31,12.9771
2012-06-01,13.4168
2012-06-02,13.659
2012-06-03,13.8066
2012-06-04,13.9566
2012-06-05,14.4318
2012-06-06,14.8382
2012-06-07,15.0378
2012-06-08,15.5018
2012-06-09,16.0255
2012-06-10,16.1172
2012-06-11,16.417
2012-06-12,16.6625
2012-06-13,16.8647
2012-06-14,17.0531
2012-06-15,17.5094
2012-06-16,17.8181
2012-06-17,18.1839
2012-06-18,18.2768
2012-06-19,18.4688
2012-06-20,18.6385
2012-06-21,18.709
2012-06-22,18.7175
2012-06-23,18.863
2012-06-24,19.1324
2012-06-25,19.2584
2012-06-26,19.3826
2012-06-27,19.4729
2012-06-28,19.5477
2012-06-29,19.8028
2012-06-30,19.9617
2012-07-01,20.0156
2012-07-02,20.0738
2012-07-03,20.0942
2012-07-04,20.1569
2012-07-05,20.2719
2012-07-06,20.4119
2012-07-07,20.5015
2012-07-08,20.7886
2012-07-09,20.6784
2012-07-10,20.8089
2012-07-11,20.8431
2012-07-12,20.8316
2012-07-13,20.8739
2012-07-14,21.0196
2012-07-15,21.1149
2012-07-16,21.0783
2012-07-17,21.1695
2012-07-18,21.303
2012-07-19,21.3799
2012-07-20,21.1907
2012-07-21,21.2161
2012-07-22,21.3596
2012-07-23,21.4406
2012-07-24,21.5719
2012-07-25,21.6298
2012-07-26,21.5165
2012-07-27,21.599
2012-07-28,21.7034
2012-07-29,21.7632
2012-07-30,21.7485
2012-07-31,21.7166
2012-08-01,21.9135
2012-08-02,21.9986
2012-08-03,22.0429
2012-08-04,22.0448
2012-08-05,22.114
2012-08-06,22.0621
2012-08-07,21.8514
2012-08-08,21.7944
2012-08-09,21.8258
2012-08-10,21.773
2012-08-11,21.6002
2012-08-12,21.6202
2012-08-13,21.5218
2012-08-14,21.2712
2012-08-15,21.0965
2012-08-16,20.8958
2012-08-17,20.92
2012-08-18,21.0573
2012-08-19,21.0541
2012-08-20,21.2391
2012-08-21,21.8077
2012-08-22,22.2064
2012-08-23,22.8406
2012-08-24,23.365
2012-08-25,23.9604
2012-08-26,24.1675
2012-08-27,24.2605
2012-08-28,24.6193
2012-08-29,25.1272
2012-08-30,26.002
2012-08-31,26.864
2012-09-01,27.6422
2012-09-02,28.2802
2012-09-03,28.312
2012-09-04,28.2617
2012-09-05,28.625
2012-09-06,29.0388
2012-09-07,30.7711
2012-09-08,32.3995
2012-09-09,32.7789
2012-09-10,32.8416
2012-09-11,34.6714
2012-09-12,36.2663
2012-09-13,36.893
2012-09-14,38.7635
2012-09-15,40.1298
2012-09-16,40.6918
2012-09-17,41.765
2012-09-18,42.8548
2012-09-19,43.9595
2012-09-20,46.9748
2012-09-21,48.3055
2012-09-22,50.5297
2012-09-23,51.7893
2012-09-24,52.3054
2012-09-25,52.8943
2012-09-26,52.8358
2012-09-27,52.6174
2012-09-28,52.458
2012-09-29,52.5521
2012-09-30,52.5055
2012-10-01,52.4873
2012-10-02,52.4675
2012-10-03,52.4038
2012-10-04,52.2989
2012-10-05,52.2497
2012-10-06,52.0666
2012-10-07,52.1381
2012-10-08,52.0685
2012-10-09,51.9832
2012-10-10,51.9662
2012-10-11,51.8738
2012-10-12,51.7118
2012-10-13,51.705
2012-10-14,51.7917
2012-10-15,51.6803
2012-10-16,51.5202
2012-10-17,51.5556
2012-10-18,51.7516
2012-10-19,51.873
2012-10-20,51.8576
2012-10-21,51.9016
2012-10-22,51.8839
2012-10-23,51.8955
2012-10-24,52.0237
2012-10-25,51.9326
2012-10-26,51.8306
2012-10-27,51.7248
2012-10-28,51.7366
2012-10-29,51.6881
2012-10-30,51.4494
2012-10-31,51.6115
2012-11-01,51.7715
2012-11-02,51.8503
2012-11-03,51.7533
2012-11-04,51.7147
2012-11-05,51.7119
2012-11-06,51.6919
2012-11-07,51.6818
2012-11-08,51.6838
2012-11-09,51.6059
2012-11-10,51.495
2012-11-11,51.3486
2012-11-12,51.1729
2012-11-13,51.0317
2012-11-14,50.918
2012-11-15,50.8255
2012-11-16,50.7672
2012-11-17,50.8883
2012-11-18,50.5095
2012-11-19,49.7609
2012-11-20,49.2956
2012-11-21,48.6969
2012-11-22,47.9745
2012-11-23,47.0867
2012-11-24,46.7467
2012-11-25,46.4971
2012-11-26,45.8993
2012-11-27,45.2326
2012-11-28,44.0491
2012-11-29,43.1105
2012-11-30,42.2666
2012-12-01,41.5314
2012-12-02,41.0641
2012-12-03,40.7774
2012-12-04,40.3329
2012-12-05,39.6789
2012-12-06,37.7898
2012-12-07,36.3943
2012-12-08,35.8582
2012-12-09,35.5847
2012-12-10,33.7116
2012-12-11,32.0659
2012-12-12,31.1312
2012-12-13,29.3436
2012-12-14,28.0213
2012-12-15,27.5861
2012-12-16,26.4613
2012-12-17,25.36
2012-12-18,24.2858
2012-12-19,21.5268
2012-12-20,20.1247
2012-12-21,17.7766
2012-12-22,16.5225
2012-12-23,15.938
2012-12-24,15.2682
2012-12-25,15.1812
2012-12-26,15.0793
2012-12-27,15.0092
2012-12-28,14.837
2012-12-29,14.8
2012-12-30,14.7578
2012-12-31,14.6652
2013-01-01,14.6123
2013-01-02,14.6343
2013-01-03,14.6781
2013-01-04,14.5983
2013-01-05,14.6264
2013-01-06,14.6472
2013-01-07,14.5834
2013-01-08,14.6115
2013-01-09,14.7249
2013-01-10,14.7495
2013-01-11,14.6267
2013-01-12,14.4936
2013-01-13,14.4485
2013-01-14,14.4112
2013-01-15,14.2952
2013-01-16,14.1648
2013-01-17,14.0365
2013-01-18,13.967
2013-01-19,13.8708
2013-01-20,13.7939
2013-01-21,13.6841
2013-01-22,13.5491
2013-01-23,13.5003
2013-01-24,13.5893
2013-01-25,13.6378
2013-01-26,13.6193
2013-01-27,13.6549
2013-01-28,13.6897
2013-01-29,13.4523
2013-01-30,13.3222
2013-01-31,13.3245
2013-02-01,13.3938
2013-02-02,13.3694
2013-02-03,13.2733
2013-02-04,13.1911
2013-02-05,13.1947
2013-02-06,13.2105
2013-02-07,13.2553
2013-02-08,13.339
2013-02-09,13.502
2013-02-10,13.6216
2013-02-11,13.6966
2013-02-12,13.7339
2013-02-13,13.7083
2013-02-14,13.5774
2013-02-15,13.3618
2013-02-16,13.2444
2013-02-17,13.1603
2013-02-18,13.1419
2013-02-19,13.0986
2013-02-20,13.1476
2013-02-21,13.1154
2013-02-22,13.1091
2013-02-23,13.1419
2013-02-24,13.175
2013-02-25,13.2261
2013-02-26,13.2624
2013-02-27,13.228
2013-02-28,13.2544
2013-03-01,13.3202
2013-03-02,13.4112
2013-03-03,13.4422
2013-03-04,13.3593
2013-03-05,13.2156
2013-03-06,13.1165
2013-03-07,13.0395
2013-03-08,12.9987
2013-03-09,13.0146
2013-03-10,12.9753
2013-03-11,12.9764
2013-03-12,12.9176
2013-03-13,12.7254
2013-03-14,12.5004
2013-03-15,12.3444
2013-03-16,12.6854
2013-03-17,12.7134
2013-03-18,12.6307
2013-03-19,12.7578
2013-03-20,12.8251
2013-03-21,12.8992
2013-03-22,12.9376
2013-03-23,12.9394
2013-03-24,12.9821
2013-03-25,12.9737
2013-03-26,13.054
2013-03-27,13.2006
2013-03-28,13.3317
2013-03-29,13.3959
2013-03-30,13.4314
2013-03-31,13.5257
2013-04-01,13.5305
2013-04-02,13.5155
2013-04-03,13.5793
2013-04-04,13.6287
2013-04-05,13.6241
2013-04-06,13.6108
2013-04-07,13.6256
2013-04-08,13.5669
2013-04-09,13.5098
2013-04-10,13.5652
2013-04-11,13.6813
2013-04-12,13.7749
2013-04-13,13.8458
2013-04-14,13.8734
2013-04-15,13.8417
2013-04-16,13.7271
2013-04-17,13.697
2013-04-18,13.6861
2013-04-19,14.0642
2013-04-20,14.0783
2013-04-21,14.0681
2013-04-22,14.0438
2013-04-23,14.0571
2013-04-24,13.9796
2013-04-25,14.0235
2013-04-26,14.0233
2013-04-27,14.0053
2013-04-28,13.9357
2013-04-29,13.829
2013-04-30,13.7763
2013-05-01,13.6242
2013-05-02,13.5938
2013-05-03,13.5134
2013-05-04,13.4557
2013-05-05,13.3766
2013-05-06,13.2391
2013-05-07,13.1338
2013-05-08,13.0528
2013-05-09,12.9611
2013-05-10,12.8202
2013-05-11,12.738
2013-05-12,12.6733
2013-05-13,12.6002
2013-05-14,12.5786
2013-05-15,12.5386
2013-05-16,12.4622
2013-05-17,12.4148
2013-05-18,12.3721
2013-05-19,12.3283
2013-05-20,12.254
2013-05-21,12.1688
2013-05-22,12.1151
2013-05-23,12.0759
2013-05-24,11.9993
2013-05-25,11.9513
2013-05-26,11.8548
2013-05-27,11.7183
2013-05-28,11.6337
2013-05-29,11.5568
2013-05-30,11.4853
2013-05-31,11.3871
2013-06-01,11.3145
2013-06-02,11.2713
2013-06-03,11.2127
2013-06-04,11.1116
2013-06-05,10.9502
2013-06-06,10.8637
2013-06-07,10.8187
2013-06-08,10.7846
2013-06-09,10.7065
2013-06-10,10.6725
2013-06-11,10.5791
2013-06-12,10.4933
2013-06-13,10.4328
2013-06-14,10.0041
2013-06-15,9.86466
2013-06-16,9.81518
2013-06-17,9.52493
2013-06-18,9.39716
2013-06-19,9.29001
2013-06-20,9.15197
2013-06-21,9.08986
2013-06-22,9.01828
2013-06-23,8.96529
2013-06-24,8.85511
2013-06-25,8.70408
2013-06-26,8.55818
2013-06-27,8.45276
2013-06-28,8.37001
2013-06-29,8.26656
2013-06-30,8.172
2013-07-01,8.07419
2013-07-02,7.92356
2013-07-03,7.77333
2013-07-04,7.63983
2013-07-05,7.5383
2013-07-06,7.51147
2013-07-07,7.47431
2013-07-08,7.39278
2013-07-09,7.26667
2013-07-10,7.1201
2013-07-11,7.00875
2013-07-12,6.94293
2013-07-13,6.91921
2013-07-14,6.91764
2013-07-15,6.87141
2013-07-16,6.77831
2013-07-17,6.70591
2013-07-18,6.28278
2013-07-19,6.21142
2013-07-20,6.18496
2013-07-21,6.1377
2013-07-22,6.03489
2013-07-23,5.97189
2013-07-24,5.86716
2013-07-25,5.80576
2013-07-26,5.77017
2013-07-27,5.77106
2013-07-28,5.75368
2013-07-29,5.64221
2013-07-30,5.61685
2013-07-31,5.58665
2013-08-01,5.58321
2013-08-02,5.6083
2013-08-03,5.64268
2013-08-04,5.64148
2013-08-05,5.61307
2013-08-06,5.59625
2013-08-07,5.58784
2013-08-08,5.59538
2013-08-09,5.57634
2013-08-10,5.56933
2013-08-11,5.56284
2013-08-12,5.50012
2013-08-13,5.5033
2013-08-14,5.5524
2013-08-15,5.60161
2013-08-16,5.59397
2013-08-17,5.62339
2013-08-18,5.67075
2013-08-19,5.69052
2013-08-20,5.72423
2013-08-21,5.74143
2013-08-22,5.79126
2013-08-23,5.79214
2013-08-24,5.79878
2013-08-25,5.8109
2013-08-26,5.798
2013-08-27,5.79495
2013-08-28,5.80353
2013-08-29,5.81861
2013-08-30,5.98332
2013-08-31,6.01047
2013-09-01,6.04507
2013-09-02,6.04396
2013-09-03,6.05899
2013-09-04,6.07812
2013-09-05,6.08713
2013-09-06,6.10286
2013-09-07,6.1304
2013-09-08,6.12083
2013-09-09,6.11105
2013-09-10,6.14688
2013-09-11,6.15026
2013-09-12,6.1651
2013-09-13,6.1649
2013-09-14,6.18094
2013-09-15,6.1812
2013-09-16,6.16379
2013-09-17,6.16522
2013-09-18,6.16784
2013-09-19,6.16734
2013-09-20,6.17933
2013-09-21,6.20064
2013-09-22,6.20839
2013-09-23,6.19474
2013-09-24,6.21753
2013-09-25,6.24034
2013-09-26,6.26296
2013-09-27,6.26387
2013-09-28,6.2762
2013-09-29,6.28426
2013-09-30,6.25555
2013-10-01,6.26115
2013-10-02,6.28175
2013-10-03,6.30721
2013-10-04,6.29366
2013-10-05,6.29814
2013-10-06,6.27756
2013-10-07,6.24052
2013-10-08,6.201
2013-10-09,6.16438
2013-10-10,6.1511
2013-10-11,6.12403
2013-10-12,6.11646
2013-10-13,6.12654
2013-10-14,6.12348
2013-10-15,6.11375
2013-10-16,6.10086
2013-10-17,6.09822
2013-10-18,6.10199
2013-10-19,6.13507
2013-10-20,6.177
2013-10-21,6.15654
2013-10-22,6.15799
2013-10-23,6.18044
2013-10-24,6.20019
2013-10-25,6.21723
2013-10-26,6.41343
2013-10-27,6.41275
2013-10-28,6.39338
2013-10-29,6.35789
2013-10-30,6.42532
2013-10-31,6.39029
2013-11-01,6.3642
2013-11-02,6.36054
2013-11-03,6.36648
2013-11-04,6.34454
2013-11-05,6.3612
2013-11-06,6.38365
2013-11-07,6.39976
2013-11-08,6.44804
2013-11-09,6.49325
2013-11-10,6.52839
2013-11-11,6.52036
2013-11-12,6.46988
2013-11-13,6.44909
2013-11-14,6.48664
2013-11-15,6.48921
2013-11-16,6.62086
2013-11-17,6.67285
2013-11-18,6.67563
2013-11-19,6.7856
2013-11-20,6.85094
2013-11-21,6.92135
2013-11-22,7.03656
2013-11-23,7.18372
2013-11-24,7.26051
2013-11-25,7.32394
2013-11-26,7.36755
2013-11-27,7.64696
2013-11-28,7.69006
2013-11-29,7.90325
2013-11-30,8.04223
2013-12-01,8.12404
2013-12-02,8.17405
2013-12-03,8.21544
2013-12-04,8.23316
2013-12-05,8.27639
2013-12-06,8.33484
2013-12-07,8.37802
2013-12-08,8.53434
2013-12-09,8.54593
2013-12-10,8.59025
2013-12-11,8.58934
2013-12-12,8.6181
2013-12-13,8.63633
2013-12-14,8.6625
2013-12-15,8.67706
2013-12-16,8.65533
2013-12-17,8.77389
2013-12-18,8.83299
2013-12-19,8.92418
2013-12-20,8.97358
2013-12-21,9.01314
2013-12-22,9.04769
2013-12-23,9.03789
2013-12-24,9.01583
2013-12-25,9.02481
2013-12-26,9.02439
2013-12-27,9.01589
2013-12-28,9.02208
2013-12-29,9.0208
2013-12-30,9.01891
2013-12-31,8.99248
2014-01-01,8.93388
2014-01-02,8.89623
2014-01-03,8.89096
2014-01-04,8.92321
2014-01-05,8.93899
2014-01-06,8.95201
2014-01-07,8.97282
2014-01-08,8.97158
2014-01-09,8.96965
2014-01-10,8.94952
2014-01-11,8.93482
2014-01-12,8.90875
2014-01-13,8.86338
2014-01-14,8.82745
2014-01-15,8.80257
2014-01-16,8.77796
2014-01-17,8.74863
2014-01-18,8.69711
2014-01-19,8.66681
2014-01-20,8.62431
2014-01-21,8.58586
2014-01-22,8.54483
2014-01-23,8.49829
2014-01-24,8.30736
2014-01-25,8.31188
2014-01-26,8.3029
2014-01-27,8.28159
2014-01-28,8.2152
2014-01-29,8.20429
2014-01-30,8.18817
2014-01-31,8.17718
2014-02-01,8.15368
2014-02-02,8.14139
2014-02-03,8.09643
2014-02-04,8.04295
2014-02-05,8.02814
2014-02-06,7.9955
2014-02-07,7.95496
2014-02-08,7.95391
2014-02-09,7.93222
2014-02-10,7.9087
2014-02-11,7.88191
2014-02-12,7.83132
2014-02-13,7.78509
2014-02-14,7.62611
2014-02-15,7.56415
2014-02-16,7.5452
2014-02-17,7.40656
2014-02-18,7.27342
2014-02-19,7.17715
2014-02-20,7.03144
2014-02-21,6.88384
2014-02-22,6.80193
2014-02-23,6.71006
2014-02-24,6.62413
2014-02-25,6.34615
2014-02-26,6.17623
2014-02-27,5.9552
2014-02-28,5.79282
2014-03-01,5.69135
2014-03-02,5.63434
2014-03-03,5.56063
2014-03-04,5.55381
2014-03-05,5.51723
2014-03-06,5.45115
2014-03-07,5.40668
2014-03-08,5.41769
2014-03-09,5.44708
2014-03-10,5.42164
2014-03-11,5.47407
2014-03-12,5.46185
2014-03-13,5.47255
2014-03-14,5.46055
2014-03-15,5.45753
2014-03-16,5.46645
2014-03-17,5.32616
2014-03-18,5.2443
2014-03-19,5.29785
2014-03-20,5.27292
2014-03-21,5.24956
2014-03-22,5.21739
2014-03-23,5.17551
2014-03-24,5.14422
2014-03-25,5.1154
2014-03-26,5.09833
2014-03-27,5.08739
2014-03-28,5.09994
2014-03-29,5.11584
2014-03-30,5.0797
2014-03-31,5.06122
2014-04-01,5.07895
2014-04-02,5.09044
2014-04-03,5.08841
2014-04-04,5.08047
2014-04-05,5.07973
2014-04-06,5.06237
2014-04-07,5.01671
2014-04-08,4.97878
2014-04-09,4.95226
2014-04-10,4.95033
2014-04-11,4.97299
2014-04-12,4.99642
2014-04-13,4.99466
2014-04-14,4.98256
2014-04-15,4.97158
2014-04-16,4.97577
2014-04-17,4.9894
2014-04-18,5.01966
2014-04-19,5.05078
2014-04-20,5.03971
2014-04-21,5.00996
2014-04-22,5.01719
2014-04-23,5.04693
2014-04-24,5.05796
2014-04-25,5.03005
2014-04-26,5.03773
2014-04-27,5.03031
2014-04-28,4.98028
2014-04-29,4.97546
2014-04-30,4.97998
2014-05-01,4.97576
2014-05-02,4.977
2014-05-03,4.99151
2014-05-04,4.99645
2014-05-05,4.99177
2014-05-06,4.97624
2014-05-07,4.9599
2014-05-08,4.97832
2014-05-09,5.01386
2014-05-10,5.06642
2014-05-11,5.07829
2014-05-12,5.0491
2014-05-13,5.03617
2014-05-14,5.03961
2014-05-15,5.04368
2014-05-16,5.05001
2014-05-17,5.02335
2014-05-18,5.0106
2014-05-19,4.99185
2014-05-20,4.99195
2014-05-21,5.0705
2014-05-22,5.08287
2014-05-23,5.10168
2014-05-24,5.16771
2014-05-25,5.20484
2014-05-26,5.20595
2014-05-27,5.17874
2014-05-28,5.19769
2014-05-29,5.2189
2014-05-30,5.2205
2014-05-31,5.22897
2014-06-01,5.22901
2014-06-02,5.20102
2014-06-03,5.19656
2014-06-04,5.20876
2014-06-05,5.2423
2014-06-06,5.12021
2014-06-07,5.07345
2014-06-08,5.04966
2014-06-09,4.98721
2014-06-10,4.93895
2014-06-11,4.90295
2014-06-12,4.88133
2014-06-13,4.91991
2014-06-14,4.92911
2014-06-15,4.93287
2014-06-16,4.92631
2014-06-17,4.77132
2014-06-18,4.72384
2014-06-19,4.71073
2014-06-20,4.72097
2014-06-21,4.72979
2014-06-22,4.7366
2014-06-23,4.72534
2014-06-24,4.73006
2014-06-25,4.75448
2014-06-26,4.72797
2014-06-27,4.70523
2014-06-28,4.70851
2014-06-29,4.68788
2014-06-30,4.65741
2014-07-01,4.65625
2014-07-02,4.66596
2014-07-03,4.67461
2014-07-04,4.66749
2014-07-05,4.64085
2014-07-06,4.63711
2014-07-07,4.62817
2014-07-08,4.62841
2014-07-09,4.6092
2014-07-10,4.57818
2014-07-11,4.55744
2014-07-12,4.55779
2014-07-13,4.56063
2014-07-14,4.54829
2014-07-15,4.53376
2014-07-16,4.516
2014-07-17,4.49579
2014-07-18,4.47169
2014-07-19,4.47405
2014-07-20,4.4635
2014-07-21,4.42864
2014-07-22,4.3928
2014-07-23,4.36982
2014-07-24,4.36703
2014-07-25,4.36383
2014-07-26,4.37506
2014-07-27,4.37431
2014-07-28,4.34819
2014-07-29,4.3412
2014-07-30,4.3413
2014-07-31,4.33733
2014-08-01,4.31768
2014-08-02,4.30854
2014-08-03,4.30314
2014-08-04,4.2879
2014-08-05,4.26812
2014-08-06,4.24956
2014-08-07,4.17786
2014-08-08,4.11484
2014-08-09,4.08868
2014-08-10,4.0804
2014-08-11,4.06607
2014-08-12,4.05462
2014-08-13,4.05537
2014-08-14,4.04361
2014-08-15,4.05238
2014-08-16,4.07107
2014-08-17,4.09908
2014-08-18,4.09783
2014-08-19,4.05799
2014-08-20,4.04824
2014-08-21,4.03047
2014-08-22,3.99188
2014-08-23,4.16225
2014-08-24,4.15236
2014-08-25,4.1256
2014-08-26,4.1259
2014-08-27,4.19213
2014-08-28,4.25058
2014-08-29,4.23345
2014-08-30,4.2338
2014-08-31,4.22004
2014-09-01,4.18627
2014-09-02,4.17132
2014-09-03,4.13293
2014-09-04,4.09797
2014-09-05,4.05265
2014-09-06,4.04343
2014-09-07,4.00748
2014-09-08,4.00569
2014-09-09,3.99684
2014-09-10,3.9948
2014-09-11,3.94608
2014-09-12,3.92351
2014-09-13,3.92178
2014-09-14,3.90843
2014-09-15,3.8823
2014-09-16,3.87902
2014-09-17,3.87075
2014-09-18,3.84926
2014-09-19,3.85896
2014-09-20,3.8772
2014-09-21,3.89265
2014-09-22,3.90219
2014-09-23,3.87762
2014-09-24,3.90094
2014-09-25,3.92667
2014-09-26,3.94051
2014-09-27,3.9556
2014-09-28,3.96511
2014-09-29,3.94773
2014-09-30,3.93378
2014-10-01,3.9124
2014-10-02,3.92014
2014-10-03,3.93462
2014-10-04,3.95736
2014-10-05,3.9764
2014-10-06,4.00911
2014-10-07,4.06618
2014-10-08,4.09141
2014-10-09,4.12133
2014-10-10,4.16057
2014-10-11,4.19812
2014-10-12,4.20553
2014-10-13,4.20142
2014-10-14,4.21526
2014-10-15,4.23802
2014-10-16,4.29026
2014-10-17,4.33023
2014-10-18,4.37355
2014-10-19,4.39497
2014-10-20,4.39564
2014-10-21,4.42803
2014-10-22,4.43931
2014-10-23,4.46212
2014-10-24,4.50501
2014-10-25,4.5406
2014-10-26,4.58033
2014-10-27,4.60793
2014-10-28,4.64932
2014-10-29,4.68073
2014-10-30,4.70701
2014-10-31,4.72449
2014-11-01,4.7884
2014-11-02,4.8127
2014-11-03,4.81536
2014-11-04,4.84719
2014-11-05,4.89857
2014-11-06,4.93599
2014-11-07,4.9669
2014-11-08,4.99978
2014-11-09,5.01331
2014-11-10,5.01194
2014-11-11,5.02457
2014-11-12,5.02334
2014-11-13,5.05262
2014-11-14,5.1126
2014-11-15,5.13335
2014-11-16,5.152
2014-11-17,5.13125
2014-11-18,5.14483
2014-11-19,5.17527
2014-11-20,5.18977
2014-11-21,5.02787
2014-11-22,5.07136
2014-11-23,5.09693
2014-11-24,5.06894
2014-11-25,4.99652
2014-11-26,4.95873
2014-11-27,4.9827
2014-11-28,5.00943
2014-11-29,5.06491
2014-11-30,5.09561
2014-12-01,5.11752
2014-12-02,5.16988
2014-12-03,5.23518
2014-12-04,5.28789
2014-12-05,5.32922
2014-12-06,5.38943
2014-12-07,5.40522
2014-12-08,5.42744
2014-12-09,5.50985
2014-12-10,5.55767
2014-12-11,5.62083
2014-12-12,5.64633
2014-12-13,5.69208
2014-12-14,5.71357
2014-12-15,5.72545
2014-12-16,5.75534
2014-12-17,5.79347
2014-12-18,5.82247
2014-12-19,5.8524
2014-12-20,5.8605
2014-12-21,5.8539
2014-12-22,5.88409
2014-12-23,5.89478
2014-12-24,5.92373
2014-12-25,5.92667
2014-12-26,5.9477
2014-12-27,5.96149
2014-12-28,5.97385
2014-12-29,5.96995
2014-12-30,5.97923
2014-12-31,6.00449
2015-01-01,6.02809
2015-01-02,6.00811
2015-01-03,6.01388
2015-01-04,6.00944
2015-01-05,6.00162
2015-01-06,6.02266
2015-01-07,6.04136
2015-01-08,6.06241
2015-01-09,6.0906
2015-01-10,6.1386
2015-01-11,6.17272
2015-01-12,6.20451
2015-01-13,6.21249
2015-01-14,6.25377
2015-01-15,6.35333
2015-01-16,6.47144
2015-01-17,6.56858
2015-01-18,6.61261
2015-01-19,6.62207
2015-01-20,6.65241
2015-01-21,6.69234
2015-01-22,6.71291
2015-01-23,6.74117
2015-01-24,6.75646
2015-01-25,6.77703
2015-01-26,6.76473
2015-01-27,6.85693
2015-01-28,6.87976
2015-01-29,6.89456
2015-01-30,6.87176
2015-01-31,6.87928
2015-02-01,6.89965
2015-02-02,6.87321
2015-02-03,6.86161
2015-02-04,6.88453
2015-02-05,6.91239
2015-02-06,6.94175
2015-02-07,6.9654
2015-02-08,6.97025
2015-02-09,6.94619
2015-02-10,6.95785
2015-02-11,6.93024
2015-02-12,6.87818
2015-02-13,6.86084
2015-02-14,6.8766
2015-02-15,6.87495
2015-02-16,6.86446
2015-02-17,6.84311
2015-02-18,6.82851
2015-02-19,6.81497
2015-02-20,6.7696
2015-02-21,6.76918
2015-02-22,6.7668
2015-02-23,6.74052
2015-02-24,6.73436
2015-02-25,6.70688
2015-02-26,6.69293
2015-02-27,6.67887
2015-02-28,6.71353
2015-03-01,6.68433
2015-03-02,6.68316
2015-03-03,6.7196
2015-03-04,6.71086
2015-03-05,6.69547
2015-03-06,6.68909
2015-03-07,6.70288
2015-03-08,6.7254
2015-03-09,6.76678
2015-03-10,6.76539
2015-03-11,6.74685
2015-03-12,6.75045
2015-03-13,6.75483
2015-03-14,6.77112
2015-03-15,6.78202
2015-03-16,6.75802
2015-03-17,6.7534
2015-03-18,6.72727
2015-03-19,6.754
2015-03-20,6.76706
2015-03-21,6.77256
2015-03-22,6.7486
2015-03-23,6.71134
2015-03-24,6.67997
2015-03-25,6.69374
2015-03-26,6.70698
2015-03-27,6.72495
2015-03-28,6.74593
2015-03-29,6.74085
2015-03-30,6.723
2015-03-31,6.70454
2015-04-01,6.69559
2015-04-02,6.73776
2015-04-03,6.73758
2015-04-04,6.72699
2015-04-05,6.67999
2015-04-06,6.63027
2015-04-07,6.59579
2015-04-08,6.56243
2015-04-09,6.52613
2015-04-10,6.49764
2015-04-11,6.4981
2015-04-12,6.45325
2015-04-13,6.41275
2015-04-14,6.35319
2015-04-15,6.24617
2015-04-16,6.12205
2015-04-17,6.06345
2015-04-18,6.06562
2015-04-19,6.04903
2015-04-20,6.05155
2015-04-21,6.03851
2015-04-22,6.02722
2015-04-23,6.03226
2015-04-24,6.03916
2015-04-25,6.04067
2015-04-26,6.04051
2015-04-27,5.96803
2015-04-28,5.97812
2015-04-29,6.00416
2015-04-30,6.02298
2015-05-01,6.04265
2015-05-02,6.07368
2015-05-03,6.07628
2015-05-04,6.05975
2015-05-05,6.05652
2015-05-06,6.0569
2015-05-07,6.04976
2015-05-08,6.07384
2015-05-09,6.10451
2015-05-10,6.12286
2015-05-11,6.12635
2015-05-12,6.14822
2015-05-13,6.15815
2015-05-14,6.18419
2015-05-15,6.1836
2015-05-16,6.19548
2015-05-17,6.19755
2015-05-18,6.18971
2015-05-19,6.19708
2015-05-20,6.22395
2015-05-21,6.24642
2015-05-22,6.25512
2015-05-23,6.3045
2015-05-24,6.33546
2015-05-25,6.32225
2015-05-26,6.33821
2015-05-27,6.35201
2015-05-28,6.34746
2015-05-29,6.31182
2015-05-30,6.34376
2015-05-31,6.31336
2015-06-01,6.24278
2015-06-02,6.27339
2015-06-03,6.30638
2015-06-04,6.32887
2015-06-05,6.35472
2015-06-06,6.3711
2015-06-07,6.28721
2015-06-08,6.27183
2015-06-09,6.27549
2015-06-10,6.30063
2015-06-11,6.31568
2015-06-12,6.33639
2015-06-13,6.37353
2015-06-14,6.40605
2015-06-15,6.43087
2015-06-16,6.47915
2015-06-17,6.50087
2015-06-18,6.55441
2015-06-19,6.60027
2015-06-20,6.68228
2015-06-21,6.72202
2015-06-22,6.728
2015-06-23,6.73625
2015-06-24,6.74029
2015-06-25,6.74929
2015-06-26,6.74547
2015-06-27,6.80531
2015-06-28,6.85
2015-06-29,6.84821
2015-06-30,6.88134
2015-07-01,6.91901
2015-07-02,6.95418
2015-07-03,6.99296
2015-07-04,7.04942
2015-07-05,7.07789
2015-07-06,7.10543
2015-07-07,7.15168
2015-07-08,7.17513
2015-07-09,7.19947
2015-07-10,7.22419
2015-07-11,7.30296
2015-07-12,7.3558
2015-07-13,7.37434
2015-07-14,7.40295
2015-07-15,7.43787
2015-07-16,7.44164
2015-07-17,7.45937
2015-07-18,7.48422
2015-07-19,7.46958
2015-07-20,7.43354
2015-07-21,7.41456
2015-07-22,7.39618
2015-07-23,7.38761
2015-07-24,7.3807
2015-07-25,7.39623
2015-07-26,7.36947
2015-07-27,7.31911
2015-07-28,7.29569
2015-07-29,7.29163
2015-07-30,7.28401
2015-07-31,7.26843
2015-08-01,7.28241
2015-08-02,7.27978
2015-08-03,7.23469
2015-08-04,7.22283
2015-08-05,7.22181
2015-08-06,7.21649
2015-08-07,7.21831
2015-08-08,7.23475
2015-08-09,7.2549
2015-08-10,7.25907
2015-08-11,7.26798
2015-08-12,7.26965
2015-08-13,7.2909
2015-08-14,7.32655
2015-08-15,7.36684
2015-08-16,7.39388
2015-08-17,7.40367
2015-08-18,7.43029
2015-08-19,7.48744
2015-08-20,7.52237
2015-08-21,7.53953
2015-08-22,7.5729
2015-08-23,7.61065
2015-08-24,7.61523
2015-08-25,7.68461
2015-08-26,7.74866
2015-08-27,7.7902
2015-08-28,7.81372
2015-08-29,7.86521
2015-08-30,7.86539
2015-08-31,7.81084
2015-09-01,7.80203
2015-09-02,7.80402
2015-09-03,7.8162
2015-09-04,7.80039
2015-09-05,7.7999
2015-09-06,7.79756
2015-09-07,7.78115
2015-09-08,7.7625
2015-09-09,7.77194
2015-09-10,7.77124
2015-09-11,7.76999
2015-09-12,7.77868
2015-09-13,7.7407
2015-09-14,7.69516
2015-09-15,7.65338
2015-09-16,7.6123
2015-09-17,7.60963
2015-09-18,7.56778
2015-09-19,7.58166
2015-09-20,7.58727
2015-09-21,7.57332
2015-09-22,7.60242
2015-09-23,7.62423
2015-09-24,7.64465
2015-09-25,7.62282
2015-09-26,7.62918
2015-09-27,7.63933
2015-09-28,7.59818
2015-09-29,7.58388
2015-09-30,7.60988
2015-10-01,7.61351
2015-10-02,7.64719
2015-10-03,7.69003
2015-10-04,7.676
2015-10-05,7.62911
2015-10-06,7.63639
2015-10-07,7.6677
2015-10-08,7.67339
2015-10-09,7.6846
2015-10-10,7.68446
2015-10-11,7.67757
2015-10-12,7.64795
2015-10-13,7.65092
2015-10-14,7.68097
2015-10-15,7.69945
2015-10-16,7.75122
2015-10-17,7.81487
2015-10-18,7.86652
2015-10-19,7.86561
2015-10-20,7.89254
2015-10-21,7.92672
2015-10-22,7.93987
2015-10-23,7.96527
2015-10-24,8.00671
2015-10-25,8.05783
2015-10-26,8.08348
2015-10-27,8.10191
2015-10-28,8.14947
2015-10-29,8.21288
2015-10-30,8.3017
2015-10-31,8.41591
2015-11-01,8.49748
2015-11-02,8.53946
2015-11-03,8.63326
2015-11-04,9.01393
2015-11-05,9.46681
2015-11-06,9.63196
2015-11-07,9.73353
2015-11-08,9.79766
2015-11-09,9.8487
2015-11-10,9.96954
2015-11-11,10.0722
2015-11-12,10.2033
2015-11-13,10.3136
2015-11-14,10.4292
2015-11-15,10.5602
2015-11-16,10.5893
2015-11-17,10.6394
2015-11-18,10.6694
2015-11-19,10.6824
2015-11-20,10.7155
2015-11-21,10.7773
2015-11-22,10.8019
2015-11-23,10.7362
2015-11-24,10.6839
2015-11-25,10.6683
2015-11-26,10.6941
2015-11-27,10.72
2015-11-28,10.8005
2015-11-29,10.8747
2015-11-30,10.8784
2015-12-01,10.9455
2015-12-02,11.0123
2015-12-03,11.1112
2015-12-04,11.1727
2015-12-05,11.2839
2015-12-06,11.5743
2015-12-07,11.8403
2015-12-08,11.9558
2015-12-09,12.0721
2015-12-10,12.2391
2015-12-11,12.3687
2015-12-12,12.5632
2015-12-13,12.7309
2015-12-14,12.987
2015-12-15,13.2197
2015-12-16,13.4108
2015-12-17,13.6185
2015-12-18,13.8031
2015-12-19,13.9996
2015-12-20,14.1898
2015-12-21,14.3455
2015-12-22,14.5968
2015-12-23,14.8245
2015-12-24,15.0342
2015-12-25,15.2578
2015-12-26,15.4395
2015-12-27,15.5623
2015-12-28,15.5549
2015-12-29,15.5822
2015-12-30,15.6256
2015-12-31,15.6544
2016-01-01,15.6232
2016-01-02,15.6185
2016-01-03,15.625
2016-01-04,15.589
2016-01-05,15.5378
2016-01-06,15.528
2016-01-07,15.484
2016-01-08,15.4986
2016-01-09,15.4938
2016-01-10,15.4824
2016-01-11,15.4592
2016-01-12,15.4629
2016-01-13,15.4307
2016-01-14,15.3923
2016-01-15,15.346
2016-01-16,15.3551
2016-01-17,15.3803
2016-01-18,15.9589
2016-01-19,16.4773
2016-01-20,16.986
2016-01-21,17.1202
2016-01-22,17.3663
2016-01-23,17.788
2016-01-24,19.6491
2016-01-25,23.9961
2016-01-26,25.0183
2016-01-27,25.5712
2016-01-28,26.3973
2016-01-29,26.546
2016-01-30,26.8887
2016-01-31,26.992
2016-02-01,26.9275
2016-02-02,26.8436
2016-02-03,26.5391
2016-02-04,26.3928
2016-02-05,26.3662
2016-02-06,26.4377
2016-02-07,26.5117
2016-02-08,26.5023
2016-02-09,26.4763
2016-02-10,26.3862
2016-02-11,26.3491
2016-02-12,26.3333
2016-02-13,26.2976
2016-02-14,26.3208
2016-02-15,26.3255
2016-02-16,26.4443
2016-02-17,26.5767
2016-02-18,26.7007
2016-02-19,26.7994
2016-02-20,27.0117
2016-02-21,27.2008
2016-02-22,27.3848
2016-02-23,27.5722
2016-02-24,27.7082
2016-02-25,27.7973
2016-02-26,27.851
2016-02-27,27.9324
2016-02-28,27.9984
2016-02-29,28.3941
2016-03-01,28.8738
2016-03-02,29.4044
2016-03-03,29.6317
2016-03-04,29.686
2016-03-05,29.8103
2016-03-06,30.7502
2016-03-07,30.6635
2016-03-08,30.6504
2016-03-09,30.5329
2016-03-10,30.4466
2016-03-11,30.3554
2016-03-12,30.2811
2016-03-13,30.0561
2016-03-14,29.8391
2016-03-15,29.6978
2016-03-16,29.6345
2016-03-17,30.2151
2016-03-18,30.4492
2016-03-19,30.5335
2016-03-20,30.4087
2016-03-21,30.1679
2016-03-22,29.9847
2016-03-23,29.8334
2016-03-24,29.6524
2016-03-25,29.5482
2016-03-26,29.5005
2016-03-27,29.497
2016-03-28,29.4602
2016-03-29,29.4511
2016-03-30,29.4372
2016-03-31,29.485
2016-04-01,29.5591
2016-04-02,29.6216
2016-04-03,29.6723
2016-04-04,29.6949
2016-04-05,29.7351
2016-04-06,29.7867
2016-04-07,29.8336
2016-04-08,29.9329
2016-04-09,30.039
2016-04-10,30.103
2016-04-11,30.1066
2016-04-12,30.1851
2016-04-13,30.3077
2016-04-14,30.4305
2016-04-15,30.5025
2016-04-16,30.6498
2016-04-17,30.1706
2016-04-18,29.7211
2016-04-19,29.3853
2016-04-20,29.3785
2016-04-21,29.2922
2016-04-22,29.1089
2016-04-23,27.5295
2016-04-24,23.3791
2016-04-25,22.3929
2016-04-26,21.8873
2016-04-27,21.0923
2016-04-28,20.9406
2016-04-29,20.6405
2016-04-30,20.5777
2016-05-01,20.5831
2016-05-02,20.3252
2016-05-03,20.2596
2016-05-04,20.2994
2016-05-05,20.2819
2016-05-06,20.1931
2016-05-07,20.1355
2016-05-08,20.0518
2016-05-09,19.9784
2016-05-10,19.9655
2016-05-11,19.9387
2016-05-12,19.9224
2016-05-13,19.8936
2016-05-14,19.8854
2016-05-15,19.8185
2016-05-16,19.7002
2016-05-17,19.6109
2016-05-18,19.5308
2016-05-19,19.4225
2016-05-20,19.2688
2016-05-21,19.1371
2016-05-22,18.9581
2016-05-23,18.7684
2016-05-24,18.6421
2016-05-25,18.5692
2016-05-26,18.5778
2016-05-27,18.5998
2016-05-28,18.6997
2016-05-29,18.3716
2016-05-30,17.9202
2016-05-31,17.3495
2016-06-01,17.1481
2016-06-02,17.0635
2016-06-03,16.7394
2016-06-04,15.6062
2016-06-05,15.57
2016-06-06,15.4933
2016-06-07,15.4717
2016-06-08,15.4795
2016-06-09,15.4426
2016-06-10,15.4182
2016-06-11,15.4431
2016-06-12,15.4595
2016-06-13,15.4911
2016-06-14,15.4286
2016-06-15,14.7344
2016-06-16,14.3842
2016-06-17,14.2269
2016-06-18,14.255
2016-06-19,14.2921
2016-06-20,14.2823
2016-06-21,14.3069
2016-06-22,14.3537
2016-06-23,14.3818
2016-06-24,14.4382
2016-06-25,14.5176
2016-06-26,14.5397
2016-06-27,14.5141
2016-06-28,14.5124
2016-06-29,14.4987
2016-06-30,14.485
2016-07-01,14.4781
2016-07-02,14.489
2016-07-03,14.5242
2016-07-04,14.4976
2016-07-05,14.5152
2016-07-06,14.4872
2016-07-07,14.4393
2016-07-08,14.4476
2016-07-09,14.445
2016-07-10,14.4334
2016-07-11,14.3608
2016-07-12,14.2828
2016-07-13,14.2234
2016-07-14,14.1787
2016-07-15,14.0682
2016-07-16,14.0855
2016-07-17,14.0413
2016-07-18,13.913
2016-07-19,13.8181
2016-07-20,13.7259
2016-07-21,13.5541
2016-07-22,13.357
2016-07-23,13.3015
2016-07-24,13.2764
2016-07-25,13.2192
2016-07-26,13.1647
2016-07-27,13.1448
2016-07-28,13.1358
2016-07-29,13.1326
2016-07-30,13.1443
2016-07-31,13.1459
2016-08-01,13.1104
2016-08-02,13.0724
2016-08-03,13.1494
2016-08-04,13.1661
2016-08-05,13.2007
2016-08-06,13.2345
2016-08-07,13.2317
2016-08-08,13.2092
2016-08-09,13.1895
2016-08-10,13.1714
2016-08-11,13.1644
2016-08-12,13.1452
2016-08-13,13.1436
2016-08-14,13.1411
2016-08-15,13.0789
2016-08-16,13.0348
2016-08-17,13.0641
2016-08-18,13.0318
2016-08-19,13.041
2016-08-20,13.0922
2016-08-21,13.1307
2016-08-22,13.0744
2016-08-23,13.0382
2016-08-24,12.959
2016-08-25,12.8594
2016-08-26,12.7339
2016-08-27,12.6365
2016-08-28,12.543
2016-08-29,12.4918
2016-08-30,12.4385
2016-08-31,12.4027
2016-09-01,12.3658
2016-09-02,12.3555
2016-09-03,12.3621
2016-09-04,12.3281
2016-09-05,12.2724
2016-09-06,12.2461
2016-09-07,12.2164
2016-09-08,12.1864
2016-09-09,12.1445
2016-09-10,12.1291
2016-09-11,12.0394
2016-09-12,11.9643
2016-09-13,11.9225
2016-09-14,11.897
2016-09-15,11.8356
2016-09-16,11.7655
2016-09-17,11.7319
2016-09-18,11.7009
2016-09-19,11.6335
2016-09-20,11.5822
2016-09-21,11.5474
2016-09-22,11.4748
2016-09-23,11.4477
2016-09-24,11.4525
2016-09-25,11.4622
2016-09-26,11.4373
2016-09-27,11.4654
2016-09-28,11.4478
2016-09-29,11.4779
2016-09-30,11.4621
2016-10-01,11.4844
2016-10-02,11.4686
2016-10-03,11.3912
2016-10-04,11.3878
2016-10-05,11.3788
2016-10-06,11.3402
2016-10-07,11.3398
2016-10-08,11.3713
2016-10-09,11.4225
2016-10-10,11.4575
2016-10-11,11.4673
2016-10-12,11.5019
2016-10-13,11.5372
2016-10-14,11.4583
2016-10-15,11.4616
2016-10-16,11.5499
2016-10-17,11.5602
2016-10-18,11.5152
2016-10-19,11.5201
2016-10-20,11.4984
2016-10-21,11.5073
2016-10-22,11.5807
2016-10-23,11.547
2016-10-24,11.5519
2016-10-25,11.6371
2016-10-26,11.6746
2016-10-27,11.6573
2016-10-28,11.7367
2016-10-29,11.7129
2016-10-30,11.6892
2016-10-31,11.6629
2016-11-01,11.5545
2016-11-02,11.5177
2016-11-03,11.6341
2016-11-04,11.9183
2016-11-05,12.1839
2016-11-06,12.4317
2016-11-07,12.6424
2016-11-08,12.7805
2016-11-09,12.8592
2016-11-10,12.8838
2016-11-11,12.8699
2016-11-12,12.826
2016-11-13,12.7798
2016-11-14,12.7144
2016-11-15,12.6393
2016-11-16,12.6269
2016-11-17,12.6023
2016-11-18,12.5522
2016-11-19,12.5146
2016-11-20,12.5003
2016-11-21,12.4554
2016-11-22,12.418
2016-11-23,12.3907
2016-11-24,12.3637
2016-11-25,12.3465
2016-11-26,12.3464
2016-11-27,12.3371
2016-11-28,12.2888
2016-11-29,12.2698
2016-11-30,12.2432
2016-12-01,12.218
2016-12-02,12.2115
2016-12-03,12.239
2016-12-04,12.2445
2016-12-05,12.1876
2016-12-06,12.2008
2016-12-07,12.1999
2016-12-08,12.193
2016-12-09,12.1739
2016-12-10,12.1734
2016-12-11,12.1491
2016-12-12,12.1077
2016-12-13,12.0899
2016-12-14,12.0705
2016-12-15,12.074
2016-12-16,12.0828
2016-12-17,12.1063
2016-12-18,12.086
2016-12-19,12.0428
2016-12-20,12.0156
2016-12-21,12.0204
2016-12-22,12.0453
2016-12-23,12.0595
2016-12-24,12.1013
2016-12-25,12.077
2016-12-26,12.0002
2016-12-27,11.9867
2016-12-28,11.9636
2016-12-29,11.9788
2016-12-30,11.9358
2016-12-31,11.9725
2017-01-01,11.9698
2017-01-02,11.9108
2017-01-03,11.8836
2017-01-04,11.8701
2017-01-05,11.8799
2017-01-06,11.9185
2017-01-07,11.9607
2017-01-08,11.918
2017-01-09,11.8653
2017-01-10,11.818
2017-01-11,11.7921
2017-01-12,11.9123
2017-01-13,11.9983
2017-01-14,11.9297
2017-01-15,11.872
2017-01-16,11.8624
2017-01-17,11.8353
2017-01-18,11.8586
2017-01-19,11.8217
2017-01-20,11.7871
2017-01-21,11.8664
2017-01-22,11.8304
2017-01-23,11.671
2017-01-24,11.5732
2017-01-25,11.5555
2017-01-26,11.4621
2017-01-27,11.5002
2017-01-28,11.5093
2017-01-29,11.506
2017-01-30,11.475
2017-01-31,11.4494
2017-02-01,11.2543
2017-02-02,10.9543
2017-02-03,10.7093
2017-02-04,10.5007
2017-02-05,10.2985
2017-02-06,10.1342
2017-02-07,10.0217
2017-02-08,9.98159
2017-02-09,9.99434
2017-02-10,10.1087
2017-02-11,10.2131
2017-02-12,10.2329
2017-02-13,10.1918
2017-02-14,10.1786
2017-02-15,10.1761
2017-02-16,10.1848
2017-02-17,10.2758
2017-02-18,10.3571
2017-02-19,10.3579
2017-02-20,10.3474
2017-02-21,10.339
2017-02-22,10.3386
2017-02-23,10.3934
2017-02-24,10.4983
2017-02-25,10.5398
2017-02-26,10.5511
2017-02-27,10.5305
2017-02-28,10.5589
2017-03-01,10.5931
2017-03-02,10.6523
2017-03-03,10.7136
2017-03-04,10.9149
2017-03-05,10.9772
2017-03-06,10.9459
2017-03-07,10.9605
2017-03-08,10.9931
2017-03-09,11.0713
2017-03-10,11.3268
2017-03-11,11.4139
2017-03-12,11.4509
2017-03-13,11.4158
2017-03-14,11.4489
2017-03-15,11.5081
2017-03-16,11.525
2017-03-17,11.6125
2017-03-18,11.7235
2017-03-19,11.7907
2017-03-20,12.077
2017-03-21,12.149
2017-03-22,12.3763
2017-03-23,12.5239
2017-03-24,12.5071
2017-03-25,12.6699
2017-03-26,12.7921
2017-03-27,12.7987
2017-03-28,12.8122
2017-03-29,12.8229
2017-03-30,12.8204
2017-03-31,12.8211
2017-04-01,12.9527
2017-04-02,13.0821
2017-04-03,13.2127
2017-04-04,13.3513
2017-04-05,13.347
2017-04-06,13.2958
2017-04-07,13.2342
2017-04-08,13.4897
2017-04-09,13.9723
2017-04-10,13.9218
2017-04-11,13.9067
2017-04-12,13.7821
2017-04-13,13.6939
2017-04-14,13.6791
2017-04-15,13.7178
2017-04-16,13.7091
2017-04-17,13.695
2017-04-18,13.704
2017-04-19,13.7291
2017-04-20,13.7121
2017-04-21,13.6845
2017-04-22,13.7309
2017-04-23,13.7671
2017-04-24,13.7671
2017-04-25,13.7669
2017-04-26,13.8459
2017-04-27,13.8601
2017-04-28,13.9156
2017-04-29,13.9879
2017-04-30,14.0277
2017-05-01,14.0446
2017-05-02,14.0913
2017-05-03,14.1157
2017-05-04,14.1587
2017-05-05,14.1882
2017-05-06,14.2333
2017-05-07,14.2864
2017-05-08,14.3175
2017-05-09,14.4316
2017-05-10,14.5051
2017-05-11,14.5353
2017-05-12,14.5569
2017-05-13,14.655
2017-05-14,14.7822
2017-05-15,14.8389
2017-05-16,14.9087
2017-05-17,14.9738
2017-05-18,15.0309
2017-05-19,15.079
2017-05-20,15.1734
2017-05-21,15.2607
2017-05-22,15.3021
2017-05-23,15.3989
2017-05-24,15.4817
2017-05-25,15.5017
2017-05-26,15.6012
2017-05-27,15.6984
2017-05-28,15.7839
2017-05-29,15.8393
2017-05-30,15.8731
2017-05-31,15.9564
2017-06-01,15.9845
2017-06-02,15.9125
2017-06-03,15.9652
2017-06-04,16.0847
2017-06-05,16.1848
2017-06-06,16.2542
2017-06-07,16.2357
2017-06-08,16.0485
2017-06-09,16.038
2017-06-10,16.0938
2017-06-11,16.1682
2017-06-12,16.1775
2017-06-13,16.1939
2017-06-14,16.2504
2017-06-15,16.2444
2017-06-16,16.2377
2017-06-17,16.2941
2017-06-18,16.0332
2017-06-19,15.9815
2017-06-20,15.7679
2017-06-21,15.6485
2017-06-22,15.7279
2017-06-23,15.6685
2017-06-24,15.63
2017-06-25,15.6524
2017-06-26,15.6267
2017-06-27,15.7104
2017-06-28,15.771
2017-06-29,15.8023
2017-06-30,15.78
2017-07-01,15.7988
2017-07-02,15.7071
2017-07-03,15.5543
2017-07-04,15.576
2017-07-05,15.5778
2017-07-06,15.6014
2017-07-07,15.3535
2017-07-08,14.9197
2017-07-09,15.0052
2017-07-10,15.0117
2017-07-11,15.0879
2017-07-12,15.1368
2017-07-13,15.1656
2017-07-14,15.1831
2017-07-15,15.2433
2017-07-16,15.2413
2017-07-17,15.2148
2017-07-18,15.2299
2017-07-19,15.2495
2017-07-20,15.265
2017-07-21,15.2745
2017-07-22,15.3038
2017-07-23,15.3126
2017-07-24,15.2883
2017-07-25,15.2359
2017-07-26,15.5425
2017-07-27,15.5942
2017-07-28,15.5954
2017-07-29,15.7302
2017-07-30,15.8829
2017-07-31,16.2459
2017-08-01,16.269
2017-08-02,16.2678
2017-08-03,16.2624
2017-08-04,16.2169
2017-08-05,16.1909
2017-08-06,16.1706
2017-08-07,16.0374
2017-08-08,15.9902
2017-08-09,15.9179
2017-08-10,15.8803
2017-08-11,15.8663
2017-08-12,15.8745
2017-08-13,15.8651
2017-08-14,15.8099
2017-08-15,15.8091
2017-08-16,15.7287
2017-08-17,15.7098
2017-08-18,15.6989
2017-08-19,15.6857
2017-08-20,15.6891
2017-08-21,15.5956
2017-08-22,15.4951
2017-08-23,15.3911
2017-08-24,15.3166
2017-08-25,15.2441
2017-08-26,15.1718
2017-08-27,15.0835
2017-08-28,15.0063
2017-08-29,14.8738
2017-08-30,14.7909
2017-08-31,14.6868
2017-09-01,14.6208
2017-09-02,14.5278
2017-09-03,14.409
2017-09-04,14.2961
2017-09-05,14.2918
2017-09-06,14.5232
2017-09-07,14.5265
2017-09-08,14.5021
2017-09-09,14.4816
2017-09-10,14.4515
2017-09-11,14.3698
2017-09-12,14.3339
2017-09-13,14.2803
2017-09-14,14.2642
2017-09-15,14.2505
2017-09-16,14.3208
2017-09-17,14.3127
2017-09-18,14.2316
2017-09-19,14.194
2017-09-20,14.0828
2017-09-21,14.0065
2017-09-22,13.9713
2017-09-23,13.9524
2017-09-24,13.9077
2017-09-25,13.7573
2017-09-26,13.7032
2017-09-27,13.6602
2017-09-28,13.6025
2017-09-29,13.5249
2017-09-30,13.5053
2017-10-01,13.4931
2017-10-02,13.4111
2017-10-03,13.3896
2017-10-04,13.3356
2017-10-05,13.2857
2017-10-06,13.238
2017-10-07,13.1552
2017-10-08,13.0792
2017-10-09,12.9624
2017-10-10,12.934
2017-10-11,12.8915
2017-10-12,12.8473
2017-10-13,12.8079
2017-10-14,12.8088
2017-10-15,12.7745
2017-10-16,12.6881
2017-10-17,12.649
2017-10-18,12.6682
2017-10-19,12.6473
2017-10-20,12.6242
2017-10-21,12.6325
2017-10-22,12.6258
2017-10-23,12.576
2017-10-24,12.3024
2017-10-25,12.2395
2017-10-26,12.2059
2017-10-27,12.0579
2017-10-28,11.9123
2017-10-29,11.4829
2017-10-30,11.4073
2017-10-31,11.3561
2017-11-01,11.3032
2017-11-02,11.3046
2017-11-03,11.2967
2017-11-04,11.3634
2017-11-05,11.6163
2017-11-06,11.8257
2017-11-07,11.8268
2017-11-08,11.9002
2017-11-09,11.9742
2017-11-10,11.917
2017-11-11,11.9092
2017-11-12,11.8786
2017-11-13,11.8332
2017-11-14,11.9319
2017-11-15,11.984
2017-11-16,12.0251
2017-11-17,12.093
2017-11-18,12.1785
2017-11-19,12.2245
2017-11-20,12.41
2017-11-21,12.5427
2017-11-22,12.6218
2017-11-23,12.7291
2017-11-24,12.8467
2017-11-25,12.9213
2017-11-26,13.0164
2017-11-27,13.032
2017-11-28,13.0619
2017-11-29,13.1338
2017-11-30,13.2187
2017-12-01,13.2731
2017-12-02,13.3124
2017-12-03,13.3529
2017-12-04,13.3174
2017-12-05,13.0868
2017-12-06,13.115
2017-12-07,13.1905
2017-12-08,13.2679
2017-12-09,13.3054
2017-12-10,13.3781
2017-12-11,13.3306
2017-12-12,13.3534
2017-12-13,13.3757
2017-12-14,13.3704
2017-12-15,13.3394
2017-12-16,13.3675
2017-12-17,13.4055
2017-12-18,13.4027
2017-12-19,13.4696
2017-12-20,13.4651
2017-12-21,13.4832
2017-12-22,13.4787
2017-12-23,13.5126
2017-12-24,13.5451
2017-12-25,13.5115
2017-12-26,13.4959
2017-12-27,13.4912
2017-12-28,13.4934
2017-12-29,13.4977
2017-12-30,13.5363
2017-12-31,13.5799
2018-01-01,13.5617
2018-01-02,13.562
2018-01-03,13.6249
2018-01-04,13.689
2018-01-05,13.7676
2018-01-06,13.8823
2018-01-07,13.9731
2018-01-08,13.9923
2018-01-09,14.0205
2018-01-10,14.0442
2018-01-11,14.0531
2018-01-12,14.0457
2018-01-13,14.0586
2018-01-14,14.0598
2018-01-15,14.0161
2018-01-16,13.9344
2018-01-17,13.9829
2018-01-18,14.0126
2018-01-19,14.0292
2018-01-20,14.0479
2018-01-21,14.0346
2018-01-22,13.9232
2018-01-23,13.8637
2018-01-24,13.8351
2018-01-25,13.8112
2018-01-26,13.7772
2018-01-27,13.7913
2018-01-28,13.7705
2018-01-29,13.8506
2018-01-30,13.8431
2018-01-31,13.8525
2018-02-01,13.8327
2018-02-02,13.7728
2018-02-03,13.5024
2018-02-04,13.2016
2018-02-05,13.0981
2018-02-06,12.9882
2018-02-07,12.8565
2018-02-08,12.788
2018-02-09,12.7211
2018-02-10,12.6854
2018-02-11,12.6493
2018-02-12,12.4697
2018-02-13,12.3381
2018-02-14,12.2189
2018-02-15,12.0814
2018-02-16,11.9369
2018-02-17,11.8423
2018-02-18,11.5964
2018-02-19,11.4515
2018-02-20,11.34
2018-02-21,11.2064
2018-02-22,11.0818
2018-02-23,11.0118
2018-02-24,10.8979
2018-02-25,10.82
2018-02-26,10.7078
2018-02-27,10.5856
2018-02-28,10.4484
2018-03-01,10.3728
2018-03-02,10.3124
2018-03-03,10.2431
2018-03-04,10.1782
2018-03-05,10.0536
2018-03-06,9.92997
2018-03-07,9.77582
2018-03-08,9.62717
2018-03-09,9.53533
2018-03-10,9.43662
2018-03-11,9.35915
2018-03-12,9.23657
2018-03-13,9.10767
2018-03-14,9.00688
2018-03-15,8.89203
2018-03-16,8.84382
2018-03-17,8.76308
2018-03-18,8.7665
2018-03-19,8.68068
2018-03-20,8.64587
2018-03-21,8.57596
2018-03-22,8.52848
2018-03-23,8.4769
2018-03-24,8.42989
2018-03-25,8.39412
2018-03-26,8.33252
2018-03-27,8.30477
2018-03-28,8.22514
2018-03-29,8.17253
2018-03-30,8.08613
2018-03-31,8.02837
2018-04-01,7.98073
2018-04-02,7.93411
2018-04-03,7.86515
2018-04-04,7.7809
2018-04-05,7.69865
2018-04-06,7.58535
2018-04-07,7.48406
2018-04-08,7.36214
2018-04-09,7.2612
2018-04-10,7.19789
2018-04-11,7.12638
2018-04-12,7.07366
2018-04-13,7.09606
2018-04-14,7.0869
2018-04-15,7.05241
2018-04-16,7.00958
2018-04-17,6.91262
2018-04-18,6.84262
2018-04-19,6.77352
2018-04-20,6.74118
2018-04-21,6.74791
2018-04-22,6.7344
2018-04-23,6.68602
2018-04-24,6.65994
2018-04-25,6.67736
2018-04-26,6.71129
2018-04-27,6.67461
2018-04-28,6.69034
2018-04-29,6.60436
2018-04-30,6.58956
2018-05-01,6.51953
2018-05-02,6.46587
2018-05-03,6.4064
2018-05-04,6.39873
2018-05-05,6.42749
2018-05-06,6.42896
2018-05-07,6.38355
2018-05-08,6.35042
2018-05-09,6.34625
2018-05-10,6.33611
2018-05-11,6.34219
2018-05-12,6.32596
2018-05-13,6.30214
2018-05-14,6.2542
2018-05-15,6.24419
2018-05-16,6.21553
2018-05-17,6.20141
2018-05-18,6.20009
2018-05-19,6.1809
2018-05-20,6.12423
2018-05-21,6.06004
2018-05-22,6.03566
2018-05-23,6.01068
2018-05-24,5.98735
2018-05-25,5.99785
2018-05-26,6.00996
2018-05-27,6.00947
2018-05-28,6.00642
2018-05-29,6.02866
2018-05-30,6.01987
2018-05-31,6.0172
2018-06-01,6.0382
2018-06-02,6.06135
2018-06-03,6.0819
2018-06-04,6.08169
2018-06-05,6.11101
2018-06-06,6.12804
2018-06-07,6.13743
2018-06-08,6.13667
2018-06-09,6.18005
2018-06-10,6.19213
2018-06-11,6.20852
2018-06-12,6.21515
2018-06-13,6.23657
2018-06-14,6.23261
2018-06-15,6.27989
2018-06-16,6.23623
2018-06-17,6.18639
2018-06-18,6.1478
2018-06-19,6.1443
2018-06-20,6.17311
2018-06-21,6.17826
2018-06-22,6.17414
2018-06-23,6.23671
2018-06-24,6.27025
2018-06-25,6.22092
2018-06-26,6.23764
2018-06-27,6.21827
2018-06-28,6.22516
2018-06-29,6.20843
2018-06-30,6.21623
2018-07-01,6.2063
2018-07-02,6.1733
2018-07-03,6.15285
2018-07-04,6.13272
2018-07-05,6.12332
2018-07-06,6.11149
2018-07-07,6.12256
2018-07-08,6.11067
2018-07-09,6.08787
2018-07-10,6.09154
2018-07-11,6.10213
2018-07-12,6.02371
2018-07-13,6.00153
2018-07-14,6.01171
2018-07-15,6.00734
2018-07-16,5.97331
2018-07-17,5.97196
2018-07-18,5.97125
2018-07-19,5.95643
2018-07-20,5.92217
2018-07-21,5.92266
2018-07-22,5.91658
2018-07-23,5.88621
2018-07-24,5.83664
2018-07-25,5.79075
2018-07-26,5.78597
2018-07-27,5.74043
2018-07-28,5.69691
2018-07-29,5.63748
2018-07-30,5.60638
2018-07-31,5.59748
2018-08-01,5.5856
2018-08-02,5.55888
2018-08-03,5.53061
2018-08-04,5.52931
2018-08-05,5.52024
2018-08-06,5.50121
2018-08-07,5.51114
2018-08-08,5.5175
2018-08-09,5.51745
2018-08-10,5.50952
2018-08-11,5.5068
2018-08-12,5.50284
2018-08-13,5.46477
2018-08-14,5.45642
2018-08-15,5.45741
2018-08-16,5.45603
2018-08-17,5.44267
2018-08-18,5.45072
2018-08-19,5.44442
2018-08-20,5.43049
2018-08-21,5.42553
2018-08-22,5.42258
2018-08-23,5.40503
2018-08-24,5.39989
2018-08-25,5.45367
2018-08-26,5.39849
2018-08-27,5.35047
2018-08-28,5.33304
2018-08-29,5.36868
2018-08-30,5.34108
2018-08-31,5.32134
2018-09-01,5.35564
2018-09-02,5.35031
2018-09-03,5.31229
2018-09-04,5.29369
2018-09-05,5.28341
2018-09-06,5.26661
2018-09-07,5.25772
2018-09-08,5.26353
2018-09-09,5.22606
2018-09-10,5.16981
2018-09-11,5.13617
2018-09-12,5.08066
2018-09-13,5.02287
2018-09-14,4.99097
2018-09-15,4.98725
2018-09-16,4.98958
2018-09-17,4.96914
2018-09-18,4.94363
2018-09-19,4.93506
2018-09-20,4.93672
2018-09-21,4.87941
2018-09-22,4.86704
2018-09-23,4.85498
2018-09-24,4.81131
2018-09-25,4.80586
2018-09-26,4.82675
2018-09-27,4.83157